region,crop,hr,Shortage_%,xland,p,y,xlandsc,xwater,xwatersc,grev,grevsc,iterations,statussc,lambdawater
PA-201,Almonds & Pistachios,Sacramento River,0.5,438.2654762,4587.35172,0.684,237.25066224404716,1583.7479735484756,814.4789142563404,1375166.8740668793,744432.9277251962,8,Good,624.3305486274845
PA-201,Grain,Sacramento River,0.5,866.6494883,210.012249,3.226,651.6171825624739,683.8407331926471,488.4584291237814,587154.6082357102,441470.32533028565,8,Good,624.3305486274845
PA-201,Safflower,Sacramento River,0.5,143.5234964,529.2418762,0.982,3.1043500705124055e-21,338.2859539964591,3.4813840325472152e-09,74591.38891227658,1.613378918696995e-18,8,Good,624.3305486274845
PA-201,Almonds & Pistachios,Sacramento River,0.55,438.2654762,4587.35172,0.684,257.9332708971702,1583.7479735484756,885.4820823519855,1375166.8740668793,809329.7535844259,3,Good,594.7136524630165
PA-201,Grain,Sacramento River,0.55,866.6494883,210.012249,3.226,730.712453166081,683.8407331926471,547.7489952684094,587154.6082357102,495057.33282469533,3,Good,594.7136524630165
PA-201,Safflower,Sacramento River,0.55,143.5234964,529.2418762,0.982,1.0649480401962372e-17,338.2859539964591,5.1219594858963904e-08,74591.38891227658,5.534700270696881e-15,3,Good,594.7136524630165
PA-201,Almonds & Pistachios,Sacramento River,0.6,438.2654762,4587.35172,0.684,278.66331443796497,1583.7479735484756,956.6480937904852,1375166.8740668793,874375.4181949232,14,Good,561.30704466082
PA-201,Grain,Sacramento River,0.6,866.6494883,210.012249,3.226,809.5904866050201,683.8407331926471,606.8767182662448,587154.6082357102,548497.162245343,14,Good,561.30704466082
PA-201,Safflower,Sacramento River,0.6,143.5234964,529.2418762,0.982,1.3195210352845829e-20,338.2859539964591,4.8712650547163865e-09,74591.38891227658,6.857755642081902e-18,14,Good,561.30704466082
PA-201,Almonds & Pistachios,Sacramento River,0.65,438.2654762,4587.35172,0.684,302.26527528978147,1583.7479735484756,1037.6733658258554,1375166.8740668793,948432.4372598471,2,Good,518.138430844815
PA-201,Grain,Sacramento River,0.65,866.6494883,210.012249,3.226,875.3159909269147,683.8407331926471,656.1451805682117,587154.6082357102,593026.1595645656,2,Good,518.138430844815
PA-201,Safflower,Sacramento River,0.65,143.5234964,529.2418762,0.982,6.001221880715685e-22,338.2859539964591,6.001221880716452e-09,74591.38891227658,3.1189281649448973e-19,2,Good,518.138430844815
PA-201,Almonds & Pistachios,Sacramento River,0.7,438.2654762,4587.35172,0.684,340.2187128391313,1583.7479735484756,1167.9670995910858,1375166.8740668793,1067520.781902842,11,Good,435.2988108786345
PA-201,Grain,Sacramento River,0.7,866.6494883,210.012249,3.226,875.3159914536805,683.8407331926471,656.1451810268403,587154.6082357102,593026.1599214493,11,Good,435.2988108786345
PA-201,Safflower,Sacramento River,0.7,143.5234964,529.2418762,0.982,3.676372471266028e-17,338.2859539964591,6.069187701101045e-08,74591.38891227658,1.9106678395454115e-14,11,Good,435.2988108786345
PA-201,Almonds & Pistachios,Sacramento River,0.75,438.2654762,4587.35172,0.684,378.17215054207423,1583.7479735484756,1298.2608337667161,1375166.8740668793,1186609.1270277735,5,Good,332.4351490453564
PA-201,Grain,Sacramento River,0.75,866.6494883,210.012249,3.226,875.3159918748228,683.8407331926471,656.1451812894129,587154.6082357102,593026.160206773,5,Good,332.4351490453564
PA-201,Safflower,Sacramento River,0.75,143.5234964,529.2418762,0.982,1.3771112863457542e-21,338.2859539964591,1.3771112863457587e-08,74591.38891227658,7.157061116252295e-19,5,Good,332.4351490453564
PA-201,Almonds & Pistachios,Sacramento River,0.8,438.2654762,4587.35172,0.684,416.1255881603616,1583.7479735484756,1428.5545677243406,1375166.8740668793,1305697.4718870772,2,Good,204.70722253565032
PA-201,Grain,Sacramento River,0.8,866.6494883,210.012249,3.226,875.3159918988956,683.8407331926471,656.1451813269504,587154.6082357102,593026.1602230823,2,Good,204.70722253565032
PA-201,Safflower,Sacramento River,0.8,143.5234964,529.2418762,0.982,1.3184548685824707e-07,338.2859539964591,3.413630021508673e-07,74591.38891227658,6.852214608236061e-05,2,Good,204.70722253565032
PA-201,Almonds & Pistachios,Sacramento River,0.85,438.2654762,4587.35172,0.684,422.9046448385753,1583.7479735484756,1451.8269947608342,1375166.8740668793,1326968.4473290194,2,Good,178.83747342306316
PA-201,Grain,Sacramento River,0.85,866.6494883,210.012249,3.226,875.3159918970968,683.8407331926471,656.1451813407078,587154.6082357102,593026.1602218635,2,Good,178.83747342306316
PA-201,Safflower,Sacramento River,0.85,143.5234964,529.2418762,0.982,47.79535501141755,338.2859539964591,107.02130761776935,74591.38891227658,24839.987899409713,2,Good,178.83747342306316
PA-201,Almonds & Pistachios,Sacramento River,0.9,438.2654762,4587.35172,0.684,422.9181279978355,1583.7479735484756,1451.873282290888,1375166.8740668793,1327010.7540927946,2,Good,178.78501666990414
PA-201,Grain,Sacramento River,0.9,866.6494883,210.012249,3.226,875.3159919016448,683.8407331926471,656.1451813367073,587154.6082357102,593026.1602249449,2,Good,178.78501666990414
PA-201,Safflower,Sacramento River,0.9,143.5234964,529.2418762,0.982,105.96342548858381,338.2859539964591,237.26875443825242,74591.38891227658,55070.837036102166,2,Good,178.78501666990414
PA-201,Almonds & Pistachios,Sacramento River,0.95,438.2654762,4587.35172,0.684,437.0737641085086,1583.7479735484756,1510.4566771469244,1375166.8740668793,1371427.5811482281,2,Good,13.939596754278059
PA-201,Grain,Sacramento River,0.95,866.6494883,210.012249,3.226,875.3159914279029,683.8407331926471,660.4898064433046,587154.6082357102,593026.159903985,2,Good,13.939596754278059
PA-201,Safflower,Sacramento River,0.95,143.5234964,529.2418762,0.982,136.04871982334308,338.2859539964591,304.6344682125347,74591.38891227658,70706.63149870376,2,Good,13.939596754278059
PA-201,Almonds & Pistachios,Sacramento River,1.0,438.2654762,4587.35172,0.684,438.26530655569064,1583.7479735484756,1583.736233699767,1375166.8740668793,1375166.341765689,2,Good,0.0019474964536519343
PA-201,Grain,Sacramento River,1.0,866.6494883,210.012249,3.226,866.6577007746134,683.8407331926471,683.8424060159182,587154.6082357102,587160.17218328,2,Good,0.0019474964536519343
PA-201,Safflower,Sacramento River,1.0,143.5234964,529.2418762,0.982,143.5154680314056,338.2859539964591,338.26413510008484,74591.38891227658,74587.21644449829,2,Good,0.0019474964536519343
PA-502,Almonds & Pistachios,Sacramento River,0.5,32.60965224,4899.886629,0.738,11.176469585934166,117.8406090778923,38.368697234935965,117920.29605249154,40415.41420605546,2,Good,1000.1708804776241
PA-502,Vineyard,Sacramento River,0.5,16.85103927,1742.211218,9.614595983,16.996426007660506,44.853276104549536,42.97824610746158,282265.9785366053,284701.3019083244,2,Good,1000.1708804776241
PA-502,Almonds & Pistachios,Sacramento River,0.55,32.60965224,4899.886629,0.738,13.54603474691344,117.8406090778923,46.50338837250313,117920.29605249154,48984.03748488947,2,Good,1000.1676546306785
PA-502,Vineyard,Sacramento River,0.55,16.85103927,1742.211218,9.614595983,16.99642727429879,44.853276104549536,42.978249310363665,282265.9785366053,284701.3231253478,2,Good,1000.1676546306785
PA-502,Almonds & Pistachios,Sacramento River,0.6,32.60965224,4899.886629,0.738,15.915599721215163,117.8406090778923,54.6380788692083,117920.29605249154,57552.660088675744,2,Good,1000.1637862934222
PA-502,Vineyard,Sacramento River,0.6,16.85103927,1742.211218,9.614595983,16.99642879437605,44.853276104549536,42.978253154127714,282265.9785366053,284701.3485876406,2,Good,1000.1637862934222
PA-502,Almonds & Pistachios,Sacramento River,0.65,32.60965224,4899.886629,0.738,18.285164472066462,117.8406090778923,62.7727685988106,117920.29605249154,66121.28188443929,2,Good,1000.1591474097454
PA-502,Vineyard,Sacramento River,0.65,16.85103927,1742.211218,9.614595983,16.996430617816273,44.853276104549536,42.978257764994666,282265.9785366053,284701.3791314623,2,Good,1000.1591474097454
PA-502,Almonds & Pistachios,Sacramento River,0.7,32.60965224,4899.886629,0.738,20.654728955087577,117.8406090778923,70.90745740895476,117920.29605249154,74689.90271169774,2,Good,1000.1535844183691
PA-502,Vineyard,Sacramento River,0.7,16.85103927,1742.211218,9.614595983,16.99643280487076,44.853276104549536,42.97826329531978,282265.9785366053,284701.4157660618,2,Good,1000.1535844183691
PA-502,Almonds & Pistachios,Sacramento River,0.75,32.60965224,4899.886629,0.738,23.02429311691151,117.8406090778923,79.04214511643244,117920.29605249154,83258.52237746981,2,Good,1000.1469131377032
PA-502,Vineyard,Sacramento River,0.75,16.85103927,1742.211218,9.614595983,16.996435427992203,44.853276104549536,42.978269928311484,282265.9785366053,284701.4597050693,2,Good,1000.1469131377032
PA-502,Almonds & Pistachios,Sacramento River,0.8,32.60965224,4899.886629,0.738,25.393856893355256,117.8406090778923,87.17683150090396,117920.29605249154,91827.14064966228,2,Good,1000.1389125882663
PA-502,Vineyard,Sacramento River,0.8,16.85103927,1742.211218,9.614595983,16.996438574317466,44.853276104549536,42.978277884309534,282265.9785366053,284701.5124080845,2,Good,1000.1389125882663
PA-502,Almonds & Pistachios,Sacramento River,0.85,32.60965224,4899.886629,0.738,27.76342020673889,117.8406090778923,95.31151629569472,117920.29605249154,100395.75724737551,2,Good,1000.129317362164
PA-502,Vineyard,Sacramento River,0.85,16.85103927,1742.211218,9.614595983,16.99644234930746,44.853276104549536,42.978287429988804,282265.9785366053,284701.57564164704,2,Good,1000.129317362164
PA-502,Almonds & Pistachios,Sacramento River,0.9,32.60965224,4899.886629,0.738,30.132982905183127,117.8406090778923,103.4461989794093,117920.29605249154,108964.37162139636,2,Good,1000.1178066994847
PA-502,Vineyard,Sacramento River,0.9,16.85103927,1742.211218,9.614595983,16.99644695915275,44.853276104549536,42.97829908674056,282265.9785366053,284701.65285958414,2,Good,1000.1178066994847
PA-502,Almonds & Pistachios,Sacramento River,0.95,32.60965224,4899.886629,0.738,32.606985957826105,117.8406090778923,111.93943493330364,117920.29605249154,117910.65446597624,2,Good,17.40706642921658
PA-502,Vineyard,Sacramento River,0.95,16.85103927,1742.211218,9.614595983,16.85370604408674,44.853276104549536,42.61975700643243,282265.9785366053,282310.6487545704,2,Good,17.40706642921658
PA-502,Almonds & Pistachios,Sacramento River,1.0,32.60965224,4899.886629,0.738,32.60965151496849,117.8406090778923,117.83735141307046,117920.29605249154,117920.29343069324,2,Good,0.007720108272204086
PA-502,Vineyard,Sacramento River,1.0,16.85103927,1742.211218,9.614595983,16.851040486991668,44.853276104549536,44.85209327231688,282265.9785366053,282265.9989220153,2,Good,0.007720108272204086
PA-503,Alfalfa,Sacramento River,0.5,2691.711112,268.0878386,6.327,1.124189940055675e-19,9522.224429551987,3.2007761901637176e-10,4565658.1945376955,1.9068417071764993e-16,7,Good,830.89541899397
PA-503,Almonds & Pistachios,Sacramento River,0.5,35086.97603,4715.418786,1.008,22848.142357727094,126792.8463525561,78437.42143410532,166773384.20312005,108600468.1764193,7,Good,830.89541899397
PA-503,Citrus & Subtropical,Sacramento River,0.5,4823.898921,1103.604192,3.661,4323.3152483041895,14341.195029546865,12210.336942853315,19489974.434930548,17467468.751631014,7,Good,830.89541899397
PA-503,Corn,Sacramento River,0.5,2768.171547,227.331246,5.7615,1.6348484824795069e-19,7825.275116320433,3.2007762398602186e-10,3625665.206496825,2.1412738192630812e-16,7,Good,830.89541899397
PA-503,Cucurbits,Sacramento River,0.5,139.9933662,202.6283347,12.01,133.8422397454892,275.97808115607677,250.6593625156983,340683.1381724607,325713.964127281,7,Good,830.89541899397
PA-503,Dry Beans,Sacramento River,0.5,44.18771134,1188.155228,1.27,1.751057783015179e-19,101.3582546689367,3.2007762303868954e-10,66677.36250730937,2.64227114346286e-16,7,Good,830.89541899397
PA-503,Grain,Sacramento River,0.5,9684.81857,199.4660006,2.8535,5.344312262362068e-19,7641.928508765225,3.2007763941052553e-10,5512368.548172787,3.041855519928322e-16,7,Good,830.89541899397
PA-503,Other Deciduous,Sacramento River,0.5,22202.87498,1905.459404,2.0455,19066.51130034355,73885.42631437593,60275.997490812566,86538307.65310934,74313962.59569517,7,Good,830.89541899397
PA-503,Pasture,Sacramento River,0.5,14849.15114,245.2727642,5.0,9.981706023685074e-20,58885.691212546226,3.200776183524041e-10,18210461.730656907,1.2241203139305145e-16,7,Good,830.89541899397
PA-503,Rice,Sacramento River,0.5,360.07939,536.9449146,4.726,8.678761152007232e-20,1632.7359843317952,3.2007762174082837e-10,913738.0601001513,2.202323876161766e-16,7,Good,830.89541899397
PA-503,Safflower,Sacramento River,0.5,221.8213511,563.5408044,1.0316,1.7137178313035227e-19,522.8345828791208,3.2007762019562464e-10,128955.55272315966,9.962676228027009e-17,7,Good,830.89541899397
PA-503,Sunflowers,Sacramento River,0.5,442.0364657,3732.028857,0.608,1.3953813862340811e-19,1270.1713011032025,3.200776248651349e-10,1003013.2502699238,3.1662229887673217e-16,7,Good,830.89541899397
PA-503,Tomato Processing,Sacramento River,0.5,70.63873048,94.64475294,43.174,37.35505497322533,188.37794264981247,94.63682135520331,288643.4551776223,152639.94783817045,7,Good,830.89541899397
PA-503,Truck Crops,Sacramento River,0.5,147.2391075,4569.754449,5.564927083,143.91955712594125,391.98506574794254,363.99025764955206,3744342.080980653,3659924.752143454,7,Good,830.89541899397
PA-503,Vineyard,Sacramento River,0.5,5.138410038,1715.19151,9.664853365,5.066100121384907,13.6771697270398,12.810463658215799,85179.80568797461,83981.11881770985,7,Good,830.89541899397
PA-503,Alfalfa,Sacramento River,0.55,2691.711112,268.0878386,6.327,6.876867110421356e-22,9522.224429551987,6.876867110422772e-09,4565658.1945376955,1.1664485291704672e-18,2,Good,693.2885114280261
PA-503,Almonds & Pistachios,Sacramento River,0.55,35086.97603,4715.418786,1.008,26257.22105366159,126792.8463525561,90140.75110478826,166773384.20312005,124804303.7719873,2,Good,693.2885114280261
PA-503,Citrus & Subtropical,Sacramento River,0.55,4823.898921,1103.604192,3.661,4464.168015350593,14341.195029546865,12608.14733747567,19489974.434930548,18036555.474587172,2,Good,693.2885114280261
PA-503,Corn,Sacramento River,0.55,2768.171547,227.331246,5.7615,6.876753423584623e-22,7825.275116320433,6.876753423585501e-09,3625665.206496825,9.006958274883493e-19,2,Good,693.2885114280261
PA-503,Cucurbits,Sacramento River,0.55,139.9933662,202.6283347,12.01,135.8466585013614,275.97808115607677,254.4132322169346,340683.1381724607,330591.85006215237,2,Good,693.2885114280261
PA-503,Dry Beans,Sacramento River,0.55,44.18771134,1188.155228,1.27,6.876753423584187e-22,101.3582546689367,6.8767534235848285e-09,66677.36250730937,1.0376726175511032e-18,2,Good,693.2885114280261
PA-503,Grain,Sacramento River,0.55,9684.81857,199.4660006,2.8535,1.5057752989390519e-06,7641.928508765225,1.1474106263422145e-06,5512368.548172787,0.0008570515119610656,2,Good,693.2885114280261
PA-503,Other Deciduous,Sacramento River,0.55,22202.87498,1905.459404,2.0455,20026.515204582076,73885.42631437593,63310.90996177616,86538307.65310934,78055690.33536915,2,Good,693.2885114280261
PA-503,Pasture,Sacramento River,0.55,14849.15114,245.2727642,5.0,6.876639736745825e-22,58885.691212546226,6.876639736747493e-09,18210461.730656907,8.433262183196046e-19,2,Good,693.2885114280261
PA-503,Rice,Sacramento River,0.55,360.07939,536.9449146,4.726,6.876753423586838e-22,1632.7359843317952,6.876753423588356e-09,913738.0601001513,1.745046094711311e-18,2,Good,693.2885114280261
PA-503,Safflower,Sacramento River,0.55,221.8213511,563.5408044,1.0316,6.876753423583058e-22,522.8345828791208,6.876753423583896e-09,128955.55272315966,3.997791620515622e-19,2,Good,693.2885114280261
PA-503,Sunflowers,Sacramento River,0.55,442.0364657,3732.028857,0.608,3.665056882266759e-08,1270.1713011032025,1.2017957028163436e-07,1003013.2502699238,8.316283612676925e-05,2,Good,693.2885114280261
PA-503,Tomato Processing,Sacramento River,0.55,70.63873048,94.64475294,43.174,46.39735727787692,188.37794264981247,117.54495918621502,288643.4551776223,189588.53627173786,2,Good,693.2885114280261
PA-503,Truck Crops,Sacramento River,0.55,147.2391075,4569.754449,5.564927083,144.6432188520498,391.98506574794254,365.82048630559655,3744342.080980653,3678327.7233341304,2,Good,693.2885114280261
PA-503,Vineyard,Sacramento River,0.55,5.138410038,1715.19151,9.664853365,5.082114042609929,13.6771697270398,12.850957487429152,85179.80568797461,84246.58278188598,2,Good,693.2885114280261
PA-503,Alfalfa,Sacramento River,0.6,2691.711112,268.0878386,6.327,6.253822549063999e-19,9522.224429551987,3.870629570999638e-09,4565658.1945376955,1.0607682243843509e-15,16,Good,605.4070995058919
PA-503,Almonds & Pistachios,Sacramento River,0.6,35086.97603,4715.418786,1.008,28068.126517821813,126792.8463525561,96357.56964721694,166773384.20312005,133411794.83852144,16,Good,605.4070995058919
PA-503,Citrus & Subtropical,Sacramento River,0.6,4823.898921,1103.604192,3.661,4539.964915054885,14341.195029546865,12822.220480755526,19489974.434930548,18342797.30545402,16,Good,605.4070995058919
PA-503,Corn,Sacramento River,0.6,2768.171547,227.331246,5.7615,8.023772704391604e-19,7825.275116320433,3.8706295738273e-09,3625665.206496825,1.0509288541268131e-15,16,Good,605.4070995058919
PA-503,Cucurbits,Sacramento River,0.6,139.9933662,202.6283347,12.01,136.87967045967352,275.97808115607677,256.34785404489924,340683.1381724607,333105.7531511364,16,Good,605.4070995058919
PA-503,Dry Beans,Sacramento River,0.6,44.18771134,1188.155228,1.27,1.1605893520757462e-18,101.3582546689367,3.870629576308727e-09,66677.36250730937,1.751279588912012e-15,16,Good,605.4070995058919
PA-503,Grain,Sacramento River,0.6,9684.81857,199.4660006,2.8535,9781.666852310966,7641.928508765225,7332.430378779488,5512368.548172787,5567492.28864318,16,Good,605.4070995058919
PA-503,Other Deciduous,Sacramento River,0.6,22202.87498,1905.459404,2.0455,20505.959543436802,73885.42631437593,64826.603384159476,86538307.65310934,79924380.84214929,16,Good,605.4070995058919
PA-503,Pasture,Sacramento River,0.6,14849.15114,245.2727642,5.0,5.50986748504567e-19,58885.691212546226,3.870629570398585e-09,18210461.730656907,6.75710214216427e-16,16,Good,605.4070995058919
PA-503,Rice,Sacramento River,0.6,360.07939,536.9449146,4.726,4.7474997729039255e-19,1632.7359843317952,3.870629573110474e-09,913738.0601001513,1.2047263334952723e-15,16,Good,605.4070995058919
PA-503,Safflower,Sacramento River,0.6,221.8213511,563.5408044,1.0316,9.807119489953706e-19,522.8345828791208,3.870629572206753e-09,128955.55272315966,5.701356105611837e-16,16,Good,605.4070995058919
PA-503,Sunflowers,Sacramento River,0.6,442.0364657,3732.028857,0.608,3.871157515368211e-14,1270.1713011032025,3.871217465773349e-09,1003013.2502699238,8.783941106866722e-11,16,Good,605.4070995058919
PA-503,Tomato Processing,Sacramento River,0.6,70.63873048,94.64475294,43.174,3.871471033640427e-14,188.37794264981247,3.871501328362095e-09,288643.4551776223,1.581957614720221e-10,16,Good,605.4070995058919
PA-503,Truck Crops,Sacramento River,0.6,147.2391075,4569.754449,5.564927083,145.09980233992584,391.98506574794254,366.97524293376676,3744342.080980653,3689938.8013701416,16,Good,605.4070995058919
PA-503,Vineyard,Sacramento River,0.6,5.138410038,1715.19151,9.664853365,5.092143899612964,13.6771697270398,12.876319619989172,85179.80568797461,84412.84846801819,16,Good,605.4070995058919
PA-503,Alfalfa,Sacramento River,0.65,2691.711112,268.0878386,6.327,3.340560584930765e-18,9522.224429551987,8.917910655988948e-09,4565658.1945376955,5.666231320643589e-15,4,Good,430.54509294320445
PA-503,Almonds & Pistachios,Sacramento River,0.65,35086.97603,4715.418786,1.008,31096.940035821302,126792.8463525561,106755.45314413987,166773384.20312005,147808175.9938835,4,Good,430.54509294320445
PA-503,Citrus & Subtropical,Sacramento River,0.65,4823.898921,1103.604192,3.661,4668.013494301702,14341.195029546865,13183.868014623746,19489974.434930548,18860151.333144195,4,Good,430.54509294320445
PA-503,Corn,Sacramento River,0.65,2768.171547,227.331246,5.7615,1.621273480754782e-18,7825.275116320433,8.91790975384312e-09,3625665.206496825,2.1234937031843615e-15,4,Good,430.54509294320445
PA-503,Cucurbits,Sacramento River,0.65,139.9933662,202.6283347,12.01,138.56926300714795,275.97808115607677,259.51211812566265,340683.1381724607,337217.4886349739,4,Good,430.54509294320445
PA-503,Dry Beans,Sacramento River,0.65,44.18771134,1188.155228,1.27,1.3183224402258253e-07,101.3582546689367,3.095550877768276e-07,66677.36250730937,0.00019892920584209205,4,Good,430.54509294320445
PA-503,Grain,Sacramento River,0.65,9684.81857,199.4660006,2.8535,9781.666853451085,7641.928508765225,7332.430379622847,5512368.548172787,5567492.289292109,4,Good,430.54509294320445
PA-503,Other Deciduous,Sacramento River,0.65,22202.87498,1905.459404,2.0455,21273.255934941277,73885.42631437593,67252.29913092061,86538307.65310934,82915008.46352477,4,Good,430.54509294320445
PA-503,Pasture,Sacramento River,0.65,14849.15114,245.2727642,5.0,2.9794306353702545e-18,58885.691212546226,8.917910653733069e-09,18210461.730656907,3.653865938397123e-15,4,Good,430.54509294320445
PA-503,Rice,Sacramento River,0.65,360.07939,536.9449146,4.726,258.98810814969363,1632.7359843317952,1115.632415107804,913738.0601001513,657208.6548183423,4,Good,430.54509294320445
PA-503,Safflower,Sacramento River,0.65,221.8213511,563.5408044,1.0316,5.014762766192905e-18,522.8345828791208,8.917910659695461e-09,128955.55272315966,2.9153257839386014e-15,4,Good,430.54509294320445
PA-503,Sunflowers,Sacramento River,0.65,442.0364657,3732.028857,0.608,258.4899304030293,1270.1713011032025,705.620888217104,1003013.2502699238,586532.6627408803,4,Good,430.54509294320445
PA-503,Tomato Processing,Sacramento River,0.65,70.63873048,94.64475294,43.174,60.24441810999143,188.37794264981247,152.62566842849083,288643.4551776223,246170.2932693086,4,Good,430.54509294320445
PA-503,Truck Crops,Sacramento River,0.65,147.2391075,4569.754449,5.564927083,145.99572319780668,391.98506574794254,369.2411369605276,3744342.080980653,3712722.382623454,4,Good,430.54509294320445
PA-503,Vineyard,Sacramento River,0.65,5.138410038,1715.19151,9.664853365,5.111663723784397,13.6771697270398,12.925678697999306,85179.80568797461,84736.43004630602,4,Good,430.54509294320445
PA-503,Alfalfa,Sacramento River,0.7,2691.711112,268.0878386,6.327,6.3457074082583936e-18,9522.224429551987,1.6353608470697138e-08,4565658.1945376955,1.076353658440204e-14,2,Good,294.95879838089786
PA-503,Almonds & Pistachios,Sacramento River,0.7,35086.97603,4715.418786,1.008,33064.70084312759,126792.8463525561,113510.75435453444,166773384.20312005,157161222.80122712,2,Good,294.95879838089786
PA-503,Citrus & Subtropical,Sacramento River,0.7,4823.898921,1103.604192,3.661,4751.944674815955,14341.195029546865,13420.914802858268,19489974.434930548,19199258.05766429,2,Good,294.95879838089786
PA-503,Corn,Sacramento River,0.7,2768.171547,227.331246,5.7615,2242.8719121706595,7825.275116320433,6023.302683916912,3625665.206496825,2937644.0428336514,2,Good,294.95879838089786
PA-503,Cucurbits,Sacramento River,0.7,139.9933662,202.6283347,12.01,139.6459998596952,275.97808115607677,261.5286278238739,340683.1381724607,339837.7991530285,2,Good,294.95879838089786
PA-503,Dry Beans,Sacramento River,0.7,44.18771134,1188.155228,1.27,28.136174163676948,101.3582546689367,61.31210970574736,66677.36250730937,42456.28088418394,2,Good,294.95879838089786
PA-503,Grain,Sacramento River,0.7,9684.81857,199.4660006,2.8535,9781.666853496623,7641.928508765225,7332.430379667642,5512368.548172787,5567492.289318028,2,Good,294.95879838089786
PA-503,Other Deciduous,Sacramento River,0.7,22202.87498,1905.459404,2.0455,21753.442850482345,73885.42631437593,68770.3401014407,86538307.65310934,84786593.24997798,2,Good,294.95879838089786
PA-503,Pasture,Sacramento River,0.7,14849.15114,245.2727642,5.0,5.661771002832945e-18,58885.691212546226,1.6353608466182585e-08,18210461.730656907,6.943391120661213e-15,2,Good,294.95879838089786
PA-503,Rice,Sacramento River,0.7,360.07939,536.9449146,4.726,318.55170522919633,1632.7359843317952,1372.212070978931,913738.0601001513,808357.3380240427,2,Good,294.95879838089786
PA-503,Safflower,Sacramento River,0.7,221.8213511,563.5408044,1.0316,9.525920668886738e-18,522.8345828791208,1.635360847814741e-08,128955.55272315966,5.537881538281101e-15,2,Good,294.95879838089786
PA-503,Sunflowers,Sacramento River,0.7,442.0364657,3732.028857,0.608,366.2643117892715,1270.1713011032025,999.8213416066476,1003013.2502699238,831080.6603791782,2,Good,294.95879838089786
PA-503,Tomato Processing,Sacramento River,0.7,70.63873048,94.64475294,43.174,66.1726970779121,188.37794264981247,167.64461240721246,288643.4551776223,270394.3827019738,2,Good,294.95879838089786
PA-503,Truck Crops,Sacramento River,0.7,147.2391075,4569.754449,5.564927083,146.67921615094485,391.98506574794254,370.96977469832217,3744342.080980653,3730103.847846537,2,Good,294.95879838089786
PA-503,Vineyard,Sacramento River,0.7,5.138410038,1715.19151,9.664853365,5.1264160956507,13.6771697270398,12.96298249647068,85179.80568797461,84980.98121285666,2,Good,294.95879838089786
PA-503,Alfalfa,Sacramento River,0.75,2691.711112,268.0878386,6.327,631.6920268358047,9522.224429551987,2122.9460713235685,4565658.1945376955,1071470.8075058158,2,Good,243.28621838229878
PA-503,Almonds & Pistachios,Sacramento River,0.75,35086.97603,4715.418786,1.008,33747.54123401988,126792.8463525561,115854.93790671266,166773384.20312005,160406860.23553663,2,Good,243.28621838229878
PA-503,Citrus & Subtropical,Sacramento River,0.75,4823.898921,1103.604192,3.661,4781.190429785973,14341.195029546865,13503.513572981266,19489974.434930548,19317419.53368828,2,Good,243.28621838229878
PA-503,Corn,Sacramento River,0.75,2768.171547,227.331246,5.7615,2504.554137563971,7825.275116320433,6726.058486421678,3625665.206496825,3280387.302656338,2,Good,243.28621838229878
PA-503,Cucurbits,Sacramento River,0.75,139.9933662,202.6283347,12.01,140.01637209687587,275.97808115607677,262.2222598942477,340683.1381724607,340739.1245477933,2,Good,243.28621838229878
PA-503,Dry Beans,Sacramento River,0.75,44.18771134,1188.155228,1.27,38.519330799559135,101.3582546689367,83.93825762898038,66677.36250730937,58124.01922106816,2,Good,243.28621838229878
PA-503,Grain,Sacramento River,0.75,9684.81857,199.4660006,2.8535,9781.666853484081,7641.928508765225,7332.430379683446,5512368.548172787,5567492.289310889,2,Good,243.28621838229878
PA-503,Other Deciduous,Sacramento River,0.75,22202.87498,1905.459404,2.0455,21917.292315949748,73885.42631437593,69288.32631370315,86538307.65310934,85425215.74657755,2,Good,243.28621838229878
PA-503,Pasture,Sacramento River,0.75,14849.15114,245.2727642,5.0,2445.72276232837,58885.691212546226,9213.804139223203,18210461.730656907,2999345.9119156953,2,Good,243.28621838229878
PA-503,Rice,Sacramento River,0.75,360.07939,536.9449146,4.726,332.54316878117265,1632.7359843317952,1432.4825227248011,913738.0601001513,843862.0992489071,2,Good,243.28621838229878
PA-503,Safflower,Sacramento River,0.75,221.8213511,563.5408044,1.0316,8.279631889444544e-08,522.8345828791208,2.2482121848295394e-07,128955.55272315966,4.813353184231056e-05,2,Good,243.28621838229878
PA-503,Sunflowers,Sacramento River,0.75,442.0364657,3732.028857,0.608,399.50892734254927,1270.1713011032025,1090.571859894742,1003013.2502699238,906515.138046678,2,Good,243.28621838229878
PA-503,Tomato Processing,Sacramento River,0.75,70.63873048,94.64475294,43.174,68.26610366405691,188.37794264981247,172.94813412640377,288643.4551776223,278948.4451265173,2,Good,243.28621838229878
PA-503,Truck Crops,Sacramento River,0.75,147.2391075,4569.754449,5.564927083,146.93718899311872,391.98506574794254,371.622219746381,3744342.080980653,3736664.1875898475,2,Good,243.28621838229878
PA-503,Vineyard,Sacramento River,0.75,5.138410038,1715.19151,9.664853365,5.131953650603689,13.6771697270398,12.976985118346228,85179.80568797461,85072.77767351159,2,Good,243.28621838229878
PA-503,Alfalfa,Sacramento River,0.8,2691.711112,268.0878386,6.327,1011.6736620732519,9522.224429551987,3399.9615874604046,4565658.1945376955,1715992.5241794304,2,Good,226.86140427598127
PA-503,Almonds & Pistachios,Sacramento River,0.8,35086.97603,4715.418786,1.008,33957.81253701833,126792.8463525561,116576.79697738148,166773384.20312005,161406309.62587076,2,Good,226.86140427598127
PA-503,Citrus & Subtropical,Sacramento River,0.8,4823.898921,1103.604192,3.661,4790.207997065373,14341.195029546865,13528.98188342728,19489974.434930548,19353853.16520068,2,Good,226.86140427598127
PA-503,Corn,Sacramento River,0.8,2768.171547,227.331246,5.7615,2573.0026480629463,7825.275116320433,6909.8791026441595,3625665.206496825,3370039.0380127043,2,Good,226.86140427598127
PA-503,Cucurbits,Sacramento River,0.8,139.9933662,202.6283347,12.01,140.1301102851375,275.97808115607677,262.4352684499616,340683.1381724607,341015.9139697411,2,Good,226.86140427598127
PA-503,Dry Beans,Sacramento River,0.8,44.18771134,1188.155228,1.27,41.537157402606574,101.3582546689367,90.51446499362979,66677.36250730937,62677.7902196907,2,Good,226.86140427598127
PA-503,Grain,Sacramento River,0.8,9684.81857,199.4660006,2.8535,9781.66685348546,7641.928508765225,7332.430379687596,5512368.548172787,5567492.289311674,2,Good,226.86140427598127
PA-503,Other Deciduous,Sacramento River,0.8,22202.87498,1905.459404,2.0455,21967.484424457118,73885.42631437593,69447.0013517765,86538307.65310934,85620845.37254633,2,Good,226.86140427598127
PA-503,Pasture,Sacramento River,0.8,14849.15114,245.2727642,5.0,5828.809396618514,58885.691212546226,21958.951755452246,18210461.730656907,7148240.963517786,2,Good,226.86140427598127
PA-503,Rice,Sacramento River,0.8,360.07939,536.9449146,4.726,336.47582761094253,1632.7359843317952,1449.4230753243555,913738.0601001513,853841.6208487122,2,Good,226.86140427598127
PA-503,Safflower,Sacramento River,0.8,221.8213511,563.5408044,1.0316,1.7487490639950832e-07,522.8345828791208,4.334942706360418e-07,128955.55272315966,0.00010166329841708104,2,Good,226.86140427598127
PA-503,Sunflowers,Sacramento River,0.8,442.0364657,3732.028857,0.608,409.40568469148275,1270.1713011032025,1117.5878395916102,1003013.2502699238,928971.6083289816,2,Good,226.86140427598127
PA-503,Tomato Processing,Sacramento River,0.8,70.63873048,94.64475294,43.174,68.91433649199988,188.37794264981247,174.59039364090992,288643.4551776223,281597.2492874301,2,Good,226.86140427598127
PA-503,Truck Crops,Sacramento River,0.8,147.2391075,4569.754449,5.564927083,147.0189030323984,391.98506574794254,371.8288846031844,3744342.080980653,3738742.2042328226,2,Good,226.86140427598127
PA-503,Vineyard,Sacramento River,0.8,5.138410038,1715.19151,9.664853365,5.133704264152811,13.6771697270398,12.981411834495729,85179.80568797461,85101.79772462587,2,Good,226.86140427598127
PA-503,Alfalfa,Sacramento River,0.85,2691.711112,268.0878386,6.327,1492.9621526731198,9522.224429551987,5017.442047668732,4565658.1945376955,2532350.0936257485,2,Good,204.18565636512852
PA-503,Almonds & Pistachios,Sacramento River,0.85,35086.97603,4715.418786,1.008,34243.02701146356,126792.8463525561,117555.93513141687,166773384.20312005,162761974.5622356,2,Good,204.18565636512852
PA-503,Citrus & Subtropical,Sacramento River,0.85,4823.898921,1103.604192,3.661,4802.448140985727,14341.195029546865,13563.55171535838,19489974.434930548,19403306.95683156,2,Good,204.18565636512852
PA-503,Corn,Sacramento River,0.85,2768.171547,227.331246,5.7615,2659.0911510754336,7825.275116320433,7141.072470595528,3625665.206496825,3482795.0882618446,2,Good,204.18565636512852
PA-503,Cucurbits,Sacramento River,0.85,139.9933662,202.6283347,12.01,140.28415828945444,275.97808115607677,262.7237691156013,340683.1381724607,341390.80000159005,2,Good,204.18565636512852
PA-503,Dry Beans,Sacramento River,0.85,44.18771134,1188.155228,1.27,44.62958782983216,101.3582546689367,97.25324307176663,66677.36250730937,67344.13519144533,2,Good,204.18565636512852
PA-503,Grain,Sacramento River,0.85,9684.81857,199.4660006,2.8535,9781.666853487179,7641.928508765225,7332.430379694081,5512368.548172787,5567492.289312652,2,Good,204.18565636512852
PA-503,Other Deciduous,Sacramento River,0.85,22202.87498,1905.459404,2.0455,22035.374843776484,73885.42631437593,69661.62702084526,86538307.65310934,85885456.23933949,2,Good,204.18565636512852
PA-503,Pasture,Sacramento River,0.85,14849.15114,245.2727642,5.0,8886.266139695703,58885.691212546226,33477.34951854646,18210461.730656907,10897795.297500143,2,Good,204.18565636512852
PA-503,Rice,Sacramento River,0.85,360.07939,536.9449146,4.726,341.5747458241817,1632.7359843317952,1471.387475475939,913738.0601001513,866780.6442034632,2,Good,204.18565636512852
PA-503,Safflower,Sacramento River,0.85,221.8213511,563.5408044,1.0316,224.03956487762673,522.8345828791208,501.6597779005358,128955.55272315966,130245.10840539438,2,Good,204.18565636512852
PA-503,Sunflowers,Sacramento River,0.85,442.0364657,3732.028857,0.608,422.5948058361495,1270.1713011032025,1153.5912512658988,1003013.2502699238,958898.6942008835,2,Good,204.18565636512852
PA-503,Tomato Processing,Sacramento River,0.85,70.63873048,94.64475294,43.174,69.7962648734782,188.37794264981247,176.82470701380626,288643.4551776223,285200.97848130605,2,Good,204.18565636512852
PA-503,Truck Crops,Sacramento River,0.85,147.2391075,4569.754449,5.564927083,147.13149034258765,391.98506574794254,372.1136317606935,3744342.080980653,3741605.3389698085,2,Good,204.18565636512852
PA-503,Vineyard,Sacramento River,0.85,5.138410038,1715.19151,9.664853365,5.1361136093535285,13.6771697270398,12.98750426360012,85179.80568797461,85141.7376193627,2,Good,204.18565636512852
PA-503,Alfalfa,Sacramento River,0.9,2691.711112,268.0878386,6.327,2105.8274188873897,9522.224429551987,7077.1164679068415,4565658.1945376955,3571887.1049953056,2,Good,171.96895437306424
PA-503,Almonds & Pistachios,Sacramento River,0.9,35086.97603,4715.418786,1.008,34638.532018421436,126792.8463525561,118913.69947061654,166773384.20312005,164641866.07591996,2,Good,171.96895437306424
PA-503,Citrus & Subtropical,Sacramento River,0.9,4823.898921,1103.604192,3.661,4819.437552162361,14341.195029546865,13611.534900265398,19489974.434930548,19471949.188959524,2,Good,171.96895437306424
PA-503,Corn,Sacramento River,0.9,2768.171547,227.331246,5.7615,2767.8348060369785,7825.275116320433,7433.106957831823,3625665.206496825,3625224.153631242,2,Good,171.96895437306424
PA-503,Cucurbits,Sacramento River,0.9,139.9933662,202.6283347,12.01,140.49735217603998,275.97808115607677,263.123038024649,340683.1381724607,341909.62145929673,2,Good,171.96895437306424
PA-503,Dry Beans,Sacramento River,0.9,44.18771134,1188.155228,1.27,44.629588788013564,101.3582546689367,97.25324516972061,66677.36250730937,67344.1366373,2,Good,171.96895437306424
PA-503,Grain,Sacramento River,0.9,9684.81857,199.4660006,2.8535,9781.666853489322,7641.928508765225,7332.43037970567,5512368.548172787,5567492.289313872,2,Good,171.96895437306424
PA-503,Other Deciduous,Sacramento River,0.9,22202.87498,1905.459404,2.0455,22129.16458928216,73885.42631437593,69958.12963613245,86538307.65310934,86251012.76562665,2,Good,171.96895437306424
PA-503,Pasture,Sacramento River,0.9,14849.15114,245.2727642,5.0,11813.862743576401,58885.691212546226,44506.52343891327,18210461.730656907,14488093.8549819,2,Good,171.96895437306424
PA-503,Rice,Sacramento River,0.9,360.07939,536.9449146,4.726,348.2494517533335,1632.7359843317952,1500.1398315261858,913738.0601001513,883718.3890920061,2,Good,171.96895437306424
PA-503,Safflower,Sacramento River,0.9,221.8213511,563.5408044,1.0316,224.03956673294095,522.8345828791208,501.6597820645335,128955.55272315966,130245.10948397887,2,Good,171.96895437306424
PA-503,Sunflowers,Sacramento River,0.9,442.0364657,3732.028857,0.608,440.46351789233654,1270.1713011032025,1202.3689210765413,1003013.2502699238,999444.1160118008,2,Good,171.96895437306424
PA-503,Tomato Processing,Sacramento River,0.9,70.63873048,94.64475294,43.174,71.02422164881314,188.37794264981247,179.9356628516548,288643.4551776223,290218.6463248951,2,Good,171.96895437306424
PA-503,Truck Crops,Sacramento River,0.9,147.2391075,4569.754449,5.564927083,147.29100212750305,391.98506574794254,372.5170566899294,3744342.080980653,3745661.7795365313,2,Good,171.96895437306424
PA-503,Vineyard,Sacramento River,0.9,5.138410038,1715.19151,9.664853365,5.139521825400407,13.6771697270398,12.996122506057095,85179.80568797461,85198.23587046933,2,Good,171.96895437306424
PA-503,Alfalfa,Sacramento River,0.95,2691.711112,268.0878386,6.327,2686.7905343584243,9522.224429551987,9029.576397218689,4565658.1945376955,4557311.951313092,2,Good,16.145617526575283
PA-503,Almonds & Pistachios,Sacramento River,0.95,35086.97603,4715.418786,1.008,35078.95963020885,126792.8463525561,120617.81350670685,166773384.20312005,166735281.1154914,2,Good,16.145617526575283
PA-503,Citrus & Subtropical,Sacramento River,0.95,4823.898921,1103.604192,3.661,4825.311655831744,14341.195029546865,13650.842038659008,19489974.434930548,19495682.300332572,2,Good,16.145617526575283
PA-503,Corn,Sacramento River,0.95,2768.171547,227.331246,5.7615,2780.0120745209865,7825.275116320433,7465.809402741174,3625665.206496825,3641173.5620775814,2,Good,16.145617526575283
PA-503,Cucurbits,Sacramento River,0.95,139.9933662,202.6283347,12.01,140.08069047179166,275.97808115607677,262.7229142215355,340683.1381724607,340895.64757744287,2,Good,16.145617526575283
PA-503,Dry Beans,Sacramento River,0.95,44.18771134,1188.155228,1.27,44.62958819508226,101.3582546689367,97.25328280481148,66677.36250730937,67344.13574259207,2,Good,16.145617526575283
PA-503,Grain,Sacramento River,0.95,9684.81857,199.4660006,2.8535,9781.666853296016,7641.928508765225,7332.430463112805,5512368.548172787,5567492.289203847,2,Good,16.145617526575283
PA-503,Other Deciduous,Sacramento River,0.95,22202.87498,1905.459404,2.0455,22204.78146095564,73885.42631437593,70289.84923632875,86538307.65310934,86545738.38609427,2,Good,16.145617526575283
PA-503,Pasture,Sacramento River,0.95,14849.15114,245.2727642,5.0,14745.943138680537,58885.691212546226,55552.58921030199,18210461.730656907,18083891.171800997,2,Good,16.145617526575283
PA-503,Rice,Sacramento River,0.95,360.07939,536.9449146,4.726,359.4246955318143,1632.7359843317952,1548.2789856946258,913738.0601001513,912076.7063267006,2,Good,16.145617526575283
PA-503,Safflower,Sacramento River,0.95,221.8213511,563.5408044,1.0316,224.03956633496136,522.8345828791208,501.6597841937505,128955.55272315966,130245.10925261395,2,Good,16.145617526575283
PA-503,Sunflowers,Sacramento River,0.95,442.0364657,3732.028857,0.608,443.86807517744,1270.1713011032025,1211.7495324542228,1003013.2502699238,1007169.3068800567,2,Good,16.145617526575283
PA-503,Tomato Processing,Sacramento River,0.95,70.63873048,94.64475294,43.174,70.82630950552387,188.37794264981247,179.77675799487312,288643.4551776223,289409.93919677363,2,Good,16.145617526575283
PA-503,Truck Crops,Sacramento River,0.95,147.2391075,4569.754449,5.564927083,147.26372297997898,391.98506574794254,373.73122794163635,3744342.080980653,3744968.0612592204,2,Good,16.145617526575283
PA-503,Vineyard,Sacramento River,0.95,5.138410038,1715.19151,9.664853365,5.1389362869366675,13.6771697270398,13.037437692632219,85179.80568797461,85188.52935577017,2,Good,16.145617526575283
PA-503,Alfalfa,Sacramento River,1.0,2691.711112,268.0878386,6.327,2691.709873539088,9522.224429551987,9522.21336739019,4565658.1945376955,4565656.0938705085,2,Good,0.0001848592082031389
PA-503,Almonds & Pistachios,Sacramento River,1.0,35086.97603,4715.418786,1.008,35086.975090577966,126792.8463525561,126792.76011737375,166773384.20312005,166773379.7379136,2,Good,0.0001848592082031389
PA-503,Citrus & Subtropical,Sacramento River,1.0,4823.898921,1103.604192,3.661,4823.898892323025,14341.195029546865,14341.185586924526,19489974.434930548,19489974.319067113,2,Good,0.0001848592082031389
PA-503,Corn,Sacramento River,1.0,2768.171547,227.331246,5.7615,2768.1713940081127,7825.275116320433,7825.269171236065,3625665.206496825,3625665.0061127977,2,Good,0.0001848592082031389
PA-503,Cucurbits,Sacramento River,1.0,139.9933662,202.6283347,12.01,139.99336628297942,275.97808115607677,275.97790121577367,340683.1381724607,340683.13837439666,2,Good,0.0001848592082031389
PA-503,Dry Beans,Sacramento River,1.0,44.18771134,1188.155228,1.27,44.18770725651073,101.3582546689367,101.35817705848963,66677.36250730937,66677.35634549908,2,Good,0.0001848592082031389
PA-503,Grain,Sacramento River,1.0,9684.81857,199.4660006,2.8535,9684.845167646685,7641.928508765225,7641.944335823582,5512368.548172787,5512383.686921126,2,Good,0.0001848592082031389
PA-503,Other Deciduous,Sacramento River,1.0,22202.87498,1905.459404,2.0455,22202.87478372163,73885.42631437593,73885.37715248228,86538307.65310934,86538306.88809139,2,Good,0.0001848592082031389
PA-503,Pasture,Sacramento River,1.0,14849.15114,245.2727642,5.0,14849.146582009995,58885.691212546226,58885.62898922739,18210461.730656907,18210456.14090287,2,Good,0.0001848592082031389
PA-503,Rice,Sacramento River,1.0,360.07939,536.9449146,4.726,360.07937254962127,1632.7359843317952,1632.73477902791,913738.0601001513,913738.0158180412,2,Good,0.0001848592082031389
PA-503,Safflower,Sacramento River,1.0,221.8213511,563.5408044,1.0316,221.80201820265177,522.8345828791208,522.7886037502401,128955.55272315966,128944.31356853855,2,Good,0.0001848592082031389
PA-503,Sunflowers,Sacramento River,1.0,442.0364657,3732.028857,0.608,442.0364381062528,1270.1713011032025,1270.1703702115913,1003013.2502699238,1003013.1876576819,2,Good,0.0001848592082031389
PA-503,Tomato Processing,Sacramento River,1.0,70.63873048,94.64475294,43.174,70.63872879305798,188.37794264981247,188.37781642864567,288643.4551776223,288643.4482844524,2,Good,0.0001848592082031389
PA-503,Truck Crops,Sacramento River,1.0,147.2391075,4569.754449,5.564927083,147.23910729414334,391.98506574794254,391.9848181850468,3744342.080980653,3744342.0757456464,2,Good,0.0001848592082031389
PA-503,Vineyard,Sacramento River,1.0,5.138410038,1715.19151,9.664853365,5.138410026611513,13.6771697270398,13.677161685107155,85179.80568797461,85179.80549918683,2,Good,0.0001848592082031389
PA-504,Alfalfa,Sacramento River,0.5,70.98981104,281.5123622,5.816,1.8567367703266583e-17,251.1342728871446,4.8351548731385815e-08,116229.90665877984,3.039990364017059e-14,7,Good,1094.3110414155947
PA-504,Almonds & Pistachios,Sacramento River,0.5,21373.05871,4875.270912,1.0765,10619.664048991202,77235.23813463247,36457.18988699006,112170709.4636751,55734430.28460326,7,Good,1094.3110414155947
PA-504,Citrus & Subtropical,Sacramento River,0.5,199.9356254,976.2944426,3.515,129.9192266983453,594.3979847366757,366.93080252021906,686114.0804445505,445840.55782888154,7,Good,1094.3110414155947
PA-504,Corn,Sacramento River,0.5,677.5969739,226.6500745,5.869375,2.3250763002574596e-17,1915.4819882821719,4.835154875107247e-08,901403.3792145693,3.093035705164006e-14,7,Good,1094.3110414155947
PA-504,Cucurbits,Sacramento River,0.5,36.94838987,202.6283347,12.01,33.46444241895269,72.83877811439629,62.67211179033045,89916.35641754544,81437.93931058724,7,Good,1094.3110414155947
PA-504,Dry Beans,Sacramento River,0.5,85.45005407,1522.772293,1.682,2.864164218908929e-17,196.00626688400627,4.835154877300832e-08,218863.4795684347,7.335992397293239e-14,7,Good,1094.3110414155947
PA-504,Grain,Sacramento River,0.5,1216.831099,215.9600053,2.6543,8.339265286492982e-17,960.1559594110414,4.8351548875080514e-08,697515.1375190326,4.780255680427713e-14,7,Good,1094.3110414155947
PA-504,Other Deciduous,Sacramento River,0.5,50328.39675,1888.596785,2.0305,32399.846186682884,167479.88956125724,102427.39307095164,192999123.06554466,124246793.16827884,7,Good,1094.3110414155947
PA-504,Pasture,Sacramento River,0.5,7517.628742,191.4002352,5.0,1.6563838844512547e-17,29811.856622531108,4.8351548723202617e-08,7194379.546825401,1.585161325327299e-14,7,Good,1094.3110414155947
PA-504,Safflower,Sacramento River,0.5,151.5246813,563.5408044,1.0316,2.787763169848081e-17,357.1448066226174,4.8351548744488495e-08,88088.67555510132,1.6206624774680083e-14,7,Good,1094.3110414155947
PA-504,Sunflowers,Sacramento River,0.5,101.3126958,3711.716055,0.583,2.286504012441369e-17,291.11733675360205,4.835154876084133e-08,219233.6284329194,4.94783567958272e-14,7,Good,1094.3110414155947
PA-504,Truck Crops,Sacramento River,0.5,161.4988504,4569.754449,5.564927083,156.30458446599502,429.94784855145326,395.31351481977373,4106972.338057124,3974880.335825318,7,Good,1094.3110414155947
PA-504,Vineyard,Sacramento River,0.5,76.86206361,1697.433086,9.717108041,75.29642637209496,204.5876996561518,190.3993426885157,1267773.6908325164,1241949.8499625262,7,Good,1094.3110414155947
PA-504,Alfalfa,Sacramento River,0.55,70.98981104,281.5123622,5.816,4.279285891487282e-21,251.1342728871446,4.279285891488883e-08,116229.90665877984,7.006371653159429e-18,2,Good,1049.882020720483
PA-504,Almonds & Pistachios,Sacramento River,0.55,21373.05871,4875.270912,1.0765,11561.957462811391,77235.23813463247,39692.072813446335,112170709.4636751,60679802.034398966,2,Good,1049.882020720483
PA-504,Citrus & Subtropical,Sacramento River,0.55,199.9356254,976.2944426,3.515,143.0612283095599,594.3979847366757,404.04775063413166,686114.0804445505,490939.63575778826,2,Good,1049.882020720483
PA-504,Corn,Sacramento River,0.55,677.5969739,226.6500745,5.869375,4.279285891487667e-21,1915.4819882821719,4.279285891488999e-08,901403.3792145693,5.69270954828893e-18,2,Good,1049.882020720483
PA-504,Cucurbits,Sacramento River,0.55,36.94838987,202.6283347,12.01,33.93926150259814,72.83877811439629,63.561351601818025,89916.35641754544,82593.44303102356,2,Good,1049.882020720483
PA-504,Dry Beans,Sacramento River,0.55,85.45005407,1522.772293,1.682,4.279285891661418e-21,196.00626688400627,4.279285891662545e-08,218863.4795684347,1.096054777858761e-17,2,Good,1049.882020720483
PA-504,Grain,Sacramento River,0.55,1216.831099,215.9600053,2.6543,4.2792858914881894e-21,960.1559594110414,4.2792858914886294e-08,697515.1375190326,2.4529835648822783e-18,2,Good,1049.882020720483
PA-504,Other Deciduous,Sacramento River,0.55,50328.39675,1888.596785,2.0305,35789.60295085647,167479.88956125724,113143.61519429114,192999123.06554466,137245818.0754452,2,Good,1049.882020720483
PA-504,Pasture,Sacramento River,0.55,7517.628742,191.4002352,5.0,4.2792858914870534e-21,29811.856622531108,4.279285891488819e-08,7194379.546825401,4.095281630593318e-18,2,Good,1049.882020720483
PA-504,Safflower,Sacramento River,0.55,151.5246813,563.5408044,1.0316,4.2792850983719954e-21,357.1448066226174,4.2792850983730774e-08,88088.67555510132,2.487756802417842e-18,2,Good,1049.882020720483
PA-504,Sunflowers,Sacramento River,0.55,101.3126958,3711.716055,0.583,4.279285891661301e-21,291.11733675360205,4.279285891662691e-08,219233.6284329194,9.260077088292303e-18,2,Good,1049.882020720483
PA-504,Truck Crops,Sacramento River,0.55,161.4988504,4569.754449,5.564927083,156.56975346019667,429.94784855145326,395.9841598079531,4106972.338057124,3981623.6762354774,2,Good,1049.882020720483
PA-504,Vineyard,Sacramento River,0.55,76.86206361,1697.433086,9.717108041,75.37867548821528,204.5876996561518,190.6073230397941,1267773.6908325164,1243306.478455363,2,Good,1049.882020720483
PA-504,Alfalfa,Sacramento River,0.6,70.98981104,281.5123622,5.816,2.3669936335286993e-19,251.1342728871446,4.5670636979094465e-08,116229.90665877984,3.875421628210138e-16,15,Good,983.918311646927
PA-504,Almonds & Pistachios,Sacramento River,0.6,21373.05871,4875.270912,1.0765,12793.512603233637,77235.23813463247,43919.98806608529,112170709.4636751,67143285.60589941,15,Good,983.918311646927
PA-504,Citrus & Subtropical,Sacramento River,0.6,199.9356254,976.2944426,3.515,155.10190727966622,594.3979847366757,438.0542338110323,686114.0804445505,532259.3323500021,15,Good,983.918311646927
PA-504,Corn,Sacramento River,0.6,677.5969739,226.6500745,5.869375,2.3728705274980386e-19,1915.4819882821719,4.567063699959193e-08,901403.3792145693,3.1566160923278435e-16,15,Good,983.918311646927
PA-504,Cucurbits,Sacramento River,0.6,36.94838987,202.6283347,12.01,34.47511334669516,72.83877811439629,64.56489340100396,89916.35641754544,83897.47402047535,15,Good,983.918311646927
PA-504,Dry Beans,Sacramento River,0.6,85.45005407,1522.772293,1.682,4.1067720498477236e-19,196.00626688400627,4.5670643027269294e-08,218863.4795684347,1.0518687558556229e-15,15,Good,983.918311646927
PA-504,Grain,Sacramento River,0.6,1216.831099,215.9600053,2.6543,1.1849072659504085e-13,960.1559594110414,4.9762737766761255e-08,697515.1375190326,6.792156735934148e-11,15,Good,983.918311646927
PA-504,Other Deciduous,Sacramento River,0.6,50328.39675,1888.596785,2.0305,38866.05955964214,167479.88956125724,122869.38452412373,192999123.06554466,149043400.87138107,15,Good,983.918311646927
PA-504,Pasture,Sacramento River,0.6,7517.628742,191.4002352,5.0,4.714871179516568e-15,29811.856622531108,4.5834490548669876e-08,7194379.546825401,4.512137263485863e-12,15,Good,983.918311646927
PA-504,Safflower,Sacramento River,0.6,151.5246813,563.5408044,1.0316,8.511302558563186e-19,357.1448066226174,4.5670658338034725e-08,88088.67555510132,4.948034625119361e-16,15,Good,983.918311646927
PA-504,Sunflowers,Sacramento River,0.6,101.3126958,3711.716055,0.583,2.360802491195506e-19,291.11733675360205,4.567063695776646e-08,219233.6284329194,5.108612420895289e-16,15,Good,983.918311646927
PA-504,Truck Crops,Sacramento River,0.6,161.4988504,4569.754449,5.564927083,156.96103184963508,429.94784855145326,396.97375097333173,4106972.338057124,3991574.0227421117,15,Good,983.918311646927
PA-504,Vineyard,Sacramento River,0.6,76.86206361,1697.433086,9.717108041,75.49955529046677,204.5876996561518,190.91298741516974,1267773.6908325164,1245300.2869201615,15,Good,983.918311646927
PA-504,Alfalfa,Sacramento River,0.65,70.98981104,281.5123622,5.816,4.883446868097552e-21,251.1342728871446,4.883446868096336e-08,116229.90665877984,7.995549859010996e-18,6,Good,890.2047382086026
PA-504,Almonds & Pistachios,Sacramento River,0.65,21373.05871,4875.270912,1.0765,14284.97549800887,77235.23813463247,49040.16378099727,112170709.4636751,74970824.62666711,6,Good,890.2047382086026
PA-504,Citrus & Subtropical,Sacramento River,0.65,199.9356254,976.2944426,3.515,166.09989196496605,594.3979847366757,469.11583607769603,686114.0804445505,570000.8410681265,6,Good,890.2047382086026
PA-504,Corn,Sacramento River,0.65,677.5969739,226.6500745,5.869375,4.883446868098137e-21,1915.4819882821719,4.883446868096487e-08,901403.3792145693,6.4964214402883515e-18,6,Good,890.2047382086026
PA-504,Cucurbits,Sacramento River,0.65,36.94838987,202.6283347,12.01,35.04003352813582,72.83877811439629,65.62287429945415,89916.35641754544,85272.2447360763,6,Good,890.2047382086026
PA-504,Dry Beans,Sacramento River,0.65,85.45005407,1522.772293,1.682,3.063557688130713e-19,196.00626688400627,4.883446868367879e-08,218863.4795684347,7.846699487558527e-16,6,Good,890.2047382086026
PA-504,Grain,Sacramento River,0.65,1216.831099,215.9600053,2.6543,2.0359090920602695e-17,960.1559594110414,4.8834468839913387e-08,697515.1375190326,1.1670291887606233e-14,6,Good,890.2047382086026
PA-504,Other Deciduous,Sacramento River,0.65,50328.39675,1888.596785,2.0305,41661.02406386602,167479.88956125724,131705.2575787037,192999123.06554466,159761518.93490815,6,Good,890.2047382086026
PA-504,Pasture,Sacramento River,0.65,7517.628742,191.4002352,5.0,4.883446868097214e-21,29811.856622531108,4.883446868096254e-08,7194379.546825401,4.6734643957025506e-18,6,Good,890.2047382086026
PA-504,Safflower,Sacramento River,0.65,151.5246813,563.5408044,1.0316,4.883446868097587e-21,357.1448066226174,4.883446868096033e-08,88088.67555510132,2.838985458103214e-18,6,Good,890.2047382086026
PA-504,Sunflowers,Sacramento River,0.65,101.3126958,3711.716055,0.583,4.883446868098598e-21,291.11733675360205,4.8834468680967733e-08,219233.6284329194,1.0567439427987582e-17,6,Good,890.2047382086026
PA-504,Truck Crops,Sacramento River,0.65,161.4988504,4569.754449,5.564927083,157.51202106088712,429.94784855145326,398.36727044709374,4106972.338057124,4005585.8713935125,6,Good,890.2047382086026
PA-504,Vineyard,Sacramento River,0.65,76.86206361,1697.433086,9.717108041,75.66881103378434,204.5876996561518,191.34097827880225,1267773.6908325164,1248092.0149628676,6,Good,890.2047382086026
PA-504,Alfalfa,Sacramento River,0.7,70.98981104,281.5123622,5.816,3.6700108578775964e-08,251.1342728871446,2.6262280023763626e-07,116229.90665877984,6.0088203250388814e-05,3,Good,261.1956343986756
PA-504,Almonds & Pistachios,Sacramento River,0.7,21373.05871,4875.270912,1.0765,15990.652081932656,77235.23813463247,54895.7327348212,112170709.4636751,83922606.17231885,3,Good,261.1956343986756
PA-504,Citrus & Subtropical,Sacramento River,0.7,199.9356254,976.2944426,3.515,176.21319062184975,594.3979847366757,497.67882002020195,686114.0804445505,604706.3948899962,3,Good,261.1956343986756
PA-504,Corn,Sacramento River,0.7,677.5969739,226.6500745,5.869375,4.651821712579833e-05,1915.4819882821719,0.00013164661461389308,901403.3792145693,0.06188291820562345,3,Good,261.1956343986756
PA-504,Cucurbits,Sacramento River,0.7,36.94838987,202.6283347,12.01,35.60704761130553,72.83877811439629,66.6847766110457,89916.35641754544,86652.11110036005,3,Good,261.1956343986756
PA-504,Dry Beans,Sacramento River,0.7,85.45005407,1522.772293,1.682,0.00503974771938208,196.00626688400627,0.010982252524930444,218863.4795684347,12.908320936900319,3,Good,261.1956343986756
PA-504,Grain,Sacramento River,0.7,1216.831099,215.9600053,2.6543,0.0004541787004787323,960.1559594110414,0.0003796156939359336,697515.1375190326,0.2603455146593344,3,Good,261.1956343986756
PA-504,Other Deciduous,Sacramento River,0.7,50328.39675,1888.596785,2.0305,44223.948372536324,167479.88956125724,139807.5693629282,192999123.06554466,169589810.2376057,3,Good,261.1956343986756
PA-504,Pasture,Sacramento River,0.7,7517.628742,191.4002352,5.0,6.255927499504538e-06,29811.856622531108,2.410633367333678e-05,7194379.546825401,0.005986929973996582,3,Good,261.1956343986756
PA-504,Safflower,Sacramento River,0.7,151.5246813,563.5408044,1.0316,3.2382704260910023e-10,357.1448066226174,2.0073550434372862e-08,88088.67555510132,1.8825642824408303e-07,3,Good,261.1956343986756
PA-504,Sunflowers,Sacramento River,0.7,101.3126958,3711.716055,0.583,0.00011745474907153163,291.11733675360205,0.0003206588108797784,219233.6284329194,0.25416390919517856,3,Good,261.1956343986756
PA-504,Truck Crops,Sacramento River,0.7,161.4988504,4569.754449,5.564927083,158.26155328952262,429.94784855145326,400.2629295804889,4106972.338057124,4024646.73852578,3,Good,261.1956343986756
PA-504,Vineyard,Sacramento River,0.7,76.86206361,1697.433086,9.717108041,75.89688228541338,204.5876996561518,191.917693739265,1267773.6908325164,1251853.8542743602,3,Good,261.1956343986756
PA-504,Alfalfa,Sacramento River,0.75,70.98981104,281.5123622,5.816,1.0200859639502046e-20,251.1342728871446,4.877489753407002e-08,116229.90665877984,1.6701621632301183e-17,4,Good,577.6098631861662
PA-504,Almonds & Pistachios,Sacramento River,0.75,21373.05871,4875.270912,1.0765,17942.950312482626,77235.23813463247,61597.95108907926,112170709.4636751,94168714.62955181,4,Good,577.6098631861662
PA-504,Citrus & Subtropical,Sacramento River,0.75,199.9356254,976.2944426,3.515,4.878482226192339e-13,594.3979847366757,4.8781587279366696e-08,686114.0804445505,1.6741365326426915e-09,4,Good,577.6098631861662
PA-504,Corn,Sacramento River,0.75,677.5969739,226.6500745,5.869375,4.877477674177764e-21,1915.4819882821719,4.877477674175833e-08,901403.3792145693,6.488480655753789e-18,4,Good,577.6098631861662
PA-504,Cucurbits,Sacramento River,0.75,36.94838987,202.6283347,12.01,4.878370629571725e-13,72.83877811439629,4.878065744004696e-08,89916.35641754544,1.1871838361801304e-09,4,Good,577.6098631861662
PA-504,Dry Beans,Sacramento River,0.75,85.45005407,1522.772293,1.682,11.67897713373477,196.00626688400627,25.449896797521884,218863.4795684347,29913.399132497194,4,Good,577.6098631861662
PA-504,Grain,Sacramento River,0.75,1216.831099,215.9600053,2.6543,4.878124915924725e-13,960.1559594110414,4.877887228366967e-08,697515.1375190326,2.796251652643087e-10,4,Good,577.6098631861662
PA-504,Other Deciduous,Sacramento River,0.75,50328.39675,1888.596785,2.0305,46698.59833564635,167479.88956125724,147630.8146649426,192999123.06554466,179079587.45317766,4,Good,577.6098631861662
PA-504,Pasture,Sacramento River,0.75,7517.628742,191.4002352,5.0,5.1724292517011705e-21,29811.856622531108,4.8774890428595194e-08,7194379.546825401,4.95002087665482e-18,4,Good,577.6098631861662
PA-504,Safflower,Sacramento River,0.75,151.5246813,563.5408044,1.0316,8.098498092918632e-21,357.1448066226174,4.877489753404318e-08,88088.67555510132,4.708051288214233e-18,4,Good,577.6098631861662
PA-504,Sunflowers,Sacramento River,0.75,101.3126958,3711.716055,0.583,3.702513153970607e-17,291.11733675360205,4.8774890818093626e-08,219233.6284329194,8.011980992668329e-14,4,Good,577.6098631861662
PA-504,Truck Crops,Sacramento River,0.75,161.4988504,4569.754449,5.564927083,159.30978992459424,429.94784855145326,402.91404897600626,4106972.338057124,4051303.7633486465,4,Good,577.6098631861662
PA-504,Vineyard,Sacramento River,0.75,76.86206361,1697.433086,9.717108041,76.21351244702817,204.5876996561518,192.71834499050763,1267773.6908325164,1257076.396706425,4,Good,577.6098631861662
PA-504,Alfalfa,Sacramento River,0.8,70.98981104,281.5123622,5.816,4.374573370632241e-21,251.1342728871446,4.374573370631001e-08,116229.90665877984,7.162383546197552e-18,2,Good,391.30335519203703
PA-504,Almonds & Pistachios,Sacramento River,0.8,21373.05871,4875.270912,1.0765,19554.71691031008,77235.23813463247,67131.12809358559,112170709.4636751,102627635.04993927,2,Good,391.30335519203703
PA-504,Citrus & Subtropical,Sacramento River,0.8,199.9356254,976.2944426,3.515,193.2000719872231,594.3979847366757,545.6548600161308,686114.0804445505,662999.8504175262,2,Good,391.30335519203703
PA-504,Corn,Sacramento River,0.8,677.5969739,226.6500745,5.869375,337.8301383391673,1915.4819882821719,907.2534049113239,901403.3792145693,449413.50098826183,2,Good,391.30335519203703
PA-504,Cucurbits,Sacramento River,0.8,36.94838987,202.6283347,12.01,36.65936575046206,72.83877811439629,68.65555503837048,89916.35641754544,89212.99706042385,2,Good,391.30335519203703
PA-504,Dry Beans,Sacramento River,0.8,85.45005407,1522.772293,1.682,53.927532134692896,196.00626688400627,117.51458272870585,218863.4795684347,138124.74966801933,2,Good,391.30335519203703
PA-504,Grain,Sacramento River,0.8,1216.831099,215.9600053,2.6543,1228.9994221387967,960.1559594110414,921.2696399349588,697515.1375190326,704490.2958581883,2,Good,391.30335519203703
PA-504,Other Deciduous,Sacramento River,0.8,50328.39675,1888.596785,2.0305,48515.213624646276,167479.88956125724,153373.7792213759,192999123.06554466,186045936.0826807,2,Good,391.30335519203703
PA-504,Pasture,Sacramento River,0.8,7517.628742,191.4002352,5.0,4.374573370631626e-21,29811.856622531108,4.37457337063067e-08,7194379.546825401,4.18647186019275e-18,2,Good,391.30335519203703
PA-504,Safflower,Sacramento River,0.8,151.5246813,563.5408044,1.0316,4.3745733706322586e-21,357.1448066226174,4.374573370630919e-08,88088.67555510132,2.5431525150326187e-18,2,Good,391.30335519203703
PA-504,Sunflowers,Sacramento River,0.8,101.3126958,3711.716055,0.583,64.2999964512795,291.11733675360205,175.52490556400568,219233.6284329194,139140.7209029951,2,Good,391.30335519203703
PA-504,Truck Crops,Sacramento River,0.8,161.4988504,4569.754449,5.564927083,160.35311045802726,429.94784855145326,405.552734898899,4106972.338057124,4077835.7699847533,2,Good,391.30335519203703
PA-504,Vineyard,Sacramento River,0.8,76.86206361,1697.433086,9.717108041,76.52457200460765,204.5876996561518,193.50491001029494,1267773.6908325164,1262207.0568118084,2,Good,391.30335519203703
PA-504,Alfalfa,Sacramento River,0.85,70.98981104,281.5123622,5.816,46.332411337012836,251.1342728871446,155.71070470364666,116229.90665877984,75858.94040403681,2,Good,187.81507010777946
PA-504,Almonds & Pistachios,Sacramento River,0.85,21373.05871,4875.270912,1.0765,21025.116670473937,77235.23813463247,72178.99429913361,112170709.4636751,110344629.91392791,2,Good,187.81507010777946
PA-504,Citrus & Subtropical,Sacramento River,0.85,199.9356254,976.2944426,3.515,199.29127125171303,594.3979847366757,562.8582308298813,686114.0804445505,683902.8664448041,2,Good,187.81507010777946
PA-504,Corn,Sacramento River,0.85,677.5969739,226.6500745,5.869375,665.2277911768042,1915.4819882821719,1786.4900435754382,901403.3792145693,884948.72617703,2,Good,187.81507010777946
PA-504,Cucurbits,Sacramento River,0.85,36.94838987,202.6283347,12.01,37.053944696282336,72.83877811439629,69.39452134557888,89916.35641754544,90173.23108556178,2,Good,187.81507010777946
PA-504,Dry Beans,Sacramento River,0.85,85.45005407,1522.772293,1.682,86.30455524536224,196.00626688400627,188.06801263062246,218863.4795684347,221052.11598968136,2,Good,187.81507010777946
PA-504,Grain,Sacramento River,0.85,1216.831099,215.9600053,2.6543,1228.9994222516304,960.1559594110414,921.2696400092606,697515.1375190326,704490.2959228671,2,Good,187.81507010777946
PA-504,Other Deciduous,Sacramento River,0.85,50328.39675,1888.596785,2.0305,50052.189532551114,167479.88956125724,158232.70461753634,192999123.06554466,191939924.79589167,2,Good,187.81507010777946
PA-504,Pasture,Sacramento River,0.85,7517.628742,191.4002352,5.0,668.7067471004032,29811.856622531108,2519.2278901616887,7194379.546825401,639953.1433742204,2,Good,187.81507010777946
PA-504,Safflower,Sacramento River,0.85,151.5246813,563.5408044,1.0316,153.03992942308503,357.1448066226174,342.6804415131435,88088.67555510132,88969.56307226855,2,Good,187.81507010777946
PA-504,Sunflowers,Sacramento River,0.85,101.3126958,3711.716055,0.583,98.80481204797678,291.11733675360205,269.7154939081443,219233.6284329194,213806.74239161424,2,Good,187.81507010777946
PA-504,Truck Crops,Sacramento River,0.85,161.4988504,4569.754449,5.564927083,161.46978674616602,429.94784855145326,408.3769465382702,4106972.338057124,4106233.239159247,2,Good,187.81507010777946
PA-504,Vineyard,Sacramento River,0.85,76.86206361,1697.433086,9.717108041,76.85360718897941,204.5876996561518,194.33692933796448,1267773.6908325164,1267634.2094344771,2,Good,187.81507010777946
PA-504,Alfalfa,Sacramento River,0.9,70.98981104,281.5123622,5.816,56.31860401619984,251.1342728871446,189.2715977004344,116229.90665877984,92209.09299599809,2,Good,168.46937907449788
PA-504,Almonds & Pistachios,Sacramento River,0.9,21373.05871,4875.270912,1.0765,21152.591939499438,77235.23813463247,72616.61549575362,112170709.4636751,111013649.33504489,2,Good,168.46937907449788
PA-504,Citrus & Subtropical,Sacramento River,0.9,199.9356254,976.2944426,3.515,199.80245188202449,594.3979847366757,564.301958017357,686114.0804445505,685657.0722168146,2,Good,168.46937907449788
PA-504,Corn,Sacramento River,0.9,677.5969739,226.6500745,5.869375,680.1328090285605,1915.4819882821719,1826.5179352965738,901403.3792145693,904776.786183699,2,Good,168.46937907449788
PA-504,Cucurbits,Sacramento River,0.9,36.94838987,202.6283347,12.01,37.08741691083273,72.83877811439629,69.45720801970236,89916.35641754544,90254.68793886951,2,Good,168.46937907449788
PA-504,Dry Beans,Sacramento River,0.9,85.45005407,1522.772293,1.682,86.30455536383006,196.00626688400627,188.06801289553943,218863.4795684347,221052.11629311336,2,Good,168.46937907449788
PA-504,Grain,Sacramento River,0.9,1216.831099,215.9600053,2.6543,1228.9994222528585,960.1559594110414,921.2696400168984,697515.1375190326,704490.2959235711,2,Good,168.46937907449788
PA-504,Other Deciduous,Sacramento River,0.9,50328.39675,1888.596785,2.0305,50181.13682222178,167479.88956125724,158640.35268625373,192999123.06554466,192434411.31712416,2,Good,168.46937907449788
PA-504,Pasture,Sacramento River,0.9,7517.628742,191.4002352,5.0,4135.959644177277,29811.856622531108,15581.45619615545,7194379.546825401,3958118.243366196,2,Good,168.46937907449788
PA-504,Safflower,Sacramento River,0.9,151.5246813,563.5408044,1.0316,153.03992953591884,357.1448066226174,342.680441772282,88088.67555510132,88969.56313786434,2,Good,168.46937907449788
PA-504,Sunflowers,Sacramento River,0.9,101.3126958,3711.716055,0.583,101.38888615592336,291.11733675360205,276.76945019226696,219233.6284329194,219398.49906486511,2,Good,168.46937907449788
PA-504,Truck Crops,Sacramento River,0.9,161.4988504,4569.754449,5.564927083,161.57474159344468,429.94784855145326,408.642390260086,4106972.338057124,4108902.277690796,2,Good,168.46937907449788
PA-504,Vineyard,Sacramento River,0.9,76.86206361,1697.433086,9.717108041,76.88433193670961,204.5876996561518,194.41462190010273,1267773.6908325164,1268140.987746174,2,Good,168.46937907449788
PA-504,Alfalfa,Sacramento River,0.95,70.98981104,281.5123622,5.816,71.48328251656022,251.1342728871446,240.23598750577892,116229.90665877984,117037.85561397634,2,Good,16.5929640668027
PA-504,Almonds & Pistachios,Sacramento River,0.95,21373.05871,4875.270912,1.0765,21377.475576386547,77235.23813463247,73433.04654785072,112170709.4636751,112193890.19053817,2,Good,16.5929640668027
PA-504,Citrus & Subtropical,Sacramento River,0.95,199.9356254,976.2944426,3.515,200.05284819895098,594.3979847366757,565.0492535716448,686114.0804445505,686516.3509891245,2,Good,16.5929640668027
PA-504,Corn,Sacramento River,0.95,677.5969739,226.6500745,5.869375,681.8085686519266,1915.4819882821719,1831.018246779127,901403.3792145693,907006.0396270247,2,Good,16.5929640668027
PA-504,Cucurbits,Sacramento River,0.95,36.94838987,202.6283347,12.01,36.97672436683377,72.83877811439629,69.26669628654878,89916.35641754544,89985.31029416039,2,Good,16.5929640668027
PA-504,Dry Beans,Sacramento River,0.95,85.45005407,1522.772293,1.682,86.30455470846766,196.00626688400627,188.07140658365913,218863.4795684347,221052.1146145317,2,Good,16.5929640668027
PA-504,Grain,Sacramento River,0.95,1216.831099,215.9600053,2.6543,1228.9994220868966,960.1559594110414,921.269656506651,697515.1375190326,704490.295828438,2,Good,16.5929640668027
PA-504,Other Deciduous,Sacramento River,0.95,50328.39675,1888.596785,2.0305,50342.700383235744,167479.88956125724,159161.5316946993,192999123.06554466,193053974.5778005,2,Good,16.5929640668027
PA-504,Pasture,Sacramento River,0.95,7517.628742,191.4002352,5.0,7478.78100241613,29811.856622531108,28174.911900837546,7194379.546825401,7157202.214358695,2,Good,16.5929640668027
PA-504,Safflower,Sacramento River,0.95,151.5246813,563.5408044,1.0316,153.03992924591594,357.1448066226174,342.6804437372024,88088.67555510132,88969.56296927153,2,Good,16.5929640668027
PA-504,Sunflowers,Sacramento River,0.95,101.3126958,3711.716055,0.583,102.00219036360713,291.11733675360205,278.44365478495257,219233.6284329194,220725.64672115806,2,Good,16.5929640668027
PA-504,Truck Crops,Sacramento River,0.95,161.4988504,4569.754449,5.564927083,161.5368630283447,429.94784855145326,409.4815200929783,4106972.338057124,4107939.0125115975,2,Good,16.5929640668027
PA-504,Vineyard,Sacramento River,0.95,76.86206361,1697.433086,9.717108041,76.87320116146115,204.5876996561518,194.80048751998055,1267773.6908325164,1267957.395173248,2,Good,16.5929640668027
PA-504,Alfalfa,Sacramento River,1.0,70.98981104,281.5123622,5.816,70.98976797196329,251.1342728871446,251.13385913102022,116229.90665877984,116229.83614452134,2,Good,0.0002738253708393824
PA-504,Almonds & Pistachios,Sacramento River,1.0,21373.05871,4875.270912,1.0765,21373.058090487466,77235.23813463247,77235.16142627053,112170709.4636751,112170706.21233135,2,Good,0.0002738253708393824
PA-504,Citrus & Subtropical,Sacramento River,1.0,199.9356254,976.2944426,3.515,199.93562390099035,594.3979847366757,594.3974025144072,686114.0804445505,686114.0753004367,2,Good,0.0002738253708393824
PA-504,Corn,Sacramento River,1.0,677.5969739,226.6500745,5.869375,677.5969404294322,1915.4819882821719,1915.4798990618813,901403.3792145693,901403.3346888644,2,Good,0.0002738253708393824
PA-504,Cucurbits,Sacramento River,1.0,36.94838987,202.6283347,12.01,36.94838996078144,72.83877811439629,72.83870829386701,89916.35641754544,89916.35663846809,2,Good,0.0002738253708393824
PA-504,Dry Beans,Sacramento River,1.0,85.45005407,1522.772293,1.682,85.45005532643228,196.00626688400627,196.00607940818242,218863.4795684347,218863.4827865385,2,Good,0.0002738253708393824
PA-504,Grain,Sacramento River,1.0,1216.831099,215.9600053,2.6543,1216.8366988555767,960.1559594110414,960.1594187604973,697515.1375190326,697518.3474830415,2,Good,0.0002738253708393824
PA-504,Other Deciduous,Sacramento River,1.0,50328.39675,1888.596785,2.0305,50328.396228756676,167479.88956125724,167479.72483030806,192999123.06554466,192999121.06668296,2,Good,0.0002738253708393824
PA-504,Pasture,Sacramento River,1.0,7517.628742,191.4002352,5.0,7517.623167395133,29811.856622531108,29811.799508382876,7194379.546825401,7194374.211921987,2,Good,0.0002738253708393824
PA-504,Safflower,Sacramento River,1.0,151.5246813,563.5408044,1.0316,151.5259804253207,357.1448066226174,357.14745243712423,88088.67555510132,88089.43079990962,2,Good,0.0002738253708393824
PA-504,Sunflowers,Sacramento River,1.0,101.3126958,3711.716055,0.583,101.31268907244493,291.11733675360205,291.1170278107668,219233.6284329194,219233.613874958,2,Good,0.0002738253708393824
PA-504,Truck Crops,Sacramento River,1.0,161.4988504,4569.754449,5.564927083,161.49885023128942,429.94784855145326,429.9474463644329,4106972.338057124,4106972.3337667547,2,Good,0.0002738253708393824
PA-504,Vineyard,Sacramento River,1.0,76.86206361,1697.433086,9.717108041,76.8620635568551,204.5876996561518,204.58750814726517,1267773.6908325164,1267773.689955937,2,Good,0.0002738253708393824
PA-506,Alfalfa,Sacramento River,0.5,12642.38466,269.6555291,6.366,5.557650218608269e-22,44723.827724512994,5.557650218609446e-09,21702260.0938637,9.540412967861325e-19,2,Good,534.3369016967193
PA-506,Almonds & Pistachios,Sacramento River,0.5,213146.605,4677.600247,1.003444444,177643.33157122828,770242.0611917854,609847.6035782743,1000448773.1940997,833806633.4040272,2,Good,534.3369016967193
PA-506,Citrus & Subtropical,Sacramento River,0.5,1310.232581,959.8107757,3.76,1236.4370890739324,3895.251804797831,3492.0686126030373,4728483.315688007,4462163.612296811,2,Good,534.3369016967193
PA-506,Corn,Sacramento River,0.5,12510.63153,234.0503904,6.094333333,5.556846417139733e-22,35365.99229453854,5.556846417140431e-09,17844928.311116394,7.926180681763114e-19,2,Good,534.3369016967193
PA-506,Cotton,Sacramento River,0.5,1065.945079,1698.847366,0.768,5.557755911840832e-22,2807.450776748699,5.5577559118415164e-09,1390754.2961355355,7.251286265626924e-19,2,Good,534.3369016967193
PA-506,Cucurbits,Sacramento River,0.5,7516.208627,202.6283347,12.01,7386.696204798483,14817.193776773478,13833.783454479992,18291192.01653487,17976014.95046665,2,Good,534.3369016967193
PA-506,Dry Beans,Sacramento River,0.5,3373.102493,1266.145204,1.1645,5.557755911840504e-22,7737.259322603316,5.5577559118410665e-09,4973390.320118882,8.194500318591729e-19,2,Good,534.3369016967193
PA-506,Grain,Sacramento River,0.5,26284.9096,191.5900547,3.07125,26547.75896161543,20740.440161137343,19900.45226849256,15466591.621994123,15621257.69450775,2,Good,534.3369016967193
PA-506,Onions & Garlic,Sacramento River,0.5,334.0844892,216.2659801,21.192,311.14099436091686,706.085755515846,624.715057230227,1531145.5123766281,1425992.98271199,2,Good,534.3369016967193
PA-506,Other Deciduous,Sacramento River,0.5,81700.08673,1912.296442,2.071666667,76787.47040532394,271876.7611584118,242752.39977400744,323666396.6519681,304204375.40349287,2,Good,534.3369016967193
PA-506,Pasture,Sacramento River,0.5,10526.79025,192.6261375,5.0,5.557650218607575e-22,41744.96671738653,5.557650218609032e-09,10138674.730650797,5.352743475932039e-19,2,Good,534.3369016967193
PA-506,Rice,Sacramento River,0.5,187985.7472,557.2050126,4.593333333,30721.198198537633,852398.3946844058,132336.44118014592,481136052.22527343,78628705.85156031,2,Good,534.3369016967193
PA-506,Safflower,Sacramento River,0.5,2307.680114,564.3278475,1.0135,5.557650218607326e-22,5439.219280914532,5.557650218608058e-09,1319869.0414967788,3.1786773316224085e-19,2,Good,534.3369016967193
PA-506,Sunflowers,Sacramento River,0.5,16130.53931,3738.423401,0.600777778,4873.504428753762,46350.35725035446,13303.599557178479,36228573.556352235,10945704.31162565,2,Good,534.3369016967193
PA-506,Tomato Processing,Sacramento River,0.5,25831.32762,95.62597678,47.896,20939.129307972045,68886.4638407765,53048.04505937968,118310109.71170184,95903343.49581078,2,Good,534.3369016967193
PA-506,Truck Crops,Sacramento River,0.5,1278.958937,4569.754449,5.564927083,1263.396883635117,3404.8889016042413,3195.2860775827735,32524373.781981695,32128625.313589234,2,Good,534.3369016967193
PA-506,Vineyard,Sacramento River,0.5,2745.0647,1577.628699,10.16672654,2723.67278961044,7306.679602435727,6887.252604926493,44028969.948223546,43685858.26139262,2,Good,534.3369016967193
PA-506,Alfalfa,Sacramento River,0.55,12642.38466,269.6555291,6.366,5.684103971029882e-10,44723.827724512994,9.681965121612662e-09,21702260.0938637,9.757486905943739e-07,3,Good,528.171307014336
PA-506,Almonds & Pistachios,Sacramento River,0.55,213146.605,4677.600247,1.003444444,178314.84237618142,770242.0611917854,612152.8927923562,1000448773.1940997,836958511.7133344,3,Good,528.171307014336
PA-506,Citrus & Subtropical,Sacramento River,0.55,1310.232581,959.8107757,3.76,1237.9500275163628,3895.251804797831,3496.341600437643,4728483.315688007,4467623.63846807,3,Good,528.171307014336
PA-506,Corn,Sacramento River,0.55,12510.63153,234.0503904,6.094333333,8.452853590273614e-09,35365.99229453854,4.051372328573723e-08,17844928.311116394,1.2056990566869926e-05,3,Good,528.171307014336
PA-506,Cotton,Sacramento River,0.55,1065.945079,1698.847366,0.768,3.058866136584267e-18,2807.450776748699,5.723556380620671e-09,1390754.2961355355,3.9909478495355734e-15,3,Good,528.171307014336
PA-506,Cucurbits,Sacramento River,0.55,7516.208627,202.6283347,12.01,7389.938474221271,14817.193776773478,13839.855567375873,18291192.01653487,17983905.228068646,3,Good,528.171307014336
PA-506,Dry Beans,Sacramento River,0.55,3373.102493,1266.145204,1.1645,4.8153248230972044e-11,7737.259322603316,6.140405486611731e-09,4973390.320118882,7.099840551278441e-08,3,Good,528.171307014336
PA-506,Grain,Sacramento River,0.55,26284.9096,191.5900547,3.07125,26547.758961652242,20740.440161137343,19900.452268091685,15466591.621994123,15621257.69452941,3,Good,528.171307014336
PA-506,Onions & Garlic,Sacramento River,0.55,334.0844892,216.2659801,21.192,311.638364504571,706.085755515846,625.7136868635429,1531145.5123766281,1428272.4841197617,3,Good,528.171307014336
PA-506,Other Deciduous,Sacramento River,0.55,81700.08673,1912.296442,2.071666667,76885.41008642572,271876.7611584118,243062.02180558525,323666396.6519681,304592377.2397237,3,Good,528.171307014336
PA-506,Pasture,Sacramento River,0.55,10526.79025,192.6261375,5.0,2.0211092341045106e-18,41744.96671738653,5.723556368439653e-09,10138674.730650797,1.9465923261556756e-15,3,Good,528.171307014336
PA-506,Rice,Sacramento River,0.55,187985.7472,557.2050126,4.593333333,55376.57072949046,852398.3946844058,238543.37476430106,481136052.22527343,141732365.47669858,3,Good,528.171307014336
PA-506,Safflower,Sacramento River,0.55,2307.680114,564.3278475,1.0135,3.4233476020640126e-18,5439.219280914532,5.7235563749675176e-09,1319869.0414967788,1.957970903694551e-15,3,Good,528.171307014336
PA-506,Sunflowers,Sacramento River,0.55,16130.53931,3738.423401,0.600777778,5182.404284803741,46350.35725035446,14146.827953511074,36228573.556352235,11639481.558708485,3,Good,528.171307014336
PA-506,Tomato Processing,Sacramento River,0.55,25831.32762,95.62597678,47.896,21035.47521223585,68886.4638407765,53292.13170670411,118310109.71170184,96344617.54379654,3,Good,528.171307014336
PA-506,Truck Crops,Sacramento River,0.55,1278.958937,4569.754449,5.564927083,1263.6716596445062,3404.8889016042413,3195.981019899705,32524373.781981695,32135612.963760912,3,Good,528.171307014336
PA-506,Vineyard,Sacramento River,0.55,2745.0647,1577.628699,10.16672654,2724.0548770262817,7306.679602435727,6888.2187755056275,44028969.948223546,43691986.68355684,3,Good,528.171307014336
PA-506,Alfalfa,Sacramento River,0.6,12642.38466,269.6555291,6.366,2.1524954612922677e-18,44723.827724512994,6.040326097383455e-09,21702260.0938637,3.6950320377157326e-15,15,Good,516.7533843960579
PA-506,Almonds & Pistachios,Sacramento River,0.6,213146.605,4677.600247,1.003444444,179544.6014896814,770242.0611917854,616374.6423131096,1000448773.1940997,842730646.795783,15,Good,516.7533843960579
PA-506,Citrus & Subtropical,Sacramento River,0.6,1310.232581,959.8107757,3.76,1240.7200384606474,3895.251804797831,3504.164940866055,4728483.315688007,4477620.299155843,15,Good,516.7533843960579
PA-506,Corn,Sacramento River,0.6,12510.63153,234.0503904,6.094333333,2.6997120458679162e-18,35365.99229453854,6.040326106463774e-09,17844928.311116394,3.850818226373768e-15,15,Good,516.7533843960579
PA-506,Cotton,Sacramento River,0.6,1065.945079,1698.847366,0.768,2.8926600249572197e-18,2807.450776748699,6.040326105061749e-09,1390754.2961355355,3.774096279653427e-15,15,Good,516.7533843960579
PA-506,Cucurbits,Sacramento River,0.6,7516.208627,202.6283347,12.01,7395.869874313302,14817.193776773478,13850.963876497479,18291192.01653487,17998339.68344293,15,Good,516.7533843960579
PA-506,Dry Beans,Sacramento River,0.6,3373.102493,1266.145204,1.1645,3.3242438460395e-18,7737.259322603316,6.0403261066331774e-09,4973390.320118882,4.901351856315388e-15,15,Good,516.7533843960579
PA-506,Grain,Sacramento River,0.6,26284.9096,191.5900547,3.07125,26547.75896133599,20740.440161137343,19900.45226805023,15466591.621994123,15621257.694343321,15,Good,516.7533843960579
PA-506,Onions & Garlic,Sacramento River,0.6,334.0844892,216.2659801,21.192,312.55469062448213,706.085755515846,627.5535046170224,1531145.5123766281,1432472.1062864035,15,Good,516.7533843960579
PA-506,Other Deciduous,Sacramento River,0.6,81700.08673,1912.296442,2.071666667,77064.43137329433,271876.7611584118,243627.9715211127,323666396.6519681,305301595.273191,15,Good,516.7533843960579
PA-506,Pasture,Sacramento River,0.6,10526.79025,192.6261375,5.0,1.9197916727984246e-18,41744.96671738653,6.040326093777135e-09,10138674.730650797,1.849010273679122e-15,15,Good,516.7533843960579
PA-506,Rice,Sacramento River,0.6,187985.7472,557.2050126,4.593333333,79323.60696837193,852398.3946844058,341699.0372558098,481136052.22527343,203023089.10912824,15,Good,516.7533843960579
PA-506,Safflower,Sacramento River,0.6,2307.680114,564.3278475,1.0135,3.241457602637997e-18,5439.219280914532,6.040326099819072e-09,1319869.0414967788,1.8539395963466108e-15,15,Good,516.7533843960579
PA-506,Sunflowers,Sacramento River,0.6,16130.53931,3738.423401,0.600777778,5734.15683054432,46350.35725035446,15652.99208953763,36228573.556352235,12878696.64656826,15,Good,516.7533843960579
PA-506,Tomato Processing,Sacramento River,0.6,25831.32762,95.62597678,47.896,21212.623663692364,68886.4638407765,53740.926826066534,118310109.71170184,97155975.48231965,15,Good,516.7533843960579
PA-506,Truck Crops,Sacramento River,0.6,1278.958937,4569.754449,5.564927083,1264.1800390305093,3404.8889016042413,3197.2667738822997,32524373.781981695,32148541.229630183,15,Good,516.7533843960579
PA-506,Vineyard,Sacramento River,0.6,2745.0647,1577.628699,10.16672654,2724.761377331797,7306.679602435727,6890.005277218802,44028969.948223546,43703318.46772934,15,Good,516.7533843960579
PA-506,Alfalfa,Sacramento River,0.65,12642.38466,269.6555291,6.366,1.5020687238467755e-18,44723.827724512994,6.633987853318358e-09,21702260.0938637,2.578491874790072e-15,6,Good,496.5261356202182
PA-506,Almonds & Pistachios,Sacramento River,0.65,213146.605,4677.600247,1.003444444,181680.5461902347,770242.0611917854,623707.3169793532,1000448773.1940997,852756156.0234762,6,Good,496.5261356202182
PA-506,Citrus & Subtropical,Sacramento River,0.65,1310.232581,959.8107757,3.76,1245.519272326321,3895.251804797831,3517.719414506087,4728483.315688007,4494940.199142304,6,Good,496.5261356202182
PA-506,Corn,Sacramento River,0.65,12510.63153,234.0503904,6.094333333,9.347188596866342e-08,35365.99229453854,2.70346319855686e-07,17844928.311116394,0.00013332653113600613,6,Good,496.5261356202182
PA-506,Cotton,Sacramento River,0.65,1065.945079,1698.847366,0.768,2.0175645528058178e-18,2807.450776748699,6.633987858554769e-09,1390754.2961355355,2.6323462857746927e-15,6,Good,496.5261356202182
PA-506,Cucurbits,Sacramento River,0.65,7516.208627,202.6283347,12.01,7406.153091127866,14817.193776773478,13870.22225543852,18291192.01653487,18023364.573335845,6,Good,496.5261356202182
PA-506,Dry Beans,Sacramento River,0.65,3373.102493,1266.145204,1.1645,2.3162943970126343e-18,7737.259322603316,6.633987854403464e-09,4973390.320118882,3.4152048912105913e-15,6,Good,496.5261356202182
PA-506,Grain,Sacramento River,0.65,26284.9096,191.5900547,3.07125,26547.75896136322,20740.440161137343,19900.452268071407,15466591.621994123,15621257.694359343,6,Good,496.5261356202182
PA-506,Onions & Garlic,Sacramento River,0.65,334.0844892,216.2659801,21.192,314.1630964497363,706.085755515846,630.7828937222655,1531145.5123766281,1439843.6049372852,6,Good,496.5261356202182
PA-506,Other Deciduous,Sacramento River,0.65,81700.08673,1912.296442,2.071666667,77374.35004181802,271876.7611584118,244607.73423658987,323666396.6519681,306529381.7139538,6,Good,496.5261356202182
PA-506,Pasture,Sacramento River,0.65,10526.79025,192.6261375,5.0,1.3398001918754474e-18,41744.96671738653,6.633987850855346e-09,10138674.730650797,1.2904026799136317e-15,6,Good,496.5261356202182
PA-506,Rice,Sacramento River,0.65,187985.7472,557.2050126,4.593333333,102137.58826474375,852398.3946844058,439973.88560013927,481136052.22527343,261413839.7908776,6,Good,496.5261356202182
PA-506,Safflower,Sacramento River,0.65,2307.680114,564.3278475,1.0135,2.2542624832561513e-18,5439.219280914532,6.633987854928595e-09,1319869.0414967788,1.289317026656774e-15,6,Good,496.5261356202182
PA-506,Sunflowers,Sacramento River,0.65,16130.53931,3738.423401,0.600777778,6653.06562458172,46350.35725035446,18161.411811728398,36228573.556352235,14942530.607514905,6,Good,496.5261356202182
PA-506,Tomato Processing,Sacramento River,0.65,25831.32762,95.62597678,47.896,21522.47375266534,68886.4638407765,54525.91369155545,118310109.71170184,98575120.42755237,6,Good,496.5261356202182
PA-506,Truck Crops,Sacramento River,0.65,1278.958937,4569.754449,5.564927083,1265.079150347786,3404.8889016042413,3199.540736967424,32524373.781981695,32171405.945383538,6,Good,496.5261356202182
PA-506,Vineyard,Sacramento River,0.65,2745.0647,1577.628699,10.16672654,2726.0095438642716,7306.679602435727,6893.161470663561,44028969.948223546,43723338.20961327,6,Good,496.5261356202182
PA-506,Alfalfa,Sacramento River,0.7,12642.38466,269.6555291,6.366,8.968840412671541e-19,44723.827724512994,7.694791357100319e-09,21702260.0938637,1.5396154492277061e-15,9,Good,463.7618698489159
PA-506,Almonds & Pistachios,Sacramento River,0.7,213146.605,4677.600247,1.003444444,185030.69636836293,770242.0611917854,635208.3456941762,1000448773.1940997,868480796.0463581,9,Good,463.7618698489159
PA-506,Citrus & Subtropical,Sacramento River,0.7,1310.232581,959.8107757,3.76,1253.0171379054477,3895.251804797831,3538.895632251298,4728483.315688007,4521999.160130065,9,Good,463.7618698489159
PA-506,Corn,Sacramento River,0.7,12510.63153,234.0503904,6.094333333,922.0204292482597,35365.99229453854,2476.114706326654,17844928.311116394,1315152.5102362246,9,Good,463.7618698489159
PA-506,Cotton,Sacramento River,0.7,1065.945079,1698.847366,0.768,2.830413513504068e-08,2807.450776748699,9.280997167933493e-08,1390754.2961355355,3.692882336338323e-05,9,Good,463.7618698489159
PA-506,Cucurbits,Sacramento River,0.7,7516.208627,202.6283347,12.01,7422.235046290669,14817.193776773478,13900.340494917975,18291192.01653487,18062501.077454086,9,Good,463.7618698489159
PA-506,Dry Beans,Sacramento River,0.7,3373.102493,1266.145204,1.1645,2.101241289816475e-08,7737.259322603316,6.807992979301864e-08,4973390.320118882,3.098124979212534e-05,9,Good,463.7618698489159
PA-506,Grain,Sacramento River,0.7,26284.9096,191.5900547,3.07125,26547.758961390107,20740.440161137343,19900.452268092948,15466591.621994123,15621257.694375165,9,Good,463.7618698489159
PA-506,Onions & Garlic,Sacramento River,0.7,334.0844892,216.2659801,21.192,316.7289847729543,706.085755515846,635.9347351707562,1531145.5123766281,1451603.349907076,9,Good,463.7618698489159
PA-506,Other Deciduous,Sacramento River,0.7,81700.08673,1912.296442,2.071666667,77857.9275269036,271876.7611584118,246136.4939985883,323666396.6519681,308445142.0070478,9,Good,463.7618698489159
PA-506,Pasture,Sacramento River,0.7,10526.79025,192.6261375,5.0,9.60823512633582e-19,41744.96671738653,7.694791357014947e-09,10138674.730650797,9.253986102889468e-16,9,Good,463.7618698489159
PA-506,Rice,Sacramento River,0.7,187985.7472,557.2050126,4.593333333,122894.26067011563,852398.3946844058,529386.549101151,481136052.22527343,314539055.7564734,9,Good,463.7618698489159
PA-506,Safflower,Sacramento River,0.7,2307.680114,564.3278475,1.0135,1.984476611751886e-18,5439.219280914532,7.694791362348347e-09,1319869.0414967788,1.1350140028228095e-15,9,Good,463.7618698489159
PA-506,Sunflowers,Sacramento River,0.7,16130.53931,3738.423401,0.600777778,8006.015475493612,46350.35725035446,21854.668543255124,36228573.556352235,17981204.160198323,9,Good,463.7618698489159
PA-506,Tomato Processing,Sacramento River,0.7,25831.32762,95.62597678,47.896,22013.952665438464,68886.4638407765,55771.04643452319,118310109.71170184,100826143.87267162,9,Good,463.7618698489159
PA-506,Truck Crops,Sacramento River,0.7,1278.958937,4569.754449,5.564927083,1266.531486119494,3404.8889016042413,3203.2138727279744,32524373.781981695,32208339.35280534,9,Good,463.7618698489159
PA-506,Vineyard,Sacramento River,0.7,2745.0647,1577.628699,10.16672654,2728.0221164239383,7306.679602435727,6898.250589907547,44028969.948223546,43755618.50404429,9,Good,463.7618698489159
PA-506,Alfalfa,Sacramento River,0.75,12642.38466,269.6555291,6.366,4.400991140444218e-19,44723.827724512994,5.833881686690286e-08,21702260.0938637,7.554860650847357e-16,2,Good,419.8474913134706
PA-506,Almonds & Pistachios,Sacramento River,0.75,213146.605,4677.600247,1.003444444,189323.9413992426,770242.0611917854,649947.0086699956,1000448773.1940997,888632051.6770319,2,Good,419.8474913134706
PA-506,Citrus & Subtropical,Sacramento River,0.75,1310.232581,959.8107757,3.76,1262.5753808377488,3895.251804797831,3565.890972710708,4728483.315688007,4556493.793287626,2,Good,419.8474913134706
PA-506,Corn,Sacramento River,0.75,12510.63153,234.0503904,6.094333333,6227.607066542923,35365.99229453854,16724.433595448758,17844928.311116394,8882940.991889346,2,Good,419.8474913134706
PA-506,Cotton,Sacramento River,0.75,1065.945079,1698.847366,0.768,6.425752829173919e-18,2807.450776748699,5.8338802721441824e-08,1390754.2961355355,8.383774670138234e-15,2,Good,419.8474913134706
PA-506,Cucurbits,Sacramento River,0.75,7516.208627,202.6283347,12.01,7442.76416049369,14817.193776773478,13938.787361143728,18291192.01653487,18112460.037942216,2,Good,419.8474913134706
PA-506,Dry Beans,Sacramento River,0.75,3373.102493,1266.145204,1.1645,1.0237019523150968e-18,7737.259322603316,5.8338916348877926e-08,4973390.320118882,1.5093728669366894e-15,2,Good,419.8474913134706
PA-506,Grain,Sacramento River,0.75,26284.9096,191.5900547,3.07125,26547.758961242944,20740.440161137343,19900.45226804185,15466591.621994123,15621257.694288572,2,Good,419.8474913134706
PA-506,Onions & Garlic,Sacramento River,0.75,334.0844892,216.2659801,21.192,320.09438506430035,706.085755515846,642.6918526580934,1531145.5123766281,1467027.3450939963,2,Good,419.8474913134706
PA-506,Other Deciduous,Sacramento River,0.75,81700.08673,1912.296442,2.071666667,78473.35942161942,271876.7611584118,248082.09226554088,323666396.6519681,310883262.10850686,2,Good,419.8474913134706
PA-506,Pasture,Sacramento River,0.75,10526.79025,192.6261375,5.0,2.82723482029346e-20,41744.96671738653,5.8338809757017365e-08,10138674.730650797,2.722996616193179e-17,2,Good,419.8474913134706
PA-506,Rice,Sacramento River,0.75,187985.7472,557.2050126,4.593333333,139820.53780863778,852398.3946844058,602299.1765457091,481136052.22527343,357860649.45493144,2,Good,419.8474913134706
PA-506,Safflower,Sacramento River,0.75,2307.680114,564.3278475,1.0135,6.331670110289884e-19,5439.219280914532,5.833800684944596e-08,1319869.0414967788,3.6213751242396476e-16,2,Good,419.8474913134706
PA-506,Sunflowers,Sacramento River,0.75,16130.53931,3738.423401,0.600777778,9607.934772931756,46350.35725035446,26227.55732746496,36228573.556352235,21579053.5552647,2,Good,419.8474913134706
PA-506,Tomato Processing,Sacramento River,0.75,25831.32762,95.62597678,47.896,22653.47393800117,68886.4638407765,57391.23573588612,118310109.71170184,103755216.39394921,2,Good,419.8474913134706
PA-506,Truck Crops,Sacramento River,0.75,1278.958937,4569.754449,5.564927083,1268.4702665513626,3404.8889016042413,3208.1172869097995,32524373.781981695,32257643.218334593,2,Good,419.8474913134706
PA-506,Vineyard,Sacramento River,0.75,2745.0647,1577.628699,10.16672654,2730.701915874244,7306.679602435727,6905.02690164991,44028969.948223546,43798600.663796216,2,Good,419.8474913134706
PA-506,Alfalfa,Sacramento River,0.8,12642.38466,269.6555291,6.366,3.754098027688109e-17,44723.827724512994,2.069217026576153e-07,21702260.0938637,6.44438640381854e-14,4,Good,355.76101571606586
PA-506,Almonds & Pistachios,Sacramento River,0.8,213146.605,4677.600247,1.003444444,195225.13949298585,770242.0611917854,670205.7568252927,1000448773.1940997,916330575.8607072,4,Good,355.76101571606586
PA-506,Citrus & Subtropical,Sacramento River,0.8,1310.232581,959.8107757,3.76,1275.626993759738,3895.251804797831,3602.752636283691,4728483.315688007,4603595.609285318,4,Good,355.76101571606586
PA-506,Corn,Sacramento River,0.8,12510.63153,234.0503904,6.094333333,9020.001431548804,35365.99229453854,24223.496017163507,17844928.311116394,12865959.526197927,4,Good,355.76101571606586
PA-506,Cotton,Sacramento River,0.8,1065.945079,1698.847366,0.768,385.637434579097,2807.450776748699,964.8951148960487,1390754.2961355355,503146.8594936546,4,Good,355.76101571606586
PA-506,Cucurbits,Sacramento River,0.8,7516.208627,202.6283347,12.01,7470.844098873273,14817.193776773478,13991.375389339166,18291192.01653487,18180794.42968174,4,Good,355.76101571606586
PA-506,Dry Beans,Sacramento River,0.8,3373.102493,1266.145204,1.1645,875.3377719816085,7737.259322603316,1907.466351746458,4973390.320118882,1290620.8486229242,4,Good,355.76101571606586
PA-506,Grain,Sacramento River,0.8,26284.9096,191.5900547,3.07125,26547.75896132357,20740.440161137343,19900.452268044024,15466591.621994123,15621257.694336012,4,Good,355.76101571606586
PA-506,Onions & Garlic,Sacramento River,0.8,334.0844892,216.2659801,21.192,324.86190276210397,706.085755515846,652.2641693935329,1531145.5123766281,1488877.3966951591,4,Good,355.76101571606586
PA-506,Other Deciduous,Sacramento River,0.8,81700.08673,1912.296442,2.071666667,79311.96890628414,271876.7611584118,250733.23396587055,323666396.6519681,314205531.65513057,4,Good,355.76101571606586
PA-506,Pasture,Sacramento River,0.8,10526.79025,192.6261375,5.0,3.344620944239724e-17,41744.96671738653,2.069217025392588e-07,10138674.730650797,3.221307069452505e-14,4,Good,355.76101571606586
PA-506,Rice,Sacramento River,0.8,187985.7472,557.2050126,4.593333333,155785.17602108643,852398.3946844058,671069.3915533578,481136052.22527343,398720997.2161381,4,Good,355.76101571606586
PA-506,Safflower,Sacramento River,0.8,2307.680114,564.3278475,1.0135,7.495463783331228e-08,5439.219280914532,5.149414974537226e-07,1319869.0414967788,4.2870025785901485e-05,4,Good,355.76101571606586
PA-506,Sunflowers,Sacramento River,0.8,16130.53931,3738.423401,0.600777778,11616.700821938834,46350.35725035446,31711.04862364178,36228573.556352235,26090665.173782617,4,Good,355.76101571606586
PA-506,Tomato Processing,Sacramento River,0.8,25831.32762,95.62597678,47.896,23549.96554807922,68886.4638407765,59662.444180753606,118310109.71170184,107861239.21647862,4,Good,355.76101571606586
PA-506,Truck Crops,Sacramento River,0.8,1278.958937,4569.754449,5.564927083,1271.283740929265,3404.8889016042413,3215.23290976249,32524373.781981695,32329190.857313186,4,Good,355.76101571606586
PA-506,Vineyard,Sacramento River,0.8,2745.0647,1577.628699,10.16672654,2734.57692195596,7306.679602435727,6914.825489176053,44028969.948223546,43860753.124654815,4,Good,355.76101571606586
PA-506,Alfalfa,Sacramento River,0.85,12642.38466,269.6555291,6.366,5.857588486535143e-18,44723.827724512994,1.8487801659399714e-08,21702260.0938637,1.0055295126386948e-14,2,Good,269.11585238955234
PA-506,Almonds & Pistachios,Sacramento River,0.85,213146.605,4677.600247,1.003444444,202604.91647476377,770242.0611917854,695540.4500434936,1000448773.1940997,950969123.4832028,2,Good,269.11585238955234
PA-506,Citrus & Subtropical,Sacramento River,0.85,1310.232581,959.8107757,3.76,1291.819081092053,3895.251804797831,3648.483939650136,4728483.315688007,4662031.047319212,2,Good,269.11585238955234
PA-506,Corn,Sacramento River,0.85,12510.63153,234.0503904,6.094333333,11032.51370492567,35365.99229453854,29628.160684681327,17844928.311116394,15736568.988041142,2,Good,269.11585238955234
PA-506,Cotton,Sacramento River,0.85,1065.945079,1698.847366,0.768,799.6752176386427,2807.450776748699,2000.8501292318444,1390754.2961355355,1043348.0733241995,2,Good,269.11585238955234
PA-506,Cucurbits,Sacramento River,0.85,7516.208627,202.6283347,12.01,7505.75198702133,14817.193776773478,14056.750781863137,18291192.01653487,18265745.08987419,2,Good,269.11585238955234
PA-506,Dry Beans,Sacramento River,0.85,3373.102493,1266.145204,1.1645,2465.0819332414785,7737.259322603316,5371.710203599123,4973390.320118882,3634581.116501849,2,Good,269.11585238955234
PA-506,Grain,Sacramento River,0.85,26284.9096,191.5900547,3.07125,26547.758961441195,20740.440161137343,19900.452268098572,15466591.621994123,15621257.694405228,2,Good,269.11585238955234
PA-506,Onions & Garlic,Sacramento River,0.85,334.0844892,216.2659801,21.192,331.0545950705379,706.085755515846,664.6979795639731,1531145.5123766281,1517259.1783824603,2,Good,269.11585238955234
PA-506,Other Deciduous,Sacramento River,0.85,81700.08673,1912.296442,2.071666667,80349.76980960478,271876.7611584118,254014.09031465696,323666396.6519681,318316926.05217725,2,Good,269.11585238955234
PA-506,Pasture,Sacramento River,0.85,10526.79025,192.6261375,5.0,5.415210288336729e-18,41744.96671738653,1.8487801651013882e-08,10138674.730650797,5.2155552079628274e-15,2,Good,269.11585238955234
PA-506,Rice,Sacramento River,0.85,187985.7472,557.2050126,4.593333333,170212.9026530062,852398.3946844058,733219.1158205797,481136052.22527343,435647729.89487666,2,Good,269.11585238955234
PA-506,Safflower,Sacramento River,0.85,2307.680114,564.3278475,1.0135,1.802240774228694e-18,5439.219280914532,1.8487801615119988e-08,1319869.0414967788,1.0307848946639749e-15,2,Good,269.11585238955234
PA-506,Sunflowers,Sacramento River,0.85,16130.53931,3738.423401,0.600777778,13886.229956002786,46350.35725035446,37906.366023500064,36228573.556352235,31187940.69517498,2,Good,269.11585238955234
PA-506,Tomato Processing,Sacramento River,0.85,25831.32762,95.62597678,47.896,24698.815400250856,68886.4638407765,62572.98730036866,118310109.71170184,113123088.47379135,2,Good,269.11585238955234
PA-506,Truck Crops,Sacramento River,0.85,1278.958937,4569.754449,5.564927083,1275.0579896532977,3404.8889016042413,3224.778448677689,32524373.781981695,32425171.324469194,2,Good,269.11585238955234
PA-506,Vineyard,Sacramento River,0.85,2745.0647,1577.628699,10.16672654,2739.749923339528,7306.679602435727,6927.906269943809,44028969.948223546,43943724.54695288,2,Good,269.11585238955234
PA-506,Alfalfa,Sacramento River,0.9,12642.38466,269.6555291,6.366,8084.232612779734,44723.827724512994,27168.919561423267,21702260.0938637,13877612.771658942,2,Good,191.4108244747022
PA-506,Almonds & Pistachios,Sacramento River,0.9,213146.605,4677.600247,1.003444444,208720.24332977188,770242.0611917854,716534.2998814561,1000448773.1940997,979672706.398698,2,Good,191.4108244747022
PA-506,Citrus & Subtropical,Sacramento River,0.9,1310.232581,959.8107757,3.76,1305.1370940898935,3895.251804797831,3686.097996678836,4728483.315688007,4710094.2714914745,2,Good,191.4108244747022
PA-506,Corn,Sacramento River,0.9,12510.63153,234.0503904,6.094333333,12220.126679912108,35365.99229453854,32817.53248114134,17844928.311116394,17430557.68470805,2,Good,191.4108244747022
PA-506,Cotton,Sacramento River,0.9,1065.945079,1698.847366,0.768,1038.5035532244888,2807.450776748699,2598.417361036888,1390754.2961355355,1354950.9319503848,2,Good,191.4108244747022
PA-506,Cucurbits,Sacramento River,0.9,7516.208627,202.6283347,12.01,7534.518478805032,14817.193776773478,14110.624585167594,18291192.01653487,18335750.254840955,2,Good,191.4108244747022
PA-506,Dry Beans,Sacramento River,0.9,3373.102493,1266.145204,1.1645,3406.8335515292374,7737.259322603316,7423.900319095241,4973390.320118882,5023124.272859664,2,Good,191.4108244747022
PA-506,Grain,Sacramento River,0.9,26284.9096,191.5900547,3.07125,26547.75896143224,20740.440161137343,19900.452268183908,15466591.621994123,15621257.694399957,2,Good,191.4108244747022
PA-506,Onions & Garlic,Sacramento River,0.9,334.0844892,216.2659801,21.192,336.37977944602153,706.085755515846,675.3899903751612,1531145.5123766281,1541665.076958071,2,Good,191.4108244747022
PA-506,Other Deciduous,Sacramento River,0.9,81700.08673,1912.296442,2.071666667,81201.39027132743,271876.7611584118,256706.36432357974,323666396.6519681,321690740.4163135,2,Good,191.4108244747022
PA-506,Pasture,Sacramento River,0.9,10526.79025,192.6261375,5.0,8.339988441415578e-06,41744.96671738653,3.1496844010308743e-05,10138674.730650797,0.00803249880132264,2,Good,191.4108244747022
PA-506,Rice,Sacramento River,0.9,187985.7472,557.2050126,4.593333333,179664.46168062606,852398.3946844058,773933.2076746626,481136052.22527343,459838318.0945504,2,Good,191.4108244747022
PA-506,Safflower,Sacramento River,0.9,2307.680114,564.3278475,1.0135,2330.75693786088,5439.219280914532,5218.930898802168,1319869.0414967788,1333067.7449068695,2,Good,191.4108244747022
PA-506,Sunflowers,Sacramento River,0.9,16130.53931,3738.423401,0.600777778,15609.235399427775,46350.35725035446,42609.793462512265,36228573.556352235,35057744.93702196,2,Good,191.4108244747022
PA-506,Tomato Processing,Sacramento River,0.9,25831.32762,95.62597678,47.896,25673.498312890584,68886.4638407765,65042.28878415257,118310109.71170184,117587235.42066543,2,Good,191.4108244747022
PA-506,Truck Crops,Sacramento River,0.9,1278.958937,4569.754449,5.564927083,1278.414338488501,3404.8889016042413,3233.267067653512,32524373.781981695,32510524.451063648,2,Good,191.4108244747022
PA-506,Vineyard,Sacramento River,0.9,2745.0647,1577.628699,10.16672654,2744.326238727399,7306.679602435727,6939.478232742189,44028969.948223546,44017125.53188638,2,Good,191.4108244747022
PA-506,Alfalfa,Sacramento River,0.95,12642.38466,269.6555291,6.366,12625.48400957012,44723.827724512994,42430.83740695287,21702260.0938637,21673247.97935771,2,Good,16.291666181852797
PA-506,Almonds & Pistachios,Sacramento River,0.95,213146.605,4677.600247,1.003444444,213102.53854867938,770242.0611917854,732436.5125492318,1000448773.1940997,1000241937.9636594,2,Good,16.291666181852797
PA-506,Citrus & Subtropical,Sacramento River,0.95,1310.232581,959.8107757,3.76,1310.6894833244237,3895.251804797831,3705.5287119905224,4728483.315688007,4730132.225239841,2,Good,16.291666181852797
PA-506,Corn,Sacramento River,0.95,12510.63153,234.0503904,6.094333333,12557.624199960828,35365.99229453854,33723.89263907691,17844928.311116394,17911957.767190456,2,Good,16.291666181852797
PA-506,Cotton,Sacramento River,0.95,1065.945079,1698.847366,0.768,1076.6045373963404,2807.450776748699,2693.749021961406,1390754.2961355355,1404661.8490209957,2,Good,16.291666181852797
PA-506,Cucurbits,Sacramento River,0.95,7516.208627,202.6283347,12.01,7520.9677501327415,14817.193776773478,14100.086133617526,18291192.01653487,18302773.658207055,2,Good,16.291666181852797
PA-506,Dry Beans,Sacramento River,0.95,3373.102493,1266.145204,1.1645,3406.833551324233,7737.259322603316,7423.900339320961,4973390.320118882,5023124.2725574,2,Good,16.291666181852797
PA-506,Grain,Sacramento River,0.95,26284.9096,191.5900547,3.07125,26547.758961258267,20740.440161137343,19900.452332724828,15466591.621994123,15621257.694297587,2,Good,16.291666181852797
PA-506,Onions & Garlic,Sacramento River,0.95,334.0844892,216.2659801,21.192,334.8211771154215,706.085755515846,673.6518080892414,1531145.5123766281,1534521.8331343525,2,Good,16.291666181852797
PA-506,Other Deciduous,Sacramento River,0.95,81700.08673,1912.296442,2.071666667,81707.85934832171,271876.7611584118,258556.6344771944,323666396.6519681,323697188.9738056,2,Good,16.291666181852797
PA-506,Pasture,Sacramento River,0.95,10526.79025,192.6261375,5.0,10398.197379560168,41744.96671738653,39173.26834365122,10138674.730650797,10014822.990936482,2,Good,16.291666181852797
PA-506,Rice,Sacramento River,0.95,187985.7472,557.2050126,4.593333333,187652.0705990368,852398.3946844058,808341.1019039192,481136052.22527343,480282030.87047046,2,Good,16.291666181852797
PA-506,Safflower,Sacramento River,0.95,2307.680114,564.3278475,1.0135,2330.7569379433603,5439.219280914532,5218.930901777983,1319869.0414967788,1333067.7449540438,2,Good,16.291666181852797
PA-506,Sunflowers,Sacramento River,0.95,16130.53931,3738.423401,0.600777778,16200.469132581358,46350.35725035446,44223.732127472584,36228573.556352235,36385633.25984279,2,Good,16.291666181852797
PA-506,Tomato Processing,Sacramento River,0.95,25831.32762,95.62597678,47.896,25893.08006558502,68886.4638407765,65711.50780113525,118310109.71170184,118592942.1978832,2,Good,16.291666181852797
PA-506,Truck Crops,Sacramento River,0.95,1278.958937,4569.754449,5.564927083,1279.1791197669493,3404.8889016042413,3245.1221401696266,32524373.781981695,32529973.106874336,2,Good,16.291666181852797
PA-506,Vineyard,Sacramento River,0.95,2745.0647,1577.628699,10.16672654,2745.3642186202633,7306.679602435727,6962.220993623672,44028969.948223546,44033774.02308944,2,Good,16.291666181852797
PA-506,Alfalfa,Sacramento River,1.0,12642.38466,269.6555291,6.366,12642.382507147164,44723.827724512994,44723.80625876128,21702260.0938637,21702256.39821818,2,Good,8.169982330655443e-05
PA-506,Almonds & Pistachios,Sacramento River,1.0,213146.605,4677.600247,1.003444444,213146.6027822474,770242.0611917854,770241.8306546378,1000448773.1940997,1000448762.7846078,2,Good,8.169982330655443e-05
PA-506,Citrus & Subtropical,Sacramento River,1.0,1310.232581,959.8107757,3.76,1310.2325779450803,3895.251804797831,3895.250667888731,4728483.315688007,4728483.304663141,2,Good,8.169982330655443e-05
PA-506,Corn,Sacramento River,1.0,12510.63153,234.0503904,6.094333333,12510.631343155672,35365.99229453854,35365.98086256409,17844928.311116394,17844928.044605177,2,Good,8.169982330655443e-05
PA-506,Cotton,Sacramento River,1.0,1065.945079,1698.847366,0.768,1065.9450524297038,2807.450776748699,2807.449840088762,1390754.2961355355,1390754.2614688773,2,Good,8.169982330655443e-05
PA-506,Cucurbits,Sacramento River,1.0,7516.208627,202.6283347,12.01,7516.208632687599,14817.193776773478,14817.189499000253,18291192.01653487,18291192.030376017,2,Good,8.169982330655443e-05
PA-506,Dry Beans,Sacramento River,1.0,3373.102493,1266.145204,1.1645,3373.102505368453,7737.259322603316,7737.257021140173,4973390.320118882,4973390.3383552525,2,Good,8.169982330655443e-05
PA-506,Grain,Sacramento River,1.0,26284.9096,191.5900547,3.07125,26284.935167402688,20740.440161137343,20740.45416079158,15466591.621994123,15466606.666389642,2,Good,8.169982330655443e-05
PA-506,Onions & Garlic,Sacramento River,1.0,334.0844892,216.2659801,21.192,334.08448968703647,706.085755515846,706.0855564442055,1531145.5123766281,1531145.5146087692,2,Good,8.169982330655443e-05
PA-506,Other Deciduous,Sacramento River,1.0,81700.08673,1912.296442,2.071666667,81700.08646858686,271876.7611584118,271876.68145639775,323666396.6519681,323666395.6163432,2,Good,8.169982330655443e-05
PA-506,Pasture,Sacramento River,1.0,10526.79025,192.6261375,5.0,10526.78793199674,41744.96671738653,41744.94292392648,10138674.730650797,10138672.498110723,2,Good,8.169982330655443e-05
PA-506,Rice,Sacramento River,1.0,187985.7472,557.2050126,4.593333333,187985.7435818547,852398.3946844058,852398.1184873017,481136052.22527343,481136042.9648897,2,Good,8.169982330655443e-05
PA-506,Safflower,Sacramento River,1.0,2307.680114,564.3278475,1.0135,2307.665876178856,5439.219280914532,5439.183820057212,1319869.0414967788,1319860.8982280337,2,Good,8.169982330655443e-05
PA-506,Sunflowers,Sacramento River,1.0,16130.53931,3738.423401,0.600777778,16130.538982938122,46350.35725035446,46350.342556159885,36228573.556352235,36228572.82178378,2,Good,8.169982330655443e-05
PA-506,Tomato Processing,Sacramento River,1.0,25831.32762,95.62597678,47.896,25831.327484688925,68886.4638407765,68886.44377155839,118310109.71170184,118310109.09196335,2,Good,8.169982330655443e-05
PA-506,Truck Crops,Sacramento River,1.0,1278.958937,4569.754449,5.564927083,1278.958936514881,3404.8889016042413,3404.887950179583,32524373.781981695,32524373.76964495,2,Good,8.169982330655443e-05
PA-506,Vineyard,Sacramento River,1.0,2745.0647,1577.628699,10.16672654,2745.064699350055,7306.679602435727,7306.677554731162,44028969.948223546,44028969.93779887,2,Good,8.169982330655443e-05
PA-507,Alfalfa,Sacramento River,0.5,3448.830199,283.3360006,6.468,5.448413161317476e-22,12200.616562411562,5.448413161318628e-09,6320385.721494892,9.984855954804814e-19,3,Good,538.4687960554496
PA-507,Almonds & Pistachios,Sacramento River,0.5,106728.7392,4843.386549,1.072458333,91109.01087165235,385682.72795059765,312776.23232042795,554384320.1094329,473250292.5315539,3,Good,538.4687960554496
PA-507,Citrus & Subtropical,Sacramento River,0.5,9229.639459,903.8507112,3.1205,8440.442993293655,27439.227417825165,23838.338630355447,26031885.618201174,23805983.705475528,3,Good,538.4687960554496
PA-507,Corn,Sacramento River,0.5,8320.410888,238.3686598,6.27235,4.9651060457643456e-08,23520.762053200888,1.5151730000032759e-07,12440109.770285998,7.423487260647302e-05,3,Good,538.4687960554496
PA-507,Cotton,Sacramento River,0.5,762.1353087,1698.847366,0.768,5.448405223223312e-22,2007.286685355976,5.448405223223997e-09,994369.1994014145,7.108614806302898e-19,3,Good,538.4687960554496
PA-507,Cucurbits,Sacramento River,0.5,2238.518205,202.6283347,12.01,2199.2576094496812,4412.937381377471,4118.763339708723,5447582.465058146,5352039.202818894,3,Good,538.4687960554496
PA-507,Dry Beans,Sacramento River,0.5,4945.705462,1335.96572,1.238125,5.448405223223227e-22,11344.513181002128,5.448405223223765e-09,8180654.594179373,9.012166527662093e-19,3,Good,538.4687960554496
PA-507,Grain,Sacramento River,0.5,13097.32027,211.8144212,2.83707,13228.293604814102,10334.606109171713,9916.054528398401,7870603.316976536,7949309.429537938,3,Good,538.4687960554496
PA-507,Onions & Garlic,Sacramento River,0.5,99.24233767,216.2659801,21.192,92.32124821192805,209.74814227586313,185.36443255427298,454838.41624930635,423118.3112846606,3,Good,538.4687960554496
PA-507,Other Deciduous,Sacramento River,0.5,230270.4789,1900.355052,2.031866667,215672.6435980382,766280.6062938974,681817.6392624691,889136051.2378905,832769895.6672323,3,Good,538.4687960554496
PA-507,Pasture,Sacramento River,0.5,13344.13999,184.4500593,5.0,5.44841316131655e-22,52917.42938971323,5.448413161318002e-09,12306637.062315006,5.024800653478691e-19,3,Good,538.4687960554496
PA-507,Rice,Sacramento River,0.5,243814.3913,565.7534276,4.556,39942.3495102782,1105546.5578673163,172058.01519714342,628449298.437088,102954306.32220972,3,Good,538.4687960554496
PA-507,Safflower,Sacramento River,0.5,3442.473111,561.7793979,1.017,5.448413161316405e-22,8113.934858555978,5.448413161317132e-09,1966786.9496014565,3.1128399717844363e-19,3,Good,538.4687960554496
PA-507,Sunflowers,Sacramento River,0.5,10209.69994,3675.136707,0.5774,1889.6246080606093,29337.099680514184,5157.214241322631,21665227.637986757,4009828.6457549506,3,Good,538.4687960554496
PA-507,Tomato Processing,Sacramento River,0.5,12520.17871,95.84276228,46.93066667,10058.305658516123,33388.560227105925,25482.12220037204,56315322.24204678,45241904.088471115,3,Good,538.4687960554496
PA-507,Truck Crops,Sacramento River,0.5,801.7411904,4569.754449,5.564927083,791.8637407654588,2134.423242356164,2002.7207752277143,20388559.31852373,20137372.31428724,3,Good,538.4687960554496
PA-507,Vineyard,Sacramento River,0.5,70.54643096,1644.647421,9.897264488,69.99870983286179,187.77705608180102,176.94222199763712,1148320.271757286,1139404.7353509273,3,Good,538.4687960554496
PA-507,Alfalfa,Sacramento River,0.55,3448.830199,283.3360006,6.468,5.587981077084346e-22,12200.616562411562,5.587981077085509e-09,6320385.721494892,1.0240630525048227e-18,2,Good,533.1999054256988
PA-507,Almonds & Pistachios,Sacramento River,0.55,106728.7392,4843.386549,1.072458333,91352.43254107056,385682.72795059765,313611.8962349997,554384320.1094329,474514705.0760274,2,Good,533.1999054256988
PA-507,Citrus & Subtropical,Sacramento River,0.55,9229.639459,903.8507112,3.1205,8455.877897573571,27439.227417825165,23881.931422299185,26031885.618201174,23849517.330437537,2,Good,533.1999054256988
PA-507,Corn,Sacramento River,0.55,8320.410888,238.3686598,6.27235,6.018157275362218e-08,23520.762053200888,1.797423535046061e-07,12440109.770285998,8.997937497092425e-05,2,Good,533.1999054256988
PA-507,Cotton,Sacramento River,0.55,762.1353087,1698.847366,0.768,5.588086832766819e-22,2007.286685355976,5.588086832767503e-09,994369.1994014145,7.290859466361748e-19,2,Good,533.1999054256988
PA-507,Cucurbits,Sacramento River,0.55,2238.518205,202.6283347,12.01,2200.088122849347,4412.937381377471,4120.318722835432,5447582.465058146,5354060.312239809,2,Good,533.1999054256988
PA-507,Dry Beans,Sacramento River,0.55,4945.705462,1335.96572,1.238125,5.588086832766732e-22,11344.513181002128,5.588086832767267e-09,8180654.594179373,9.243212838368261e-19,2,Good,533.1999054256988
PA-507,Grain,Sacramento River,0.55,13097.32027,211.8144212,2.83707,13228.29360494933,10334.606109171713,9916.054528572133,7870603.316976536,7949309.4296192005,2,Good,533.1999054256988
PA-507,Onions & Garlic,Sacramento River,0.55,99.24233767,216.2659801,21.192,92.4478493195471,209.74814227586313,185.61862476834384,454838.41624930635,423698.53791612445,2,Good,533.1999054256988
PA-507,Other Deciduous,Sacramento River,0.55,230270.4789,1900.355052,2.031866667,215922.09185715215,766280.6062938974,682606.2336139501,889136051.2378905,833733082.2691634,2,Good,533.1999054256988
PA-507,Pasture,Sacramento River,0.55,13344.13999,184.4500593,5.0,5.583539359256536e-22,52917.42938971323,5.583539359258008e-09,12306637.062315006,5.149420829593761e-19,2,Good,533.1999054256988
PA-507,Rice,Sacramento River,0.55,243814.3913,565.7534276,4.556,68127.52825471682,1105546.5578673163,293470.1497418687,628449298.437088,175603651.2350437,2,Good,533.1999054256988
PA-507,Safflower,Sacramento River,0.55,3442.473111,561.7793979,1.017,5.5879810840221545e-22,8113.934858555978,5.5879810840228864e-09,1966786.9496014565,3.1925792638891503e-19,2,Good,533.1999054256988
PA-507,Sunflowers,Sacramento River,0.55,10209.69994,3675.136707,0.5774,2096.7442657568167,29337.099680514184,5723.652557040837,21665227.637986757,4449341.516716978,2,Good,533.1999054256988
PA-507,Tomato Processing,Sacramento River,0.55,12520.17871,95.84276228,46.93066667,10099.456645605982,33388.560227105925,25586.375791115042,56315322.24204678,45426999.776976965,2,Good,533.1999054256988
PA-507,Truck Crops,Sacramento River,0.55,801.7411904,4569.754449,5.564927083,792.0110095403548,2134.423242356164,2003.093236072765,20388559.31852373,20141117.410820495,2,Good,533.1999054256988
PA-507,Vineyard,Sacramento River,0.55,70.54643096,1644.647421,9.897264488,70.0066909689989,187.77705608180102,177.02338057071017,1148320.271757286,1139534.648378322,2,Good,533.1999054256988
PA-507,Alfalfa,Sacramento River,0.6,3448.830199,283.3360006,6.468,5.838335570257736e-22,12200.616562411562,5.8383355702589165e-09,6320385.721494892,1.0699434488323654e-18,6,Good,523.9813410078365
PA-507,Almonds & Pistachios,Sacramento River,0.6,106728.7392,4843.386549,1.072458333,91775.01801588992,385682.72795059765,315062.62752195855,554384320.1094329,476709753.59718376,6,Good,523.9813410078365
PA-507,Citrus & Subtropical,Sacramento River,0.6,9229.639459,903.8507112,3.1205,8482.414557411807,27439.227417825165,23956.878896483704,26031885.618201174,23924363.081094075,6,Good,523.9813410078365
PA-507,Corn,Sacramento River,0.6,8320.410888,238.3686598,6.27235,8.359429409102402e-08,23520.762053200888,2.4286615798228175e-07,12440109.770285998,0.00012498447596641203,6,Good,523.9813410078365
PA-507,Cotton,Sacramento River,0.6,762.1353087,1698.847366,0.768,2.8441104405123184e-16,2007.286685355976,5.838330430373572e-09,994369.1994014145,3.7107529194066825e-13,6,Good,523.9813410078365
PA-507,Cucurbits,Sacramento River,0.6,2238.518205,202.6283347,12.01,2201.526546457933,4412.937381377471,4123.0125984420265,5447582.465058146,5357560.811458424,6,Good,523.9813410078365
PA-507,Dry Beans,Sacramento River,0.6,4945.705462,1335.96572,1.238125,5.838441325940136e-22,11344.513181002128,5.838441325940661e-09,8180654.594179373,9.657322342156672e-19,6,Good,523.9813410078365
PA-507,Grain,Sacramento River,0.6,13097.32027,211.8144212,2.83707,13228.293604826165,10334.606109171713,9916.054528480128,7870603.316976536,7949309.429545187,6,Good,523.9813410078365
PA-507,Onions & Garlic,Sacramento River,0.6,99.24233767,216.2659801,21.192,92.66841023586207,209.74814227586313,186.06147134932,454838.41624930635,424709.39255960105,6,Good,523.9813410078365
PA-507,Other Deciduous,Sacramento River,0.6,230270.4789,1900.355052,2.031866667,216353.59357659848,766280.6062938974,683970.3634333375,889136051.2378905,835399226.0873532,6,Good,523.9813410078365
PA-507,Pasture,Sacramento River,0.6,13344.13999,184.4500593,5.0,5.83833557199148e-22,52917.42938971323,5.838335571992988e-09,12306637.062315006,5.384406712335639e-19,6,Good,523.9813410078365
PA-507,Rice,Sacramento River,0.6,243814.3913,565.7534276,4.556,95916.51640834939,1105546.5578673163,413175.6303861584,628449298.437088,247231786.1302415,6,Good,523.9813410078365
PA-507,Safflower,Sacramento River,0.6,3442.473111,561.7793979,1.017,5.838335570256605e-22,8113.934858555978,5.838335570257346e-09,1966786.9496014565,3.335614204300656e-19,6,Good,523.9813410078365
PA-507,Sunflowers,Sacramento River,0.6,10209.69994,3675.136707,0.5774,2453.0106582313365,29337.099680514184,6696.181768934952,21665227.637986757,5205347.328649272,6,Good,523.9813410078365
PA-507,Tomato Processing,Sacramento River,0.6,12520.17871,95.84276228,46.93066667,10171.018557066924,33388.560227105925,25767.673659230422,56315322.24204678,45748882.73068919,6,Good,523.9813410078365
PA-507,Truck Crops,Sacramento River,0.6,801.7411904,4569.754449,5.564927083,792.2684771434169,2134.423242356164,2003.7444033018046,20388559.31852373,20147664.902156208,6,Good,523.9813410078365
PA-507,Vineyard,Sacramento River,0.6,70.54643096,1644.647421,9.897264488,70.02112970911651,187.77705608180102,177.05989128952325,1148320.271757286,1139769.6751224117,6,Good,523.9813410078365
PA-507,Alfalfa,Sacramento River,0.65,3448.830199,283.3360006,6.468,6.012874075561737e-21,12200.616562411562,6.012874075559061e-08,6320385.721494892,1.1019296764261255e-17,2,Good,508.16380461796933
PA-507,Almonds & Pistachios,Sacramento River,0.65,106728.7392,4843.386549,1.072458333,92490.49902252122,385682.72795059765,317518.86594962026,554384320.1094329,480426198.243543,2,Good,508.16380461796933
PA-507,Citrus & Subtropical,Sacramento River,0.65,9229.639459,903.8507112,3.1205,8526.622755631839,27439.227417825165,24081.736087127152,26031885.618201174,24049050.807474162,2,Good,508.16380461796933
PA-507,Corn,Sacramento River,0.65,8320.410888,238.3686598,6.27235,6.012793695415866e-21,23520.762053200888,6.012793695412486e-08,12440109.770285998,8.989918238886012e-18,2,Good,508.16380461796933
PA-507,Cotton,Sacramento River,0.65,762.1353087,1698.847366,0.768,6.012884644885446e-21,2007.286685355976,6.012884644882254e-08,994369.1994014145,7.845099449107572e-18,2,Good,508.16380461796933
PA-507,Cucurbits,Sacramento River,0.65,2238.518205,202.6283347,12.01,2203.9523733486467,4412.937381377471,4127.555680143216,5447582.465058146,5363464.222028685,2,Good,508.16380461796933
PA-507,Dry Beans,Sacramento River,0.65,4945.705462,1335.96572,1.238125,6.012884644885447e-21,11344.513181002128,6.012884644882144e-08,8180654.594179373,9.94586773765557e-18,2,Good,508.16380461796933
PA-507,Grain,Sacramento River,0.65,13097.32027,211.8144212,2.83707,13228.29360442251,10334.606109171713,9916.054528239196,7870603.316976536,7949309.429302618,2,Good,508.16380461796933
PA-507,Onions & Garlic,Sacramento River,0.65,99.24233767,216.2659801,21.192,93.04409282076165,209.74814227586313,186.81577435340245,454838.41624930635,426431.18666421354,2,Good,508.16380461796933
PA-507,Other Deciduous,Sacramento River,0.65,230270.4789,1900.355052,2.031866667,217079.7887360709,766280.6062938974,686266.123614898,889136051.2378905,838203260.2805587,2,Good,508.16380461796933
PA-507,Pasture,Sacramento River,0.65,13344.13999,184.4500593,5.0,6.012874064458743e-21,52917.42938971323,6.012874064456533e-08,12306637.062315006,5.545374888764236e-18,2,Good,508.16380461796933
PA-507,Rice,Sacramento River,0.65,243814.3913,565.7534276,4.556,123075.81591184539,1105546.5578673163,530168.6271434365,628449298.437088,317236852.80414957,2,Good,508.16380461796933
PA-507,Safflower,Sacramento River,0.65,3442.473111,561.7793979,1.017,6.012874064458937e-21,8113.934858555978,6.012874064456115e-08,1966786.9496014565,3.4353332206971316e-18,2,Good,508.16380461796933
PA-507,Sunflowers,Sacramento River,0.65,10209.69994,3675.136707,0.5774,3027.6945547044816,29337.099680514184,8264.942922781514,21665227.637986757,6424840.311807003,2,Good,508.16380461796933
PA-507,Tomato Processing,Sacramento River,0.65,12520.17871,95.84276228,46.93066667,10292.533642402917,33388.560227105925,26075.52493743729,56315322.24204678,46295453.29860773,2,Good,508.16380461796933
PA-507,Truck Crops,Sacramento River,0.65,801.7411904,4569.754449,5.564927083,792.7096661367646,2134.423242356164,2004.8602245804454,20388559.31852373,20158884.492803734,2,Good,508.16380461796933
PA-507,Vineyard,Sacramento River,0.65,70.54643096,1644.647421,9.897264488,70.04585134892007,187.77705608180102,177.12240406534326,1148320.271757286,1140172.0818742658,2,Good,508.16380461796933
PA-507,Alfalfa,Sacramento River,0.7,3448.830199,283.3360006,6.468,3483.318535802804,12200.616562411562,12322.622851904242,6320385.721494892,6383589.642508386,3,Good,-4.794794385612203e-12
PA-507,Almonds & Pistachios,Sacramento River,0.7,106728.7392,4843.386549,1.072458333,107796.0276699999,385682.72795059765,389539.5591261968,554384320.1094329,559928168.9100147,3,Good,-4.794794385612203e-12
PA-507,Citrus & Subtropical,Sacramento River,0.7,9229.639459,903.8507112,3.1205,9321.935946776315,27439.227417825165,27713.619969718016,26031885.618201174,26292204.737212032,3,Good,-4.794794385612203e-12
PA-507,Corn,Sacramento River,0.7,8320.410888,238.3686598,6.27235,1.71979240896742e-12,23520.762053200888,1.7190571327074823e-07,12440109.770285998,2.5713160849442046e-09,3,Good,-4.794794385612203e-12
PA-507,Cotton,Sacramento River,0.7,762.1353087,1698.847366,0.768,2.8219927820946207e-19,2007.286685355976,1.7181817389743996e-07,994369.1994014145,3.681895683634528e-16,3,Good,-4.794794385612203e-12
PA-507,Cucurbits,Sacramento River,0.7,2238.518205,202.6283347,12.01,2260.903409406228,4412.937381377471,4457.0667999386715,5447582.465058146,5502058.344114091,3,Good,-4.794794385612203e-12
PA-507,Dry Beans,Sacramento River,0.7,4945.705462,1335.96572,1.238125,1.718182875732065e-20,11344.513181002128,1.718182875725983e-07,8180654.594179373,2.842033506442128e-17,3,Good,-4.794794385612203e-12
PA-507,Grain,Sacramento River,0.7,13097.32027,211.8144212,2.83707,13228.293605092455,10334.606109171713,10437.952275420796,7870603.316976536,7949309.429705209,3,Good,-4.794794385612203e-12
PA-507,Onions & Garlic,Sacramento River,0.7,99.24233767,216.2659801,21.192,100.23476202330792,209.74814227586313,211.8456264270235,454838.41624930635,459386.8048876996,3,Good,-4.794794385612203e-12
PA-507,Other Deciduous,Sacramento River,0.7,230270.4789,1900.355052,2.031866667,1.7213246403326007e-12,766280.6062938974,1.719814025638234e-07,889136051.2378905,6.646495898714226e-09,3,Good,-4.794794385612203e-12
PA-507,Pasture,Sacramento River,0.7,13344.13999,184.4500593,5.0,1.71818188097094e-20,52917.42938971323,1.718181880965613e-07,12306637.062315006,1.5845937491663773e-17,3,Good,-4.794794385612203e-12
PA-507,Rice,Sacramento River,0.7,243814.3913,565.7534276,4.556,246252.53767594768,1105546.5578673163,1116602.0346142778,628449298.437088,634733797.7698854,3,Good,-4.794794385612203e-12
PA-507,Safflower,Sacramento River,0.7,3442.473111,561.7793979,1.017,1.7181817388603684e-20,8113.934858555978,1.7181817388558576e-07,1966786.9496014565,9.816481674863285e-18,3,Good,-4.794794385612203e-12
PA-507,Sunflowers,Sacramento River,0.7,10209.69994,3675.136707,0.5774,10311.797042496915,29337.099680514184,29630.47097425045,21665227.637986757,21881880.133140743,3,Good,-4.794794385612203e-12
PA-507,Tomato Processing,Sacramento River,0.7,12520.17871,95.84276228,46.93066667,12645.380623554041,33388.560227105925,33722.446167260816,56315322.24204678,56878476.033253066,3,Good,-4.794794385612203e-12
PA-507,Truck Crops,Sacramento River,0.7,801.7411904,4569.754449,5.564927083,806.5171994466131,2134.423242356164,2147.1381001675013,20388559.31852373,20510014.90159549,3,Good,-4.794794385612203e-12
PA-507,Vineyard,Sacramento River,0.7,70.54643096,1644.647421,9.897264488,70.80718494056273,187.77705608180102,188.471118989448,1148320.271757286,1152564.6974177617,3,Good,-4.794794385612203e-12
PA-507,Alfalfa,Sacramento River,0.75,3448.830199,283.3360006,6.468,8.405725743425022e-22,12200.616562411562,8.405725743426229e-09,6320385.721494892,1.5404478011979256e-18,7,Good,443.9174482400181
PA-507,Almonds & Pistachios,Sacramento River,0.75,106728.7392,4843.386549,1.072458333,95279.26167121764,385682.72795059765,327092.6574512578,554384320.1094329,494911952.4699374,7,Good,443.9174482400181
PA-507,Citrus & Subtropical,Sacramento River,0.75,9229.639459,903.8507112,3.1205,8691.10839545889,27439.227417825165,24546.292791589047,26031885.618201174,24512976.98582982,7,Good,443.9174482400181
PA-507,Corn,Sacramento River,0.75,8320.410888,238.3686598,6.27235,4006.595845661636,23520.762053200888,10759.840104378989,12440109.770285998,5990388.310881048,7,Good,443.9174482400181
PA-507,Cotton,Sacramento River,0.75,762.1353087,1698.847366,0.768,1.922861880838056e-18,2007.286685355976,8.405717823025858e-09,994369.1994014145,2.5087863102286365e-15,7,Good,443.9174482400181
PA-507,Cucurbits,Sacramento River,0.75,2238.518205,202.6283347,12.01,2213.298116019418,4412.937381377471,4145.058360138933,5447582.465058146,5386207.706438381,7,Good,443.9174482400181
PA-507,Dry Beans,Sacramento River,0.75,4945.705462,1335.96572,1.238125,9.383850330126244e-18,11344.513181002128,8.405725826127022e-09,8180654.594179373,1.55217569877676e-14,7,Good,443.9174482400181
PA-507,Grain,Sacramento River,0.75,13097.32027,211.8144212,2.83707,13228.293605026207,10334.606109171713,9916.054528662547,7870603.316976536,7949309.429665399,7,Good,443.9174482400181
PA-507,Onions & Garlic,Sacramento River,0.75,99.24233767,216.2659801,21.192,94.5353235846722,209.74814227586313,189.80989698816975,454838.41624930635,433265.6592778545,7,Good,443.9174482400181
PA-507,Other Deciduous,Sacramento River,0.75,230270.4789,1900.355052,2.031866667,219860.63951338953,766280.6062938974,695057.3781894057,889136051.2378905,848940870.6379013,7,Good,443.9174482400181
PA-507,Pasture,Sacramento River,0.75,13344.13999,184.4500593,5.0,8.405725743423614e-22,52917.42938971323,8.405725743425349e-09,12306637.062315006,7.752183059170111e-19,7,Good,443.9174482400181
PA-507,Rice,Sacramento River,0.75,243814.3913,565.7534276,4.556,172130.17807421155,1105546.5578673163,741478.084248815,628449298.437088,443678033.41635346,7,Good,443.9174482400181
PA-507,Safflower,Sacramento River,0.75,3442.473111,561.7793979,1.017,8.405725743423402e-22,8113.934858555978,8.405725743424113e-09,1966786.9496014565,4.802440327352828e-19,7,Good,443.9174482400181
PA-507,Sunflowers,Sacramento River,0.75,10209.69994,3675.136707,0.5774,4995.337865293999,29337.099680514184,13636.178151517955,21665227.637986757,10600226.511676434,7,Good,443.9174482400181
PA-507,Tomato Processing,Sacramento River,0.75,12520.17871,95.84276228,46.93066667,10770.336029584441,33388.560227105925,27286.009012123835,56315322.24204678,48444591.58372305,7,Good,443.9174482400181
PA-507,Truck Crops,Sacramento River,0.75,801.7411904,4569.754449,5.564927083,794.4941264682344,2134.423242356164,2009.373344133863,20388559.31852373,20204263.94412215,7,Good,443.9174482400181
PA-507,Vineyard,Sacramento River,0.75,70.54643096,1644.647421,9.897264488,70.14558425736509,187.77705608180102,177.37459499551295,1148320.271757286,1141795.4853401855,7,Good,443.9174482400181
PA-507,Alfalfa,Sacramento River,0.8,3448.830199,283.3360006,6.468,1.6415151298458192e-07,12200.616562411562,5.516731035134883e-07,6320385.721494892,0.00030082689461787996,5,Good,385.73692057165715
PA-507,Almonds & Pistachios,Sacramento River,0.8,106728.7392,4843.386549,1.072458333,97656.56705699548,385682.72795059765,335253.92069643305,554384320.1094329,507260461.7830404,5,Good,385.73692057165715
PA-507,Citrus & Subtropical,Sacramento River,0.8,9229.639459,903.8507112,3.1205,8822.80559651199,27439.227417825165,24918.24512616926,26031885.618201174,24884424.4826991,5,Good,385.73692057165715
PA-507,Corn,Sacramento River,0.8,8320.410888,238.3686598,6.27235,5707.710408126168,23520.762053200888,15328.234855376637,12440109.770285998,8533778.556116592,5,Good,385.73692057165715
PA-507,Cotton,Sacramento River,0.8,762.1353087,1698.847366,0.768,114.63762891726249,2007.286685355976,286.8323409729305,994369.1994014145,149569.40845868297,5,Good,385.73692057165715
PA-507,Cucurbits,Sacramento River,0.8,2238.518205,202.6283347,12.01,2221.1367606976432,4412.937381377471,4159.738551455956,5447582.465058146,5405283.567963001,5,Good,385.73692057165715
PA-507,Dry Beans,Sacramento River,0.8,4945.705462,1335.96572,1.238125,1263.409083577645,11344.513181002128,2753.1204436683242,8180654.594179373,2089795.561686729,5,Good,385.73692057165715
PA-507,Grain,Sacramento River,0.8,13097.32027,211.8144212,2.83707,13228.293604921251,10334.606109171713,9916.054528661209,7870603.316976536,7949309.429602328,5,Good,385.73692057165715
PA-507,Onions & Garlic,Sacramento River,0.8,99.24233767,216.2659801,21.192,95.84016535361084,209.74814227586313,192.42978422034957,454838.41624930635,439245.89087632275,5,Good,385.73692057165715
PA-507,Other Deciduous,Sacramento River,0.8,230270.4789,1900.355052,2.031866667,222173.78786375534,766280.6062938974,702370.0596689831,889136051.2378905,857872556.5404823,5,Good,385.73692057165715
PA-507,Pasture,Sacramento River,0.8,13344.13999,184.4500593,5.0,8.809837390357202e-20,52917.42938971323,5.7503434481824185e-08,12306637.062315006,8.124875145373715e-17,5,Good,385.73692057165715
PA-507,Rice,Sacramento River,0.8,243814.3913,565.7534276,4.556,194263.144641579,1105546.5578673163,836819.3534711252,628449298.437088,500727361.9544659,5,Good,385.73692057165715
PA-507,Safflower,Sacramento River,0.8,3442.473111,561.7793979,1.017,1.6599757968458114e-19,8113.934858555978,5.750343448248819e-08,1966786.9496014565,9.48393387143183e-17,5,Good,385.73692057165715
PA-507,Sunflowers,Sacramento River,0.8,10209.69994,3675.136707,0.5774,6420.738887741642,29337.099680514184,17527.210711048137,21665227.637986757,13624961.59774472,5,Good,385.73692057165715
PA-507,Tomato Processing,Sacramento River,0.8,12520.17871,95.84276228,46.93066667,11182.742465275596,33388.560227105925,28330.81631345943,56315322.24204678,50299581.18559602,5,Good,385.73692057165715
PA-507,Truck Crops,Sacramento River,0.8,801.7411904,4569.754449,5.564927083,796.0997872041729,2134.423242356164,2013.4342576366948,20388559.31852373,20245096.459093437,5,Good,385.73692057165715
PA-507,Vineyard,Sacramento River,0.8,70.54643096,1644.647421,9.897264488,70.23497447016577,187.77705608180102,177.60063284329317,1148320.271757286,1143250.5354689995,5,Good,385.73692057165715
PA-507,Alfalfa,Sacramento River,0.85,3448.830199,283.3360006,6.468,3483.318535772059,12200.616562411562,12322.621346974767,6320385.721494892,6383589.642452043,4,Good,0.0004179253847516412
PA-507,Almonds & Pistachios,Sacramento River,0.85,106728.7392,4843.386549,1.072458333,107796.02767000695,385682.72795059765,389539.55749917246,554384320.1094329,559928168.9100513,4,Good,0.0004179253847516412
PA-507,Citrus & Subtropical,Sacramento River,0.85,9229.639459,903.8507112,3.1205,9321.93594672647,27439.227417825165,27713.6183995381,26031885.618201174,26292204.737071443,4,Good,0.0004179253847516412
PA-507,Corn,Sacramento River,0.85,8320.410888,238.3686598,6.27235,8403.615080862108,23520.762053200888,23755.96834866771,12440109.770285998,12564510.993553165,4,Good,0.0004179253847516412
PA-507,Cotton,Sacramento River,0.85,762.1353087,1698.847366,0.768,769.7566694329566,2007.286685355976,2027.3584925468142,994369.1994014145,1004312.9013712213,4,Good,0.0004179253847516412
PA-507,Cucurbits,Sacramento River,0.85,2238.518205,202.6283347,12.01,2260.903409024845,4412.937381377471,4457.065491229436,5447582.465058146,5502058.343185971,4,Good,0.0004179253847516412
PA-507,Dry Beans,Sacramento River,0.85,4945.705462,1335.96572,1.238125,1.2824350713674738e-10,11344.513181002128,4.5483346642209005e-07,8180654.594179373,2.1212663064808848e-07,4,Good,0.0004179253847516412
PA-507,Grain,Sacramento River,0.85,13097.32027,211.8144212,2.83707,13228.293604980501,10334.606109171713,10437.950795886343,7870603.316976536,7949309.429637932,4,Good,0.0004179253847516412
PA-507,Onions & Garlic,Sacramento River,0.85,99.24233767,216.2659801,21.192,6.069652433262067e-12,209.74814227586313,4.469135062729652e-07,454838.41624930635,2.7817876571071577e-08,4,Good,0.0004179253847516412
PA-507,Other Deciduous,Sacramento River,0.85,230270.4789,1900.355052,2.031866667,232573.1860146138,766280.6062938974,773943.418467038,889136051.2378905,898027420.7300878,4,Good,0.0004179253847516412
PA-507,Pasture,Sacramento River,0.85,13344.13999,184.4500593,5.0,6.662695980989975e-18,52917.42938971323,4.461027819835898e-07,12306637.062315006,6.1446733439573624e-15,4,Good,0.0004179253847516412
PA-507,Rice,Sacramento River,0.85,243814.3913,565.7534276,4.556,1.030444229326813e-09,1105546.5578673163,5.44282587451373e-07,628449298.437088,2.65604482797805e-06,4,Good,0.0004179253847516412
PA-507,Safflower,Sacramento River,0.85,3442.473111,561.7793979,1.017,4.4609869423550193e-20,8113.934858555978,4.4610278154872767e-07,1966786.9496014565,2.548694098010736e-17,4,Good,0.0004179253847516412
PA-507,Sunflowers,Sacramento River,0.85,10209.69994,3675.136707,0.5774,10311.797042521424,29337.099680514184,29630.469399571444,21665227.637986757,21881880.133192755,4,Good,0.0004179253847516412
PA-507,Tomato Processing,Sacramento River,0.85,12520.17871,95.84276228,46.93066667,12645.380623496701,33388.560227105925,33722.44458760416,56315322.24204678,56878476.03299516,4,Good,0.0004179253847516412
PA-507,Truck Crops,Sacramento River,0.85,801.7411904,4569.754449,5.564927083,806.517195407973,2134.423242356164,2147.1370318138306,20388559.31852373,20510014.798891455,4,Good,0.0004179253847516412
PA-507,Vineyard,Sacramento River,0.85,70.54643096,1644.647421,9.897264488,70.8071774669549,187.77705608180102,188.4679086890098,1148320.271757286,1152564.5757660316,4,Good,0.0004179253847516412
PA-507,Alfalfa,Sacramento River,0.9,3448.830199,283.3360006,6.468,2107.7950269844473,12200.616562411562,7083.7290666473245,6320385.721494892,3862781.529880254,3,Good,201.7889204760872
PA-507,Almonds & Pistachios,Sacramento River,0.9,106728.7392,4843.386549,1.072458333,104404.79988587323,385682.72795059765,358420.5297820667,554384320.1094329,542313011.7974,3,Good,201.7889204760872
PA-507,Citrus & Subtropical,Sacramento River,0.9,9229.639459,903.8507112,3.1205,9163.770792767968,27439.227417825165,25881.232947554003,26031885.618201174,25846105.275123555,3,Good,201.7889204760872
PA-507,Corn,Sacramento River,0.9,8320.410888,238.3686598,6.27235,8056.352928831912,23520.762053200888,21635.58781731612,12440109.770285998,12045308.354588328,3,Good,201.7889204760872
PA-507,Cotton,Sacramento River,0.9,762.1353087,1698.847366,0.768,722.2676464723289,2007.286685355976,1807.1703135921607,994369.1994014145,942353.2713650189,3,Good,201.7889204760872
PA-507,Cucurbits,Sacramento River,0.9,2238.518205,202.6283347,12.01,2242.8276585512517,4412.937381377471,4200.361202722272,5447582.465058146,5458069.8059907975,3,Good,201.7889204760872
PA-507,Dry Beans,Sacramento River,0.9,4945.705462,1335.96572,1.238125,4995.162563430352,11344.513181002128,10885.06039041876,8180654.594179373,8262461.217549821,3,Good,201.7889204760872
PA-507,Grain,Sacramento River,0.9,13097.32027,211.8144212,2.83707,13228.29360492561,10334.606109171713,9916.054528677369,7870603.316976536,7949309.429604947,3,Good,201.7889204760872
PA-507,Onions & Garlic,Sacramento River,0.9,99.24233767,216.2659801,21.192,99.71018739183569,209.74814227586313,200.20009120958593,454838.41624930635,456982.6223564822,3,Good,201.7889204760872
PA-507,Other Deciduous,Sacramento River,0.9,230270.4789,1900.355052,2.031866667,228494.8562338318,766280.6062938974,722353.1963482524,889136051.2378905,882279896.1049049,3,Good,201.7889204760872
PA-507,Pasture,Sacramento River,0.9,13344.13999,184.4500593,5.0,2.0289622997946398e-07,52917.42938971323,8.529548273903893e-07,12306637.062315006,0.00018712110825729283,3,Good,201.7889204760872
PA-507,Rice,Sacramento River,0.9,243814.3913,565.7534276,4.556,231669.5274745264,1105546.5578673163,997953.2893797997,628449298.437088,597145030.0137299,3,Good,201.7889204760872
PA-507,Safflower,Sacramento River,0.9,3442.473111,561.7793979,1.017,3203.7526464022267,8113.934858555978,7173.705420237539,1966786.9496014565,1830398.8706725526,3,Good,201.7889204760872
PA-507,Sunflowers,Sacramento River,0.9,10209.69994,3675.136707,0.5774,9700.609893313744,29337.099680514184,26480.54010578406,21665227.637986757,20584926.37404079,3,Good,201.7889204760872
PA-507,Tomato Processing,Sacramento River,0.9,12520.17871,95.84276228,46.93066667,12377.577623897196,33388.560227105925,31357.860485221005,56315322.24204678,55673907.586397246,3,Good,201.7889204760872
PA-507,Truck Crops,Sacramento River,0.9,801.7411904,4569.754449,5.564927083,801.1131927387207,2134.423242356164,2026.1137767447742,20388559.31852373,20372589.11801239,3,Good,201.7889204760872
PA-507,Vineyard,Sacramento River,0.9,70.54643096,1644.647421,9.897264488,70.5119981495829,187.77705608180102,178.3011325880109,1148320.271757286,1147759.7913236558,3,Good,201.7889204760872
PA-507,Alfalfa,Sacramento River,0.95,3448.830199,283.3360006,6.468,3462.17002181709,12200.616562411562,11635.417164878578,6320385.721494892,6344832.510926524,2,Good,16.390340450280814
PA-507,Almonds & Pistachios,Sacramento River,0.95,106728.7392,4843.386549,1.072458333,106739.82081332464,385682.72795059765,366849.31341758365,554384320.1094329,554441881.6689036,2,Good,16.390340450280814
PA-507,Citrus & Subtropical,Sacramento River,0.95,9229.639459,903.8507112,3.1205,9235.810229734609,27439.227417825165,26085.934314080372,26031885.618201174,26049290.068142373,2,Good,16.390340450280814
PA-507,Corn,Sacramento River,0.95,8320.410888,238.3686598,6.27235,8358.448156309107,23520.762053200888,22446.874011057003,12440109.770285998,12496980.494520249,2,Good,16.390340450280814
PA-507,Cotton,Sacramento River,0.95,762.1353087,1698.847366,0.768,769.7566680297987,2007.286685355976,1925.9915796278158,994369.1994014145,1004312.8995405004,2,Good,16.390340450280814
PA-507,Cucurbits,Sacramento River,0.95,2238.518205,202.6283347,12.01,2240.13712538898,4412.937381377471,4198.623225630497,5447582.465058146,5451522.215158742,2,Good,16.390340450280814
PA-507,Dry Beans,Sacramento River,0.95,4945.705462,1335.96572,1.238125,4995.162565996696,11344.513181002128,10885.060421604245,8180654.594179373,8262461.221794792,2,Good,16.390340450280814
PA-507,Grain,Sacramento River,0.95,13097.32027,211.8144212,2.83707,13228.293604780125,10334.606109171713,9916.054561894145,7870603.316976536,7949309.42951752,2,Good,16.390340450280814
PA-507,Onions & Garlic,Sacramento River,0.95,99.24233767,216.2659801,21.192,99.49560843125697,209.74814227586313,200.13054153681708,454838.41624930635,455999.18366608594,2,Good,16.390340450280814
PA-507,Other Deciduous,Sacramento River,0.95,230270.4789,1900.355052,2.031866667,230323.64796360442,766280.6062938974,728594.6334636887,889136051.2378905,889341351.2463288,2,Good,16.390340450280814
PA-507,Pasture,Sacramento River,0.95,13344.13999,184.4500593,5.0,13240.499574928413,52917.42938971323,49881.111495498306,12306637.062315006,12211054.658785854,2,Good,16.390340450280814
PA-507,Rice,Sacramento River,0.95,243814.3913,565.7534276,4.556,243468.81377937028,1105546.5578673163,1048780.589419414,628449298.437088,627558547.2831573,2,Good,16.390340450280814
PA-507,Safflower,Sacramento River,0.95,3442.473111,561.7793979,1.017,3476.8978764548906,8113.934858555978,7785.320498613807,1966786.9496014565,1986454.8387197254,2,Good,16.390340450280814
PA-507,Sunflowers,Sacramento River,0.95,10209.69994,3675.136707,0.5774,10274.06348088955,29337.099680514184,28045.9428143008,21665227.637986757,21801808.61227139,2,Good,16.390340450280814
PA-507,Tomato Processing,Sacramento River,0.95,12520.17871,95.84276228,46.93066667,12558.702397399851,33388.560227105925,31862.148042522153,56315322.24204678,56488600.42921369,2,Good,16.390340450280814
PA-507,Truck Crops,Sacramento River,0.95,801.7411904,4569.754449,5.564927083,801.9151522517486,2134.423242356164,2033.8436365785813,20388559.31852373,20392983.229351822,2,Good,16.390340450280814
PA-507,Vineyard,Sacramento River,0.95,70.54643096,1644.647421,9.897264488,70.5559829952228,187.77705608180102,178.88488475674257,1148320.271757286,1148475.7551110664,2,Good,16.390340450280814
PA-507,Alfalfa,Sacramento River,1.0,3448.830199,283.3360006,6.468,3448.829838210586,12200.616562411562,12200.612659593557,6320385.721494892,6320385.0603059875,2,Good,5.722055266205393e-05
PA-507,Almonds & Pistachios,Sacramento River,1.0,106728.7392,4843.386549,1.072458333,106728.73852833678,385682.72795059765,385682.64778534084,554384320.1094329,554384316.6205924,2,Good,5.722055266205393e-05
PA-507,Citrus & Subtropical,Sacramento River,1.0,9229.639459,903.8507112,3.1205,9229.639439976208,27439.227417825165,27439.22172664976,26031885.618201174,26031885.564545214,2,Good,5.722055266205393e-05
PA-507,Corn,Sacramento River,1.0,8320.410888,238.3686598,6.27235,8320.410813634211,23520.762053200888,23520.756789968043,12440109.770285998,12440109.659099352,2,Good,5.722055266205393e-05
PA-507,Cotton,Sacramento River,1.0,762.1353087,1698.847366,0.768,762.1352965756687,2007.286685355976,2007.2862197863428,994369.1994014145,994369.1835826202,2,Good,5.722055266205393e-05
PA-507,Cucurbits,Sacramento River,1.0,2238.518205,202.6283347,12.01,2238.5182062986155,4412.937381377471,4412.936489834559,5447582.465058146,5447582.468218413,2,Good,5.722055266205393e-05
PA-507,Dry Beans,Sacramento River,1.0,4945.705462,1335.96572,1.238125,4945.705489522018,11344.513181002128,11344.510873318597,8180654.594179373,8180654.639703339,2,Good,5.722055266205393e-05
PA-507,Grain,Sacramento River,1.0,13097.32027,211.8144212,2.83707,13097.328305005087,10334.606109171713,10334.610298111567,7870603.316976536,7870608.145470944,2,Good,5.722055266205393e-05
PA-507,Onions & Garlic,Sacramento River,1.0,99.24233767,216.2659801,21.192,99.2423377217587,209.74814227586313,209.748101280033,454838.41624930635,454838.4164865221,2,Good,5.722055266205393e-05
PA-507,Other Deciduous,Sacramento River,1.0,230270.4789,1900.355052,2.031866667,230270.47838851897,766280.6062938974,766280.4487991536,889136051.2378905,889136049.2629251,2,Good,5.722055266205393e-05
PA-507,Pasture,Sacramento River,1.0,13344.13999,184.4500593,5.0,13344.137681607432,52917.42938971323,52917.40712170089,12306637.062315006,12306634.933399277,2,Good,5.722055266205393e-05
PA-507,Rice,Sacramento River,1.0,243814.3913,565.7534276,4.556,243814.38810259453,1105546.5578673163,1105546.3075425748,628449298.437088,628449290.1955433,2,Good,5.722055266205393e-05
PA-507,Safflower,Sacramento River,1.0,3442.473111,561.7793979,1.017,3442.4724903426077,8113.934858555978,8113.931407673741,1966786.9496014565,1966786.5950014873,2,Good,5.722055266205393e-05
PA-507,Sunflowers,Sacramento River,1.0,10209.69994,3675.136707,0.5774,10209.699793990072,29337.099680514184,29337.09313962524,21665227.637986757,21665227.328150194,2,Good,5.722055266205393e-05
PA-507,Tomato Processing,Sacramento River,1.0,12520.17871,95.84276228,46.93066667,12520.178668228986,33388.560227105925,33388.55342218667,56315322.24204678,56315322.054162234,2,Good,5.722055266205393e-05
PA-507,Truck Crops,Sacramento River,1.0,801.7411904,4569.754449,5.564927083,801.7411902038971,2134.423242356164,2134.422825049218,20388559.31852373,20388559.313536763,2,Good,5.722055266205393e-05
PA-507,Vineyard,Sacramento River,1.0,70.54643096,1644.647421,9.897264488,70.5464309425221,187.77705608180102,187.77701985651277,1148320.271757286,1148320.2714727893,2,Good,5.722055266205393e-05
PA-508,Citrus & Subtropical,Sacramento River,0.5,599.2401017,848.1867032,3.251,562.130392572332,1781.5089637540932,1587.6245671135055,1652377.597916292,1550049.2459689004,3,Good,471.03427761650454
PA-508,Grain,Sacramento River,0.5,103.3241404,215.8186638,2.7466,104.35738260240558,81.52921899975466,78.22728529240733,61247.19673345589,61859.66917405936,3,Good,471.03427761650454
PA-508,Other Deciduous,Sacramento River,0.5,52.17268849,1780.627633,2.1425,49.724125907256656,173.61721554182185,157.19557937223644,199038.5302672704,189697.27698242044,3,Good,471.03427761650454
PA-508,Pasture,Sacramento River,0.5,709.9432578,155.7560771,5.0,1.3044854821744906e-08,2815.3460802635414,1.6116295727134724e-07,552889.8839926098,1.0159077066870032e-05,3,Good,471.03427761650454
PA-508,Rice,Sacramento River,0.5,979.0495688,607.6281956,4.292,655.2616534050354,4439.380608327202,2822.6436578572457,2553302.7434563357,1708883.2175999745,3,Good,471.03427761650454
PA-508,Citrus & Subtropical,Sacramento River,0.55,599.2401017,848.1867032,3.251,571.1079839024044,1781.5089637540932,1612.9799734195494,1652377.597916292,1574804.5498195193,2,Good,415.8142970174958
PA-508,Grain,Sacramento River,0.55,103.3241404,215.8186638,2.7466,104.35738280975167,81.52921899975466,78.2272853633552,61247.19673345589,61859.66929696739,2,Good,415.8142970174958
PA-508,Other Deciduous,Sacramento River,0.55,52.17268849,1780.627633,2.1425,50.25184049026076,173.61721554182185,158.8638720539676,199038.5302672704,191710.50532164765,2,Good,415.8142970174958
PA-508,Pasture,Sacramento River,0.55,709.9432578,155.7560771,5.0,9.516165882234355e-22,2815.3460802635414,9.516165882236213e-09,552889.8839926098,7.411003334248418e-19,2,Good,415.8142970174958
PA-508,Rice,Sacramento River,0.55,979.0495688,607.6281956,4.292,756.8354840840714,4439.380608327202,3260.1890680218785,2553302.7434563357,1973781.6954717638,2,Good,415.8142970174958
PA-508,Citrus & Subtropical,Sacramento River,0.6,599.2401017,848.1867032,3.251,583.7944122796779,1781.5089637540932,1648.8102463049258,1652377.597916292,1609786.804826663,3,Good,326.09144110194103
PA-508,Grain,Sacramento River,0.6,103.3241404,215.8186638,2.7466,104.35738281802108,81.52921899975466,78.22728537613676,61247.19673345589,61859.66930186923,3,Good,326.09144110194103
PA-508,Other Deciduous,Sacramento River,0.6,52.17268849,1780.627633,2.1425,51.03033814576913,173.61721554182185,161.3249789715741,199038.5302672704,194680.4697542569,3,Good,326.09144110194103
PA-508,Pasture,Sacramento River,0.6,709.9432578,155.7560771,5.0,4.904970675271154e-17,2815.3460802635414,1.4172071582280935e-08,552889.8839926098,3.819894953353864e-14,3,Good,326.09144110194103
PA-508,Rice,Sacramento River,0.6,979.0495688,607.6281956,4.292,855.7935827623186,4439.380608327202,3686.466797185454,2553302.7434563357,2231858.5006656866,3,Good,326.09144110194103
PA-508,Citrus & Subtropical,Sacramento River,0.65,599.2401017,848.1867032,3.251,600.546543602382,1781.5089637540932,1696.1232818626215,1652377.597916292,1655980.0526357794,2,Good,182.85631174429054
PA-508,Grain,Sacramento River,0.65,103.3241404,215.8186638,2.7466,104.35738282566733,81.52921899975466,78.22728540705785,61247.19673345589,61859.66930640168,2,Good,182.85631174429054
PA-508,Other Deciduous,Sacramento River,0.65,52.17268849,1780.627633,2.1425,52.11323350773406,173.61721554182185,164.7483949061914,199038.5302672704,198811.7098248171,2,Good,182.85631174429054
PA-508,Pasture,Sacramento River,0.65,709.9432578,155.7560771,5.0,5.819659799257075e-08,2815.3460802635414,2.703339899949323e-07,552889.8839926098,4.5322369019442774e-05,2,Good,182.85631174429054
PA-508,Rice,Sacramento River,0.65,979.0495688,607.6281956,4.292,951.862624428819,4439.380608327202,4100.299454374231,2553302.7434563357,2482400.8178937584,2,Good,182.85631174429054
PA-508,Citrus & Subtropical,Sacramento River,0.7,599.2401017,848.1867032,3.251,603.69671749515,1781.5089637540932,1705.020316327938,1652377.597916292,1664666.5152993822,2,Good,152.30821190287747
PA-508,Grain,Sacramento River,0.7,103.3241404,215.8186638,2.7466,104.35738282277109,81.52921899975466,78.22728543010807,61247.19673345589,61859.66930468488,2,Good,152.30821190287747
PA-508,Other Deciduous,Sacramento River,0.7,52.17268849,1780.627633,2.1425,52.323401286333386,173.61721554182185,165.41280974220223,199038.5302672704,199613.49878706248,2,Good,152.30821190287747
PA-508,Pasture,Sacramento River,0.7,709.9432578,155.7560771,5.0,102.9880278201089,2815.3460802635414,387.9881774913044,552889.8839926098,80205.05600762913,2,Good,152.30821190287747
PA-508,Rice,Sacramento River,0.7,979.0495688,607.6281956,4.292,967.420839411381,4439.380608327202,4167.318936797303,2553302.7434563357,2522975.712428413,2,Good,152.30821190287747
PA-508,Citrus & Subtropical,Sacramento River,0.75,599.2401017,848.1867032,3.251,603.7530935669427,1781.5089637540932,1705.179539237343,1652377.597916292,1664821.9697788544,2,Good,151.75018760486003
PA-508,Grain,Sacramento River,0.75,103.3241404,215.8186638,2.7466,104.35738282289594,81.52921899975466,78.22728543020243,61247.19673345589,61859.66930475889,2,Good,151.75018760486003
PA-508,Other Deciduous,Sacramento River,0.75,52.17268849,1780.627633,2.1425,52.32718051088739,173.61721554182185,165.42475720999985,199038.5302672704,199627.91650872008,2,Good,151.75018760486003
PA-508,Pasture,Sacramento River,0.75,709.9432578,155.7560771,5.0,225.94617695979267,2815.3460802635414,851.210060584461,552889.8839926098,175962.45079499856,2,Good,151.75018760486003
PA-508,Rice,Sacramento River,0.75,979.0495688,607.6281956,4.292,967.6938544206071,4439.380608327202,4168.4949923168915,2553302.7434563357,2523687.7192504127,2,Good,151.75018760486003
PA-508,Citrus & Subtropical,Sacramento River,0.8,599.2401017,848.1867032,3.251,603.8320897049193,1781.5089637540932,1705.4026479875708,1652377.597916292,1665039.7980722953,2,Good,150.9675845395706
PA-508,Grain,Sacramento River,0.8,103.3241404,215.8186638,2.7466,104.35738282307062,81.52921899975466,78.22728543033486,61247.19673345589,61859.66930486244,2,Good,150.9675845395706
PA-508,Other Deciduous,Sacramento River,0.8,52.17268849,1780.627633,2.1425,52.33247715182114,173.61721554182185,165.44150176859608,199038.5302672704,199648.12316582975,2,Good,150.9675845395706
PA-508,Pasture,Sacramento River,0.8,709.9432578,155.7560771,5.0,348.76119150151817,2815.3460802635414,1313.8927107884901,552889.8839926098,271608.37516499165,2,Good,150.9675845395706
PA-508,Rice,Sacramento River,0.8,979.0495688,607.6281956,4.292,968.076105089921,4439.380608327202,4170.1415977939605,2553302.7434563357,2524684.606143324,2,Good,150.9675845395706
PA-508,Citrus & Subtropical,Sacramento River,0.85,599.2401017,848.1867032,3.251,603.9426397781014,1781.5089637540932,1705.7148745001186,1652377.597916292,1665344.6349212574,2,Good,149.87104796429435
PA-508,Grain,Sacramento River,0.85,103.3241404,215.8186638,2.7466,104.35738282331464,81.52921899975466,78.22728543051987,61247.19673345589,61859.669305007075,2,Good,149.87104796429435
PA-508,Other Deciduous,Sacramento River,0.85,52.17268849,1780.627633,2.1425,52.33989153690163,173.61721554182185,165.46494126675893,199038.5302672704,199676.40900564304,2,Good,149.87104796429435
PA-508,Pasture,Sacramento River,0.85,709.9432578,155.7560771,5.0,471.3768760883534,2815.3460802635414,1775.8244225821115,552889.8839926098,367099.0652758736,2,Good,149.87104796429435
PA-508,Rice,Sacramento River,0.85,979.0495688,607.6281956,4.292,968.6104396943616,4439.380608327202,4172.443328979515,2553302.7434563357,2526078.118846786,2,Good,149.87104796429435
PA-508,Citrus & Subtropical,Sacramento River,0.9,599.2401017,848.1867032,3.251,604.0970722615921,1781.5089637540932,1706.1510380806262,1652377.597916292,1665770.4755407132,2,Good,148.33663773472296
PA-508,Grain,Sacramento River,0.9,103.3241404,215.8186638,2.7466,104.35738282365452,81.52921899975466,78.22728543077758,61247.19673345589,61859.66930520855,2,Good,148.33663773472296
PA-508,Other Deciduous,Sacramento River,0.9,52.17268849,1780.627633,2.1425,52.350253078092706,173.61721554182185,165.49769776956745,199038.5302672704,199715.9382304092,2,Good,148.33663773472296
PA-508,Pasture,Sacramento River,0.9,709.9432578,155.7560771,5.0,593.7160019666338,2815.3460802635414,2236.71425104665,552889.8839926098,462374.37688909384,2,Good,148.33663773472296
PA-508,Rice,Sacramento River,0.9,979.0495688,607.6281956,4.292,969.355707728981,4439.380608327202,4175.653689421501,2553302.7434563357,2528021.733325608,2,Good,148.33663773472296
PA-508,Citrus & Subtropical,Sacramento River,0.95,599.2401017,848.1867032,3.251,599.7954713691014,1781.5089637540932,1697.4908495433478,1652377.597916292,1653909.004771711,2,Good,15.636031719366501
PA-508,Grain,Sacramento River,0.95,103.3241404,215.8186638,2.7466,104.3573826398656,81.52921899975466,78.32920303107394,61247.19673345589,61859.66919626445,2,Good,15.636031719366501
PA-508,Other Deciduous,Sacramento River,0.95,52.17268849,1780.627633,2.1425,52.19300580395786,173.61721554182185,165.43934374176246,199038.5302672704,199116.0407124131,2,Good,15.636031719366501
PA-508,Pasture,Sacramento River,0.95,709.9432578,155.7560771,5.0,709.3027395602368,2815.3460802635414,2672.165719411836,552889.8839926098,552391.0609509273,2,Good,15.636031719366501
PA-508,Rice,Sacramento River,0.95,979.0495688,607.6281956,4.292,978.0811822338882,4439.380608327202,4213.387954444649,2553302.7434563357,2550777.2491864082,2,Good,15.636031719366501
PA-508,Citrus & Subtropical,Sacramento River,1.0,599.2401017,848.1867032,3.251,599.2400630859129,1781.5089637540932,1781.5055663830285,1652377.597916292,1652377.4914396857,2,Good,0.0005128418045444299
PA-508,Grain,Sacramento River,1.0,103.3241404,215.8186638,2.7466,103.34430630044565,81.52921899975466,81.54497963512685,61247.19673345589,61259.15042469513,2,Good,0.0005128418045444299
PA-508,Other Deciduous,Sacramento River,1.0,52.17268849,1780.627633,2.1425,52.1726858201932,173.61721554182185,173.61689088347384,199038.5302672704,199038.5200819716,2,Good,0.0005128418045444299
PA-508,Pasture,Sacramento River,1.0,709.9432578,155.7560771,5.0,709.9233524457917,2815.3460802635414,2815.260558987913,552889.8839926098,552874.382093186,2,Good,0.0005128418045444299
PA-508,Rice,Sacramento River,1.0,979.0495688,607.6281956,4.292,979.049373956505,4439.380608327202,4439.371247851813,2553302.7434563357,2553302.2353161494,2,Good,0.0005128418045444299
PA-509,Alfalfa,Sacramento River,0.5,28296.69917,268.859435,5.696,5.956657283004277e-21,100102.68892193712,5.956657283001713e-08,43334225.60369882,9.122164002057452e-18,2,Good,475.06208755885547
PA-509,Almonds & Pistachios,Sacramento River,0.5,41504.50056,4676.398716,0.88475,34713.47875870053,149983.67935567172,119170.99080554751,171722537.01911795,143625066.2162724,2,Good,475.06208755885547
PA-509,Citrus & Subtropical,Sacramento River,0.5,476.7523346,2502.013673,2.347,465.34475551083085,1417.359344227931,1314.2729441128017,2799597.497959685,2732609.61440247,2,Good,475.06208755885547
PA-509,Corn,Sacramento River,0.5,13140.5216,234.253278,5.762,5.956576991676243e-21,37146.61282585286,5.956576991672979e-08,17736647.514834534,8.039993366498861e-18,2,Good,475.06208755885547
PA-509,Cucurbits,Sacramento River,0.5,2839.377631,202.6283347,12.01,2802.1572537715942,5597.4508760749195,5247.872063514077,6909813.715057072,6819235.459370154,2,Good,475.06208755885547
PA-509,Dry Beans,Sacramento River,0.5,2757.961406,1361.815657,1.15075,5.956576991675832e-21,6326.241981747469,5.9565769916725675e-08,4322027.153974483,9.334607600655665e-18,2,Good,475.06208755885547
PA-509,Grain,Sacramento River,0.5,45144.33504,177.3815634,3.243,45595.77884599351,35621.70818770691,34179.028891743794,25969206.957061615,26228899.288711675,2,Good,475.06208755885547
PA-509,Onions & Garlic,Sacramento River,0.5,87.04164239,216.2659801,21.192,82.3313375015407,183.96203899035504,165.30649183059106,398921.3041721178,377333.46509236755,2,Good,475.06208755885547
PA-509,Other Deciduous,Sacramento River,0.5,26251.4937,1811.388311,2.025,24815.2358584325,87358.18244983217,78449.75259375792,96292088.88980202,91023807.04156217,2,Good,475.06208755885547
PA-509,Pasture,Sacramento River,0.5,18574.81511,133.8824853,5.0,5.9566573655761155e-21,73660.15852254284,5.9566573655741144e-08,12434212.054573964,3.987460460919405e-18,2,Good,475.06208755885547
PA-509,Rice,Sacramento River,0.5,14738.77367,593.2115153,3.978,5930.719435120931,66831.1678042195,25547.516038061116,34780490.424003996,13995284.488324592,2,Good,475.06208755885547
PA-509,Safflower,Sacramento River,0.5,4448.526361,553.2848266,1.042,5.956657366270655e-21,10485.209890060076,5.9566573662678535e-08,2564676.825994814,3.4341487198092044e-18,2,Good,475.06208755885547
PA-509,Sunflowers,Sacramento River,0.5,15980.32073,3516.323047,0.646166667,7711.096318935949,45918.71112155302,21049.603847480717,36309378.01963021,17520619.01138228,2,Good,475.06208755885547
PA-509,Tomato Processing,Sacramento River,0.5,24428.51172,97.69481804,48.078,20798.40734566683,65145.462673813774,52691.5342949581,114740022.40130648,97689525.75197281,2,Good,475.06208755885547
PA-509,Truck Crops,Sacramento River,0.5,3633.717027,4569.754449,5.564927083,3597.2081287086708,9673.807671905464,9097.781703241564,92406696.87278573,91478262.80031985,2,Good,475.06208755885547
PA-509,Vineyard,Sacramento River,0.5,687.6286486,1604.877899,10.05836622,683.2424844637097,1830.2964665190095,1727.6904917046024,11100010.83553434,11029207.401822874,2,Good,475.06208755885547
PA-509,Alfalfa,Sacramento River,0.55,28296.69917,268.859435,5.696,8.884825430680301e-09,100102.68892193712,4.3794989648768305e-08,43334225.60369882,1.360642905200666e-05,3,Good,427.6045419217252
PA-509,Almonds & Pistachios,Sacramento River,0.55,41504.50056,4676.398716,0.88475,35838.316681666394,149983.67935567172,123032.54702447241,171722537.01911795,148279019.86613688,3,Good,427.6045419217252
PA-509,Citrus & Subtropical,Sacramento River,0.55,476.7523346,2502.013673,2.347,467.2128657730459,1417.359344227931,1319.549046869345,2799597.497959685,2743579.580224238,3,Good,427.6045419217252
PA-509,Corn,Sacramento River,0.55,13140.5216,234.253278,5.762,3077.3924119034605,37146.61282585286,8264.433592239262,17736647.514834534,4153763.917161261,3,Good,427.6045419217252
PA-509,Cucurbits,Sacramento River,0.55,2839.377631,202.6283347,12.01,2810.6391387107515,5597.4508760749195,5263.756913229864,6909813.715057072,6839876.688716418,3,Good,427.6045419217252
PA-509,Dry Beans,Sacramento River,0.55,2757.961406,1361.815657,1.15075,2.933369637195617e-07,6326.241981747469,6.61869661058251e-07,4322027.153974483,0.0004596911036181387,3,Good,427.6045419217252
PA-509,Grain,Sacramento River,0.55,45144.33504,177.3815634,3.243,45595.77884645674,35621.70818770691,34179.02889195325,25969206.957061615,26228899.28897815,3,Good,427.6045419217252
PA-509,Onions & Garlic,Sacramento River,0.55,87.04164239,216.2659801,21.192,83.28398787973761,183.96203899035504,167.21924208973374,398921.3041721178,381699.5652813735,3,Good,427.6045419217252
PA-509,Other Deciduous,Sacramento River,0.55,26251.4937,1811.388311,2.025,25062.349655634764,87358.18244983217,79230.96685914586,96292088.88980202,91930235.60513365,3,Good,427.6045419217252
PA-509,Pasture,Sacramento River,0.55,18574.81511,133.8824853,5.0,2.2417864059526068e-18,73660.15852254284,9.034385774460773e-09,12434212.054573964,1.5006796777034486e-15,3,Good,427.6045419217252
PA-509,Rice,Sacramento River,0.55,14738.77367,593.2115153,3.978,9557.740318357486,66831.1678042195,41171.4846303893,34780490.424003996,22554311.71281087,3,Good,427.6045419217252
PA-509,Safflower,Sacramento River,0.55,4448.526361,553.2848266,1.042,4.778752784271847e-18,10485.209890060076,9.034385790265374e-09,2564676.825994814,2.755059884645741e-15,3,Good,427.6045419217252
PA-509,Sunflowers,Sacramento River,0.55,15980.32073,3516.323047,0.646166667,9426.27615698487,45918.71112155302,25731.66909790129,36309378.01963021,21417731.851830658,3,Good,427.6045419217252
PA-509,Tomato Processing,Sacramento River,0.55,24428.51172,97.69481804,48.078,21434.273103249918,65145.462673813774,54302.46256540882,114740022.40130648,100676169.06883006,3,Good,427.6045419217252
PA-509,Truck Crops,Sacramento River,0.55,3633.717027,4569.754449,5.564927083,3603.166892845105,9673.807671905464,9112.852150429158,92406696.87278573,91629796.25964002,3,Good,427.6045419217252
PA-509,Vineyard,Sacramento River,0.55,687.6286486,1604.877899,10.05836622,683.964077618234,1830.2964665190095,1729.5151580871116,11100010.83553434,11040855.682985062,3,Good,427.6045419217252
PA-509,Alfalfa,Sacramento River,0.6,28296.69917,268.859435,5.696,3.7277479265844315e-17,100102.68892193712,1.9404518277082048e-07,43334225.60369882,5.708760186968841e-14,2,Good,367.16691469987234
PA-509,Almonds & Pistachios,Sacramento River,0.6,41504.50056,4676.398716,0.88475,37168.602416057445,149983.67935567172,127599.4033206014,171722537.01911795,153783002.28220603,2,Good,367.16691469987234
PA-509,Citrus & Subtropical,Sacramento River,0.6,476.7523346,2502.013673,2.347,469.51318169971813,1417.359344227931,1326.045828131356,2799597.497959685,2757087.555425307,2,Good,367.16691469987234
PA-509,Corn,Sacramento River,0.6,13140.5216,234.253278,5.762,8318.236120378793,37146.61282585286,22338.883320855493,17736647.514834534,11227683.839606745,2,Good,367.16691469987234
PA-509,Cucurbits,Sacramento River,0.6,2839.377631,202.6283347,12.01,2820.7553670620296,5597.4508760749195,5282.702556876058,6909813.715057072,6864495.201112634,2,Good,367.16691469987234
PA-509,Dry Beans,Sacramento River,0.6,2757.961406,1361.815657,1.15075,1.941299946807104e-12,6326.241981747469,1.9409192930482746e-07,4322027.153974483,3.04222933136633e-09,2,Good,367.16691469987234
PA-509,Grain,Sacramento River,0.6,45144.33504,177.3815634,3.243,45595.77884588789,35621.70818770691,34179.028891827475,25969206.957061615,26228899.28865092,2,Good,367.16691469987234
PA-509,Onions & Garlic,Sacramento River,0.6,87.04164239,216.2659801,21.192,84.46149401823122,183.96203899035504,169.583462481037,398921.3041721178,387096.2038504605,2,Good,367.16691469987234
PA-509,Other Deciduous,Sacramento River,0.6,26251.4937,1811.388311,2.025,25353.175001034193,87358.18244983217,80150.36881567731,96292088.88980202,92997000.80831176,2,Good,367.16691469987234
PA-509,Pasture,Sacramento River,0.6,18574.81511,133.8824853,5.0,3.237392190227829e-17,73660.15852254284,1.9404518262580818e-07,12434212.054573964,2.1671505615925607e-14,2,Good,367.16691469987234
PA-509,Rice,Sacramento River,0.6,14738.77367,593.2115153,3.978,11451.986666651375,66831.1678042195,49331.251669384976,34780490.424003996,27024345.546876803,2,Good,367.16691469987234
PA-509,Safflower,Sacramento River,0.6,4448.526361,553.2848266,1.042,6.102413369461044e-17,10485.209890060076,1.9404518327484074e-07,2564676.825994814,3.518180377328254e-14,2,Good,367.16691469987234
PA-509,Sunflowers,Sacramento River,0.6,15980.32073,3516.323047,0.646166667,11302.510876334145,45918.71112155302,30853.37889573604,36309378.01963021,25680782.439452227,2,Good,367.16691469987234
PA-509,Tomato Processing,Sacramento River,0.6,24428.51172,97.69481804,48.078,22212.959739807196,65145.462673813774,56275.21908170712,114740022.40130648,104333637.97836788,2,Good,367.16691469987234
PA-509,Truck Crops,Sacramento River,0.6,3633.717027,4569.754449,5.564927083,3610.7127755589104,9673.807671905464,9131.93661594448,92406696.87278573,91821690.70034386,2,Good,367.16691469987234
PA-509,Vineyard,Sacramento River,0.6,687.6286486,1604.877899,10.05836622,684.8746617435169,1830.2964665190095,1731.8177193621966,11100010.83553434,11055554.741376366,2,Good,367.16691469987234
PA-509,Alfalfa,Sacramento River,0.65,28296.69917,268.859435,5.696,6.067178462654304e-08,100102.68892193712,2.382792343802364e-07,43334225.60369882,9.291418716332355e-05,2,Good,279.67787969149623
PA-509,Almonds & Pistachios,Sacramento River,0.65,41504.50056,4676.398716,0.88475,38923.11931926463,149983.67935567172,133622.64055322498,171722537.01911795,161042217.30217984,2,Good,279.67787969149623
PA-509,Citrus & Subtropical,Sacramento River,0.65,476.7523346,2502.013673,2.347,472.698787187017,1417.359344227931,1335.0429317963642,2799597.497959685,2775794.1510819616,2,Good,279.67787969149623
PA-509,Corn,Sacramento River,0.65,13140.5216,234.253278,5.762,11175.901535517238,37146.61282585286,30013.233189334278,17736647.514834534,15084867.422307443,2,Good,279.67787969149623
PA-509,Cucurbits,Sacramento River,0.65,2839.377631,202.6283347,12.01,2834.229836606948,5597.4508760749195,5307.93750456342,6909813.715057072,6897286.216104114,2,Good,279.67787969149623
PA-509,Dry Beans,Sacramento River,0.65,2757.961406,1361.815657,1.15075,1985.897158910164,6326.241981747469,4327.508910749429,4322027.153974483,3112118.040208177,2,Good,279.67787969149623
PA-509,Grain,Sacramento River,0.65,45144.33504,177.3815634,3.243,45595.778846320936,35621.70818770691,34179.028891944145,25969206.957061615,26228899.288900025,2,Good,279.67787969149623
PA-509,Onions & Garlic,Sacramento River,0.65,87.04164239,216.2659801,21.192,86.100037240344,183.96203899035504,172.87336183991206,398921.3041721178,394605.82546558185,2,Good,279.67787969149623
PA-509,Other Deciduous,Sacramento River,0.65,26251.4937,1811.388311,2.025,25734.600530169857,87358.18244983217,81356.19005224115,96292088.88980202,94396093.04192325,2,Good,279.67787969149623
PA-509,Pasture,Sacramento River,0.65,18574.81511,133.8824853,5.0,1.7575126055971413e-21,73660.15852254284,1.757512605597251e-08,12434212.054573964,1.17650077791712e-18,2,Good,279.67787969149623
PA-509,Rice,Sacramento River,0.65,14738.77367,593.2115153,3.978,12992.254782717382,66831.1678042195,55966.201244596916,34780490.424003996,30659063.174047776,2,Good,279.67787969149623
PA-509,Safflower,Sacramento River,0.65,4448.526361,553.2848266,1.042,1.7575231811654754e-21,10485.209890060076,1.7575231811653547e-08,2564676.825994814,1.0132521666951585e-18,2,Good,279.67787969149623
PA-509,Sunflowers,Sacramento River,0.65,15980.32073,3516.323047,0.646166667,13579.945427501609,45918.71112155302,37070.276351825654,36309378.01963021,30855411.49918489,2,Good,279.67787969149623
PA-509,Tomato Processing,Sacramento River,0.65,24428.51172,97.69481804,48.078,23283.891020870004,65145.462673813774,58988.36011128227,114740022.40130648,109363771.64299075,2,Good,279.67787969149623
PA-509,Truck Crops,Sacramento River,0.65,3633.717027,4569.754449,5.564927083,3621.5527224269426,9673.807671905464,9159.352174344129,92406696.87278573,92097354.34638686,2,Good,279.67787969149623
PA-509,Vineyard,Sacramento River,0.65,687.6286486,1604.877899,10.05836622,686.1766098753237,1830.2964665190095,1735.109908177233,11100010.83553434,11076571.373536447,2,Good,279.67787969149623
PA-509,Alfalfa,Sacramento River,0.7,28296.69917,268.859435,5.696,5809.78078071312,100102.68892193712,19525.102042592796,43334225.60369882,8897233.89809271,11,Good,228.57099486622465
PA-509,Almonds & Pistachios,Sacramento River,0.7,41504.50056,4676.398716,0.88475,39868.30125758306,149983.67935567172,136867.43975253028,171722537.01911795,164952854.4187029,11,Good,228.57099486622465
PA-509,Citrus & Subtropical,Sacramento River,0.7,476.7523346,2502.013673,2.347,474.4866140079555,1417.359344227931,1340.092290138628,2799597.497959685,2786292.6743852277,11,Good,228.57099486622465
PA-509,Corn,Sacramento River,0.7,13140.5216,234.253278,5.762,12213.8325059207,37146.61282585286,32800.62927995005,17736647.514834534,16485832.796983007,11,Good,228.57099486622465
PA-509,Cucurbits,Sacramento River,0.7,2839.377631,202.6283347,12.01,2841.5471309351087,5597.4508760749195,5321.641312390892,6909813.715057072,6915093.336986456,11,Good,228.57099486622465
PA-509,Dry Beans,Sacramento River,0.7,2757.961406,1361.815657,1.15075,2561.7752338603605,6326.241981747469,5582.416542631258,4322027.153974483,4014581.965881146,11,Good,228.57099486622465
PA-509,Grain,Sacramento River,0.7,45144.33504,177.3815634,3.243,45595.77884632589,35621.70818770691,34179.02889195614,25969206.957061615,26228899.288902875,11,Good,228.57099486622465
PA-509,Onions & Garlic,Sacramento River,0.7,87.04164239,216.2659801,21.192,87.02350224929012,183.96203899035504,174.72751320201567,398921.3041721178,398838.165936313,11,Good,228.57099486622465
PA-509,Other Deciduous,Sacramento River,0.7,26251.4937,1811.388311,2.025,25939.155959787262,87358.18244983217,82002.86223931742,96292088.88980202,95146414.90309837,11,Good,228.57099486622465
PA-509,Pasture,Sacramento River,0.7,18574.81511,133.8824853,5.0,8.600786591407714e-18,73660.15852254284,2.2634083514109247e-08,12434212.054573964,5.757473421962902e-15,11,Good,228.57099486622465
PA-509,Rice,Sacramento River,0.7,14738.77367,593.2115153,3.978,13620.96464994203,66831.1678042195,58674.46886573762,34780490.424003996,32142689.83160291,11,Good,228.57099486622465
PA-509,Safflower,Sacramento River,0.7,4448.526361,553.2848266,1.042,1.382631825667977e-17,10485.209890060076,2.2634083549960916e-08,2564676.825994814,7.971187567328348e-15,11,Good,228.57099486622465
PA-509,Sunflowers,Sacramento River,0.7,15980.32073,3516.323047,0.646166667,14732.058394472528,45918.71112155302,40215.29238316505,36309378.01963021,33473162.791280817,11,Good,228.57099486622465
PA-509,Tomato Processing,Sacramento River,0.7,24428.51172,97.69481804,48.078,23881.325451580844,65145.462673813774,60501.92488918971,114740022.40130648,112169904.11429276,11,Good,228.57099486622465
PA-509,Truck Crops,Sacramento River,0.7,3633.717027,4569.754449,5.564927083,3627.8398519943444,9673.807671905464,9175.253098151516,92406696.87278573,92257238.2536416,11,Good,228.57099486622465
PA-509,Vineyard,Sacramento River,0.7,687.6286486,1604.877899,10.05836622,686.9284629625192,1830.2964665190095,1737.0110918201067,11100010.83553434,11088708.124138085,11,Good,228.57099486622465
PA-509,Alfalfa,Sacramento River,0.75,28296.69917,268.859435,5.696,12715.04224055611,100102.68892193712,42731.81839246739,43334225.60369882,19472112.478651997,5,Good,204.17767271902122
PA-509,Almonds & Pistachios,Sacramento River,0.75,41504.50056,4676.398716,0.88475,40301.14297843321,149983.67935567172,138353.38061989477,171722537.01911795,166743712.69742516,5,Good,204.17767271902122
PA-509,Citrus & Subtropical,Sacramento River,0.75,476.7523346,2502.013673,2.347,475.32209707708546,1417.359344227931,1342.4519445293956,2799597.497959685,2791198.81986197,5,Good,204.17767271902122
PA-509,Corn,Sacramento River,0.75,13140.5216,234.253278,5.762,12626.961543996682,37146.61282585286,33910.1002356221,17736647.514834534,17043460.899546027,5,Good,204.17767271902122
PA-509,Cucurbits,Sacramento River,0.75,2839.377631,202.6283347,12.01,2844.9110276738834,5597.4508760749195,5327.941208555383,6909813.715057072,6923279.6027257675,5,Good,204.17767271902122
PA-509,Dry Beans,Sacramento River,0.75,2757.961406,1361.815657,1.15075,2785.5410464208135,6326.241981747469,6070.029178267046,4322027.153974483,4365247.4668245055,5,Good,204.17767271902122
PA-509,Grain,Sacramento River,0.75,45144.33504,177.3815634,3.243,45595.77884638709,35621.70818770691,34179.02889184169,25969206.957061615,26228899.28893808,5,Good,204.17767271902122
PA-509,Onions & Garlic,Sacramento River,0.75,87.04164239,216.2659801,21.192,87.45598695502771,183.96203899035504,175.5958645739964,398921.3041721178,400820.29033229244,5,Good,204.17767271902122
PA-509,Other Deciduous,Sacramento River,0.75,26251.4937,1811.388311,2.025,26032.629910081432,87358.18244983217,82298.36651405023,96292088.88980202,95489283.08551373,5,Good,204.17767271902122
PA-509,Pasture,Sacramento River,0.75,18574.81511,133.8824853,5.0,5.206425508860077e-18,73660.15852254284,2.576596247321166e-08,12434212.054573964,3.4852459332775214e-15,5,Good,204.17767271902122
PA-509,Rice,Sacramento River,0.75,14738.77367,593.2115153,3.978,13879.526429881196,66831.1678042195,59788.26480434164,34780490.424003996,32752842.732552342,5,Good,204.17767271902122
PA-509,Safflower,Sacramento River,0.75,4448.526361,553.2848266,1.042,2251.925420334704,10485.209890060076,5042.4147481906175,2564676.825994814,1298286.3246656717,5,Good,204.17767271902122
PA-509,Sunflowers,Sacramento River,0.75,15980.32073,3516.323047,0.646166667,15244.747445561045,45918.71112155302,41614.82118885135,36309378.01963021,34638059.34605093,5,Good,204.17767271902122
PA-509,Tomato Processing,Sacramento River,0.75,24428.51172,97.69481804,48.078,24159.666462834964,65145.462673813774,61207.08537073299,114740022.40130648,113477263.90078163,5,Good,204.17767271902122
PA-509,Truck Crops,Sacramento River,0.75,3633.717027,4569.754449,5.564927083,3630.8291175283125,9673.807671905464,9182.813318280017,92406696.87278573,92333256.32329787,5,Good,204.17767271902122
PA-509,Vineyard,Sacramento River,0.75,687.6286486,1604.877899,10.05836622,687.2851052222395,1830.2964665190095,1737.9129201737053,11100010.83553434,11094465.203857444,5,Good,204.17767271902122
PA-509,Alfalfa,Sacramento River,0.8,28296.69917,268.859435,5.696,19626.892983576858,100102.68892193712,65960.6795415048,43334225.60369882,30057082.04127517,3,Good,176.33620841365908
PA-509,Almonds & Pistachios,Sacramento River,0.8,41504.50056,4676.398716,0.88475,40781.76045853051,149983.67935567172,140003.3351433511,171722537.01911795,168732240.493314,3,Good,176.33620841365908
PA-509,Citrus & Subtropical,Sacramento River,0.8,476.7523346,2502.013673,2.347,476.262117288554,1417.359344227931,1345.1068431414271,2799597.497959685,2796718.831073382,3,Good,176.33620841365908
PA-509,Corn,Sacramento River,0.8,13140.5216,234.253278,5.762,13050.97867625403,37146.61282585286,35048.81150885617,17736647.514834534,17615785.396550737,3,Good,176.33620841365908
PA-509,Cucurbits,Sacramento River,0.8,2839.377631,202.6283347,12.01,2848.655484504875,5597.4508760749195,5334.953816594492,6909813.715057072,6932391.986680525,3,Good,176.33620841365908
PA-509,Dry Beans,Sacramento River,0.8,2757.961406,1361.815657,1.15075,2785.541047723649,6326.241981747469,6070.029181148548,4322027.153974483,4365247.468866192,3,Good,176.33620841365908
PA-509,Grain,Sacramento River,0.8,45144.33504,177.3815634,3.243,45595.778846318346,35621.70818770691,34179.02889198749,25969206.957061615,26228899.288898535,3,Good,176.33620841365908
PA-509,Onions & Garlic,Sacramento River,0.8,87.04164239,216.2659801,21.192,87.91205614658745,183.96203899035504,176.5115693709335,398921.3041721178,402910.5049892557,3,Good,176.33620841365908
PA-509,Other Deciduous,Sacramento River,0.8,26251.4937,1811.388311,2.025,26136.27907373087,87358.18244983217,82626.03824330603,96292088.88980202,95869474.57455976,3,Good,176.33620841365908
PA-509,Pasture,Sacramento River,0.8,18574.81511,133.8824853,5.0,7.185862429188526e-08,73660.15852254284,3.2256419635659444e-07,12434212.054573964,4.8103056052182756e-05,3,Good,176.33620841365908
PA-509,Rice,Sacramento River,0.8,14738.77367,593.2115153,3.978,14149.331898284401,66831.1678042195,60950.4947170455,34780490.424003996,33389528.437906656,3,Good,176.33620841365908
PA-509,Safflower,Sacramento River,0.8,4448.526361,553.2848266,1.042,4493.011669334361,10485.209890060076,10060.55888913028,2564676.825994814,2590323.620039375,3,Good,176.33620841365908
PA-509,Sunflowers,Sacramento River,0.8,15980.32073,3516.323047,0.646166667,15803.971024104554,45918.71112155302,43141.37906135341,36309378.01963021,35908688.43127998,3,Good,176.33620841365908
PA-509,Tomato Processing,Sacramento River,0.8,24428.51172,97.69481804,48.078,24472.202014406303,65145.462673813774,61998.87569689065,114740022.40130648,114945234.46728735,3,Good,176.33620841365908
PA-509,Truck Crops,Sacramento River,0.8,3633.717027,4569.754449,5.564927083,3634.2318520656145,9673.807671905464,9191.419252388056,92406696.87278573,92419789.05454542,3,Good,176.33620841365908
PA-509,Vineyard,Sacramento River,0.8,687.6286486,1604.877899,10.05836622,687.6904297582599,1830.2964665190095,1738.9378496600045,11100010.83553434,11101008.134770654,3,Good,176.33620841365908
PA-509,Alfalfa,Sacramento River,0.85,28296.69917,268.859435,5.696,28137.320964882118,100102.68892193712,94561.9264788351,43334225.60369882,43090150.10021348,3,Good,136.63177771358016
PA-509,Almonds & Pistachios,Sacramento River,0.85,41504.50056,4676.398716,0.88475,41443.95433854354,149983.67935567172,142276.6394507704,171722537.01911795,171472030.43272027,3,Good,136.63177771358016
PA-509,Citrus & Subtropical,Sacramento River,0.85,476.7523346,2502.013673,2.347,477.57847697869266,1417.359344227931,1348.8246371404057,2799597.497959685,2804448.7927903375,3,Good,136.63177771358016
PA-509,Corn,Sacramento River,0.85,13140.5216,234.253278,5.762,13271.926948513688,37146.61282585286,35642.17500596274,17736647.514834534,17914014.168845534,3,Good,136.63177771358016
PA-509,Cucurbits,Sacramento River,0.85,2839.377631,202.6283347,12.01,2853.830148024365,5597.4508760749195,5344.644911614134,6909813.715057072,6944984.873434086,3,Good,136.63177771358016
PA-509,Dry Beans,Sacramento River,0.85,2757.961406,1361.815657,1.15075,2785.5410478290446,6326.241981747469,6070.029181408132,4322027.153974483,4365247.469031358,3,Good,136.63177771358016
PA-509,Grain,Sacramento River,0.85,45144.33504,177.3815634,3.243,45595.7788463204,35621.70818770691,34179.028892018985,25969206.957061615,26228899.288899716,3,Good,136.63177771358016
PA-509,Onions & Garlic,Sacramento River,0.85,87.04164239,216.2659801,21.192,87.9120595342302,183.96203899035504,176.5115762030946,398921.3041721178,402910.52051519044,3,Good,136.63177771358016
PA-509,Other Deciduous,Sacramento River,0.85,26251.4937,1811.388311,2.025,26278.850011852235,87358.18244983217,83076.75549166206,96292088.88980202,96392433.51943247,3,Good,136.63177771358016
PA-509,Pasture,Sacramento River,0.85,18574.81511,133.8824853,5.0,2.6366142181453276e-07,73660.15852254284,1.0927119741913e-06,12434212.054573964,0.00017649823215130643,3,Good,136.63177771358016
PA-509,Rice,Sacramento River,0.85,14738.77367,593.2115153,3.978,14495.828634309099,66831.1678042195,62443.08444713024,34780490.424003996,34207189.84441739,3,Good,136.63177771358016
PA-509,Safflower,Sacramento River,0.85,4448.526361,553.2848266,1.042,4493.01166945252,10485.209890060076,10060.558889423657,2564676.825994814,2590323.6201074966,3,Good,136.63177771358016
PA-509,Sunflowers,Sacramento River,0.85,15980.32073,3516.323047,0.646166667,16140.124098484122,45918.71112155302,44059.00332064727,36309378.01963021,36672472.166057914,3,Good,136.63177771358016
PA-509,Tomato Processing,Sacramento River,0.85,24428.51172,97.69481804,48.078,24672.797083685953,65145.462673813774,62507.07143502174,114740022.40130648,115887423.78305703,3,Good,136.63177771358016
PA-509,Truck Crops,Sacramento River,0.85,3633.717027,4569.754449,5.564927083,3639.067814221096,9673.807671905464,9203.649995384025,92406696.87278573,92542769.26617703,3,Good,136.63177771358016
PA-509,Vineyard,Sacramento River,0.85,687.6286486,1604.877899,10.05836622,688.2652980712992,1830.2964665190095,1740.3914983452325,11100010.83553434,11110287.917567274,3,Good,136.63177771358016
PA-509,Alfalfa,Sacramento River,0.9,28296.69917,268.859435,5.696,28579.66644724864,100102.68892193712,96048.53001984894,43334225.60369882,43767568.29703166,2,Good,123.48080718400894
PA-509,Almonds & Pistachios,Sacramento River,0.9,41504.50056,4676.398716,0.88475,41657.59020214837,149983.67935567172,143010.04902096972,171722537.01911795,172355936.8043548,2,Good,123.48080718400894
PA-509,Citrus & Subtropical,Sacramento River,0.9,476.7523346,2502.013673,2.347,478.0083917948075,1417.359344227931,1350.0388453003316,2799597.497959685,2806973.3497902327,2,Good,123.48080718400894
PA-509,Corn,Sacramento River,0.9,13140.5216,234.253278,5.762,13271.926948628066,37146.61282585286,35642.17500624489,17736647.514834534,17914014.168999918,2,Good,123.48080718400894
PA-509,Cucurbits,Sacramento River,0.9,2839.377631,202.6283347,12.01,2855.5033500703144,5597.4508760749195,5347.77847957897,6909813.715057072,6949056.721545777,2,Good,123.48080718400894
PA-509,Dry Beans,Sacramento River,0.9,2757.961406,1361.815657,1.15075,2785.5410478654208,6326.241981747469,6070.029181462306,4322027.153974483,4365247.469088363,2,Good,123.48080718400894
PA-509,Grain,Sacramento River,0.9,45144.33504,177.3815634,3.243,45595.778846332796,35621.70818770691,34179.02889200317,25969206.957061615,26228899.28890685,2,Good,123.48080718400894
PA-509,Onions & Garlic,Sacramento River,0.9,87.04164239,216.2659801,21.192,87.9120596095053,183.96203899035504,176.51157632900203,398921.3041721178,402910.52086018445,2,Good,123.48080718400894
PA-509,Other Deciduous,Sacramento River,0.9,26251.4937,1811.388311,2.025,26324.789206674934,87358.18244983217,83221.98556274132,96292088.88980202,96560941.30348262,2,Good,123.48080718400894
PA-509,Pasture,Sacramento River,0.9,18574.81511,133.8824853,5.0,8502.59999353139,73660.15852254284,32031.958904384363,12434212.054573964,5691746.093228732,2,Good,123.48080718400894
PA-509,Rice,Sacramento River,0.9,14738.77367,593.2115153,3.978,14602.166089563616,66831.1678042195,62901.149926895945,34780490.424003996,34458124.48301089,2,Good,123.48080718400894
PA-509,Safflower,Sacramento River,0.9,4448.526361,553.2848266,1.042,4493.01166948975,10485.209890060076,10060.558889482263,2564676.825994814,2590323.62012896,2,Good,123.48080718400894
PA-509,Sunflowers,Sacramento River,0.9,15980.32073,3516.323047,0.646166667,16140.124098607363,45918.71112155302,44059.00332095857,36309378.01963021,36672472.16633793,2,Good,123.48080718400894
PA-509,Tomato Processing,Sacramento River,0.9,24428.51172,97.69481804,48.078,24672.79708382465,65145.462673813774,62507.0714353479,114740022.40130648,115887423.7837085,2,Good,123.48080718400894
PA-509,Truck Crops,Sacramento River,0.9,3633.717027,4569.754449,5.564927083,3640.6652998860827,9673.807671905464,9207.69023304696,92406696.87278573,92583393.88623032,2,Good,123.48080718400894
PA-509,Vineyard,Sacramento River,0.9,687.6286486,1604.877899,10.05836622,688.4548948116295,1830.2964665190095,1740.8709247212148,11100010.83553434,11113348.473401202,2,Good,123.48080718400894
PA-509,Alfalfa,Sacramento River,0.95,28296.69917,268.859435,5.696,28562.062933612186,100102.68892193712,96012.36042240918,43334225.60369882,43740609.8653518,2,Good,14.947372485209659
PA-509,Almonds & Pistachios,Sacramento River,0.95,41504.50056,4676.398716,0.88475,41520.20601762702,149983.67935567172,143188.25823090138,171722537.01911795,171787517.46683732,2,Good,14.947372485209659
PA-509,Citrus & Subtropical,Sacramento River,0.95,476.7523346,2502.013673,2.347,476.90091272467953,1417.359344227931,1354.3872061158997,2799597.497959685,2800469.9822999104,2,Good,14.947372485209659
PA-509,Corn,Sacramento River,0.95,13140.5216,234.253278,5.762,13217.881171695279,37146.61282585286,35530.29772539801,17736647.514834534,17841064.941845782,2,Good,14.947372485209659
PA-509,Cucurbits,Sacramento River,0.95,2839.377631,202.6283347,12.01,2841.425966321991,5597.4508760749195,5346.601381542184,6909813.715057072,6914798.474867251,2,Good,14.947372485209659
PA-509,Dry Beans,Sacramento River,0.95,2757.961406,1361.815657,1.15075,2785.5410473695283,6326.241981747469,6087.473166545557,4322027.153974483,4365247.468311246,2,Good,14.947372485209659
PA-509,Grain,Sacramento River,0.95,45144.33504,177.3815634,3.243,45595.77884614862,35621.70818770691,34286.49810413076,25969206.957061615,26228899.288800903,2,Good,14.947372485209659
PA-509,Onions & Garlic,Sacramento River,0.95,87.04164239,216.2659801,21.192,87.26453657085999,183.96203899035504,176.20487175482205,398921.3041721178,399942.85242051404,2,Good,14.947372485209659
PA-509,Other Deciduous,Sacramento River,0.95,26251.4937,1811.388311,2.025,26259.877120490968,87358.18244983217,83387.50101842236,96292088.88980202,96322839.7903162,2,Good,14.947372485209659
PA-509,Pasture,Sacramento River,0.95,18574.81511,133.8824853,5.0,17524.0027004047,73660.15852254284,66018.4102258945,12434212.054573964,11730785.169670464,2,Good,14.947372485209659
PA-509,Rice,Sacramento River,0.95,14738.77367,593.2115153,3.978,14721.0833296456,66831.1678042195,63507.43321805167,34780490.424003996,34738744.84007214,2,Good,14.947372485209659
PA-509,Safflower,Sacramento River,0.95,4448.526361,553.2848266,1.042,4493.011669123209,10485.209890060076,10060.558893671106,2564676.825994814,2590323.619917641,2,Good,14.947372485209659
PA-509,Sunflowers,Sacramento River,0.95,15980.32073,3516.323047,0.646166667,16079.970520658915,45918.71112155302,44046.463894062625,36309378.01963021,36535795.37255724,2,Good,14.947372485209659
PA-509,Tomato Processing,Sacramento River,0.95,24428.51172,97.69481804,48.078,24503.69760513998,65145.462673813774,62413.11241727586,114740022.40130648,115093168.35813366,2,Good,14.947372485209659
PA-509,Truck Crops,Sacramento River,0.95,3633.717027,4569.754449,5.564927083,3634.5448224008946,9673.807671905464,9252.780286501285,92406696.87278573,92427747.99980383,2,Good,14.947372485209659
PA-509,Vineyard,Sacramento River,0.95,687.6286486,1604.877899,10.05836622,687.7272506330057,1830.2964665190095,1750.224162736719,11100010.83553434,11101602.51388718,2,Good,14.947372485209659
PA-509,Alfalfa,Sacramento River,1.0,28296.69917,268.859435,5.696,28296.694334351574,100102.68892193712,100102.64346325892,43334225.60369882,43334218.19827395,2,Good,7.368311126930505e-05
PA-509,Almonds & Pistachios,Sacramento River,1.0,41504.50056,4676.398716,0.88475,41504.500142623154,149983.67935567172,149983.63855793752,171722537.01911795,171722535.2922447,2,Good,7.368311126930505e-05
PA-509,Citrus & Subtropical,Sacramento River,1.0,476.7523346,2502.013673,2.347,476.7523340986343,1417.359344227931,1417.3589791006589,2799597.497959685,2799597.4950155523,2,Good,7.368311126930505e-05
PA-509,Corn,Sacramento River,1.0,13140.5216,234.253278,5.762,13140.521442166095,37146.61282585286,37146.60198583797,17736647.514834534,17736647.301795475,2,Good,7.368311126930505e-05
PA-509,Cucurbits,Sacramento River,1.0,2839.377631,202.6283347,12.01,2839.377633478738,5597.4508760749195,5597.449420153272,6909813.715057072,6909813.721089246,2,Good,7.368311126930505e-05
PA-509,Dry Beans,Sacramento River,1.0,2757.961406,1361.815657,1.15075,2757.961447915427,6326.241981747469,6326.240368576432,4322027.153974483,4322027.219660541,2,Good,7.368311126930505e-05
PA-509,Grain,Sacramento River,1.0,45144.33504,177.3815634,3.243,45144.38686879979,35621.70818770691,35621.73950339916,25969206.957061615,25969236.771496292,2,Good,7.368311126930505e-05
PA-509,Onions & Garlic,Sacramento River,1.0,87.04164239,216.2659801,21.192,87.04164249981146,183.96203899035504,183.9619927124424,398921.3041721178,398921.3046753956,2,Good,7.368311126930505e-05
PA-509,Other Deciduous,Sacramento River,1.0,26251.4937,1811.388311,2.025,26251.493624977007,87358.18244983217,87358.15927572883,96292088.88980202,96292088.61461309,2,Good,7.368311126930505e-05
PA-509,Pasture,Sacramento River,1.0,18574.81511,133.8824853,5.0,18574.732412843234,73660.15852254284,73659.80436036237,12434212.054573964,12434156.696069589,2,Good,7.368311126930505e-05
PA-509,Rice,Sacramento River,1.0,14738.77367,593.2115153,3.978,14738.773395703482,66831.1678042195,66831.1480389011,34780490.424003996,34780489.77672033,2,Good,7.368311126930505e-05
PA-509,Safflower,Sacramento River,1.0,4448.526361,553.2848266,1.042,4448.5633634868855,10485.209890060076,10485.293804300807,2564676.825994814,2564698.1587717645,2,Good,7.368311126930505e-05
PA-509,Sunflowers,Sacramento River,1.0,15980.32073,3516.323047,0.646166667,15980.320493161236,45918.71112155302,45918.69816150724,36309378.01963021,36309377.48150157,2,Good,7.368311126930505e-05
PA-509,Tomato Processing,Sacramento River,1.0,24428.51172,97.69481804,48.078,24428.511639847482,65145.462673813774,65145.445663461614,114740022.40130648,114740022.0248324,2,Good,7.368311126930505e-05
PA-509,Truck Crops,Sacramento River,1.0,3633.717027,4569.754449,5.564927083,3633.7170261273614,9673.807671905464,9673.80523397291,92406696.87278573,92406696.85059422,2,Good,7.368311126930505e-05
PA-509,Vineyard,Sacramento River,1.0,687.6286486,1604.877899,10.05836622,687.6286484902619,1830.2964665190095,1830.2960045385441,11100010.83553434,11100010.833762897,2,Good,7.368311126930505e-05
PA-510,Alfalfa,Sacramento River,0.5,16682.73048,265.9340588,5.738666667,1.374122710491705e-12,59016.9959250395,1.0815567339041944e-08,25459630.41093084,2.0970581758379716e-09,12,Good,355.9474514878746
PA-510,Almonds & Pistachios,Sacramento River,0.5,1566.716076,4752.460005,0.866083333,1414.3876805431137,5661.599065490843,4855.577352138153,6448644.731811827,5821657.03447719,12,Good,355.9474514878746
PA-510,Citrus & Subtropical,Sacramento River,0.5,61.97170988,2194.145189,2.488266667,61.034210475129896,184.23859874728424,172.37888802086334,338341.88359563163,333223.49465448834,12,Good,355.9474514878746
PA-510,Corn,Sacramento River,0.5,20225.2842,229.5964804,5.475333333,11875.479039998441,57174.351547067905,31891.970462492176,25425553.90220952,14928869.698950374,12,Good,355.9474514878746
PA-510,Cucurbits,Sacramento River,0.5,1999.493941,202.6283347,12.01,1988.468320903873,3941.73321278692,3723.9977650473757,4865901.071365916,4839069.493866168,12,Good,355.9474514878746
PA-510,Dry Beans,Sacramento River,0.5,614.849885,1378.816395,1.132625,231.01409979127152,1410.3493785291946,503.4075258725656,960199.9485415993,360770.542767464,12,Good,355.9474514878746
PA-510,Grain,Sacramento River,0.5,21196.24035,175.6675181,3.056666667,21408.202967551886,16725.161368645524,16047.792279496201,11381470.626916906,11495285.448122744,12,Good,355.9474514878746
PA-510,Onions & Garlic,Sacramento River,0.5,402.1398921,437.7307492,13.52225,394.47810696726157,849.9204803444353,792.0409641882027,2380308.094570502,2334957.1867680447,12,Good,355.9474514878746
PA-510,Other Deciduous,Sacramento River,0.5,18712.70347,2073.56392,1.923888889,18187.09252850708,62271.03808046807,57495.84317462774,74650711.20071074,72553888.00997156,12,Good,355.9474514878746
PA-510,Pasture,Sacramento River,0.5,36896.05782,201.9412427,5.0,1.8049325910417976e-05,152168.25587312027,8.999820538296483e-05,37254178.83450927,0.018224516521235575,12,Good,355.9474514878746
PA-510,Potatoes,Sacramento River,0.5,218.7230397,208.9970518,24.678,195.8383943252319,958.389679205475,815.2091319944085,1128092.345963372,1010061.8297325663,12,Good,355.9474514878746
PA-510,Rice,Sacramento River,0.5,4616.803801,511.8800728,4.300666667,3415.8106026127743,21395.307830146216,15038.148673914025,10163549.923462803,7519652.791229473,12,Good,355.9474514878746
PA-510,Safflower,Sacramento River,0.5,6810.6701,564.7150755,1.041333333,9.251240697580284e-13,16052.80034226967,1.0810020449625853e-08,4005059.7190737836,5.440253444273397e-10,12,Good,355.9474514878746
PA-510,Sunflowers,Sacramento River,0.5,688.5759922,3516.323047,0.646166667,506.43274095593205,1978.5912063523735,1382.4504495579372,1564534.681027753,1150681.4001777796,12,Good,355.9474514878746
PA-510,Tomato Processing,Sacramento River,0.5,4041.70381,100.8352144,44.26533333,3689.406358579184,10778.334255926005,9346.892694258046,18040162.64573705,16467681.429378407,12,Good,355.9474514878746
PA-510,Truck Crops,Sacramento River,0.5,402.7464276,4569.754449,5.564927083,400.4383946603322,1072.2055273428969,1012.7579416973499,10241982.734290263,10183288.648140036,12,Good,355.9474514878746
PA-510,Vineyard,Sacramento River,0.5,50736.38468,1577.240048,10.29948564,50537.67839949639,140587.2049556588,133034.77137072472,824200454.5569474,820972518.4762168,12,Good,355.9474514878746
PA-510,Alfalfa,Sacramento River,0.55,16682.73048,265.9340588,5.738666667,1210.892522207849,59016.9959250395,4069.4823008861686,25459630.41093084,1847951.4561318802,7,Good,242.01852966686474
PA-510,Almonds & Pistachios,Sacramento River,0.55,1566.716076,4752.460005,0.866083333,1497.37911389595,5661.599065490843,5140.486030165733,6448644.731811827,6163251.965220902,7,Good,242.01852966686474
PA-510,Citrus & Subtropical,Sacramento River,0.55,61.97170988,2194.145189,2.488266667,61.604948946545136,184.23859874728424,173.9908244333605,338341.88359563163,336339.5088782857,7,Good,242.01852966686474
PA-510,Corn,Sacramento River,0.55,20225.2842,229.5964804,5.475333333,18220.923603001076,57174.351547067905,48932.86034099682,25425553.90220952,22905837.595901154,7,Good,242.01852966686474
PA-510,Cucurbits,Sacramento River,0.55,1999.493941,202.6283347,12.01,2000.30782349097,3941.73321278692,3746.170751576316,4865901.071365916,4867881.708367894,7,Good,242.01852966686474
PA-510,Dry Beans,Sacramento River,0.55,614.849885,1378.816395,1.132625,550.5365380517753,1410.3493785291946,1199.6853732156403,960199.9485415993,859762.9574373019,7,Good,242.01852966686474
PA-510,Grain,Sacramento River,0.55,21196.24035,175.6675181,3.056666667,21408.202967517886,16725.161368645524,16047.792279644667,11381470.626916906,11495285.448104486,7,Good,242.01852966686474
PA-510,Onions & Garlic,Sacramento River,0.55,402.1398921,437.7307492,13.52225,401.5985911062274,849.9204803444353,806.3376134676729,2380308.094570502,2377104.077355628,7,Good,242.01852966686474
PA-510,Other Deciduous,Sacramento River,0.55,18712.70347,2073.56392,1.923888889,18486.960833261764,62271.03808046807,58443.833129541104,74650711.20071074,73750154.61315781,7,Good,242.01852966686474
PA-510,Pasture,Sacramento River,0.55,36896.05782,201.9412427,5.0,6.486075805029751e-08,152168.25587312027,3.3658528764495585e-07,37254178.83450927,6.549031041570555e-05,7,Good,242.01852966686474
PA-510,Potatoes,Sacramento River,0.55,218.7230397,208.9970518,24.678,207.17615295581078,958.389679205475,862.4043942610972,1128092.345963372,1068537.785210686,7,Good,242.01852966686474
PA-510,Rice,Sacramento River,0.55,4616.803801,511.8800728,4.300666667,4147.205573619362,21395.307830146216,18258.129580367913,10163549.923462803,9129764.379680552,7,Good,242.01852966686474
PA-510,Safflower,Sacramento River,0.55,6810.6701,564.7150755,1.041333333,2.1725646132576276e-07,16052.80034226967,5.666639623503948e-07,4005059.7190737836,0.00012775910287657653,7,Good,242.01852966686474
PA-510,Sunflowers,Sacramento River,0.55,688.5759922,3516.323047,0.646166667,625.7198416343799,1978.5912063523735,1708.0781048146243,1564534.681027753,1421717.2889173827,7,Good,242.01852966686474
PA-510,Tomato Processing,Sacramento River,0.55,4041.70381,100.8352144,44.26533333,3927.247536363024,10778.334255926005,9949.449244340327,18040162.64573705,17529286.56740413,7,Good,242.01852966686474
PA-510,Truck Crops,Sacramento River,0.55,402.7464276,4569.754449,5.564927083,401.9737521910963,1072.2055273428969,1016.6410497474702,10241982.734290263,10222333.327976815,7,Good,242.01852966686474
PA-510,Vineyard,Sacramento River,0.55,50736.38468,1577.240048,10.29948564,50664.73043658092,140587.2049556588,133369.22161148954,824200454.5569474,823036448.4818313,7,Good,242.01852966686474
PA-510,Alfalfa,Sacramento River,0.6,16682.73048,265.9340588,5.738666667,7009.847511992085,59016.9959250395,23558.201787784794,25459630.41093084,10697776.788173681,2,Good,209.35312271814348
PA-510,Almonds & Pistachios,Sacramento River,0.6,1566.716076,4752.460005,0.866083333,1519.62965866706,5661.599065490843,5216.871905657329,6448644.731811827,6254835.794937194,2,Good,209.35312271814348
PA-510,Citrus & Subtropical,Sacramento River,0.6,61.97170988,2194.145189,2.488266667,61.7640447859456,184.23859874728424,174.44015872757046,338341.88359563163,337208.111440313,2,Good,209.35312271814348
PA-510,Corn,Sacramento River,0.6,20225.2842,229.5964804,5.475333333,19271.266503798633,57174.351547067905,51753.589058960046,25425553.90220952,24226241.787800293,2,Good,209.35312271814348
PA-510,Cucurbits,Sacramento River,0.6,1999.493941,202.6283347,12.01,2003.509071225276,3941.73321278692,3752.166039146502,4865901.071365916,4875672.156971243,2,Good,209.35312271814348
PA-510,Dry Beans,Sacramento River,0.6,614.849885,1378.816395,1.132625,620.9983875832427,1410.3493785291946,1353.2302233831606,960199.9485415993,969801.953857153,2,Good,209.35312271814348
PA-510,Grain,Sacramento River,0.6,21196.24035,175.6675181,3.056666667,21408.20296753144,16725.161368645524,16047.79227965487,11381470.626916906,11495285.448111765,2,Good,209.35312271814348
PA-510,Onions & Garlic,Sacramento River,0.6,402.1398921,437.7307492,13.52225,403.6165542479316,849.9204803444353,810.3893198721904,2380308.094570502,2389048.612317479,2,Good,209.35312271814348
PA-510,Other Deciduous,Sacramento River,0.6,18712.70347,2073.56392,1.923888889,18567.81030527461,62271.03808046807,58699.42695556488,74650711.20071074,74072687.9443591,2,Good,209.35312271814348
PA-510,Pasture,Sacramento River,0.6,36896.05782,201.9412427,5.0,2.202245241504164e-07,152168.25587312027,9.41616816400865e-07,37254178.83450927,0.00022236207039975624,2,Good,209.35312271814348
PA-510,Potatoes,Sacramento River,0.6,218.7230397,208.9970518,24.678,210.22733265235826,958.389679205475,875.1054254377514,1128092.345963372,1084274.6388432758,2,Good,209.35312271814348
PA-510,Rice,Sacramento River,0.6,4616.803801,511.8800728,4.300666667,4283.8120664668895,21395.307830146216,18859.541544072894,10163549.923462803,9430493.405597633,2,Good,209.35312271814348
PA-510,Safflower,Sacramento River,0.6,6810.6701,564.7150755,1.041333333,1717.3033555013196,16052.80034226967,3845.311966729943,4005059.7190737836,1009871.6269561466,2,Good,209.35312271814348
PA-510,Sunflowers,Sacramento River,0.6,688.5759922,3516.323047,0.646166667,655.8042876796515,1978.5912063523735,1790.2020525685666,1564534.681027753,1490073.0836742588,2,Good,209.35312271814348
PA-510,Tomato Processing,Sacramento River,0.6,4041.70381,100.8352144,44.26533333,3993.136969715226,10778.334255926005,10116.37622482758,18040162.64573705,17823384.341557737,2,Good,209.35312271814348
PA-510,Truck Crops,Sacramento River,0.6,402.7464276,4569.754449,5.564927083,402.4178471616914,1072.2055273428969,1017.7642205382281,10241982.734290263,10233626.818643695,2,Good,209.35312271814348
PA-510,Vineyard,Sacramento River,0.6,50736.38468,1577.240048,10.29948564,50701.2963707095,140587.2049556588,133465.47733278136,824200454.5569474,823630453.3507268,2,Good,209.35312271814348
PA-510,Alfalfa,Sacramento River,0.65,16682.73048,265.9340588,5.738666667,9724.943890111343,59016.9959250395,32682.906460657265,25459630.41093084,14841304.156181201,2,Good,191.82999273122314
PA-510,Almonds & Pistachios,Sacramento River,0.65,1566.716076,4752.460005,0.866083333,1531.248029898524,5661.599065490843,5256.757646318166,6448644.731811827,6302657.317663444,2,Good,191.82999273122314
PA-510,Citrus & Subtropical,Sacramento River,0.65,61.97170988,2194.145189,2.488266667,61.848113292465456,184.23859874728424,174.67759336578555,338341.88359563163,337667.0934000181,2,Good,191.82999273122314
PA-510,Corn,Sacramento River,0.65,20225.2842,229.5964804,5.475333333,19767.764177275636,57174.351547067905,53086.94909301663,25425553.90220952,24850397.583806913,2,Good,191.82999273122314
PA-510,Cucurbits,Sacramento River,0.65,1999.493941,202.6283347,12.01,2005.185028585189,3941.73321278692,3755.3047672806993,4865901.071365916,4879750.710322141,2,Good,191.82999273122314
PA-510,Dry Beans,Sacramento River,0.65,614.849885,1378.816395,1.132625,620.998389733249,1410.3493785291946,1353.2302280683605,960199.9485415993,969801.957214779,2,Good,191.82999273122314
PA-510,Grain,Sacramento River,0.65,21196.24035,175.6675181,3.056666667,21408.202967537873,16725.161368645524,16047.792279659749,11381470.626916906,11495285.448115218,2,Good,191.82999273122314
PA-510,Onions & Garlic,Sacramento River,0.65,402.1398921,437.7307492,13.52225,404.68898318523253,849.9204803444353,812.5425639548116,2380308.094570502,2395396.431398493,2,Good,191.82999273122314
PA-510,Other Deciduous,Sacramento River,0.65,18712.70347,2073.56392,1.923888889,18610.09893046222,62271.03808046807,58833.11628265502,74650711.20071074,74241390.23534642,2,Good,191.82999273122314
PA-510,Pasture,Sacramento River,0.65,36896.05782,201.9412427,5.0,1260.4837526319518,152168.25587312027,4938.612481423148,37254178.83450927,1272718.2770482786,2,Good,191.82999273122314
PA-510,Potatoes,Sacramento River,0.65,218.7230397,208.9970518,24.678,211.82231601221775,958.389679205475,881.7448027916823,1128092.345963372,1092500.9716642916,2,Good,191.82999273122314
PA-510,Rice,Sacramento River,0.65,4616.803801,511.8800728,4.300666667,4349.535060956154,21395.307830146216,19148.8879312939,10163549.923462803,9575177.685979316,2,Good,191.82999273122314
PA-510,Safflower,Sacramento River,0.65,6810.6701,564.7150755,1.041333333,6878.776869420981,16052.80034226967,15402.661927666788,4005059.7190737836,4045110.3564999327,2,Good,191.82999273122314
PA-510,Sunflowers,Sacramento River,0.65,688.5759922,3516.323047,0.646166667,671.2395323131727,1978.5912063523735,1832.336889352562,1564534.681027753,1525143.9775376008,2,Good,191.82999273122314
PA-510,Tomato Processing,Sacramento River,0.65,4041.70381,100.8352144,44.26533333,4027.893662870021,10778.334255926005,10204.43025025898,18040162.64573705,17978520.99357789,2,Good,191.82999273122314
PA-510,Truck Crops,Sacramento River,0.65,402.7464276,4569.754449,5.564927083,402.65546869546154,1072.2055273428969,1018.3651946173987,10241982.734290263,10239669.617485318,2,Good,191.82999273122314
PA-510,Vineyard,Sacramento River,0.65,50736.38468,1577.240048,10.29948564,50720.82868890542,140587.2049556588,133516.89397018604,824200454.5569474,823947751.1959944,2,Good,191.82999273122314
PA-510,Alfalfa,Sacramento River,0.7,16682.73048,265.9340588,5.738666667,10468.20612723516,59016.9959250395,35180.80983632834,25459630.41093084,15975601.798779935,2,Good,186.75959579776617
PA-510,Almonds & Pistachios,Sacramento River,0.7,1566.716076,4752.460005,0.866083333,1534.5700662356219,5661.599065490843,5268.1621604997745,6448644.731811827,6316330.906932284,2,Good,186.75959579776617
PA-510,Citrus & Subtropical,Sacramento River,0.7,61.97170988,2194.145189,2.488266667,61.872276160387806,184.23859874728424,174.74583651209576,338341.88359563163,337799.0134367857,2,Good,186.75959579776617
PA-510,Corn,Sacramento River,0.7,20225.2842,229.5964804,5.475333333,19904.162606862566,57174.351547067905,53453.25134259545,25425553.90220952,25021866.404187657,2,Good,186.75959579776617
PA-510,Cucurbits,Sacramento River,0.7,1999.493941,202.6283347,12.01,2005.6647793560217,3941.73321278692,3756.2032431190905,4865901.071365916,4880918.215630316,2,Good,186.75959579776617
PA-510,Dry Beans,Sacramento River,0.7,614.849885,1378.816395,1.132625,620.9983898964691,1410.3493785291946,1353.2302283956649,960199.9485415993,969801.9574696769,2,Good,186.75959579776617
PA-510,Grain,Sacramento River,0.7,21196.24035,175.6675181,3.056666667,21408.20296755436,16725.161368645524,16047.792279643754,11381470.626916906,11495285.448124072,2,Good,186.75959579776617
PA-510,Onions & Garlic,Sacramento River,0.7,402.1398921,437.7307492,13.52225,404.99799902289027,849.9204803444353,813.1630120516811,2380308.094570502,2397225.528471867,2,Good,186.75959579776617
PA-510,Other Deciduous,Sacramento River,0.7,18712.70347,2073.56392,1.923888889,18622.199446545044,62271.03808046807,58871.37030118069,74650711.20071074,74289662.90385349,2,Good,186.75959579776617
PA-510,Pasture,Sacramento River,0.7,36896.05782,201.9412427,5.0,7529.370476228232,152168.25587312027,29500.295369175845,37254178.83450927,7602452.1535911,2,Good,186.75959579776617
PA-510,Potatoes,Sacramento River,0.7,218.7230397,208.9970518,24.678,212.2785889187132,958.389679205475,883.6441128618395,1128092.345963372,1094854.2581502236,2,Good,186.75959579776617
PA-510,Rice,Sacramento River,0.7,4616.803801,511.8800728,4.300666667,4367.711201726516,21395.307830146216,19228.90864100953,10163549.923462803,9615191.106973177,2,Good,186.75959579776617
PA-510,Safflower,Sacramento River,0.7,6810.6701,564.7150755,1.041333333,6878.776869607151,16052.80034226967,15402.661928055706,4005059.7190737836,4045110.3566094115,2,Good,186.75959579776617
PA-510,Sunflowers,Sacramento River,0.7,688.5759922,3516.323047,0.646166667,675.6199393441952,1978.5912063523735,1844.294440997703,1564534.681027753,1535096.8350212842,2,Good,186.75959579776617
PA-510,Tomato Processing,Sacramento River,0.7,4041.70381,100.8352144,44.26533333,4037.875782562008,10778.334255926005,10229.71935979282,18040162.64573705,18023076.228512995,2,Good,186.75959579776617
PA-510,Truck Crops,Sacramento River,0.7,402.7464276,4569.754449,5.564927083,402.7241463924729,1072.2055273428969,1018.5388889297684,10241982.734290263,10241416.115377834,2,Good,186.75959579776617
PA-510,Vineyard,Sacramento River,0.7,50736.38468,1577.240048,10.29948564,50726.46968043158,140587.2049556588,133531.74324780048,824200454.5569474,824039387.7564104,2,Good,186.75959579776617
PA-510,Alfalfa,Sacramento River,0.75,16682.73048,265.9340588,5.738666667,11433.254241569008,59016.9959250395,38424.07556692255,25459630.41093084,17448368.40309335,2,Good,179.9923688395504
PA-510,Almonds & Pistachios,Sacramento River,0.75,1566.716076,4752.460005,0.866083333,1538.9765769075243,5661.599065490843,5283.2896631765725,6448644.731811827,6334468.221194474,2,Good,179.9923688395504
PA-510,Citrus & Subtropical,Sacramento River,0.75,61.97170988,2194.145189,2.488266667,61.90441271983972,184.23859874728424,174.8365997819856,338341.88359563163,337974.4667860365,2,Good,179.9923688395504
PA-510,Corn,Sacramento River,0.75,20225.2842,229.5964804,5.475333333,20081.5577637273,57174.351547067905,53929.651585809625,25425553.90220952,25244872.918126047,2,Good,179.9923688395504
PA-510,Cucurbits,Sacramento River,0.75,1999.493941,202.6283347,12.01,2006.3015149042265,3941.73321278692,3757.3957196287256,4865901.071365916,4882467.753802279,2,Good,179.9923688395504
PA-510,Dry Beans,Sacramento River,0.75,614.849885,1378.816395,1.132625,620.9983899307528,1410.3493785291946,1353.2302284725683,960199.9485415993,969801.957523217,2,Good,179.9923688395504
PA-510,Grain,Sacramento River,0.75,21196.24035,175.6675181,3.056666667,21408.202967554782,16725.161368645524,16047.792279646264,11381470.626916906,11495285.448124299,2,Good,179.9923688395504
PA-510,Onions & Garlic,Sacramento River,0.75,402.1398921,437.7307492,13.52225,405.4095274943481,849.9204803444353,813.9892870779369,2380308.094570502,2399661.408549921,2,Good,179.9923688395504
PA-510,Other Deciduous,Sacramento River,0.75,18712.70347,2073.56392,1.923888889,18638.25624335486,62271.03808046807,58922.131524826436,74650711.20071074,74353718.38912207,2,Good,179.9923688395504
PA-510,Pasture,Sacramento River,0.75,36896.05782,201.9412427,5.0,13564.874787375342,152168.25587312027,53147.579088659644,37254178.83450927,13696538.358162373,2,Good,179.9923688395504
PA-510,Potatoes,Sacramento River,0.75,218.7230397,208.9970518,24.678,212.88396097917453,958.389679205475,886.1640724134837,1128092.345963372,1097976.5427929536,2,Good,179.9923688395504
PA-510,Rice,Sacramento River,0.75,4616.803801,511.8800728,4.300666667,4391.425708163094,21395.307830146216,19333.31208177814,10163549.923462803,9667396.827741781,2,Good,179.9923688395504
PA-510,Safflower,Sacramento River,0.75,6810.6701,564.7150755,1.041333333,6878.776869648944,16052.80034226967,15402.661928151416,4005059.7190737836,4045110.356633988,2,Good,179.9923688395504
PA-510,Sunflowers,Sacramento River,0.75,688.5759922,3516.323047,0.646166667,681.4082093275752,1978.5912063523735,1860.0951501432658,1564534.681027753,1548248.5412014779,2,Good,179.9923688395504
PA-510,Tomato Processing,Sacramento River,0.75,4041.70381,100.8352144,44.26533333,4051.1467669400627,10778.334255926005,10263.340613425791,18040162.64573705,18082311.325369123,2,Good,179.9923688395504
PA-510,Truck Crops,Sacramento River,0.75,402.7464276,4569.754449,5.564927083,402.81575211011875,1072.2055273428969,1018.7705710566091,10241982.734290263,10243745.680866675,2,Good,179.9923688395504
PA-510,Vineyard,Sacramento River,0.75,50736.38468,1577.240048,10.29948564,50733.990945360274,140587.2049556588,133551.5421343344,824200454.5569474,824161568.9092885,2,Good,179.9923688395504
PA-510,Alfalfa,Sacramento River,0.8,16682.73048,265.9340588,5.738666667,12651.297124190727,59016.9959250395,42517.58829538217,25459630.41093084,19307232.07372515,2,Good,171.14504314663873
PA-510,Almonds & Pistachios,Sacramento River,0.8,1566.716076,4752.460005,0.866083333,1544.691212026698,5661.599065490843,5302.907942695297,6448644.731811827,6357989.81021753,2,Good,171.14504314663873
PA-510,Citrus & Subtropical,Sacramento River,0.8,61.97170988,2194.145189,2.488266667,61.946234931206206,184.23859874728424,174.954718234374,338341.88359563163,338202.80009807955,2,Good,171.14504314663873
PA-510,Corn,Sacramento River,0.8,20225.2842,229.5964804,5.475333333,20305.922977118385,57174.351547067905,54532.19138519029,25425553.90220952,25526926.300933678,2,Good,171.14504314663873
PA-510,Cucurbits,Sacramento River,0.8,1999.493941,202.6283347,12.01,2007.1278989788646,3941.73321278692,3758.9433693553983,4865901.071365916,4884478.814236966,2,Good,171.14504314663873
PA-510,Dry Beans,Sacramento River,0.8,614.849885,1378.816395,1.132625,620.9983899585517,1410.3493785291946,1353.2302285363046,960199.9485415993,969801.9575666301,2,Good,171.14504314663873
PA-510,Grain,Sacramento River,0.8,21196.24035,175.6675181,3.056666667,21408.202967555313,16725.161368645524,16047.792279649824,11381470.626916906,11495285.448124584,2,Good,171.14504314663873
PA-510,Onions & Garlic,Sacramento River,0.8,402.1398921,437.7307492,13.52225,405.94600551810043,849.9204803444353,815.0664382935416,2380308.094570502,2402836.87810065,2,Good,171.14504314663873
PA-510,Other Deciduous,Sacramento River,0.8,18712.70347,2073.56392,1.923888889,18659.089955817133,62271.03808046807,58987.99427131317,74650711.20071074,74436830.4554653,2,Good,171.14504314663873
PA-510,Pasture,Sacramento River,0.8,36896.05782,201.9412427,5.0,19333.318188012672,152168.25587312027,75748.51029215925,37254178.83450927,19520971.502008956,2,Good,171.14504314663873
PA-510,Potatoes,Sacramento River,0.8,218.7230397,208.9970518,24.678,213.66929705750962,958.389679205475,889.433161427162,1128092.345963372,1102027.0151171945,2,Good,171.14504314663873
PA-510,Rice,Sacramento River,0.8,4616.803801,511.8800728,4.300666667,4421.538393400699,21395.307830146216,19465.883592722494,10163549.923462803,9733687.662902595,2,Good,171.14504314663873
PA-510,Safflower,Sacramento River,0.8,6810.6701,564.7150755,1.041333333,6878.776869681186,16052.80034226967,15402.661928226666,4005059.7190737836,4045110.3566529485,2,Good,171.14504314663873
PA-510,Sunflowers,Sacramento River,0.8,688.5759922,3516.323047,0.646166667,688.8778297546809,1978.5912063523735,1880.4855777040457,1564534.681027753,1565220.495415249,2,Good,171.14504314663873
PA-510,Tomato Processing,Sacramento River,0.8,4041.70381,100.8352144,44.26533333,4068.4086180367435,10778.334255926005,10307.07249173769,18040162.64573705,18159359.67329114,2,Good,171.14504314663873
PA-510,Truck Crops,Sacramento River,0.8,402.7464276,4569.754449,5.564927083,402.9354202832771,1072.2055273428969,1019.0732265852422,10241982.734290263,10246788.884429362,2,Good,171.14504314663873
PA-510,Vineyard,Sacramento River,0.8,50736.38468,1577.240048,10.29948564,50743.81116541522,140587.2049556588,133577.39276244707,824200454.5569474,824321096.0392601,2,Good,171.14504314663873
PA-510,Alfalfa,Sacramento River,0.85,16682.73048,265.9340588,5.738666667,14170.668896645067,59016.9959250395,47623.785933036765,25459630.41093084,21625955.84798158,2,Good,159.61089745047198
PA-510,Almonds & Pistachios,Sacramento River,0.85,1566.716076,4752.460005,0.866083333,1552.063905130282,5661.599065490843,5328.21831704102,6448644.731811827,6388336.009678938,2,Good,159.61089745047198
PA-510,Citrus & Subtropical,Sacramento River,0.85,61.97170988,2194.145189,2.488266667,62.00043401599292,184.23859874728424,175.10779268530987,338341.88359563163,338498.7064151943,2,Good,159.61089745047198
PA-510,Corn,Sacramento River,0.85,20225.2842,229.5964804,5.475333333,20427.537245762473,57174.351547067905,54858.790308097145,25425553.90220952,25679809.69738494,2,Good,159.61089745047198
PA-510,Cucurbits,Sacramento River,0.85,1999.493941,202.6283347,12.01,2008.1950887340006,3941.73321278692,3760.9419992710227,4865901.071365916,4887075.8912605,2,Good,159.61089745047198
PA-510,Dry Beans,Sacramento River,0.85,614.849885,1378.816395,1.132625,620.998389980767,1410.3493785291946,1353.2302285894173,960199.9485415993,969801.9576013234,2,Good,159.61089745047198
PA-510,Grain,Sacramento River,0.85,21196.24035,175.6675181,3.056666667,21408.202967555975,16725.161368645524,16047.792279655021,11381470.626916906,11495285.44812494,2,Good,159.61089745047198
PA-510,Onions & Garlic,Sacramento River,0.85,402.1398921,437.7307492,13.52225,406.1612945145137,849.9204803444353,815.4986998136795,2380308.094570502,2404111.1961946804,2,Good,159.61089745047198
PA-510,Other Deciduous,Sacramento River,0.85,18712.70347,2073.56392,1.923888889,18685.985400085487,62271.03808046807,59073.02029971378,74650711.20071074,74544124.62842703,2,Good,159.61089745047198
PA-510,Pasture,Sacramento River,0.85,36896.05782,201.9412427,5.0,24899.395380462083,152168.25587312027,97556.56472951881,37254178.83450927,25141074.22804576,2,Good,159.61089745047198
PA-510,Potatoes,Sacramento River,0.85,218.7230397,208.9970518,24.678,214.68290959683205,958.389679205475,893.6524882966827,1128092.345963372,1107254.8527924137,2,Good,159.61089745047198
PA-510,Rice,Sacramento River,0.85,4616.803801,511.8800728,4.300666667,4459.376699832124,21395.307830146216,19632.467257235647,10163549.923462803,9816985.878077298,2,Good,159.61089745047198
PA-510,Safflower,Sacramento River,0.85,6810.6701,564.7150755,1.041333333,6878.776869705958,16052.80034226967,15402.66192828667,4005059.7190737836,4045110.356667516,2,Good,159.61089745047198
PA-510,Sunflowers,Sacramento River,0.85,688.5759922,3516.323047,0.646166667,695.4617581585808,1978.5912063523735,1898.4582600524413,1564534.681027753,1580180.0415539315,2,Good,159.61089745047198
PA-510,Tomato Processing,Sacramento River,0.85,4041.70381,100.8352144,44.26533333,4082.120888118375,10778.334255926005,10341.811716590782,18040162.64573705,18220564.450816613,2,Good,159.61089745047198
PA-510,Truck Crops,Sacramento River,0.85,402.7464276,4569.754449,5.564927083,403.09126852966307,1072.2055273428969,1019.4673859696816,10241982.734290263,10250752.159927959,2,Good,159.61089745047198
PA-510,Vineyard,Sacramento River,0.85,50736.38468,1577.240048,10.29948564,50756.59174465582,140587.2049556588,133611.0362041592,824200454.5569474,824528713.4973435,2,Good,159.61089745047198
PA-510,Alfalfa,Sacramento River,0.9,16682.73048,265.9340588,5.738666667,16021.913591923148,59016.9959250395,53845.318714640845,25459630.41093084,24451153.185940146,2,Good,144.77226701037858
PA-510,Almonds & Pistachios,Sacramento River,0.9,1566.716076,4752.460005,0.866083333,1561.4230339021262,5661.599065490843,5360.3481032031705,6448644.731811827,6426858.430794953,2,Good,144.77226701037858
PA-510,Citrus & Subtropical,Sacramento River,0.9,61.97170988,2194.145189,2.488266667,62.06962887610916,184.23859874728424,175.30321971049676,338341.88359563163,338876.4839422659,2,Good,144.77226701037858
PA-510,Corn,Sacramento River,0.9,20225.2842,229.5964804,5.475333333,20427.53724609243,57174.351547067905,54858.79030900148,25425553.90220952,25679809.697799735,2,Good,144.77226701037858
PA-510,Cucurbits,Sacramento River,0.9,1999.493941,202.6283347,12.01,2009.5514790865193,3941.73321278692,3763.48224324928,4865901.071365916,4890376.757111692,2,Good,144.77226701037858
PA-510,Dry Beans,Sacramento River,0.9,614.849885,1378.816395,1.132625,620.9983899883549,1410.3493785291946,1353.2302286243546,960199.9485415993,969801.9576131733,2,Good,144.77226701037858
PA-510,Grain,Sacramento River,0.9,21196.24035,175.6675181,3.056666667,21408.20296755281,16725.161368645524,16047.79227967103,11381470.626916906,11495285.448123239,2,Good,144.77226701037858
PA-510,Onions & Garlic,Sacramento River,0.9,402.1398921,437.7307492,13.52225,406.1612946960453,849.9204803444353,815.4987001968352,2380308.094570502,2404111.1972691845,2,Good,144.77226701037858
PA-510,Other Deciduous,Sacramento River,0.9,18712.70347,2073.56392,1.923888889,18720.154607022334,62271.03808046807,59181.04126901948,74650711.20071074,74680436.07070951,2,Good,144.77226701037858
PA-510,Pasture,Sacramento River,0.9,36896.05782,201.9412427,5.0,30257.476218012172,152168.25587312027,118549.68332004987,37254178.83450927,30551161.74215537,2,Good,144.77226701037858
PA-510,Potatoes,Sacramento River,0.9,218.7230397,208.9970518,24.678,215.9702908859406,958.389679205475,899.0114220770191,1128092.345963372,1113894.6881777109,2,Good,144.77226701037858
PA-510,Rice,Sacramento River,0.9,4616.803801,511.8800728,4.300666667,4505.880640182805,21395.307830146216,19837.20149428272,10163549.923462803,9919360.841312578,2,Good,144.77226701037858
PA-510,Safflower,Sacramento River,0.9,6810.6701,564.7150755,1.041333333,6878.776869714879,16052.80034226967,15402.661928324513,4005059.7190737836,4045110.3566727615,2,Good,144.77226701037858
PA-510,Sunflowers,Sacramento River,0.9,688.5759922,3516.323047,0.646166667,695.4617588602715,1978.5912063523735,1898.4582619863459,1564534.681027753,1580180.0431482645,2,Good,144.77226701037858
PA-510,Tomato Processing,Sacramento River,0.9,4041.70381,100.8352144,44.26533333,4082.12088870292,10778.334255926005,10341.811718090268,18040162.64573705,18220564.45342573,2,Good,144.77226701037858
PA-510,Truck Crops,Sacramento River,0.9,402.7464276,4569.754449,5.564927083,403.2914982362519,1072.2055273428969,1019.9737915384416,10241982.734290263,10255844.07150616,2,Good,144.77226701037858
PA-510,Vineyard,Sacramento River,0.9,50736.38468,1577.240048,10.29948564,50772.997566562255,140587.2049556588,133654.22269068833,824200454.5569474,824795222.1569169,2,Good,144.77226701037858
PA-510,Alfalfa,Sacramento River,0.95,16682.73048,265.9340588,5.738666667,16715.116606246807,59016.9959250395,56174.98660144411,25459630.41093084,25509055.102271024,2,Good,15.45105362973182
PA-510,Almonds & Pistachios,Sacramento River,0.95,1566.716076,4752.460005,0.866083333,1566.6537350107412,5661.599065490843,5395.256936452746,6448644.731811827,6448388.134654169,2,Good,15.45105362973182
PA-510,Citrus & Subtropical,Sacramento River,0.95,61.97170988,2194.145189,2.488266667,61.987154545551896,184.23859874728424,175.7851742744574,338341.88359563163,338426.2055748775,2,Good,15.45105362973182
PA-510,Corn,Sacramento River,0.95,20225.2842,229.5964804,5.475333333,20333.301395388087,57174.351547067905,54605.71700978999,25425553.90220952,25561344.183154266,2,Good,15.45105362973182
PA-510,Cucurbits,Sacramento River,0.95,1999.493941,202.6283347,12.01,2000.7936022183885,3941.73321278692,3759.612338276944,4865901.071365916,4869063.883108075,2,Good,15.45105362973182
PA-510,Dry Beans,Sacramento River,0.95,614.849885,1378.816395,1.132625,620.9983893978172,1410.3493785291946,1355.138406589149,960199.9485415993,969801.9566909411,2,Good,15.45105362973182
PA-510,Grain,Sacramento River,0.95,21196.24035,175.6675181,3.056666667,21408.202967364745,16725.161368645524,16070.38592219098,11381470.626916906,11495285.448022256,2,Good,15.45105362973182
PA-510,Onions & Garlic,Sacramento River,0.95,402.1398921,437.7307492,13.52225,402.8246764658615,849.9204803444353,812.513142546447,2380308.094570502,2384361.404876484,2,Good,15.45105362973182
PA-510,Other Deciduous,Sacramento River,0.95,18712.70347,2073.56392,1.923888889,18715.575562685106,62271.03808046807,59360.41041868993,74650711.20071074,74662168.85897595,2,Good,15.45105362973182
PA-510,Pasture,Sacramento River,0.95,36896.05782,201.9412427,5.0,36455.175575400426,152168.25587312027,142832.45201347274,37254178.83450927,36809017.292715244,2,Good,15.45105362973182
PA-510,Potatoes,Sacramento River,0.95,218.7230397,208.9970518,24.678,218.48347573335622,958.389679205475,912.4129241980924,1128092.345963372,1126856.7638431245,2,Good,15.45105362973182
PA-510,Rice,Sacramento River,0.95,4616.803801,511.8800728,4.300666667,4607.1530496204505,21395.307830146216,20283.05474989029,10163549.923462803,10142304.512639035,2,Good,15.45105362973182
PA-510,Safflower,Sacramento River,0.95,6810.6701,564.7150755,1.041333333,6878.776869302935,16052.80034226967,15402.661931443066,4005059.7190737836,4045110.356430515,2,Good,15.45105362973182
PA-510,Sunflowers,Sacramento River,0.95,688.5759922,3516.323047,0.646166667,691.893527980742,1978.5912063523735,1892.5436814351058,1564534.681027753,1572072.5560674246,2,Good,15.45105362973182
PA-510,Tomato Processing,Sacramento River,0.95,4041.70381,100.8352144,44.26533333,4052.460907605628,10778.334255926005,10307.098072056247,18040162.64573705,18088176.99798163,2,Good,15.45105362973182
PA-510,Truck Crops,Sacramento River,0.95,402.7464276,4569.754449,5.564927083,402.82108926313555,1072.2055273428969,1024.1423294754254,10241982.734290263,10243881.406537475,2,Good,15.45105362973182
PA-510,Vineyard,Sacramento River,0.95,50736.38468,1577.240048,10.29948564,50741.57719022834,140587.2049556588,134250.98190796984,824200454.5569474,824284805.6457661,2,Good,15.45105362973182
PA-510,Alfalfa,Sacramento River,1.0,16682.73048,265.9340588,5.738666667,16682.724164925978,59016.9959250395,59016.940700139225,25459630.41093084,25459620.773452684,2,Good,0.00014489264737946867
PA-510,Almonds & Pistachios,Sacramento River,1.0,1566.716076,4752.460005,0.866083333,1566.716041543889,5661.599065490843,5661.59602449731,6448644.731811827,6448644.589989565,2,Good,0.00014489264737946867
PA-510,Citrus & Subtropical,Sacramento River,1.0,61.97170988,2194.145189,2.488266667,61.97170969441964,184.23859874728424,184.23850556007852,338341.88359563163,338341.8825824337,2,Good,0.00014489264737946867
PA-510,Corn,Sacramento River,1.0,20225.2842,229.5964804,5.475333333,20225.28348580047,57174.351547067905,57174.31779472734,25425553.90220952,25425553.004376967,2,Good,0.00014489264737946867
PA-510,Cucurbits,Sacramento River,1.0,1999.493941,202.6283347,12.01,1999.4939435482884,3941.73321278692,3941.7311946788564,4865901.071365916,4865901.0775673445,2,Good,0.00014489264737946867
PA-510,Dry Beans,Sacramento River,1.0,614.849885,1378.816395,1.132625,614.84988479934,1410.3493785291946,1410.3486289118475,960199.9485415993,960199.9482282322,2,Good,0.00014489264737946867
PA-510,Grain,Sacramento River,1.0,21196.24035,175.6675181,3.056666667,21196.364802200813,16725.161368645524,16725.25067711613,11381470.626916906,11381537.452403152,2,Good,0.00014489264737946867
PA-510,Onions & Garlic,Sacramento River,1.0,402.1398921,437.7307492,13.52225,402.1398928766458,849.9204803444353,849.9200563349954,2380308.094570502,2380308.09916755,2,Good,0.00014489264737946867
PA-510,Other Deciduous,Sacramento River,1.0,18712.70347,2073.56392,1.923888889,18712.703362189015,62271.03808046807,62271.005710303965,74650711.20071074,74650710.77061968,2,Good,0.00014489264737946867
PA-510,Pasture,Sacramento River,1.0,36896.05782,201.9412427,5.0,36896.042942263215,152168.25587312027,152168.1003121865,37254178.83450927,37254163.81236599,2,Good,0.00014489264737946867
PA-510,Potatoes,Sacramento River,1.0,218.7230397,208.9970518,24.678,218.72303357250797,958.389679205475,958.389159952429,1128092.345963372,1128092.3143600398,2,Good,0.00014489264737946867
PA-510,Rice,Sacramento River,1.0,4616.803801,511.8800728,4.300666667,4616.803592884352,21395.307830146216,21395.295086431353,10163549.923462803,10163549.465311693,2,Good,0.00014489264737946867
PA-510,Safflower,Sacramento River,1.0,6810.6701,564.7150755,1.041333333,6810.56810416766,16052.80034226967,16052.550047915256,4005059.7190737836,4004999.7397481636,2,Good,0.00014489264737946867
PA-510,Sunflowers,Sacramento River,1.0,688.5759922,3516.323047,0.646166667,688.5759663879277,1978.5912063523735,1978.5900923571303,1564534.681027753,1564534.6223793502,2,Good,0.00014489264737946867
PA-510,Tomato Processing,Sacramento River,1.0,4041.70381,100.8352144,44.26533333,4041.70376893424,10778.334255926005,10778.328673790224,18040162.64573705,18040162.46243985,2,Good,0.00014489264737946867
PA-510,Truck Crops,Sacramento River,1.0,402.7464276,4569.754449,5.564927083,402.7464273091311,1072.2055273428969,1072.204996235475,10241982.734290263,10241982.726893365,2,Good,0.00014489264737946867
PA-510,Vineyard,Sacramento River,1.0,50736.38468,1577.240048,10.29948564,50736.384651362736,140587.2049556588,140587.1350229902,824200454.5569474,824200454.0917418,2,Good,0.00014489264737946867
PA-511,Alfalfa,Sacramento River,0.5,4542.646173,272.6760507,6.346166667,5.946404439092216e-21,16748.50439239919,5.94640443908964e-08,7860811.457726573,1.0289941669884102e-17,9,Good,470.01098081102725
PA-511,Almonds & Pistachios,Sacramento River,0.5,8968.024185,4813.208316,0.968083333,7768.420104439125,32407.503901233526,26668.900782856377,41787286.65692765,36197627.37912794,9,Good,470.01098081102725
PA-511,Citrus & Subtropical,Sacramento River,0.5,90.25113441,1059.63041,2.276933333,82.65910979196859,268.31182439936913,233.4540796430108,217749.6160572052,199432.2790344584,9,Good,470.01098081102725
PA-511,Corn,Sacramento River,0.5,3011.952279,232.4338434,5.52225,5.946415014487817e-21,8204.900207942228,5.946415014484557e-08,3866014.8159861593,7.632567324620767e-18,9,Good,470.01098081102725
PA-511,Cucurbits,Sacramento River,0.5,313.9772742,202.6283347,12.01,310.1328084401575,618.9639410237381,580.8158337296135,764084.5133795432,754728.7510658592,9,Good,470.01098081102725
PA-511,Dry Beans,Sacramento River,0.5,284.0057639,1367.469895,0.945875,5.946404439092506e-21,651.4555217247445,5.946404439089352e-08,367348.842037665,7.691410043908138e-18,9,Good,470.01098081102725
PA-511,Grain,Sacramento River,0.5,20199.37665,192.2923111,2.67815,20401.370620279133,14636.094228134441,14043.33234823271,10402429.572490314,10506453.973158954,9,Good,470.01098081102725
PA-511,Onions & Garlic,Sacramento River,0.5,14.18800314,437.7307492,13.52225,13.655424545853478,29.986267666472962,27.417632217730258,83980.27498235782,80827.88656343741,9,Good,470.01098081102725
PA-511,Other Deciduous,Sacramento River,0.5,15717.03551,2248.933707,1.722722222,14951.288391803875,52302.22978333118,47266.31985233183,60892323.21701165,57925598.29016229,9,Good,470.01098081102725
PA-511,Pasture,Sacramento River,0.5,11917.05215,206.5137973,5.0,5.946404439070019e-21,49148.8020118925,5.9464044390678015e-08,12305178.460593145,6.14007280496963e-18,9,Good,470.01098081102725
PA-511,Rice,Sacramento River,0.5,54766.94089,552.9129016,4.3535,28411.087019744715,248333.9997406555,122385.27032582372,131829849.38541569,68388507.04134855,9,Good,470.01098081102725
PA-511,Safflower,Sacramento River,0.5,261.7399336,577.3547758,1.078,5.9464044390918e-21,616.9229802629436,5.946404439088966e-08,162903.9111346946,3.7009734318843126e-18,9,Good,470.01098081102725
PA-511,Sunflowers,Sacramento River,0.5,417.6073916,3502.540671,0.58725,162.52101553268727,1199.9754886712883,443.64677251573994,858962.8665152718,334284.1151256339,9,Good,470.01098081102725
PA-511,Tomato Processing,Sacramento River,0.5,300.6240857,102.4202958,40.905,251.10178580720964,801.6982523656887,636.1515158421196,1259465.2683226508,1051991.483987652,9,Good,470.01098081102725
PA-511,Truck Crops,Sacramento River,0.5,511.4193475,4569.754449,5.564927083,506.50686124906076,1361.518349019858,1281.0181369013374,13005573.155025529,12880646.90884035,9,Good,470.01098081102725
PA-511,Vineyard,Sacramento River,0.5,80.57640281,1598.652889,10.22870375,80.05744128537756,223.2719443430235,210.7422370645084,1317597.1674184452,1309111.0323839234,9,Good,470.01098081102725
PA-511,Alfalfa,Sacramento River,0.55,4542.646173,272.6760507,6.346166667,5.149927882406605e-17,16748.50439239919,8.172919340986702e-09,7860811.457726573,8.91168067306293e-14,3,Good,450.24484952594497
PA-511,Almonds & Pistachios,Sacramento River,0.55,8968.024185,4813.208316,0.968083333,7852.4341878056075,32407.503901233526,26957.320207022196,41787286.65692765,36589098.28870982,3,Good,450.24484952594497
PA-511,Citrus & Subtropical,Sacramento River,0.55,90.25113441,1059.63041,2.276933333,83.33953337902375,268.31182439936913,235.37579955725525,217749.6160572052,201073.9423310597,3,Good,450.24484952594497
PA-511,Corn,Sacramento River,0.55,3011.952279,232.4338434,5.52225,1.1808398028466843e-16,8204.900207942228,8.172920024063279e-09,3866014.8159861593,1.5156761297118335e-13,3,Good,450.24484952594497
PA-511,Cucurbits,Sacramento River,0.55,313.9772742,202.6283347,12.01,310.5277294355661,618.9639410237381,581.555440577785,764084.5133795432,755689.817491348,3,Good,450.24484952594497
PA-511,Dry Beans,Sacramento River,0.55,284.0057639,1367.469895,0.945875,5.414476785863191e-19,651.4555217247445,8.172918930342655e-09,367348.842037665,7.003385248994453e-16,3,Good,450.24484952594497
PA-511,Grain,Sacramento River,0.55,20199.37665,192.2923111,2.67815,20401.370620459464,14636.094228134441,14043.332348261101,10402429.572490314,10506453.973251823,3,Good,450.24484952594497
PA-511,Onions & Garlic,Sacramento River,0.55,14.18800314,437.7307492,13.52225,13.702654498053294,29.986267666472962,27.512461393366547,83980.27498235782,81107.44559186486,3,Good,450.24484952594497
PA-511,Other Deciduous,Sacramento River,0.55,15717.03551,2248.933707,1.722722222,15008.004669241276,52302.22978333118,47445.62009984609,60892323.21701165,58145333.48737467,3,Good,450.24484952594497
PA-511,Pasture,Sacramento River,0.55,11917.05215,206.5137973,5.0,9.596167013285816e-15,49148.8020118925,8.173001696615922e-09,12305178.460593145,9.908704447193266e-12,3,Good,450.24484952594497
PA-511,Rice,Sacramento River,0.55,54766.94089,552.9129016,4.3535,33245.9641490856,248333.9997406555,143212.2715614067,131829849.38541569,80026570.32186273,3,Good,450.24484952594497
PA-511,Safflower,Sacramento River,0.55,261.7399336,577.3547758,1.078,2.188555399905711e-15,616.9229802629436,8.172933963383477e-09,162903.9111346946,1.3621315993930394e-12,3,Good,450.24484952594497
PA-511,Sunflowers,Sacramento River,0.55,417.6073916,3502.540671,0.58725,187.9734688623958,1199.9754886712883,513.1263947280917,858962.8665152718,386636.4266787626,3,Good,450.24484952594497
PA-511,Tomato Processing,Sacramento River,0.55,300.6240857,102.4202958,40.905,254.9583508374897,801.6982523656887,645.9218950810116,1259465.2683226508,1068148.5716652924,3,Good,450.24484952594497
PA-511,Truck Crops,Sacramento River,0.55,511.4193475,4569.754449,5.564927083,506.85648156543436,1361.518349019858,1281.9023696151455,13005573.155025529,12889537.875956295,3,Good,450.24484952594497
PA-511,Vineyard,Sacramento River,0.55,80.57640281,1598.652889,10.22870375,80.09377511441026,223.2719443430235,210.83788173635492,1317597.1674184452,1309705.1684900962,3,Good,450.24484952594497
PA-511,Alfalfa,Sacramento River,0.6,4542.646173,272.6760507,6.346166667,1.5999289212837808e-17,16748.50439239919,9.219289613024064e-09,7860811.457726573,2.768593264148037e-14,2,Good,423.00963472205706
PA-511,Almonds & Pistachios,Sacramento River,0.6,8968.024185,4813.208316,0.968083333,7965.063070149562,32407.503901233526,27343.973921437107,41787286.65692765,37113902.33643176,2,Good,423.00963472205706
PA-511,Citrus & Subtropical,Sacramento River,0.6,90.25113441,1059.63041,2.276933333,84.21677451693328,268.31182439936913,237.8533912351375,217749.6160572052,203190.46886801836,2,Good,423.00963472205706
PA-511,Corn,Sacramento River,0.6,3011.952279,232.4338434,5.52225,686.463070193395,8204.900207942228,1776.503207528223,3866014.8159861593,881115.0224717793,2,Good,423.00963472205706
PA-511,Cucurbits,Sacramento River,0.6,313.9772742,202.6283347,12.01,311.05610077102057,618.9639410237381,582.5449728999477,764084.5133795432,756975.6441670625,2,Good,423.00963472205706
PA-511,Dry Beans,Sacramento River,0.6,284.0057639,1367.469895,0.945875,2.3989396797017388e-18,651.4555217247445,9.219289487526045e-09,367348.842037665,3.1029219314257754e-15,2,Good,423.00963472205706
PA-511,Grain,Sacramento River,0.6,20199.37665,192.2923111,2.67815,20401.370620464917,14636.094228134441,14043.332348303367,10402429.572490314,10506453.97325463,2,Good,423.00963472205706
PA-511,Onions & Garlic,Sacramento River,0.6,14.18800314,437.7307492,13.52225,13.76710941837005,29.986267666472962,27.64187526168171,83980.27498235782,81488.9610087107,2,Good,423.00963472205706
PA-511,Other Deciduous,Sacramento River,0.6,15717.03551,2248.933707,1.722722222,15083.659718742781,52302.22978333118,47684.79251592746,60892323.21701165,58438442.943309516,2,Good,423.00963472205706
PA-511,Pasture,Sacramento River,0.6,11917.05215,206.5137973,5.0,8.402817298688752e-19,49148.8020118925,9.219289475252332e-09,12305178.460593145,8.676488541851712e-16,2,Good,423.00963472205706
PA-511,Rice,Sacramento River,0.6,54766.94089,552.9129016,4.3535,37626.53746084688,248333.9997406555,162082.2869384706,131829849.38541569,90571076.01319131,2,Good,423.00963472205706
PA-511,Safflower,Sacramento River,0.6,261.7399336,577.3547758,1.078,9.206815812540992e-19,616.9229802629436,9.219289474361465e-09,162903.9111346946,5.730215807465456e-16,2,Good,423.00963472205706
PA-511,Sunflowers,Sacramento River,0.6,417.6073916,3502.540671,0.58725,219.92780199827794,1199.9754886712883,600.3547246449745,858962.8665152718,452362.240301984,2,Good,423.00963472205706
PA-511,Tomato Processing,Sacramento River,0.6,300.6240857,102.4202958,40.905,260.16500356191966,801.6982523656887,659.1126416637175,1259465.2683226508,1089961.8547073605,2,Good,423.00963472205706
PA-511,Truck Crops,Sacramento River,0.6,511.4193475,4569.754449,5.564927083,507.3370304291531,1361.518349019858,1283.1177367855908,13005573.155025529,12901758.40189496,2,Good,423.00963472205706
PA-511,Vineyard,Sacramento River,0.6,80.57640281,1598.652889,10.22870375,80.1436329211201,223.2719443430235,210.96912682315002,1317597.1674184452,1310520.4506645745,2,Good,423.00963472205706
PA-511,Alfalfa,Sacramento River,0.65,4542.646173,272.6760507,6.346166667,3.5189643854607794e-21,16748.50439239919,1.0902380474560252e-08,7860811.457726573,6.089383699962194e-18,4,Good,384.9221899383858
PA-511,Almonds & Pistachios,Sacramento River,0.65,8968.024185,4813.208316,0.968083333,8116.865670940095,32407.503901233526,27865.11058045414,41787286.65692765,37821239.72353551,4,Good,384.9221899383858
PA-511,Citrus & Subtropical,Sacramento River,0.65,90.25113441,1059.63041,2.276933333,85.34299764541716,268.31182439936913,241.03418261670146,217749.6160572052,205907.71619599138,4,Good,384.9221899383858
PA-511,Corn,Sacramento River,0.65,3011.952279,232.4338434,5.52225,1658.5369840401631,8204.900207942228,4292.140975772174,3866014.8159861593,2128828.068713326,4,Good,384.9221899383858
PA-511,Cucurbits,Sacramento River,0.65,313.9772742,202.6283347,12.01,311.7663984924964,618.9639410237381,583.8752164366805,764084.5133795432,758704.2007648331,4,Good,384.9221899383858
PA-511,Dry Beans,Sacramento River,0.65,284.0057639,1367.469895,0.945875,1.6819122457427615e-07,651.4555217247445,3.913202138804686e-07,367348.842037665,0.0002175478790987214,4,Good,384.9221899383858
PA-511,Grain,Sacramento River,0.65,20199.37665,192.2923111,2.67815,20401.370620470938,14636.094228134441,14043.332348309816,10402429.572490314,10506453.973257732,4,Good,384.9221899383858
PA-511,Onions & Garlic,Sacramento River,0.65,14.18800314,437.7307492,13.52225,13.856066055584316,29.986267666472962,27.82048416387038,83980.27498235782,82015.50465132509,4,Good,384.9221899383858
PA-511,Other Deciduous,Sacramento River,0.65,15717.03551,2248.933707,1.722722222,15184.971903371059,52302.22978333118,48005.07622638848,60892323.21701165,58830955.5318496,4,Good,384.9221899383858
PA-511,Pasture,Sacramento River,0.65,11917.05215,206.5137973,5.0,1.0902380474535959e-21,49148.8020118925,1.090238047453769e-08,12305178.460593145,1.1257459957028984e-18,4,Good,384.9221899383858
PA-511,Rice,Sacramento River,0.65,54766.94089,552.9129016,4.3535,41779.036068340625,248333.9997406555,179969.83429814325,131829849.38541569,100566581.64310324,4,Good,384.9221899383858
PA-511,Safflower,Sacramento River,0.65,261.7399336,577.3547758,1.078,1.0902380474535406e-21,616.9229802629436,1.0902380474535818e-08,162903.9111346946,6.785515666457498e-19,4,Good,384.9221899383858
PA-511,Sunflowers,Sacramento River,0.65,417.6073916,3502.540671,0.58725,259.70812457280863,1199.9754886712883,708.9462914598253,858962.8665152718,534185.0734146943,4,Good,384.9221899383858
PA-511,Tomato Processing,Sacramento River,0.65,300.6240857,102.4202958,40.905,267.2478095976469,801.6982523656887,677.0565116428824,1259465.2683226508,1119635.2861740813,4,Good,384.9221899383858
PA-511,Truck Crops,Sacramento River,0.65,511.4193475,4569.754449,5.564927083,508.00677378834473,1361.518349019858,1284.8116001010876,13005573.155025529,12918790.210127555,4,Good,384.9221899383858
PA-511,Vineyard,Sacramento River,0.65,80.57640281,1598.652889,10.22870375,80.21296162189729,223.2719443430235,211.15162685613146,1317597.1674184452,1311654.1237571824,4,Good,384.9221899383858
PA-511,Alfalfa,Sacramento River,0.7,4542.646173,272.6760507,6.346166667,1.478857879468298e-17,16748.50439239919,1.4048650721570541e-08,7860811.457726573,2.559086162679573e-14,4,Good,328.02158928480003
PA-511,Almonds & Pistachios,Sacramento River,0.7,8968.024185,4813.208316,0.968083333,8332.317446228855,32407.503901233526,28604.754155470964,41787286.65692765,38825155.9607145,4,Good,328.02158928480003
PA-511,Citrus & Subtropical,Sacramento River,0.7,90.25113441,1059.63041,2.276933333,86.84667588330416,268.31182439936913,245.28102026400768,217749.6160572052,209535.65241102016,4,Good,328.02158928480003
PA-511,Corn,Sacramento River,0.7,3011.952279,232.4338434,5.52225,2277.8118482187856,8204.900207942228,5894.767293651521,3866014.8159861593,2923703.1458434477,4,Good,328.02158928480003
PA-511,Cucurbits,Sacramento River,0.7,313.9772742,202.6283347,12.01,312.7710538040868,618.9639410237381,585.7567320256514,764084.5133795432,761149.0960739814,4,Good,328.02158928480003
PA-511,Dry Beans,Sacramento River,0.7,284.0057639,1367.469895,0.945875,86.04355748658466,651.4555217247445,187.4992670789981,367348.842037665,111293.52015062445,4,Good,328.02158928480003
PA-511,Grain,Sacramento River,0.7,20199.37665,192.2923111,2.67815,20401.370620549904,14636.094228134441,14043.332348331558,10402429.572490314,10506453.973298399,4,Good,328.02158928480003
PA-511,Onions & Garlic,Sacramento River,0.7,14.18800314,437.7307492,13.52225,13.986478673536853,29.986267666472962,28.082329208304174,83980.27498235782,82787.4305811937,4,Good,328.02158928480003
PA-511,Other Deciduous,Sacramento River,0.7,15717.03551,2248.933707,1.722722222,15327.543744915274,52302.22978333118,48455.79633066959,60892323.21701165,59383319.91706915,4,Good,328.02158928480003
PA-511,Pasture,Sacramento River,0.7,11917.05215,206.5137973,5.0,9.641407408406843e-18,49148.8020118925,1.404865066862302e-08,12305178.460593145,9.955418276132244e-15,4,Good,328.02158928480003
PA-511,Rice,Sacramento River,0.7,54766.94089,552.9129016,4.3535,46009.24760332651,248333.9997406555,198192.14243655393,131829849.38541569,110749150.55170305,4,Good,328.02158928480003
PA-511,Safflower,Sacramento River,0.7,261.7399336,577.3547758,1.078,7.580336278034252e-09,616.9229802629436,4.2735951189092886e-08,162903.9111346946,4.7179137337719315e-06,4,Good,328.02158928480003
PA-511,Sunflowers,Sacramento River,0.7,417.6073916,3502.540671,0.58725,310.9741078643796,1199.9754886712883,848.8911961188063,858962.8665152718,639632.3831333661,4,Good,328.02158928480003
PA-511,Tomato Processing,Sacramento River,0.7,300.6240857,102.4202958,40.905,277.42603725472753,801.6982523656887,702.8424491349089,1259465.2683226508,1162276.9933324577,4,Good,328.02158928480003
PA-511,Truck Crops,Sacramento River,0.7,511.4193475,4569.754449,5.564927083,509.0024091567149,1361.518349019858,1287.3296843846729,13005573.155025529,12944109.566312196,4,Good,328.02158928480003
PA-511,Vineyard,Sacramento River,0.7,80.57640281,1598.652889,10.22870375,80.31568762870688,223.2719443430235,211.4220415544625,1317597.1674184452,1313333.9145007785,4,Good,328.02158928480003
PA-511,Alfalfa,Sacramento River,0.75,4542.646173,272.6760507,6.346166667,455.34331875763087,16748.50439239919,1594.8861627225526,7860811.457726573,787947.782189997,2,Good,252.97059517085214
PA-511,Almonds & Pistachios,Sacramento River,0.75,8968.024185,4813.208316,0.968083333,8598.039971385797,32407.503901233526,29516.97666206699,41787286.65692765,40063313.11784039,2,Good,252.97059517085214
PA-511,Citrus & Subtropical,Sacramento River,0.75,90.25113441,1059.63041,2.276933333,88.57446780065736,268.31182439936913,250.16082210304788,217749.6160572052,213704.3094488503,2,Good,252.97059517085214
PA-511,Corn,Sacramento River,0.75,3011.952279,232.4338434,5.52225,2732.6742215871936,8204.900207942228,7071.909226530847,3866014.8159861593,3507545.289338741,2,Good,252.97059517085214
PA-511,Cucurbits,Sacramento River,0.75,313.9772742,202.6283347,12.01,314.0048861713321,618.9639410237381,588.0674497935981,764084.5133795432,764151.7089424465,2,Good,252.97059517085214
PA-511,Dry Beans,Sacramento River,0.75,284.0057639,1367.469895,0.945875,230.49990964926616,651.4555217247445,502.28704372224826,367348.842037665,298141.3959234238,2,Good,252.97059517085214
PA-511,Grain,Sacramento River,0.75,20199.37665,192.2923111,2.67815,20401.370620450984,14636.094228134441,14043.332348351743,10402429.572490314,10506453.973247455,2,Good,252.97059517085214
PA-511,Onions & Garlic,Sacramento River,0.75,14.18800314,437.7307492,13.52225,14.154137445558664,29.986267666472962,28.41895786626184,83980.27498235782,83779.82039381648,2,Good,252.97059517085214
PA-511,Other Deciduous,Sacramento River,0.75,15717.03551,2248.933707,1.722722222,15501.557799613607,52302.22978333118,49005.916411028054,60892323.21701165,60057500.49369582,2,Good,252.97059517085214
PA-511,Pasture,Sacramento River,0.75,11917.05215,206.5137973,5.0,5.417486986774391e-08,49148.8020118925,2.9583790081038065e-07,12305178.460593145,5.5939290473105713e-05,2,Good,252.97059517085214
PA-511,Rice,Sacramento River,0.75,54766.94089,552.9129016,4.3535,49869.84207886571,248333.9997406555,214822.26638089656,131829849.38541569,120042011.90159504,2,Good,252.97059517085214
PA-511,Safflower,Sacramento River,0.75,261.7399336,577.3547758,1.078,2.3739537197106444e-07,616.9229802629436,6.108725929286694e-07,162903.9111346946,0.0001477521371976158,2,Good,252.97059517085214
PA-511,Sunflowers,Sacramento River,0.75,417.6073916,3502.540671,0.58725,367.73493769993655,1199.9754886712883,1003.8358282522139,858962.8665152718,756381.8614281261,2,Good,252.97059517085214
PA-511,Tomato Processing,Sacramento River,0.75,300.6240857,102.4202958,40.905,290.1760238005399,801.6982523656887,735.1437856383384,1259465.2683226508,1215693.0900122712,2,Good,252.97059517085214
PA-511,Truck Crops,Sacramento River,0.75,511.4193475,4569.754449,5.564927083,510.3067173118355,1361.518349019858,1290.6284401501823,13005573.155025529,12977278.579590712,2,Good,252.97059517085214
PA-511,Vineyard,Sacramento River,0.75,80.57640281,1598.652889,10.22870375,80.4496589911098,223.2719443430235,211.77470619469418,1317597.1674184452,1315524.633885876,2,Good,252.97059517085214
PA-511,Alfalfa,Sacramento River,0.8,4542.646173,272.6760507,6.346166667,2656.9801029433916,16748.50439239919,9306.342326896513,7860811.457726573,4597765.012011852,2,Good,197.0205584163278
PA-511,Almonds & Pistachios,Sacramento River,0.8,8968.024185,4813.208316,0.968083333,8784.067327216393,32407.503901233526,30155.60652870609,41787286.65692765,40930123.72001579,2,Good,197.0205584163278
PA-511,Citrus & Subtropical,Sacramento River,0.8,90.25113441,1059.63041,2.276933333,89.71490592888736,268.31182439936913,253.38176086838854,217749.6160572052,216455.85341760475,2,Good,197.0205584163278
PA-511,Corn,Sacramento River,0.8,3011.952279,232.4338434,5.52225,2966.1647034105126,8204.900207942228,7676.1610907189015,3866014.8159861593,3807243.816574503,2,Good,197.0205584163278
PA-511,Cucurbits,Sacramento River,0.8,313.9772742,202.6283347,12.01,314.8654589778536,618.9639410237381,589.6791280459197,764084.5133795432,766245.969922876,2,Good,197.0205584163278
PA-511,Dry Beans,Sacramento River,0.8,284.0057639,1367.469895,0.945875,286.8458241982036,651.4555217247445,625.0715726890136,367348.842037665,371022.33389760344,2,Good,197.0205584163278
PA-511,Grain,Sacramento River,0.8,20199.37665,192.2923111,2.67815,20401.370620487112,14636.094228134441,14043.332348346534,10402429.572490314,10506453.973266061,2,Good,197.0205584163278
PA-511,Onions & Garlic,Sacramento River,0.8,14.18800314,437.7307492,13.52225,14.276055291772073,29.986267666472962,28.663746904899703,83980.27498235782,84501.46488100954,2,Good,197.0205584163278
PA-511,Other Deciduous,Sacramento River,0.8,15717.03551,2248.933707,1.722722222,15622.27606770835,52302.22978333118,49387.549626962376,60892323.21701165,60525197.83995084,2,Good,197.0205584163278
PA-511,Pasture,Sacramento River,0.8,11917.05215,206.5137973,5.0,448.86430955871384,49148.8020118925,1758.6635901127129,12305178.460593145,463483.36519706337,2,Good,197.0205584163278
PA-511,Rice,Sacramento River,0.8,54766.94089,552.9129016,4.3535,52060.87285453477,248333.9997406555,224260.47948358685,131829849.38541569,125316055.92270273,2,Good,197.0205584163278
PA-511,Safflower,Sacramento River,0.8,261.7399336,577.3547758,1.078,264.35733532370233,616.9229802629436,591.9375990388861,162903.9111346946,164532.9517321199,2,Good,197.0205584163278
PA-511,Sunflowers,Sacramento River,0.8,417.6073916,3502.540671,0.58725,404.15777771995084,1199.9754886712883,1103.262203112021,858962.8665152718,831298.7994410084,2,Good,197.0205584163278
PA-511,Tomato Processing,Sacramento River,0.8,300.6240857,102.4202958,40.905,299.2271547813981,801.6982523656887,758.0742903607979,1259465.2683226508,1253612.8231663404,2,Good,197.0205584163278
PA-511,Truck Crops,Sacramento River,0.8,511.4193475,4569.754449,5.564927083,511.272554083042,1361.518349019858,1293.0711600825275,13005573.155025529,13001840.147011153,2,Good,197.0205584163278
PA-511,Vineyard,Sacramento River,0.8,80.57640281,1598.652889,10.22870375,80.54843068535855,223.2719443430235,212.0347115739253,1317597.1674184452,1317139.7631299817,2,Good,197.0205584163278
PA-511,Alfalfa,Sacramento River,0.85,4542.646173,272.6760507,6.346166667,3135.7529817989594,16748.50439239919,10983.292900412318,7860811.457726573,5426256.421738159,2,Good,182.80051792055082
PA-511,Almonds & Pistachios,Sacramento River,0.85,8968.024185,4813.208316,0.968083333,8829.848901555364,32407.503901233526,30312.77416991812,41787286.65692765,41143446.937152945,2,Good,182.80051792055082
PA-511,Citrus & Subtropical,Sacramento River,0.85,90.25113441,1059.63041,2.276933333,89.98791266458302,268.31182439936913,254.15281365024876,217749.6160572052,217114.53889859494,2,Good,182.80051792055082
PA-511,Corn,Sacramento River,0.85,3011.952279,232.4338434,5.52225,3017.002985554234,8204.900207942228,7807.725883082579,3866014.8159861593,3872497.6897375155,2,Good,182.80051792055082
PA-511,Cucurbits,Sacramento River,0.85,313.9772742,202.6283347,12.01,315.0768621715448,618.9639410237381,590.0750433447101,764084.5133795432,766760.4336107018,2,Good,182.80051792055082
PA-511,Dry Beans,Sacramento River,0.85,284.0057639,1367.469895,0.945875,286.84582428532013,651.4555217247445,625.0715728831132,367348.842037665,371022.3340102848,2,Good,182.80051792055082
PA-511,Grain,Sacramento River,0.85,20199.37665,192.2923111,2.67815,20401.370620487854,14636.094228134441,14043.332348351323,10402429.572490314,10506453.973266443,2,Good,182.80051792055082
PA-511,Onions & Garlic,Sacramento River,0.85,14.18800314,437.7307492,13.52225,14.306638301413532,29.986267666472962,28.725152082342895,83980.27498235782,84682.48891477486,2,Good,182.80051792055082
PA-511,Other Deciduous,Sacramento River,0.85,15717.03551,2248.933707,1.722722222,15651.8534555802,52302.22978333118,49481.0542293066,60892323.21701165,60639789.16100892,2,Good,182.80051792055082
PA-511,Pasture,Sacramento River,0.85,11917.05215,206.5137973,5.0,4829.10906079776,49148.8020118925,18920.591583775036,12305178.460593145,4986388.24860591,2,Good,182.80051792055082
PA-511,Rice,Sacramento River,0.85,54766.94089,552.9129016,4.3535,52554.29390693608,248333.9997406555,226385.9690447818,131829849.38541569,126503772.85493577,2,Good,182.80051792055082
PA-511,Safflower,Sacramento River,0.85,261.7399336,577.3547758,1.078,264.3573354446336,616.9229802629436,591.9375993138294,162903.9111346946,164532.9518073861,2,Good,182.80051792055082
PA-511,Sunflowers,Sacramento River,0.85,417.6073916,3502.540671,0.58725,412.76904789624075,1199.9754886712883,1126.76908441264,858962.8665152718,849011.03697259,2,Good,182.80051792055082
PA-511,Tomato Processing,Sacramento River,0.85,300.6240857,102.4202958,40.905,301.4700407479897,801.6982523656887,763.756509241993,1259465.2683226508,1263009.3988570499,2,Good,182.80051792055082
PA-511,Truck Crops,Sacramento River,0.85,511.4193475,4569.754449,5.564927083,511.517148945364,1361.518349019858,1293.6897705713202,13005573.155025529,13008060.280040579,2,Good,182.80051792055082
PA-511,Vineyard,Sacramento River,0.85,80.57640281,1598.652889,10.22870375,80.57338637316715,223.2719443430235,212.10040462804045,1317597.1674184452,1317547.8422005395,2,Good,182.80051792055082
PA-511,Alfalfa,Sacramento River,0.9,4542.646173,272.6760507,6.346166667,3886.302012216371,16748.50439239919,13612.167012955888,7860811.457726573,6725042.238022504,2,Good,158.82165623663346
PA-511,Almonds & Pistachios,Sacramento River,0.9,8968.024185,4813.208316,0.968083333,8905.749884043553,32407.503901233526,30573.34140806322,41787286.65692765,41497114.149389215,2,Good,158.82165623663346
PA-511,Citrus & Subtropical,Sacramento River,0.9,90.25113441,1059.63041,2.276933333,90.43435880865046,268.31182439936913,255.41371126526818,217749.6160572052,218191.6829931974,2,Good,158.82165623663346
PA-511,Corn,Sacramento River,0.9,3011.952279,232.4338434,5.52225,3042.0718319999482,8204.900207942228,7872.601749038424,3866014.8159861593,3904675.002922235,2,Good,158.82165623663346
PA-511,Cucurbits,Sacramento River,0.9,313.9772742,202.6283347,12.01,315.42702173649695,618.9639410237381,590.7308211823221,764084.5133795432,767612.5701275034,2,Good,158.82165623663346
PA-511,Dry Beans,Sacramento River,0.9,284.0057639,1367.469895,0.945875,286.84582433569784,651.4555217247445,625.0715730019965,367348.842037665,371022.3340754461,2,Good,158.82165623663346
PA-511,Grain,Sacramento River,0.9,20199.37665,192.2923111,2.67815,20401.37062048901,14636.094228134441,14043.332348361273,10402429.572490314,10506453.97326704,2,Good,158.82165623663346
PA-511,Onions & Garlic,Sacramento River,0.9,14.18800314,437.7307492,13.52225,14.329882966204783,29.986267666472962,28.77182319045813,83980.27498235782,84820.07651760944,2,Good,158.82165623663346
PA-511,Other Deciduous,Sacramento River,0.9,15717.03551,2248.933707,1.722722222,15700.77924703538,52302.22978333118,49635.72599052758,60892323.21701165,60829341.77129865,2,Good,158.82165623663346
PA-511,Pasture,Sacramento River,0.9,11917.05215,206.5137973,5.0,8620.542430403786,49148.8020118925,33775.53923563036,12305178.460593145,8901304.760442283,2,Good,158.82165623663346
PA-511,Rice,Sacramento River,0.9,54766.94089,552.9129016,4.3535,53339.07635706713,248333.9997406555,229766.54410830184,131829849.38541569,128392827.64820768,2,Good,158.82165623663346
PA-511,Safflower,Sacramento River,0.9,261.7399336,577.3547758,1.078,264.35733550448066,616.9229802629436,591.9375994566929,162903.9111346946,164532.95184463426,2,Good,158.82165623663346
PA-511,Sunflowers,Sacramento River,0.9,417.6073916,3502.540671,0.58725,421.78346934938423,1199.9754886712883,1151.3764803942986,858962.8665152718,867552.5030651861,2,Good,158.82165623663346
PA-511,Tomato Processing,Sacramento River,0.9,300.6240857,102.4202958,40.905,303.6303292396403,801.6982523656887,769.2294723129403,1259465.2683226508,1272059.9322448045,2,Good,158.82165623663346
PA-511,Truck Crops,Sacramento River,0.9,511.4193475,4569.754449,5.564927083,511.928801319205,1361.518349019858,1294.73089005464,13005573.155025529,13018528.744107494,2,Good,158.82165623663346
PA-511,Vineyard,Sacramento River,0.9,80.57640281,1598.652889,10.22870375,80.6153342672046,223.2719443430235,212.21082776460995,1317597.1674184452,1318233.7803218185,2,Good,158.82165623663346
PA-511,Alfalfa,Sacramento River,0.95,4542.646173,272.6760507,6.346166667,4532.774586194494,16748.50439239919,15884.157198502611,7860811.457726573,7843729.193400576,2,Good,15.059724693935463
PA-511,Almonds & Pistachios,Sacramento River,0.95,8968.024185,4813.208316,0.968083333,8967.774821747018,32407.503901233526,30925.344791894808,41787286.65692765,41786124.727218375,2,Good,15.059724693935463
PA-511,Citrus & Subtropical,Sacramento River,0.95,90.25113441,1059.63041,2.276933333,90.31121148531969,268.31182439936913,255.88963237449175,217749.6160572052,217894.56448550164,2,Good,15.059724693935463
PA-511,Corn,Sacramento River,0.95,3011.952279,232.4338434,5.52225,3029.1810463669553,8204.900207942228,7843.231523251444,3866014.8159861593,3888128.934581671,2,Good,15.059724693935463
PA-511,Cucurbits,Sacramento River,0.95,313.9772742,202.6283347,12.01,314.17779388725796,618.9639410237381,590.9933250300401,764084.5133795432,764572.49133289,2,Good,15.059724693935463
PA-511,Dry Beans,Sacramento River,0.95,284.0057639,1367.469895,0.945875,286.8458238009493,651.4555217247445,626.0782587719451,367348.842037665,371022.33338377264,2,Good,15.059724693935463
PA-511,Grain,Sacramento River,0.95,20199.37665,192.2923111,2.67815,20401.370620298236,14636.094228134441,14081.501870517146,10402429.572490314,10506453.973168792,2,Good,15.059724693935463
PA-511,Onions & Garlic,Sacramento River,0.95,14.18800314,437.7307492,13.52225,14.211675512990332,29.986267666472962,28.695418108338323,83980.27498235782,84120.39423477103,2,Good,15.059724693935463
PA-511,Other Deciduous,Sacramento River,0.95,15717.03551,2248.933707,1.722722222,15719.52060016995,52302.22978333118,49908.02713159012,60892323.21701165,60901951.172217056,2,Good,15.059724693935463
PA-511,Pasture,Sacramento River,0.95,11917.05215,206.5137973,5.0,11785.044718382844,49148.8020118925,46174.15244291129,12305178.460593145,12168871.68071775,2,Good,15.059724693935463
PA-511,Rice,Sacramento River,0.95,54766.94089,552.9129016,4.3535,54678.3898287129,248333.9997406555,235834.32302041113,131829849.38541569,131616697.56640422,2,Good,15.059724693935463
PA-511,Safflower,Sacramento River,0.95,261.7399336,577.3547758,1.078,264.35733507444695,616.9229802629436,591.9376041377324,162903.9111346946,164532.95157698623,2,Good,15.059724693935463
PA-511,Sunflowers,Sacramento River,0.95,417.6073916,3502.540671,0.58725,419.8903326205109,1199.9754886712883,1149.3578210143094,858962.8665152718,863658.5725839556,2,Good,15.059724693935463
PA-511,Tomato Processing,Sacramento River,0.95,300.6240857,102.4202958,40.905,301.4701482866082,801.6982523656887,767.4961987567474,1259465.2683226508,1263009.8493903289,2,Good,15.059724693935463
PA-511,Truck Crops,Sacramento River,0.95,511.4193475,4569.754449,5.564927083,511.51229246817604,1361.518349019858,1301.816742786502,13005573.155025529,13007936.778124485,2,Good,15.059724693935463
PA-511,Vineyard,Sacramento River,0.95,80.57640281,1598.652889,10.22870375,80.58443882994693,223.2719443430235,213.4290126500484,1317597.1674184452,1317728.5735963103,2,Good,15.059724693935463
PA-511,Alfalfa,Sacramento River,1.0,4542.646173,272.6760507,6.346166667,4542.642037957065,16748.50439239919,16748.477894739786,7860811.457726573,7860804.302251186,2,Good,0.00017655526798133185
PA-511,Almonds & Pistachios,Sacramento River,1.0,8968.024185,4813.208316,0.968083333,8968.023728064449,32407.503901233526,32407.482012068158,41787286.65692765,41787284.52779681,2,Good,0.00017655526798133185
PA-511,Citrus & Subtropical,Sacramento River,1.0,90.25113441,1059.63041,2.276933333,90.25113174084738,268.31182439936913,268.3116455167375,217749.6160572052,217749.60961731986,2,Good,0.00017655526798133185
PA-511,Corn,Sacramento River,1.0,3011.952279,232.4338434,5.52225,3011.9518024914846,8204.900207942228,8204.89340060374,3866014.8159861593,3866014.2043599417,2,Good,0.00017655526798133185
PA-511,Cucurbits,Sacramento River,1.0,313.9772742,202.6283347,12.01,313.97727231927485,618.9639410237381,618.9635507513037,764084.5133795432,764084.5088026738,2,Good,0.00017655526798133185
PA-511,Dry Beans,Sacramento River,1.0,284.0057639,1367.469895,0.945875,284.0055734108704,651.4555217247445,651.4546563808897,367348.842037665,367348.5956484361,2,Good,0.00017655526798133185
PA-511,Grain,Sacramento River,1.0,20199.37665,192.2923111,2.67815,20199.39935568517,14636.094228134441,14636.101230224704,10402429.572490314,10402441.26563783,2,Good,0.00017655526798133185
PA-511,Onions & Garlic,Sacramento River,1.0,14.18800314,437.7307492,13.52225,14.188002804782545,29.986267666472962,29.986249291283126,83980.27498235782,83980.27299817064,2,Good,0.00017655526798133185
PA-511,Other Deciduous,Sacramento River,1.0,15717.03551,2248.933707,1.722722222,15717.035219544046,52302.22978333118,52302.19601217253,60892323.21701165,60892322.09170161,2,Good,0.00017655526798133185
PA-511,Pasture,Sacramento River,1.0,11917.05215,206.5137973,5.0,11917.041682153613,49148.8020118925,49148.721974947075,12305178.460593145,12305167.651819611,2,Good,0.00017655526798133185
PA-511,Rice,Sacramento River,1.0,54766.94089,552.9129016,4.3535,54766.93656466062,248333.9997406555,248333.81555606797,131829849.38541569,131829838.97386394,2,Good,0.00017655526798133185
PA-511,Safflower,Sacramento River,1.0,261.7399336,577.3547758,1.078,261.7377814995777,616.9229802629436,616.9174517136468,162903.9111346946,162902.57169225215,2,Good,0.00017655526798133185
PA-511,Sunflowers,Sacramento River,1.0,417.6073916,3502.540671,0.58725,417.6073095515566,1199.9754886712883,1199.9744791820428,858962.8665152718,858962.6977525355,2,Good,0.00017655526798133185
PA-511,Tomato Processing,Sacramento River,1.0,300.6240857,102.4202958,40.905,300.6240642293646,801.6982523656887,801.6976987085784,1259465.2683226508,1259465.1783713764,2,Good,0.00017655526798133185
PA-511,Truck Crops,Sacramento River,1.0,511.4193475,4569.754449,5.564927083,511.4193451657589,1361.518349019858,1361.5175218543138,13005573.155025529,13005573.09566496,2,Good,0.00017655526798133185
PA-511,Vineyard,Sacramento River,1.0,80.57640281,1598.652889,10.22870375,80.57640256251167,223.2719443430235,223.2718091391352,1317597.1674184452,1317597.1633714796,2,Good,0.00017655526798133185
PA-601,Alfalfa,San Joaquin River,0.5,68.96354348,281.2592654,6.716,6.270069492113269e-17,285.1618632547267,1.718181846133701e-07,130267.80454564764,1.1843767675933225e-13,15,Good,3.5611205301962117e-09
PA-601,Almonds & Pistachios,San Joaquin River,0.5,347.6394954,4837.609664,1.075111111,7.003444246592798e-17,1304.9102105045733,1.7181819041356303e-07,1808061.8565031234,3.6424688719102003e-13,15,Good,3.5611205301962117e-09
PA-601,Citrus & Subtropical,San Joaquin River,0.5,26.01542055,1043.88613,3.565,8.291545535367706e-17,84.48418996560574,1.7181819004797111e-07,96815.19225800394,3.08566057419594e-13,15,Good,3.5611205301962117e-09
PA-601,Corn,San Joaquin River,0.5,214.2460672,694.3579627,10.536,216.388529965128,517.5819190529166,522.7577439534729,1567371.8434020819,1583045.5771489153,15,Good,3.5611205301962117e-09
PA-601,Cucurbits,San Joaquin River,0.5,11.99504263,202.6283347,12.01,1.2603846187025318e-16,27.58412540947438,1.7181819084446902e-07,29190.731508396624,3.0672295327939537e-13,15,Good,3.5611205301962117e-09
PA-601,Dry Beans,San Joaquin River,0.5,173.6421719,1568.397301,1.239666667,1.3279754923366978e-16,384.1140842660594,1.7181818766558555e-07,337610.7131667259,2.5819692769906347e-13,15,Good,3.5611205301962117e-09
PA-601,Grain,San Joaquin River,0.5,411.9040655,165.2669729,2.321833333,8.354359337013456e-16,192.21785000128708,1.7181820479967786e-07,158056.80279419856,3.205754535584227e-13,15,Good,3.5611205301962117e-09
PA-601,Onions & Garlic,San Joaquin River,0.5,34.60035632,659.1955182,5.8525,34.94636019959426,51.23697012670823,51.74934095763498,133486.1599129979,134821.0227327585,15,Good,3.5611205301962117e-09
PA-601,Other Deciduous,San Joaquin River,0.5,592.0629546,3191.985676,2.1485,596.316788301057,2040.1525501502135,2054.810569174052,4060356.626597332,4089529.338252968,15,Good,3.5611205301962117e-09
PA-601,Tomato Processing,San Joaquin River,0.5,61.64926513,102.0185065,42.19266667,1.210727211529517e-16,146.7043433392731,1.7181819274878485e-07,265365.12132121087,5.211493968288631e-13,15,Good,3.5611205301962117e-09
PA-601,Truck Crops,San Joaquin River,0.5,27.19107642,4418.633269,3.085,27.46298719966227,72.53852297967389,73.2639089053052,370654.71323359356,374361.2605767032,15,Good,3.5611205301962117e-09
PA-601,Vineyard,San Joaquin River,0.5,1703.099706,1654.801722,10.37616146,5.056504820050172e-10,5277.028066542052,3.59534964570285e-07,29243056.21840509,8.682266469803706e-06,15,Good,3.5611205301962117e-09
PA-601,Alfalfa,San Joaquin River,0.55,68.96354348,281.2592654,6.716,7.582638249009436e-19,285.1618632547267,2.384202969485984e-09,130267.80454564764,1.4323127663078619e-15,18,Good,2034.0872883420088
PA-601,Almonds & Pistachios,San Joaquin River,0.55,347.6394954,4837.609664,1.075111111,1.5052551492058515e-18,1304.9102105045733,2.4240695312979383e-09,1808061.8565031234,7.828783713002759e-15,18,Good,2034.0872883420088
PA-601,Citrus & Subtropical,San Joaquin River,0.55,26.01542055,1043.88613,3.565,2.1612641140731773e-18,84.48418996560574,2.4582093821550806e-09,96815.19225800394,8.043045097893649e-15,18,Good,2034.0872883420088
PA-601,Corn,San Joaquin River,0.55,214.2460672,694.3579627,10.536,150.2430781402109,517.5819190529166,344.81354471987504,1567371.8434020819,1099141.624491044,18,Good,2034.0872883420088
PA-601,Cucurbits,San Joaquin River,0.55,11.99504263,202.6283347,12.01,2.059178375829368e-18,27.58412540947438,2.452948196546222e-09,29190.731508396624,5.0111471005861125e-15,18,Good,2034.0872883420088
PA-601,Dry Beans,San Joaquin River,0.55,173.6421719,1568.397301,1.239666667,1.4235767281096168e-18,384.1140842660594,2.41976324362247e-09,337610.7131667259,2.7678457897971154e-15,18,Good,2034.0872883420088
PA-601,Grain,San Joaquin River,0.55,411.9040655,165.2669729,2.321833333,8.526767889319854e-18,192.21785000128708,2.756737506570693e-09,158056.80279419856,3.2719115532840813e-15,18,Good,2034.0872883420088
PA-601,Onions & Garlic,San Joaquin River,0.55,34.60035632,659.1955182,5.8525,15.975261154848026,51.23697012670823,22.473693162695263,133486.1599129979,61631.62730018807,18,Good,2034.0872883420088
PA-601,Other Deciduous,San Joaquin River,0.55,592.0629546,3191.985676,2.1485,165.96988537217075,2040.1525501502135,543.3099550800349,4060356.626597332,1138218.3577788284,18,Good,2034.0872883420088
PA-601,Tomato Processing,San Joaquin River,0.55,61.64926513,102.0185065,42.19266667,8.759686548851217e-19,146.7043433392731,2.390558423835131e-09,265365.12132121087,3.7705482439571164e-15,18,Good,2034.0872883420088
PA-601,Truck Crops,San Joaquin River,0.55,27.19107642,4418.633269,3.085,22.126373889782325,72.53852297967389,56.07588881587459,370654.71323359356,301615.303577472,18,Good,2034.0872883420088
PA-601,Vineyard,San Joaquin River,0.55,1703.099706,1654.801722,10.37616146,1611.7794530043002,5277.028066542052,4744.370057886106,29243056.21840509,27675042.74108245,18,Good,2034.0872883420088
PA-601,Alfalfa,San Joaquin River,0.6,68.96354348,281.2592654,6.716,7.717498292119947e-18,285.1618632547267,2.802702879761332e-08,130267.80454564764,1.457786981886753e-14,16,Good,1985.7010754092905
PA-601,Almonds & Pistachios,San Joaquin River,0.6,347.6394954,4837.609664,1.075111111,8.504227515569809e-18,1304.9102105045733,2.802702882007075e-08,1808061.8565031234,4.423021432657992e-14,16,Good,1985.7010754092905
PA-601,Citrus & Subtropical,San Joaquin River,0.6,26.01542055,1043.88613,3.565,9.8269526869913e-18,84.48418996560574,2.802702881862908e-08,96815.19225800394,3.6570552910065146e-14,16,Good,1985.7010754092905
PA-601,Corn,San Joaquin River,0.6,214.2460672,694.3579627,10.536,153.00941107270384,517.5819190529166,351.1623789630623,1567371.8434020819,1119379.4398429487,16,Good,1985.7010754092905
PA-601,Cucurbits,San Joaquin River,0.6,11.99504263,202.6283347,12.01,5.631337706191246e-17,27.58412540947438,2.8027028939188755e-08,29190.731508396624,1.370423366428159e-13,16,Good,1985.7010754092905
PA-601,Dry Beans,San Joaquin River,0.6,173.6421719,1568.397301,1.239666667,1.4434591460327996e-17,384.1140842660594,2.8027028810403655e-08,337610.7131667259,2.806502973251319e-14,16,Good,1985.7010754092905
PA-601,Grain,San Joaquin River,0.6,411.9040655,165.2669729,2.321833333,6.731975346880353e-17,192.21785000128708,2.8027028876893578e-08,158056.80279419856,2.5832095114809554e-14,16,Good,1985.7010754092905
PA-601,Onions & Garlic,San Joaquin River,0.6,34.60035632,659.1955182,5.8525,16.986661914413464,51.23697012670823,23.89651193339487,133486.1599129979,65533.552536993826,16,Good,1985.7010754092905
PA-601,Other Deciduous,San Joaquin River,0.6,592.0629546,3191.985676,2.1485,319.5151647635299,2040.1525501502135,1045.9473664295972,4060356.626597332,2191229.0010146447,16,Good,1985.7010754092905
PA-601,Tomato Processing,San Joaquin River,0.6,61.64926513,102.0185065,42.19266667,5.89407466491086e-17,146.7043433392731,2.802702898109725e-08,265365.12132121087,2.5370648542722466e-13,16,Good,1985.7010754092905
PA-601,Truck Crops,San Joaquin River,0.6,27.19107642,4418.633269,3.085,22.289081318526293,72.53852297967389,56.4882444348036,370654.71323359356,303833.24722966633,16,Good,1985.7010754092905
PA-601,Vineyard,San Joaquin River,0.6,1703.099706,1654.801722,10.37616146,1614.621056856551,5277.028066542052,4752.7343776617945,29243056.21840509,27723834.471190237,16,Good,1985.7010754092905
PA-601,Alfalfa,San Joaquin River,0.65,68.96354348,281.2592654,6.716,1.3295415564115299e-05,285.1618632547267,0.008479855302216607,130267.80454564764,0.025114205399866342,3,Good,472.8392619632293
PA-601,Almonds & Pistachios,San Joaquin River,0.65,347.6394954,4837.609664,1.075111111,242.82794899770937,1304.9102105045733,865.9210903001594,1808061.8565031234,1262940.368068559,3,Good,472.8392619632293
PA-601,Citrus & Subtropical,San Joaquin River,0.65,26.01542055,1043.88613,3.565,0.0023436124789260205,84.48418996560574,0.008357489105107727,96815.19225800394,8.721646159415242,3,Good,472.8392619632293
PA-601,Corn,San Joaquin River,0.65,214.2460672,694.3579627,10.536,185.9770819624021,517.5819190529166,426.8303166910235,1567371.8434020819,1360562.8593118477,3,Good,472.8392619632293
PA-601,Cucurbits,San Joaquin River,0.65,11.99504263,202.6283347,12.01,8.000320514966958,27.58412540947438,17.484630333496757,29190.731508396624,19469.310392398154,3,Good,472.8392619632293
PA-601,Dry Beans,San Joaquin River,0.65,173.6421719,1568.397301,1.239666667,8.313913452663614e-08,384.1140842660594,0.00033666776427037303,337610.7131667259,0.00016164657578555657,3,Good,472.8392619632293
PA-601,Grain,San Joaquin River,0.65,411.9040655,165.2669729,2.321833333,4.527812734600932,192.21785000128708,2.2054050425496485,158056.80279419856,1737.4230176950766,3,Good,472.8392619632293
PA-601,Onions & Garlic,San Joaquin River,0.65,34.60035632,659.1955182,5.8525,34.88330238886681,51.23697012670823,49.08206274602738,133486.1599129979,134577.74937081157,3,Good,472.8392619632293
PA-601,Other Deciduous,San Joaquin River,0.65,592.0629546,3191.985676,2.1485,393.20657198393315,2040.1525501502135,1287.1795262572325,4060356.626597332,2696603.2881675987,3,Good,472.8392619632293
PA-601,Tomato Processing,San Joaquin River,0.65,61.64926513,102.0185065,42.19266667,21.05258381636725,146.7043433392731,47.62159024987118,265365.12132121087,90619.43312340754,3,Good,472.8392619632293
PA-601,Truck Crops,San Joaquin River,0.65,27.19107642,4418.633269,3.085,20.68650623157845,72.53852297967389,52.4267648720083,370654.71323359356,281987.77115829446,3,Good,472.8392619632293
PA-601,Vineyard,San Joaquin River,0.65,1703.099706,1654.801722,10.37616146,1359.1160234013528,5277.028066542052,4000.6399149591866,29243056.21840509,23336687.887174662,3,Good,472.8392619632293
PA-601,Alfalfa,San Joaquin River,0.7,68.96354348,281.2592654,6.716,3.492053733342774e-13,285.1618632547267,5.851145437652287e-08,130267.80454564764,6.596270293592455e-10,4,Good,1237.442049959148
PA-601,Almonds & Pistachios,San Joaquin River,0.7,347.6394954,4837.609664,1.075111111,46.299756860071284,1304.9102105045733,165.10239896512596,1808061.8565031234,240803.54922774897,4,Good,1237.442049959148
PA-601,Citrus & Subtropical,San Joaquin River,0.7,26.01542055,1043.88613,3.565,2.862949638681004e-07,84.48418996560574,1.00698620930685e-06,96815.19225800394,0.0010654335537692637,4,Good,1237.442049959148
PA-601,Corn,San Joaquin River,0.7,214.2460672,694.3579627,10.536,184.675951925612,517.5819190529166,423.8382865776403,1567371.8434020819,1351044.1100954814,4,Good,1237.442049959148
PA-601,Cucurbits,San Joaquin River,0.7,11.99504263,202.6283347,12.01,1.859734805035108e-07,27.58412540947438,4.888127820518238e-07,29190.731508396624,0.0004525787947999996,4,Good,1237.442049959148
PA-601,Dry Beans,San Joaquin River,0.7,173.6421719,1568.397301,1.239666667,1.4927940976866615e-18,384.1140842660594,5.8508605177220834e-08,337610.7131667259,2.902424419232186e-15,4,Good,1237.442049959148
PA-601,Grain,San Joaquin River,0.7,411.9040655,165.2669729,2.321833333,5.850872263646749e-21,192.21785000128708,5.8508603628586976e-08,158056.80279419856,2.2451105512316443e-18,4,Good,1237.442049959148
PA-601,Onions & Garlic,San Joaquin River,0.7,34.60035632,659.1955182,5.8525,27.101992781899284,51.23697012670823,38.126566368716766,133486.1599129979,104557.91001072332,4,Good,1237.442049959148
PA-601,Other Deciduous,San Joaquin River,0.7,592.0629546,3191.985676,2.1485,522.9481785368008,2040.1525501502135,1711.8945528836648,4060356.626597332,3586368.7899937113,4,Good,1237.442049959148
PA-601,Tomato Processing,San Joaquin River,0.7,61.64926513,102.0185065,42.19266667,2.49271647135836e-11,146.7043433392731,5.8775265760916574e-08,265365.12132121087,1.0729730637445991e-07,4,Good,1237.442049959148
PA-601,Truck Crops,San Joaquin River,0.7,27.19107642,4418.633269,3.085,24.497955519111514,72.53852297967389,62.08629599385375,370654.71323359356,333943.4797464193,4,Good,1237.442049959148
PA-601,Vineyard,San Joaquin River,0.7,1703.099706,1654.801722,10.37616146,1653.6275215390606,5277.028066542052,4867.552257010493,29243056.21840509,28393594.577174228,4,Good,1237.442049959148
PA-601,Alfalfa,San Joaquin River,0.75,68.96354348,281.2592654,6.716,5.629300753530156e-21,285.1618632547267,5.6293007535286844e-08,130267.80454564764,1.0633395752093297e-17,2,Good,1033.5972200032534
PA-601,Almonds & Pistachios,San Joaquin River,0.75,347.6394954,4837.609664,1.075111111,173.02615792811503,1304.9102105045733,617.0024432619484,1808061.8565031234,899903.4933218646,2,Good,1033.5972200032534
PA-601,Citrus & Subtropical,San Joaquin River,0.75,26.01542055,1043.88613,3.565,18.70678850354294,84.48418996560574,57.71217358714897,96815.19225800394,69616.45390354173,2,Good,1033.5972200032534
PA-601,Corn,San Joaquin River,0.75,214.2460672,694.3579627,10.536,191.81337720616753,517.5819190529166,440.21894723797476,1567371.8434020819,1403259.768311909,2,Good,1033.5972200032534
PA-601,Cucurbits,San Joaquin River,0.75,11.99504263,202.6283347,12.01,1.714064305607667e-17,27.58412540947438,5.629300771482012e-08,29190.731508396624,4.171289129726061e-14,2,Good,1033.5972200032534
PA-601,Dry Beans,San Joaquin River,0.75,173.6421719,1568.397301,1.239666667,5.629300753531176e-21,384.1140842660594,5.62930075352868e-08,337610.7131667259,1.0944992343934439e-17,2,Good,1033.5972200032534
PA-601,Grain,San Joaquin River,0.75,411.9040655,165.2669729,2.321833333,2.1510099900279675e-17,192.21785000128708,5.6293007712234025e-08,158056.80279419856,8.25390643788636e-15,2,Good,1033.5972200032534
PA-601,Onions & Garlic,San Joaquin River,0.75,34.60035632,659.1955182,5.8525,5.630354459225219e-13,51.23697012670823,5.629958963972696e-08,133486.1599129979,2.1721579649645595e-09,2,Good,1033.5972200032534
PA-601,Other Deciduous,San Joaquin River,0.75,592.0629546,3191.985676,2.1485,541.9836435280023,2040.1525501502135,1774.2080098665901,4060356.626597332,3716913.6515103457,2,Good,1033.5972200032534
PA-601,Tomato Processing,San Joaquin River,0.75,61.64926513,102.0185065,42.19266667,5.630281530448862e-13,146.7043433392731,5.62994453053536e-08,265365.12132121087,2.4235168712061094e-09,2,Good,1033.5972200032534
PA-601,Truck Crops,San Joaquin River,0.75,27.19107642,4418.633269,3.085,5.631232718785574e-13,72.53852297967389,5.6305060423523005e-08,370654.71323359356,7.67620566502419e-09,2,Good,1033.5972200032534
PA-601,Vineyard,San Joaquin River,0.75,1703.099706,1654.801722,10.37616146,1664.1903316744852,5277.028066542052,4898.644525155045,29243056.21840509,28574963.201410584,2,Good,1033.5972200032534
PA-601,Alfalfa,San Joaquin River,0.8,68.96354348,281.2592654,6.716,1.9277193465047128e-20,285.1618632547267,2.0927218404441183e-10,130267.80454564764,3.6413408357151243e-17,2,Good,840.4561391864994
PA-601,Almonds & Pistachios,San Joaquin River,0.8,347.6394954,4837.609664,1.075111111,231.20838205453998,1304.9102105045733,824.4772832275236,1808061.8565031234,1202507.3733800356,2,Good,840.4561391864994
PA-601,Citrus & Subtropical,San Joaquin River,0.8,26.01542055,1043.88613,3.565,21.960015268447126,84.48418996560574,67.74867912599261,96815.19225800394,81723.18783458645,2,Good,840.4561391864994
PA-601,Corn,San Joaquin River,0.8,214.2460672,694.3579627,10.536,197.4667092614837,517.5819190529166,453.19355782138933,1567371.8434020819,1444618.1633606884,2,Good,840.4561391864994
PA-601,Cucurbits,San Joaquin River,0.8,11.99504263,202.6283347,12.01,11.15265426908756,27.58412540947438,24.36459873727644,29190.731508396624,27140.723581980994,2,Good,840.4561391864994
PA-601,Dry Beans,San Joaquin River,0.8,173.6421719,1568.397301,1.239666667,8.947214070850068e-20,384.1140842660594,2.0927219023846862e-10,337610.7131667259,1.7395977545447047e-16,2,Good,840.4561391864994
PA-601,Grain,San Joaquin River,0.8,411.9040655,165.2669729,2.321833333,4.10201768843543e-19,192.21785000128708,2.092926998235801e-10,158056.80279419856,1.574035934926583e-16,2,Good,840.4561391864994
PA-601,Onions & Garlic,San Joaquin River,0.8,34.60035632,659.1955182,5.8525,30.69742103918795,51.23697012670823,43.18454625539883,133486.1599129979,118428.86286651017,2,Good,840.4561391864994
PA-601,Other Deciduous,San Joaquin River,0.8,592.0629546,3191.985676,2.1485,555.4751286028884,2040.1525501502135,1818.372997384988,4060356.626597332,3809438.002849744,2,Good,840.4561391864994
PA-601,Tomato Processing,San Joaquin River,0.8,61.64926513,102.0185065,42.19266667,38.11801706819284,146.7043433392731,86.17255479961707,265365.12132121087,164076.4444230607,2,Good,840.4561391864994
PA-601,Truck Crops,San Joaquin River,0.8,27.19107642,4418.633269,3.085,25.57619077508684,72.53852297967389,64.81891715535724,370654.71323359356,348641.4259927814,2,Good,840.4561391864994
PA-601,Vineyard,San Joaquin River,0.8,1703.099706,1654.801722,10.37616146,1673.0211955383081,5277.028066542052,4924.63870502478,29243056.21840509,28726593.45976661,2,Good,840.4561391864994
PA-601,Alfalfa,San Joaquin River,0.85,68.96354348,281.2592654,6.716,4.8680593617630796e-21,285.1618632547267,4.868059361761863e-08,130267.80454564764,9.195458548887822e-18,2,Good,568.0998432055311
PA-601,Almonds & Pistachios,San Joaquin River,0.85,347.6394954,4837.609664,1.075111111,285.9247933852703,1304.9102105045733,1019.593211867748,1808061.8565031234,1487085.6723388392,2,Good,568.0998432055311
PA-601,Citrus & Subtropical,San Joaquin River,0.85,26.01542055,1043.88613,3.565,24.07919386985694,84.48418996560574,74.28654125864959,96815.19225800394,89609.61363078751,2,Good,568.0998432055311
PA-601,Corn,San Joaquin River,0.85,214.2460672,694.3579627,10.536,204.67805833655484,517.5819190529166,469.7438764395883,1567371.8434020819,1497374.6299830554,2,Good,568.0998432055311
PA-601,Cucurbits,San Joaquin River,0.85,11.99504263,202.6283347,12.01,11.63574271390894,27.58412540947438,25.41997590881764,29190.731508396624,28316.35134109549,2,Good,568.0998432055311
PA-601,Dry Beans,San Joaquin River,0.85,173.6421719,1568.397301,1.239666667,1.634739150497022e-07,384.1140842660594,4.1471473542011496e-07,337610.7131667259,0.00031784067453308976,2,Good,568.0998432055311
PA-601,Grain,San Joaquin River,0.85,411.9040655,165.2669729,2.321833333,416.0231099775244,192.21785000128708,184.43302467634308,158056.80279419856,159637.3722889287,2,Good,568.0998432055311
PA-601,Onions & Garlic,San Joaquin River,0.85,34.60035632,659.1955182,5.8525,32.6473304192157,51.23697012670823,45.92764162385355,133486.1599129979,125951.49971195172,2,Good,568.0998432055311
PA-601,Other Deciduous,San Joaquin River,0.85,592.0629546,3191.985676,2.1485,571.2035794543407,2040.1525501502135,1869.8607938254265,4060356.626597332,3917303.4234855464,2,Good,568.0998432055311
PA-601,Tomato Processing,San Joaquin River,0.85,61.64926513,102.0185065,42.19266667,49.00777515043393,146.7043433392731,110.79078914757093,265365.12132121087,210950.6767202161,2,Good,568.0998432055311
PA-601,Truck Crops,San Joaquin River,0.85,27.19107642,4418.633269,3.085,26.233446024686167,72.53852297967389,66.48462943217959,370654.71323359356,357600.79017162375,2,Good,568.0998432055311
PA-601,Vineyard,San Joaquin River,0.85,1703.099706,1654.801722,10.37616146,1684.904216995611,5277.028066542052,4959.617094807836,29243056.21840509,28930630.759107456,2,Good,568.0998432055311
PA-601,Alfalfa,San Joaquin River,0.9,68.96354348,281.2592654,6.716,6.249470628719224e-08,285.1618632547267,3.2484755491519604e-07,130267.80454564764,0.0001180485771604614,2,Good,287.42922132660624
PA-601,Almonds & Pistachios,San Joaquin River,0.9,347.6394954,4837.609664,1.075111111,326.1262449081904,1304.9102105045733,1162.9495350293626,1808061.8565031234,1696172.131260938,2,Good,287.42922132660624
PA-601,Citrus & Subtropical,San Joaquin River,0.9,26.01542055,1043.88613,3.565,25.404647934982364,84.48418996560574,78.37568970776009,96815.19225800394,94542.2300341103,2,Good,287.42922132660624
PA-601,Corn,San Joaquin River,0.9,214.2460672,694.3579627,10.536,211.34930424477852,517.5819190529166,485.05463784154557,1567371.8434020819,1546179.833894687,2,Good,287.42922132660624
PA-601,Cucurbits,San Joaquin River,0.9,11.99504263,202.6283347,12.01,11.906280956731683,27.58412540947438,26.011006141439115,29190.731508396624,28974.72409162169,2,Good,287.42922132660624
PA-601,Dry Beans,San Joaquin River,0.9,173.6421719,1568.397301,1.239666667,120.49405917479034,384.1140842660594,253.21781587923812,337610.7131667259,234275.37680064366,2,Good,287.42922132660624
PA-601,Grain,San Joaquin River,0.9,411.9040655,165.2669729,2.321833333,416.02311022576237,192.21785000128708,184.43302479715032,158056.80279419856,159637.37238418314,2,Good,287.42922132660624
PA-601,Onions & Garlic,San Joaquin River,0.9,34.60035632,659.1955182,5.8525,34.41052338496754,51.23697012670823,48.40806785917101,133486.1599129979,132753.79550356406,2,Good,287.42922132660624
PA-601,Other Deciduous,San Joaquin River,0.9,592.0629546,3191.985676,2.1485,584.6225312066713,2040.1525501502135,1913.7883402970788,4060356.626597332,4009330.342660681,2,Good,287.42922132660624
PA-601,Tomato Processing,San Joaquin River,0.9,61.64926513,102.0185065,42.19266667,58.035822784492375,146.7043433392731,131.2002959800675,265365.12132121087,249811.30142764302,2,Good,287.42922132660624
PA-601,Truck Crops,San Joaquin River,0.9,27.19107642,4418.633269,3.085,26.872514320073947,72.53852297967389,68.1042496302206,370654.71323359356,366312.2391817633,2,Good,287.42922132660624
PA-601,Vineyard,San Joaquin River,0.9,1703.099706,1654.801722,10.37616146,1696.517215572398,5277.028066542052,4993.800655926698,29243056.21840509,29130031.633318655,2,Good,287.42922132660624
PA-601,Alfalfa,San Joaquin River,0.95,68.96354348,281.2592654,6.716,65.95981210203217,285.1618632547267,259.10446479681156,130267.80454564764,124593.94452761915,2,Good,16.616052243834197
PA-601,Almonds & Pistachios,San Joaquin River,0.95,347.6394954,4837.609664,1.075111111,346.90295850122965,1304.9102105045733,1237.587901701705,1808061.8565031234,1804231.1517351237,2,Good,16.616052243834197
PA-601,Citrus & Subtropical,San Joaquin River,0.95,26.01542055,1043.88613,3.565,25.998059461901285,84.48418996560574,80.20917887084808,96815.19225800394,96750.58376632667,2,Good,16.616052243834197
PA-601,Corn,San Joaquin River,0.95,214.2460672,694.3579627,10.536,214.21825190905034,517.5819190529166,492.42120664161405,1567371.8434020819,1567168.3535344717,2,Good,16.616052243834197
PA-601,Cucurbits,San Joaquin River,0.95,11.99504263,202.6283347,12.01,11.994723383482373,27.58412540947438,26.204490564367667,29190.731508396624,29189.954600830013,2,Good,16.616052243834197
PA-601,Dry Beans,San Joaquin River,0.95,173.6421719,1568.397301,1.239666667,173.71822304279794,384.1140842660594,365.06822768227613,337610.7131667259,337758.57863210345,2,Good,16.616052243834197
PA-601,Grain,San Joaquin River,0.95,411.9040655,165.2669729,2.321833333,416.02310999744344,192.21785000128708,184.43304794334833,158056.80279419856,159637.37229657205,2,Good,16.616052243834197
PA-601,Onions & Garlic,San Joaquin River,0.95,34.60035632,659.1955182,5.8525,34.650746495248455,51.23697012670823,48.81607297578889,133486.1599129979,133680.5622748999,2,Good,16.616052243834197
PA-601,Other Deciduous,San Joaquin River,0.95,592.0629546,3191.985676,2.1485,591.8238490598548,2040.1525501502135,1939.479421281891,4060356.626597332,4058716.845292249,2,Good,16.616052243834197
PA-601,Tomato Processing,San Joaquin River,0.95,61.64926513,102.0185065,42.19266667,61.62111996046867,146.7043433392731,139.43720140088413,265365.12132121087,265243.97232922306,2,Good,16.616052243834197
PA-601,Truck Crops,San Joaquin River,0.95,27.19107642,4418.633269,3.085,27.18509746375844,72.53852297967389,69.03241878778162,370654.71323359356,370573.2111894331,2,Good,16.616052243834197
PA-601,Vineyard,San Joaquin River,0.95,1703.099706,1654.801722,10.37616146,1702.9132504547038,5277.028066542052,5022.735426263791,29243056.21840509,29239854.685356777,2,Good,16.616052243834197
PA-601,Alfalfa,San Joaquin River,1.0,68.96354348,281.2592654,6.716,68.96310347227602,285.1618632547267,285.15870107877225,130267.80454564764,130266.9733986779,2,Good,0.0012340195109514242
PA-601,Almonds & Pistachios,San Joaquin River,1.0,347.6394954,4837.609664,1.075111111,347.6393742204251,1304.9102105045733,1304.9040763935423,1808061.8565031234,1808061.226252044,2,Good,0.0012340195109514242
PA-601,Citrus & Subtropical,San Joaquin River,1.0,26.01542055,1043.88613,3.565,26.01541688979402,84.48418996560574,84.48380811965214,96815.19225800394,96815.17863671556,2,Good,0.0012340195109514242
PA-601,Corn,San Joaquin River,1.0,214.2460672,694.3579627,10.536,214.24604457488232,517.5819190529166,517.5796570006148,1567371.8434020819,1567371.6778822527,2,Good,0.0012340195109514242
PA-601,Cucurbits,San Joaquin River,1.0,11.99504263,202.6283347,12.01,11.995041915578135,27.58412540947438,27.584002974979253,29190.731508396624,29190.729769803645,2,Good,0.0012340195109514242
PA-601,Dry Beans,San Joaquin River,1.0,173.6421719,1568.397301,1.239666667,173.6417452017112,384.1140842660594,384.1114322339752,337610.7131667259,337609.88354157197,2,Good,0.0012340195109514242
PA-601,Grain,San Joaquin River,1.0,411.9040655,165.2669729,2.321833333,411.90524082220793,192.21785000128708,192.21754046956474,158056.80279419856,158057.25379161764,2,Good,0.0012340195109514242
PA-601,Onions & Garlic,San Joaquin River,1.0,34.60035632,659.1955182,5.8525,34.60035104245257,51.23697012670823,51.23674379419541,133486.1599129979,133486.13955252722,2,Good,0.0012340195109514242
PA-601,Other Deciduous,San Joaquin River,1.0,592.0629546,3191.985676,2.1485,592.0629098912192,2040.1525501502135,2040.143616387911,4060356.626597332,4060356.319985352,2,Good,0.0012340195109514242
PA-601,Tomato Processing,San Joaquin River,1.0,61.64926513,102.0185065,42.19266667,61.64923684607699,146.7043433392731,146.70364368166747,265365.12132121087,265364.9995749638,2,Good,0.0012340195109514242
PA-601,Truck Crops,San Joaquin River,1.0,27.19107642,4418.633269,3.085,27.19107409033058,72.53852297967389,72.53821006596742,370654.71323359356,370654.681476743,2,Good,0.0012340195109514242
PA-601,Vineyard,San Joaquin River,1.0,1703.099706,1654.801722,10.37616146,1703.0996628678454,5277.028066542052,5277.005591363858,29243056.21840509,29243055.477804866,2,Good,0.0012340195109514242
PA-602,Alfalfa,San Joaquin River,0.5,38190.69117,260.8234594,5.115333333,6.128357454566327e-08,157917.18498602646,3.2518371840912866e-07,50953979.52019229,8.176447994680018e-05,2,Good,220.60709394125752
PA-602,Almonds & Pistachios,San Joaquin River,0.5,4311.107219,4899.650521,1.406305556,4190.419305542446,16182.303515830832,14942.82125021009,29705277.97127023,28873689.278409824,2,Good,220.60709394125752
PA-602,Citrus & Subtropical,San Joaquin River,0.5,31.6879679,1043.88613,3.565,31.2503404069475,102.90559380127402,96.41019190797952,117925.3165870485,116296.7059791271,2,Good,220.60709394125752
PA-602,Corn,San Joaquin River,0.5,48965.90992,379.7694232,18.684,48633.85961178548,118293.2781720898,111616.5451379702,347443093.27294666,345086993.15356207,2,Good,220.60709394125752
PA-602,Cucurbits,San Joaquin River,0.5,5718.171981,202.6283347,12.01,5699.561392330223,13149.663398640756,12451.522560469544,13915550.629119143,13870260.527713919,2,Good,220.60709394125752
PA-602,Dry Beans,San Joaquin River,0.5,4363.86967,1568.397301,1.239666667,3821.849685123169,9653.322023142011,8031.602854375179,8484627.526450243,7430783.568829916,2,Good,220.60709394125752
PA-602,Grain,San Joaquin River,0.5,20998.68256,165.2669729,2.321833333,21208.669597620268,9799.178868611394,9402.312006424585,8057664.165793229,8138240.88880808,2,Good,220.60709394125752
PA-602,Onions & Garlic,San Joaquin River,0.5,1735.476541,659.1955182,5.8525,1745.483875976482,2569.931906609334,2455.5134148656794,6695367.438839787,6733975.154454595,2,Good,220.60709394125752
PA-602,Other Deciduous,San Joaquin River,0.5,922.9231213,3217.887036,2.109388889,915.7277955573836,3180.242818578114,2997.6764227442454,6264594.63716111,6215754.38381874,2,Good,220.60709394125752
PA-602,Pasture,San Joaquin River,0.5,15034.81987,268.0468839,5.0,2390.475995127076,69162.98361995223,10446.804769116558,20150183.080756515,3203798.207657822,2,Good,220.60709394125752
PA-602,Potatoes,San Joaquin River,0.5,1200.422757,733.033091,17.108,1186.523041531986,3967.5557049020294,3725.534507412649,15054177.826437293,14879865.245996632,2,Good,220.60709394125752
PA-602,Rice,San Joaquin River,0.5,4122.956178,579.2835722,4.702,3818.3302082205037,19930.038670529375,17534.62598863335,11230072.400800357,10400334.817354286,2,Good,220.60709394125752
PA-602,Safflower,San Joaquin River,0.5,3354.30397,569.0539316,1.175666667,4.01430949470307e-06,8069.297982778191,9.22286582636768e-06,2244088.8582884367,0.00268564426222369,2,Good,220.60709394125752
PA-602,Sunflowers,San Joaquin River,0.5,276.2144979,3639.713227,0.60825,242.56982656885359,813.6064314010091,678.778818585708,611499.0047798165,537014.5617416799,2,Good,220.60709394125752
PA-602,Tomato Processing,San Joaquin River,0.5,15569.95568,101.3138638,42.74733333,15142.638805729557,37051.21413920064,34232.6273111007,67431882.23563582,65581216.650240615,2,Good,220.60709394125752
PA-602,Truck Crops,San Joaquin River,0.5,3002.976307,5520.08248,3.84325,2993.32867126746,8011.138010428779,7586.130586723674,63708313.496408485,63503638.35451173,2,Good,220.60709394125752
PA-602,Vineyard,San Joaquin River,0.5,1966.041494,1654.801722,10.37616146,1961.5333962539707,6091.749125006466,5773.891753597425,33757895.5208622,33680489.27426327,2,Good,220.60709394125752
PA-602,Alfalfa,San Joaquin River,0.55,38190.69117,260.8234594,5.115333333,1.4175261194053517e-07,157917.18498602646,6.373712558728323e-07,50953979.52019229,0.00018912618401170964,2,Good,196.26177824518106
PA-602,Almonds & Pistachios,San Joaquin River,0.55,4311.107219,4899.650521,1.406305556,4215.548503479211,16182.303515830832,15032.43068677214,29705277.97127023,29046839.64836973,2,Good,196.26177824518106
PA-602,Citrus & Subtropical,San Joaquin River,0.55,31.6879679,1043.88613,3.565,31.356514038006615,102.90559380127402,96.73774738434894,117925.3165870485,116691.82626880155,2,Good,196.26177824518106
PA-602,Corn,San Joaquin River,0.55,48965.90992,379.7694232,18.684,48760.232887334474,118293.2781720898,111906.57657958588,347443093.27294666,345983688.8717773,2,Good,196.26177824518106
PA-602,Cucurbits,San Joaquin River,0.55,5718.171981,202.6283347,12.01,5707.731020377472,13149.663398640756,12469.370303644562,13915550.629119143,13890141.859211173,2,Good,196.26177824518106
PA-602,Dry Beans,San Joaquin River,0.55,4363.86967,1568.397301,1.239666667,4090.906281751312,9653.322023142011,8597.024288361978,8484627.526450243,7953907.579984026,2,Good,196.26177824518106
PA-602,Grain,San Joaquin River,0.55,20998.68256,165.2669729,2.321833333,21208.669597630476,9799.178868611394,9402.312006429147,8057664.165793229,8138240.888811997,2,Good,196.26177824518106
PA-602,Onions & Garlic,San Joaquin River,0.55,1735.476541,659.1955182,5.8525,1752.467706824838,2569.931906609334,2465.3381348593,6695367.438839787,6760918.367200936,2,Good,196.26177824518106
PA-602,Other Deciduous,San Joaquin River,0.55,922.9231213,3217.887036,2.109388889,917.3399794481378,3180.242818578114,3002.9539797451616,6264594.63716111,6226697.525585423,2,Good,196.26177824518106
PA-602,Pasture,San Joaquin River,0.55,15034.81987,268.0468839,5.0,6626.5030800351515,69162.98361995223,28958.99566439308,20150183.080756515,8881067.508785874,2,Good,196.26177824518106
PA-602,Potatoes,San Joaquin River,0.55,1200.422757,733.033091,17.108,1189.733398198695,3967.5557049020294,3735.6146273295144,15054177.826437293,14920125.46254543,2,Good,196.26177824518106
PA-602,Rice,San Joaquin River,0.55,4122.956178,579.2835722,4.702,3878.9082085753075,19930.038670529375,17812.81370981807,11230072.400800357,10565336.65111381,2,Good,196.26177824518106
PA-602,Safflower,San Joaquin River,0.55,3354.30397,569.0539316,1.175666667,1749.3620097799046,8069.297982778191,3997.9432859838535,2244088.8582884367,1170354.2166633606,2,Good,196.26177824518106
PA-602,Sunflowers,San Joaquin River,0.55,276.2144979,3639.713227,0.60825,251.96969891334558,813.6064314010091,705.0823136836362,611499.0047798165,557824.5214918562,2,Good,196.26177824518106
PA-602,Tomato Processing,San Joaquin River,0.55,15569.95568,101.3138638,42.74733333,15312.237065706937,37051.21413920064,34616.03433156049,67431882.23563582,66315729.331535764,2,Good,196.26177824518106
PA-602,Truck Crops,San Joaquin River,0.55,3002.976307,5520.08248,3.84325,2996.303785906932,8011.138010428779,7593.67055665154,63708313.496408485,63566755.58114366,2,Good,196.26177824518106
PA-602,Vineyard,San Joaquin River,0.55,1966.041494,1654.801722,10.37616146,1962.65019405496,6091.749125006466,5777.179115222766,33757895.5208622,33699665.23957162,2,Good,196.26177824518106
PA-602,Alfalfa,San Joaquin River,0.6,38190.69117,260.8234594,5.115333333,1751.918790865729,157917.18498602646,6881.917266010835,50953979.52019229,2337408.186551351,2,Good,169.56398767323122
PA-602,Almonds & Pistachios,San Joaquin River,0.6,4311.107219,4899.650521,1.406305556,4242.691365362364,16182.303515830832,15129.220746134655,29705277.97127023,29233864.97996468,2,Good,169.56398767323122
PA-602,Citrus & Subtropical,San Joaquin River,0.6,31.6879679,1043.88613,3.565,31.469885056415155,102.90559380127402,97.08750746697982,117925.3165870485,117113.73130480177,2,Good,169.56398767323122
PA-602,Corn,San Joaquin River,0.6,48965.90992,379.7694232,18.684,48897.579058208816,118293.2781720898,112221.79123051607,347443093.27294666,346958243.9966742,2,Good,169.56398767323122
PA-602,Cucurbits,San Joaquin River,0.6,5718.171981,202.6283347,12.01,5716.429609736339,13149.663398640756,12488.373639899812,13915550.629119143,13911310.45313025,2,Good,169.56398767323122
PA-602,Dry Beans,San Joaquin River,0.6,4363.86967,1568.397301,1.239666667,4375.03545515583,9653.322023142011,9194.12068620985,8484627.526450243,8506337.049248064,2,Good,169.56398767323122
PA-602,Grain,San Joaquin River,0.6,20998.68256,165.2669729,2.321833333,21208.669597640775,9799.178868611394,9402.312006433765,8057664.165793229,8138240.888815949,2,Good,169.56398767323122
PA-602,Onions & Garlic,San Joaquin River,0.6,1735.476541,659.1955182,5.8525,1752.8313235179005,2569.931906609334,2465.8496638858287,6695367.438839787,6762321.179229468,2,Good,169.56398767323122
PA-602,Other Deciduous,San Joaquin River,0.6,922.9231213,3217.887036,2.109388889,919.0833943934988,3180.242818578114,3008.661127548351,6264594.63716111,6238531.434244761,2,Good,169.56398767323122
PA-602,Pasture,San Joaquin River,0.6,15034.81987,268.0468839,5.0,9556.964494252834,69162.98361995223,41765.63264377317,20150183.080756515,12808572.761137059,2,Good,169.56398767323122
PA-602,Potatoes,San Joaquin River,0.6,1200.422757,733.033091,17.108,1193.2300622610508,3967.5557049020294,3746.5937167943025,15054177.826437293,14963976.18287463,2,Good,169.56398767323122
PA-602,Rice,San Joaquin River,0.6,4122.956178,579.2835722,4.702,3940.5925279791545,19930.038670529375,18096.081895418156,11230072.400800357,10733351.867136631,2,Good,169.56398767323122
PA-602,Safflower,San Joaquin River,0.6,3354.30397,569.0539316,1.175666667,2942.3351358709615,8069.297982778191,6724.330890751099,2244088.8582884367,1968474.4002967083,2,Good,169.56398767323122
PA-602,Sunflowers,San Joaquin River,0.6,276.2144979,3639.713227,0.60825,261.8040203983024,813.6064314010091,732.6015200612645,611499.0047798165,579596.2888916725,2,Good,169.56398767323122
PA-602,Tomato Processing,San Joaquin River,0.6,15569.95568,101.3138638,42.74733333,15495.397772367554,37051.21413920064,35030.10167408764,67431882.23563582,67108979.57935758,2,Good,169.56398767323122
PA-602,Truck Crops,San Joaquin River,0.6,3002.976307,5520.08248,3.84325,2999.5561488144426,8011.138010428779,7601.913169622449,63708313.496408485,63635754.645582765,2,Good,169.56398767323122
PA-602,Vineyard,San Joaquin River,0.6,1966.041494,1654.801722,10.37616146,1963.8693233699341,6091.749125006466,5780.767695826053,33757895.5208622,33720598.28710237,2,Good,169.56398767323122
PA-602,Alfalfa,San Joaquin River,0.65,38190.69117,260.8234594,5.115333333,6798.831175296747,157917.18498602646,26707.284548516393,50953979.52019229,9070993.319425575,2,Good,160.9488208439758
PA-602,Almonds & Pistachios,San Joaquin River,0.65,4311.107219,4899.650521,1.406305556,4251.359757856464,16182.303515830832,15160.131791097176,29705277.97127023,29293593.721450504,2,Good,160.9488208439758
PA-602,Citrus & Subtropical,San Joaquin River,0.65,31.6879679,1043.88613,3.565,31.50581303495638,102.90559380127402,97.19834860534499,117925.3165870485,117247.43562617627,2,Good,160.9488208439758
PA-602,Corn,San Joaquin River,0.65,48965.90992,379.7694232,18.684,48941.626931127976,118293.2781720898,112322.88276294136,347443093.27294666,347270790.60806423,2,Good,160.9488208439758
PA-602,Cucurbits,San Joaquin River,0.65,5718.171981,202.6283347,12.01,5719.181024155634,13149.663398640756,12494.384505711538,13915550.629119143,13918006.202537684,2,Good,160.9488208439758
PA-602,Dry Beans,San Joaquin River,0.65,4363.86967,1568.397301,1.239666667,4407.508409655236,9653.322023142011,9262.362478936542,8484627.526450243,8569473.885232175,2,Good,160.9488208439758
PA-602,Grain,San Joaquin River,0.65,20998.68256,165.2669729,2.321833333,21208.66959764392,9799.178868611394,9402.312006435177,8057664.165793229,8138240.888817155,2,Good,160.9488208439758
PA-602,Onions & Garlic,San Joaquin River,0.65,1735.476541,659.1955182,5.8525,1752.8313236625615,2569.931906609334,2465.8496640893864,6695367.438839787,6762321.179787562,2,Good,160.9488208439758
PA-602,Other Deciduous,San Joaquin River,0.65,922.9231213,3217.887036,2.109388889,919.6406170017583,3180.242818578114,3010.485220999591,6264594.63716111,6242313.736023582,2,Good,160.9488208439758
PA-602,Pasture,San Joaquin River,0.65,15034.81987,268.0468839,5.0,10305.158453119526,69162.98361995223,45035.37316138681,20150183.080756515,13811328.057272166,2,Good,160.9488208439758
PA-602,Potatoes,San Joaquin River,0.65,1200.422757,733.033091,17.108,1194.3531272050025,3967.5557049020294,3750.120000782286,15054177.826437293,14978060.237244891,2,Good,160.9488208439758
PA-602,Rice,San Joaquin River,0.65,4122.956178,579.2835722,4.702,3959.5516514111628,19930.038670529375,18183.14642895045,11230072.400800357,10784992.563667256,2,Good,160.9488208439758
PA-602,Safflower,San Joaquin River,0.65,3354.30397,569.0539316,1.175666667,3230.5831270734357,8069.297982778191,7383.084833422453,2244088.8582884367,2161317.4196732426,2,Good,160.9488208439758
PA-602,Sunflowers,San Joaquin River,0.65,276.2144979,3639.713227,0.60825,264.8790973996755,813.6064314010091,741.2064531781344,611499.0047798165,586404.0652403338,2,Good,160.9488208439758
PA-602,Tomato Processing,San Joaquin River,0.65,15569.95568,101.3138638,42.74733333,15553.8862742621,37051.21413920064,35162.32533160357,67431882.23563582,67362287.28638965,2,Good,160.9488208439758
PA-602,Truck Crops,San Joaquin River,0.65,3002.976307,5520.08248,3.84325,3000.603386835679,8011.138010428779,7604.567233127345,63708313.496408485,63657971.859886706,2,Good,160.9488208439758
PA-602,Vineyard,San Joaquin River,0.65,1966.041494,1654.801722,10.37616146,1964.2614890148157,6091.749125006466,5781.922059033648,33757895.5208622,33727331.96332802,2,Good,160.9488208439758
PA-602,Alfalfa,San Joaquin River,0.7,38190.69117,260.8234594,5.115333333,11937.518395108536,157917.18498602646,46893.16330420067,50953979.52019229,15927024.340006966,2,Good,151.52493515022053
PA-602,Almonds & Pistachios,San Joaquin River,0.7,4311.107219,4899.650521,1.406305556,4260.792228969013,16182.303515830832,15193.76750139366,29705277.97127023,29358587.27464245,2,Good,151.52493515022053
PA-602,Citrus & Subtropical,San Joaquin River,0.7,31.6879679,1043.88613,3.565,31.544758068932644,102.90559380127402,97.31849763891776,117925.3165870485,117392.367780729,2,Good,151.52493515022053
PA-602,Corn,San Joaquin River,0.7,48965.90992,379.7694232,18.684,48989.65886643404,118293.2781720898,112433.1178690577,347443093.27294666,347611606.5799494,2,Good,151.52493515022053
PA-602,Cucurbits,San Joaquin River,0.7,5718.171981,202.6283347,12.01,5722.160701780227,13149.663398640756,12500.894045764118,13915550.629119143,13925257.445589004,2,Good,151.52493515022053
PA-602,Dry Beans,San Joaquin River,0.7,4363.86967,1568.397301,1.239666667,4407.508410405488,9653.322023142011,9262.362480513219,8484627.526450243,8569473.886690881,2,Good,151.52493515022053
PA-602,Grain,San Joaquin River,0.7,20998.68256,165.2669729,2.321833333,21208.66959764727,9799.178868611394,9402.312006436689,8057664.165793229,8138240.888818441,2,Good,151.52493515022053
PA-602,Onions & Garlic,San Joaquin River,0.7,1735.476541,659.1955182,5.8525,1752.831323742358,2569.931906609334,2465.8496642017085,6695367.438839787,6762321.180095413,2,Good,151.52493515022053
PA-602,Other Deciduous,San Joaquin River,0.7,922.9231213,3217.887036,2.109388889,920.2471977899875,3180.242818578114,3012.4708906889778,6264594.63716111,6246431.070030333,2,Good,151.52493515022053
PA-602,Pasture,San Joaquin River,0.7,15034.81987,268.0468839,5.0,11047.77404158884,69162.98361995223,48280.73520936109,20150183.080756515,14806607.029395988,2,Good,151.52493515022053
PA-602,Potatoes,San Joaquin River,0.7,1200.422757,733.033091,17.108,1195.57868827046,3967.5557049020294,3753.9681098205965,15054177.826437293,14993429.667813387,2,Good,151.52493515022053
PA-602,Rice,San Joaquin River,0.7,4122.956178,579.2835722,4.702,3979.803166644082,19930.038670529375,18276.14591457538,11230072.400800357,10840153.465814393,2,Good,151.52493515022053
PA-602,Safflower,San Joaquin River,0.7,3354.30397,569.0539316,1.175666667,3387.8470423720737,8069.297982778191,7742.49141180214,2244088.8582884367,2266529.7687295177,2,Good,151.52493515022053
PA-602,Sunflowers,San Joaquin River,0.7,276.2144979,3639.713227,0.60825,268.1906880542721,813.6064314010091,750.4732182316748,611499.0047798165,593735.4486576412,2,Good,151.52493515022053
PA-602,Tomato Processing,San Joaquin River,0.7,15569.95568,101.3138638,42.74733333,15617.526981507388,37051.21413920064,35306.19646535299,67431882.23563582,67637908.66672981,2,Good,151.52493515022053
PA-602,Truck Crops,San Joaquin River,0.7,3002.976307,5520.08248,3.84325,3001.7476647174003,8011.138010428779,7607.46722921588,63708313.496408485,63682247.780361265,2,Good,151.52493515022053
PA-602,Vineyard,San Joaquin River,0.7,1966.041494,1654.801722,10.37616146,1964.6897798577606,6091.749125006466,5783.182758938659,33757895.5208622,33734685.9269004,2,Good,151.52493515022053
PA-602,Alfalfa,San Joaquin River,0.75,38190.69117,260.8234594,5.115333333,17164.440361784982,157917.18498602646,67425.64729699327,50953979.52019229,22900778.065964337,2,Good,141.21362277167202
PA-602,Almonds & Pistachios,San Joaquin River,0.75,4311.107219,4899.650521,1.406305556,4271.054165804118,16182.303515830832,15230.361044098214,29705277.97127023,29429296.183218636,2,Good,141.21362277167202
PA-602,Citrus & Subtropical,San Joaquin River,0.75,31.6879679,1043.88613,3.565,31.586952839132632,102.90559380127402,97.448672409465,117925.3165870485,117549.39367932413,2,Good,141.21362277167202
PA-602,Corn,San Joaquin River,0.75,48965.90992,379.7694232,18.684,49042.034553981684,118293.2781720898,112553.32205067023,347443093.27294666,347983244.1319439,2,Good,141.21362277167202
PA-602,Cucurbits,San Joaquin River,0.75,5718.171981,202.6283347,12.01,5725.385780884736,13149.663398640756,12507.939701116322,13915550.629119143,13933105.889411755,2,Good,141.21362277167202
PA-602,Dry Beans,San Joaquin River,0.75,4363.86967,1568.397301,1.239666667,4407.508410573961,9653.322023142011,9262.362480867303,8484627.526450243,8569473.887018442,2,Good,141.21362277167202
PA-602,Grain,San Joaquin River,0.75,20998.68256,165.2669729,2.321833333,21208.66959765082,9799.178868611394,9402.312006438297,8057664.165793229,8138240.8888198035,2,Good,141.21362277167202
PA-602,Onions & Garlic,San Joaquin River,0.75,1735.476541,659.1955182,5.8525,1752.8313237942518,2569.931906609334,2465.849664274795,6695367.438839787,6762321.180295615,2,Good,141.21362277167202
PA-602,Other Deciduous,San Joaquin River,0.75,922.9231213,3217.887036,2.109388889,920.9074042809578,3180.242818578114,3014.6321065456323,6264594.63716111,6250912.403250078,2,Good,141.21362277167202
PA-602,Pasture,San Joaquin River,0.75,15034.81987,268.0468839,5.0,11785.552787656165,69162.98361995223,51504.95939676904,20150183.080756515,15795403.498850968,2,Good,141.21362277167202
PA-602,Potatoes,San Joaquin River,0.75,1200.422757,733.033091,17.108,1196.916170595797,3967.5557049020294,3758.167637669341,15054177.826437293,15010202.672696818,2,Good,141.21362277167202
PA-602,Rice,San Joaquin River,0.75,4122.956178,579.2835722,4.702,4001.4063605433876,19930.038670529375,18375.352610834103,11230072.400800357,10898996.05862978,2,Good,141.21362277167202
PA-602,Safflower,San Joaquin River,0.75,3354.30397,569.0539316,1.175666667,3387.847043258701,8069.297982778191,7742.491413828314,2244088.8582884367,2266529.7693226873,2,Good,141.21362277167202
PA-602,Sunflowers,San Joaquin River,0.75,276.2144979,3639.713227,0.60825,271.7536932883608,813.6064314010091,760.4435122180477,611499.0047798165,601623.4276422176,2,Good,141.21362277167202
PA-602,Tomato Processing,San Joaquin River,0.75,15569.95568,101.3138638,42.74733333,15686.760211392351,37051.21413920064,35462.71049085388,67431882.23563582,67937750.68942693,2,Good,141.21362277167202
PA-602,Truck Crops,San Joaquin River,0.75,3002.976307,5520.08248,3.84325,3002.9981848180596,8011.138010428779,7610.636479848519,63708313.496408485,63708777.63556547,2,Good,141.21362277167202
PA-602,Vineyard,San Joaquin River,0.75,1966.041494,1654.801722,10.37616146,1965.157581117489,6091.749125006466,5784.559760136381,33757895.5208622,33742718.30368321,2,Good,141.21362277167202
PA-602,Alfalfa,San Joaquin River,0.8,38190.69117,260.8234594,5.115333333,22417.450884996964,157917.18498602646,88060.61280239998,50953979.52019229,29909339.116290517,2,Good,130.05749505243395
PA-602,Almonds & Pistachios,San Joaquin River,0.8,4311.107219,4899.650521,1.406305556,4282.0885239182235,16182.303515830832,15269.709001638224,29705277.97127023,29505327.387817178,2,Good,130.05749505243395
PA-602,Citrus & Subtropical,San Joaquin River,0.8,31.6879679,1043.88613,3.565,31.63212310217323,102.90559380127402,97.58802685075713,117925.3165870485,117717.49273781196,2,Good,130.05749505243395
PA-602,Corn,San Joaquin River,0.8,48965.90992,379.7694232,18.684,49098.49189773692,118293.2781720898,112682.8937874793,347443093.27294666,348383843.5323092,2,Good,130.05749505243395
PA-602,Cucurbits,San Joaquin River,0.8,5718.171981,202.6283347,12.01,5728.834602682792,13149.663398640756,12515.47415499261,13915550.629119143,13941498.825913336,2,Good,130.05749505243395
PA-602,Dry Beans,San Joaquin River,0.8,4363.86967,1568.397301,1.239666667,4407.508410648159,9653.322023142011,9262.362481023278,8484627.526450243,8569473.887162704,2,Good,130.05749505243395
PA-602,Grain,San Joaquin River,0.8,20998.68256,165.2669729,2.321833333,21208.66959765454,9799.178868611394,9402.312006439986,8057664.165793229,8138240.888821231,2,Good,130.05749505243395
PA-602,Onions & Garlic,San Joaquin River,0.8,1735.476541,659.1955182,5.8525,1752.831323830624,2569.931906609334,2465.849664326068,6695367.438839787,6762321.180435937,2,Good,130.05749505243395
PA-602,Other Deciduous,San Joaquin River,0.8,922.9231213,3217.887036,2.109388889,921.6176341566406,3180.242818578114,3016.9570762183002,6264594.63716111,6255733.2839579815,2,Good,130.05749505243395
PA-602,Pasture,San Joaquin River,0.8,15034.81987,268.0468839,5.0,12511.139553477082,69162.98361995223,54675.90246458329,20150183.080756515,16767859.856737847,2,Good,130.05749505243395
PA-602,Potatoes,San Joaquin River,0.8,1200.422757,733.033091,17.108,1198.3591522864058,3967.5557049020294,3762.6984203796383,15054177.826437293,15028298.716648038,2,Good,130.05749505243395
PA-602,Rice,San Joaquin River,0.8,4122.956178,579.2835722,4.702,4024.1591924066915,19930.038670529375,18479.838701650562,11230072.400800357,10960970.025394589,2,Good,130.05749505243395
PA-602,Safflower,San Joaquin River,0.8,3354.30397,569.0539316,1.175666667,3387.8470434135816,8069.297982778191,7742.49141418215,2244088.8582884367,2266529.769426305,2,Good,130.05749505243395
PA-602,Sunflowers,San Joaquin River,0.8,276.2144979,3639.713227,0.60825,275.539928948713,813.6064314010091,771.038467924044,611499.0047798165,610005.606549443,2,Good,130.05749505243395
PA-602,Tomato Processing,San Joaquin River,0.8,15569.95568,101.3138638,42.74733333,15725.655393204162,37051.21413920064,35550.63996472178,67431882.23563582,68106201.73536257,2,Good,130.05749505243395
PA-602,Truck Crops,San Joaquin River,0.8,3002.976307,5520.08248,3.84325,3004.34938628507,8011.138010428779,7614.060891900684,63708313.496408485,63737443.451694764,2,Good,130.05749505243395
PA-602,Vineyard,San Joaquin River,0.8,1966.041494,1654.801722,10.37616146,1965.6627473006029,6091.749125006466,5786.046747237719,33757895.5208622,33751392.25450382,2,Good,130.05749505243395
PA-602,Alfalfa,San Joaquin River,0.85,38190.69117,260.8234594,5.115333333,27699.422732625346,157917.18498602646,108809.34467619743,50953979.52019229,36956540.33483523,2,Good,117.97638153910039
PA-602,Almonds & Pistachios,San Joaquin River,0.85,4311.107219,4899.650521,1.406305556,4293.958674764935,16182.303515830832,15312.037353385193,29705277.97127023,29587117.54346639,2,Good,117.97638153910039
PA-602,Citrus & Subtropical,San Joaquin River,0.85,31.6879679,1043.88613,3.565,31.680486349235736,102.90559380127402,97.73723194689913,117925.3165870485,117897.47433963073,2,Good,117.97638153910039
PA-602,Corn,San Joaquin River,0.85,48965.90992,379.7694232,18.684,49159.38655124179,118293.2781720898,112822.6493178042,347443093.27294666,348815928.36055154,2,Good,117.97638153910039
PA-602,Cucurbits,San Joaquin River,0.85,5718.171981,202.6283347,12.01,5732.523046044758,13149.663398640756,12523.53209710373,13915550.629119143,13950474.897377543,2,Good,117.97638153910039
PA-602,Dry Beans,San Joaquin River,0.85,4363.86967,1568.397301,1.239666667,4407.508410685835,9653.322023142011,9262.362481106624,8484627.526450243,8569473.887235958,2,Good,117.97638153910039
PA-602,Grain,San Joaquin River,0.85,20998.68256,165.2669729,2.321833333,21208.669597657074,9799.178868611394,9402.31200644527,8057664.165793229,8138240.888822203,2,Good,117.97638153910039
PA-602,Onions & Garlic,San Joaquin River,0.85,1735.476541,659.1955182,5.8525,1752.8313238544006,2569.931906609334,2465.8496643637886,6695367.438839787,6762321.180527667,2,Good,117.97638153910039
PA-602,Other Deciduous,San Joaquin River,0.85,922.9231213,3217.887036,2.109388889,922.3820390142281,3180.242818578114,3019.459390152606,6264594.63716111,6260921.8922623405,2,Good,117.97638153910039
PA-602,Pasture,San Joaquin River,0.85,15034.81987,268.0468839,5.0,13226.43004397461,69162.98361995223,57801.84898009525,20150183.080756515,17726516.79204367,2,Good,117.97638153910039
PA-602,Potatoes,San Joaquin River,0.85,1200.422757,733.033091,17.108,1199.9170190260352,3967.5557049020294,3767.5899278331385,15054177.826437293,15047835.502993945,2,Good,117.97638153910039
PA-602,Rice,San Joaquin River,0.85,4122.956178,579.2835722,4.702,4048.110456177635,19930.038670529375,18589.828259727023,11230072.400800357,11026208.270630764,2,Good,117.97638153910039
PA-602,Safflower,San Joaquin River,0.85,3354.30397,569.0539316,1.175666667,3387.8470434733263,8069.297982778191,7742.491414322533,2244088.8582884367,2266529.7694662753,2,Good,117.97638153910039
PA-602,Sunflowers,San Joaquin River,0.85,276.2144979,3639.713227,0.60825,278.9766437619471,813.6064314010091,780.6553656826834,611499.0047798165,617613.9967823321,2,Good,117.97638153910039
PA-602,Tomato Processing,San Joaquin River,0.85,15569.95568,101.3138638,42.74733333,15725.655393825667,37051.21413920064,35550.639966131064,67431882.23563582,68106201.73805425,2,Good,117.97638153910039
PA-602,Truck Crops,San Joaquin River,0.85,3002.976307,5520.08248,3.84325,3005.8105448094984,8011.138010428779,7617.763973187223,63708313.496408485,63768442.01306378,2,Good,117.97638153910039
PA-602,Vineyard,San Joaquin River,0.85,1966.041494,1654.801722,10.37616146,1966.2086744954763,6091.749125006466,5787.6537168376135,33757895.5208622,33760766.09186319,2,Good,117.97638153910039
PA-602,Alfalfa,San Joaquin River,0.9,38190.69117,260.8234594,5.115333333,32991.47542691899,157917.18498602646,129597.67630376076,50953979.52019229,44017191.408273675,2,Good,104.93692906755102
PA-602,Almonds & Pistachios,San Joaquin River,0.9,4311.107219,4899.650521,1.406305556,4306.679402019753,16182.303515830832,15357.398817175905,29705277.97127023,29674768.515688963,2,Good,104.93692906755102
PA-602,Citrus & Subtropical,San Joaquin River,0.9,31.6879679,1043.88613,3.565,31.732056626157195,102.90559380127402,97.8963310369786,117925.3165870485,118089.39075571763,2,Good,104.93692906755102
PA-602,Corn,San Joaquin River,0.9,48965.90992,379.7694232,18.684,49224.82966508745,118293.2781720898,112972.84373645567,347443093.27294666,349280287.29812866,2,Good,104.93692906755102
PA-602,Cucurbits,San Joaquin River,0.9,5718.171981,202.6283347,12.01,5736.451395907858,13149.663398640756,12532.114149941452,13915550.629119143,13960034.797217997,2,Good,104.93692906755102
PA-602,Dry Beans,San Joaquin River,0.9,4363.86967,1568.397301,1.239666667,4407.508410704738,9653.322023142011,9262.362481159511,8484627.526450243,8569473.88727271,2,Good,104.93692906755102
PA-602,Grain,San Joaquin River,0.9,20998.68256,165.2669729,2.321833333,21208.669597657627,9799.178868611394,9402.312006458651,8057664.165793229,8138240.888822415,2,Good,104.93692906755102
PA-602,Onions & Garlic,San Joaquin River,0.9,1735.476541,659.1955182,5.8525,1752.831323866197,2569.931906609334,2465.8496643938042,6695367.438839787,6762321.180573176,2,Good,104.93692906755102
PA-602,Other Deciduous,San Joaquin River,0.9,922.9231213,3217.887036,2.109388889,923.2016520639577,3180.242818578114,3022.1424306140243,6264594.63716111,6266485.241361939,2,Good,104.93692906755102
PA-602,Pasture,San Joaquin River,0.9,15034.81987,268.0468839,5.0,13930.234122287427,69162.98361995223,60877.59783379662,20150183.080756515,18669779.242382985,2,Good,104.93692906755102
PA-602,Potatoes,San Joaquin River,0.9,1200.422757,733.033091,17.108,1201.5929491722782,3967.5557049020294,3772.8521396816313,15054177.826437293,15068852.890659338,2,Good,104.93692906755102
PA-602,Rice,San Joaquin River,0.9,4122.956178,579.2835722,4.702,4073.2041087896782,19930.038670529375,18705.063922777048,11230072.400800357,11094558.144718068,2,Good,104.93692906755102
PA-602,Safflower,San Joaquin River,0.9,3354.30397,569.0539316,1.175666667,3387.847043500265,8069.297982778191,7742.491414396552,2244088.8582884367,2266529.769484298,2,Good,104.93692906755102
PA-602,Sunflowers,San Joaquin River,0.9,276.2144979,3639.713227,0.60825,278.9766454298555,813.6064314010091,780.655370363135,611499.0047798165,617614.0004748404,2,Good,104.93692906755102
PA-602,Tomato Processing,San Joaquin River,0.9,15569.95568,101.3138638,42.74733333,15725.655393924362,37051.21413920064,35550.639966367526,67431882.23563582,68106201.73848169,2,Good,104.93692906755102
PA-602,Truck Crops,San Joaquin River,0.9,3002.976307,5520.08248,3.84325,3007.3851964991513,8011.138010428779,7621.754685433834,63708313.496408485,63801848.33840115,2,Good,104.93692906755102
PA-602,Vineyard,San Joaquin River,0.9,1966.041494,1654.801722,10.37616146,1966.796601995616,6091.749125006466,5789.38431687615,33757895.5208622,33770861.09503791,2,Good,104.93692906755102
PA-602,Alfalfa,San Joaquin River,0.95,38190.69117,260.8234594,5.115333333,37883.30608045543,157917.18498602646,148813.84889620563,50953979.52019229,50543866.66081127,2,Good,15.131159273820447
PA-602,Almonds & Pistachios,San Joaquin River,0.95,4311.107219,4899.650521,1.406305556,4311.673114185798,16182.303515830832,15451.294968095686,29705277.97127023,29709177.218712427,2,Good,15.131159273820447
PA-602,Citrus & Subtropical,San Joaquin River,0.95,31.6879679,1043.88613,3.565,31.700285061259617,102.90559380127402,98.19454939360908,117925.3165870485,117971.1543367451,2,Good,15.131159273820447
PA-602,Corn,San Joaquin River,0.95,48965.90992,379.7694232,18.684,49014.3161061735,118293.2781720898,113107.44399619375,347443093.27294666,347786564.78374153,2,Good,15.131159273820447
PA-602,Cucurbits,San Joaquin River,0.95,5718.171981,202.6283347,12.01,5721.593779965389,13149.663398640756,12547.760168972593,13915550.629119143,13923877.803765822,2,Good,15.131159273820447
PA-602,Dry Beans,San Joaquin River,0.95,4363.86967,1568.397301,1.239666667,4407.5084102096735,9653.322023142011,9292.928565653658,8484627.526450243,8569473.886310162,2,Good,15.131159273820447
PA-602,Grain,San Joaquin River,0.95,20998.68256,165.2669729,2.321833333,21208.669597507145,9799.178868611394,9431.209772763808,8057664.165793229,8138240.888764672,2,Good,15.131159273820447
PA-602,Onions & Garlic,San Joaquin River,0.95,1735.476541,659.1955182,5.8525,1742.846934208855,2569.931906609334,2464.9879728635474,6695367.438839787,6723801.986663509,2,Good,15.131159273820447
PA-602,Other Deciduous,San Joaquin River,0.95,922.9231213,3217.887036,2.109388889,923.0501386756512,3180.242818578114,3036.9006504029085,6264594.63716111,6265456.802548416,2,Good,15.131159273820447
PA-602,Pasture,San Joaquin River,0.95,15034.81987,268.0468839,5.0,14930.671013947509,69162.98361995223,65249.68478583212,20150183.080756515,20010599.199123416,2,Good,15.131159273820447
PA-602,Potatoes,San Joaquin River,0.95,1200.422757,733.033091,17.108,1200.7785288005518,3967.5557049020294,3791.7578230606737,15054177.826437293,15058639.464572614,2,Good,15.131159273820447
PA-602,Rice,San Joaquin River,0.95,4122.956178,579.2835722,4.702,4117.595876171316,19930.038670529375,18935.3256188667,11230072.400800357,11215472.057011241,2,Good,15.131159273820447
PA-602,Safflower,San Joaquin River,0.95,3354.30397,569.0539316,1.175666667,3387.847043114371,8069.297982778191,7742.491419621543,2244088.8582884367,2266529.769226128,2,Good,15.131159273820447
PA-602,Sunflowers,San Joaquin River,0.95,276.2144979,3639.713227,0.60825,277.8922465692336,813.6064314010091,779.7508997762899,611499.0047798165,615213.2980168008,2,Good,15.131159273820447
PA-602,Tomato Processing,San Joaquin River,0.95,15569.95568,101.3138638,42.74733333,15636.698751105516,37051.21413920064,35524.02894287768,67431882.23563582,67720939.63588345,2,Good,15.131159273820447
PA-602,Truck Crops,San Joaquin River,0.95,3002.976307,5520.08248,3.84325,3003.841555537031,8011.138010428779,7658.8211216804475,63708313.496408485,63726669.793433204,2,Good,15.131159273820447
PA-602,Vineyard,San Joaquin River,0.95,1966.041494,1654.801722,10.37616146,1966.221542381619,6091.749125006466,5821.885166290664,33757895.5208622,33760987.03977162,2,Good,15.131159273820447
PA-602,Alfalfa,San Joaquin River,1.0,38190.69117,260.8234594,5.115333333,38190.65515899815,157917.18498602646,157916.96849482376,50953979.52019229,50953931.474351935,2,Good,0.00010637420422091102
PA-602,Almonds & Pistachios,San Joaquin River,1.0,4311.107219,4899.650521,1.406305556,4311.107124176952,16182.303515830832,16182.297143993314,29705277.97127023,29705277.317900952,2,Good,0.00010637420422091102
PA-602,Citrus & Subtropical,San Joaquin River,1.0,31.6879679,1043.88613,3.565,31.687967484280712,102.90559380127402,102.905554213848,117925.3165870485,117925.31503996826,2,Good,0.00010637420422091102
PA-602,Corn,San Joaquin River,1.0,48965.90992,379.7694232,18.684,48965.90946189055,118293.2781720898,118293.23354167817,347443093.27294666,347443090.0223798,2,Good,0.00010637420422091102
PA-602,Cucurbits,San Joaquin River,1.0,5718.171981,202.6283347,12.01,5718.171952666852,13149.663398640756,13149.658342445486,13915550.629119143,13915550.560168548,2,Good,0.00010637420422091102
PA-602,Dry Beans,San Joaquin River,1.0,4363.86967,1568.397301,1.239666667,4363.868750641889,9653.322023142011,9653.316288183654,8484627.526450243,8484625.738951596,2,Good,0.00010637420422091102
PA-602,Grain,San Joaquin River,1.0,20998.68256,165.2669729,2.321833333,20998.728229899214,9799.178868611394,9799.19640792125,8057664.165793229,8057681.690355034,2,Good,0.00010637420422091102
PA-602,Onions & Garlic,San Joaquin River,1.0,1735.476541,659.1955182,5.8525,1735.4765186966567,2569.931906609334,2569.930926582777,6695367.438839787,6695367.352794787,2,Good,0.00010637420422091102
PA-602,Other Deciduous,San Joaquin River,1.0,922.9231213,3217.887036,2.109388889,922.9231152236986,3180.242818578114,3180.241618144143,6264594.63716111,6264594.595916541,2,Good,0.00010637420422091102
PA-602,Pasture,San Joaquin River,1.0,15034.81987,268.0468839,5.0,15034.815387661556,69162.98361995223,69162.93280447944,20150183.080756515,20150177.073372252,2,Good,0.00010637420422091102
PA-602,Potatoes,San Joaquin River,1.0,1200.422757,733.033091,17.108,1200.4227446456568,3967.5557049020294,3967.5542106095168,15054177.826437293,15054177.671504809,2,Good,0.00010637420422091102
PA-602,Rice,San Joaquin River,1.0,4122.956178,579.2835722,4.702,4122.955997810847,19930.038670529375,19930.029890176003,11230072.400800357,11230071.9100027,2,Good,0.00010637420422091102
PA-602,Safflower,San Joaquin River,1.0,3354.30397,569.0539316,1.175666667,3354.3012683332113,8069.297982778191,8069.287926125945,2244088.8582884367,2244087.0508254296,2,Good,0.00010637420422091102
PA-602,Sunflowers,San Joaquin River,1.0,276.2144979,3639.713227,0.60825,276.2144660597829,813.6064314010091,813.6060230791711,611499.0047798165,611498.9342901745,2,Good,0.00010637420422091102
PA-602,Tomato Processing,San Joaquin River,1.0,15569.95568,101.3138638,42.74733333,15569.955074332092,37051.21413920064,37051.198919628674,67431882.23563582,67431879.61255018,2,Good,0.00010637420422091102
PA-602,Truck Crops,San Joaquin River,1.0,3002.976307,5520.08248,3.84325,3002.976295839821,8011.138010428779,8011.135065569029,63708313.496408485,63708313.25964465,2,Good,0.00010637420422091102
PA-602,Vineyard,San Joaquin River,1.0,1966.041494,1654.801722,10.37616146,1966.0414897135001,6091.749125006466,6091.74688910173,33757895.5208622,33757895.4472609,2,Good,0.00010637420422091102
PA-603,Alfalfa,San Joaquin River,0.5,9486.349595,280.5004532,6.2415,4163.500901072302,37809.046760982,15764.451568313041,16608165.638254408,7289222.467246663,2,Good,195.45624677689784
PA-603,Almonds & Pistachios,San Joaquin River,0.5,1100.650224,4795.22863,1.16484375,1078.5365004384273,4131.43424293368,3846.006082691619,6147893.260483908,6024372.809496023,2,Good,195.45624677689784
PA-603,Citrus & Subtropical,San Joaquin River,0.5,11.10171003,1043.384079,2.62156,10.997185746883028,36.05242426563773,33.927335710310665,30366.440458930887,30080.53581800559,2,Good,195.45624677689784
PA-603,Corn,Sacramento River,0.5,24616.48374,142.217485,15.932,24562.681362594958,61998.847383512475,58770.17356695192,55776249.693059966,55654343.78367342,2,Good,195.45624677689784
PA-603,Cotton,San Joaquin River,0.5,65.19424293,3322.553112,0.723,59.29495663491526,236.91897794634616,204.7066545978754,156609.99501091463,142438.6946672145,2,Good,195.45624677689784
PA-603,Cucurbits,San Joaquin River,0.5,3610.15731,202.6283347,12.01,3612.902004424234,8302.01567920319,7892.911001462243,8785557.166401284,8792236.562255202,2,Good,195.45624677689784
PA-603,Dry Beans,San Joaquin River,0.5,1057.980906,1562.724051,1.146291667,1068.5607253321698,2340.3609989006704,2245.5763776615095,1895200.9320164039,1914152.9597374916,2,Good,195.45624677689784
PA-603,Grain,San Joaquin River,0.5,21216.9711,176.1090479,2.744833333,21429.141025248973,11041.123799293024,10593.958177134078,10256071.340051904,10358632.157018231,2,Good,195.45624677689784
PA-603,Lettuce,San Joaquin River,0.5,99.02341852,961.6863134,15.09063889,98.73199651136439,329.3610369887356,311.97215041137736,1437073.4875718923,1432844.237071713,2,Good,195.45624677689784
PA-603,Onions & Garlic,San Joaquin River,0.5,1196.836168,659.1955182,5.8525,1208.8045416093505,1772.3013722530343,1700.5231665391536,4617324.244691698,4663497.533161354,2,Good,195.45624677689784
PA-603,Other Deciduous,San Joaquin River,0.5,964.1593638,3005.689104,2.004433333,959.7910841822114,3322.3361967254173,3141.9195941937273,5808774.224891844,5782456.635701065,2,Good,195.45624677689784
PA-603,Pasture,San Joaquin River,0.5,22170.79463,225.3574432,5.0,541.3648407972079,99644.89357402755,2311.465610199106,24981767.95764545,610002.981802169,2,Good,195.45624677689784
PA-603,Potatoes,San Joaquin River,0.5,290.4688455,733.033091,17.108,288.8730694364893,960.0378852696401,907.0254439688754,3642691.3999239844,3622679.20297822,2,Good,195.45624677689784
PA-603,Rice,San Joaquin River,0.5,282.5940542,525.2489619,4.582,265.62701985182053,1366.0369368756542,1219.8186620556157,680116.4943903089,639282.0898811577,2,Good,195.45624677689784
PA-603,Safflower,San Joaquin River,0.5,662.696933,580.9760541,1.149,669.3239068448087,1594.2201638482377,1529.6542423178353,442377.69552909036,446801.4754982034,2,Good,195.45624677689784
PA-603,Sunflowers,San Joaquin River,0.5,40.05833006,3639.713227,0.60825,38.320568231589064,117.99422266314129,107.231762569696,88683.35714115827,84836.20343743646,2,Good,195.45624677689784
PA-603,Tomato Processing,San Joaquin River,0.5,2168.815799,103.8700557,39.244,2175.0417528366497,5161.046071598743,4917.068594667713,8840692.800315851,8866071.50941791,2,Good,195.45624677689784
PA-603,Truck Crops,San Joaquin River,0.5,1230.93691,5275.831841,4.157485417,1230.1762704828852,3283.133851481163,3117.0498013600804,26999608.913692903,26982924.89900494,2,Good,195.45624677689784
PA-603,Vineyard,San Joaquin River,0.5,2297.698244,1674.212224,10.46371175,2295.856788179399,6918.686212424788,6567.484202712706,40252167.223686434,40219907.72754963,2,Good,195.45624677689784
PA-603,Alfalfa,San Joaquin River,0.55,9486.349595,280.5004532,6.2415,4490.718724857175,37809.046760982,17003.411198173817,16608165.638254408,7862096.971057137,2,Good,191.4539146248637
PA-603,Almonds & Pistachios,San Joaquin River,0.55,1100.650224,4795.22863,1.16484375,1079.871621784815,4131.43424293368,3850.7670572317793,6147893.260483908,6031830.386252383,2,Good,191.4539146248637
PA-603,Citrus & Subtropical,San Joaquin River,0.55,11.10171003,1043.384079,2.62156,11.006211711083521,36.05242426563773,33.955181645086654,30366.440458930887,30105.22448342182,2,Good,191.4539146248637
PA-603,Corn,Sacramento River,0.55,24616.48374,142.217485,15.932,24604.892550718883,61998.847383512475,58871.170637096075,55776249.693059966,55749986.27240202,2,Good,191.4539146248637
PA-603,Cotton,San Joaquin River,0.55,65.19424293,3322.553112,0.723,59.68996889985536,236.91897794634616,206.07037326529377,156609.99501091463,143387.5954606165,2,Good,191.4539146248637
PA-603,Cucurbits,San Joaquin River,0.55,3610.15731,202.6283347,12.01,3613.7352470894725,8302.01567920319,7894.731341507781,8785557.166401284,8794264.313524839,2,Good,191.4539146248637
PA-603,Dry Beans,San Joaquin River,0.55,1057.980906,1562.724051,1.146291667,1068.5607254165272,2340.3609989006704,2245.576377838776,1895200.9320164039,1914152.9598886042,2,Good,191.4539146248637
PA-603,Grain,San Joaquin River,0.55,21216.9711,176.1090479,2.744833333,21429.14102525014,11041.123799293024,10593.958177134647,10256071.340051904,10358632.157018796,2,Good,191.4539146248637
PA-603,Lettuce,San Joaquin River,0.55,99.02341852,961.6863134,15.09063889,98.75479427143262,329.3610369887356,312.04418649373105,1437073.4875718923,1433175.0886728768,2,Good,191.4539146248637
PA-603,Onions & Garlic,San Joaquin River,0.55,1196.836168,659.1955182,5.8525,1208.804541621593,1772.3013722530343,1700.523166556377,4617324.244691698,4663497.533208584,2,Good,191.4539146248637
PA-603,Other Deciduous,San Joaquin River,0.55,964.1593638,3005.689104,2.004433333,960.1058575719987,3322.3361967254173,3142.950019144921,5808774.224891844,5784353.052021778,2,Good,191.4539146248637
PA-603,Pasture,San Joaquin River,0.55,22170.79463,225.3574432,5.0,3153.750775305831,99644.89357402755,13465.57055553631,24981767.95764545,3553606.056064699,2,Good,191.4539146248637
PA-603,Potatoes,San Joaquin River,0.55,290.4688455,733.033091,17.108,289.0002659877659,960.0378852696401,907.4248252909487,3642691.3999239844,3624274.3406000794,2,Good,191.4539146248637
PA-603,Rice,San Joaquin River,0.55,282.5940542,525.2489619,4.582,266.44227536051,1366.0369368756542,1223.5624976199479,680116.4943903089,641244.1577674475,2,Good,191.4539146248637
PA-603,Safflower,San Joaquin River,0.55,662.696933,580.9760541,1.149,669.3239081133331,1594.2201638482377,1529.6542452168403,442377.69552909036,446801.4763449961,2,Good,191.4539146248637
PA-603,Sunflowers,San Joaquin River,0.55,40.05833006,3639.713227,0.60825,38.53847739121256,117.99422266314129,107.84153388380535,88683.35714115827,85318.62284429328,2,Good,191.4539146248637
PA-603,Tomato Processing,San Joaquin River,0.55,2168.815799,103.8700557,39.244,2179.1691472124126,5161.046071598743,4926.399303485622,8840692.800315851,8882895.909977281,2,Good,191.4539146248637
PA-603,Truck Crops,San Joaquin River,0.55,1230.93691,5275.831841,4.157485417,1230.369592573292,3283.133851481163,3117.5396454563675,26999608.913692903,26987165.2632291,2,Good,191.4539146248637
PA-603,Vineyard,San Joaquin River,0.55,2297.698244,1674.212224,10.46371175,2296.060194339433,6918.686212424788,6568.066062500141,40252167.223686434,40223471.093100086,2,Good,191.4539146248637
PA-603,Alfalfa,San Joaquin River,0.6,9486.349595,280.5004532,6.2415,4883.510989949874,37809.046760982,18490.658297804268,16608165.638254408,8549775.506910702,2,Good,186.55045269221515
PA-603,Almonds & Pistachios,San Joaquin River,0.6,1100.650224,4795.22863,1.16484375,1081.5018475591078,4131.43424293368,3856.5803590916826,6147893.260483908,6040936.325480212,2,Good,186.55045269221515
PA-603,Citrus & Subtropical,San Joaquin River,0.6,11.10171003,1043.384079,2.62156,11.01719348507131,36.05242426563773,33.98906143406307,30366.440458930887,30135.26286354817,2,Good,186.55045269221515
PA-603,Corn,Sacramento River,0.6,24616.48374,142.217485,15.932,24656.28091173832,61998.847383512475,58994.12557234302,55776249.693059966,55866422.48180587,2,Good,186.55045269221515
PA-603,Cotton,San Joaquin River,0.6,65.19424293,3322.553112,0.723,60.16916967932423,236.91897794634616,207.7247397405024,156609.99501091463,144538.7344003297,2,Good,186.55045269221515
PA-603,Cucurbits,San Joaquin River,0.6,3610.15731,202.6283347,12.01,3614.750880158465,8302.01567920319,7896.950139973349,8785557.166401284,8796735.923934447,2,Good,186.55045269221515
PA-603,Dry Beans,San Joaquin River,0.6,1057.980906,1562.724051,1.146291667,1068.5607254854262,2340.3609989006704,2245.576377983578,1895200.9320164039,1914152.9600120254,2,Good,186.55045269221515
PA-603,Grain,San Joaquin River,0.6,21216.9711,176.1090479,2.744833333,21429.141025251556,11041.123799293024,10593.958177135362,10256071.340051904,10358632.157019481,2,Good,186.55045269221515
PA-603,Lettuce,San Joaquin River,0.6,99.02341852,961.6863134,15.09063889,98.78269638710513,329.3610369887356,312.1323512562765,1437073.4875718923,1433580.0170350708,2,Good,186.55045269221515
PA-603,Onions & Garlic,San Joaquin River,0.6,1196.836168,659.1955182,5.8525,1208.8045416349432,1772.3013722530343,1700.5231665751826,4617324.244691698,4663497.533260089,2,Good,186.55045269221515
PA-603,Other Deciduous,San Joaquin River,0.6,964.1593638,3005.689104,2.004433333,960.4904281479238,3322.3361967254173,3144.2089283468817,5808774.224891844,5786669.975689128,2,Good,186.55045269221515
PA-603,Pasture,San Joaquin River,0.6,22170.79463,225.3574432,5.0,5701.603573806529,99644.89357402755,24344.138352254937,24981767.95764545,6424494.01766511,2,Good,186.55045269221515
PA-603,Potatoes,San Joaquin River,0.6,290.4688455,733.033091,17.108,289.15591604219463,960.0378852696401,907.9135470675823,3642691.3999239844,3626226.3059259625,2,Good,186.55045269221515
PA-603,Rice,San Joaquin River,0.6,282.5940542,525.2489619,4.582,267.42531852317245,1366.0369368756542,1228.0768516039939,680116.4943903089,643610.0386474152,2,Good,186.55045269221515
PA-603,Safflower,San Joaquin River,0.6,662.696933,580.9760541,1.149,669.3239085008316,1594.2201638482377,1529.6542461023914,442377.69552909036,446801.4766036674,2,Good,186.55045269221515
PA-603,Sunflowers,San Joaquin River,0.6,40.05833006,3639.713227,0.60825,38.80328386966241,117.99422266314129,108.58253712861602,88683.35714115827,85904.86614166704,2,Good,186.55045269221515
PA-603,Tomato Processing,San Joaquin River,0.6,2168.815799,103.8700557,39.244,2184.211402843217,5161.046071598743,4937.798218828648,8840692.800315851,8903449.537940135,2,Good,186.55045269221515
PA-603,Truck Crops,San Joaquin River,0.6,1230.93691,5275.831841,4.157485417,1230.6063160177373,3283.133851481163,3118.1394609325766,26999608.913692903,26992357.60117006,2,Good,186.55045269221515
PA-603,Vineyard,San Joaquin River,0.6,2297.698244,1674.212224,10.46371175,2296.309208978888,6918.686212424788,6568.778389035195,40252167.223686434,40227833.44961695,2,Good,186.55045269221515
PA-603,Alfalfa,San Joaquin River,0.65,9486.349595,280.5004532,6.2415,5348.739825105451,37809.046760982,20252.175255310158,16608165.638254408,9364271.902661124,2,Good,180.59973233609392
PA-603,Almonds & Pistachios,San Joaquin River,0.65,1100.650224,4795.22863,1.16484375,1083.4721754061873,4131.43424293368,3863.6064475450717,6147893.260483908,6051941.970169024,2,Good,180.59973233609392
PA-603,Citrus & Subtropical,San Joaquin River,0.65,11.10171003,1043.384079,2.62156,11.030409520828306,36.05242426563773,34.029834096776824,30366.440458930887,30171.412606410613,2,Good,180.59973233609392
PA-603,Corn,Sacramento River,0.65,24616.48374,142.217485,15.932,24718.168042611334,61998.847383512475,59142.20050636744,55776249.693059966,56006646.898128636,2,Good,180.59973233609392
PA-603,Cotton,San Joaquin River,0.65,65.19424293,3322.553112,0.723,60.7438432967854,236.91897794634616,209.7087113726757,156609.99501091463,145919.2187547555,2,Good,180.59973233609392
PA-603,Cucurbits,San Joaquin River,0.65,3610.15731,202.6283347,12.01,3615.975800852711,8302.01567920319,7899.626157729592,8785557.166401284,8799716.849655826,2,Good,180.59973233609392
PA-603,Dry Beans,San Joaquin River,0.65,1057.980906,1562.724051,1.146291667,1068.5607256133467,2340.3609989006704,2245.5763782225476,1895200.9320164039,1914152.960241174,2,Good,180.59973233609392
PA-603,Grain,San Joaquin River,0.65,21216.9711,176.1090479,2.744833333,21429.141025266632,11041.123799293024,10593.958177112938,10256071.340051904,10358632.157026768,2,Good,180.59973233609392
PA-603,Lettuce,San Joaquin River,0.65,99.02341852,961.6863134,15.09063889,98.8165155280978,329.3610369887356,312.23921253263757,1437073.4875718923,1434070.815995755,2,Good,180.59973233609392
PA-603,Onions & Garlic,San Joaquin River,0.65,1196.836168,659.1955182,5.8525,1208.8045416920445,1772.3013722530343,1700.5231666254947,4617324.244691698,4663497.5334803825,2,Good,180.59973233609392
PA-603,Other Deciduous,San Joaquin River,0.65,964.1593638,3005.689104,2.004433333,960.9555541881944,3322.3361967254173,3145.7315394806706,5808774.224891844,5789472.222138721,2,Good,180.59973233609392
PA-603,Pasture,San Joaquin River,0.65,22170.79463,225.3574432,5.0,8177.915526000142,99644.89357402755,34917.248177728536,24981767.95764545,9214770.668224875,2,Good,180.59973233609392
PA-603,Potatoes,San Joaquin River,0.65,290.4688455,733.033091,17.108,289.3445362848675,960.0378852696401,908.5057910970733,3642691.3999239844,3628591.741484648,2,Good,180.59973233609392
PA-603,Rice,San Joaquin River,0.65,282.5940542,525.2489619,4.582,268.59579620278373,1366.0369368756542,1233.4519467652922,680116.4943903089,646427.0164443223,2,Good,180.59973233609392
PA-603,Safflower,San Joaquin River,0.65,662.696933,580.9760541,1.149,669.3239088050501,1594.2201638482377,1529.6542467681961,442377.69552909036,446801.47680674586,2,Good,180.59973233609392
PA-603,Sunflowers,San Joaquin River,0.65,40.05833006,3639.713227,0.60825,39.12150133734009,117.99422266314129,109.47299936170813,88683.35714115827,86609.35365505927,2,Good,180.59973233609392
PA-603,Tomato Processing,San Joaquin River,0.65,2168.815799,103.8700557,39.244,2190.3093219301195,5161.046071598743,4951.583649076237,8840692.800315851,8928306.342004983,2,Good,180.59973233609392
PA-603,Truck Crops,San Joaquin River,0.65,1230.93691,5275.831841,4.157485417,1230.8934125820367,3283.133851481163,3118.8669129841155,26999608.913692903,26998654.832891345,2,Good,180.59973233609392
PA-603,Vineyard,San Joaquin River,0.65,2297.698244,1674.212224,10.46371175,2296.611128433924,6918.686212424788,6569.642054048032,40252167.223686434,40233122.6177764,2,Good,180.59973233609392
PA-603,Alfalfa,San Joaquin River,0.7,9486.349595,280.5004532,6.2415,5892.7724671177275,37809.046760982,22312.070627096764,16608165.638254408,10316733.557238916,2,Good,173.43907000979263
PA-603,Almonds & Pistachios,San Joaquin River,0.7,1100.650224,4795.22863,1.16484375,1085.831493496258,4131.43424293368,3872.019655372777,6147893.260483908,6065120.394584883,2,Good,173.43907000979263
PA-603,Citrus & Subtropical,San Joaquin River,0.7,11.10171003,1043.384079,2.62156,11.04615373941111,36.05242426563773,34.0784064711482,30366.440458930887,30214.4776725018,2,Good,173.43907000979263
PA-603,Corn,Sacramento River,0.7,24616.48374,142.217485,15.932,24791.95745040751,61998.847383512475,59318.75355607818,55776249.693059966,56173839.600279465,2,Good,173.43907000979263
PA-603,Cotton,San Joaquin River,0.7,65.19424293,3322.553112,0.723,61.425631143659885,236.91897794634616,212.0624783251469,156609.99501091463,147557.0135430493,2,Good,173.43907000979263
PA-603,Cucurbits,San Joaquin River,0.7,3610.15731,202.6283347,12.01,3617.4388458910225,8302.01567920319,7902.822392853983,8785557.166401284,8803277.266756073,2,Good,173.43907000979263
PA-603,Dry Beans,San Joaquin River,0.7,1057.980906,1562.724051,1.146291667,1068.5607256365129,2340.3609989006704,2245.576378273754,1895200.9320164039,1914152.9602826727,2,Good,173.43907000979263
PA-603,Grain,San Joaquin River,0.7,21216.9711,176.1090479,2.744833333,21429.141025266865,11041.123799293024,10593.958177115575,10256071.340051904,10358632.15702688,2,Good,173.43907000979263
PA-603,Lettuce,San Joaquin River,0.7,99.02341852,961.6863134,15.09063889,98.85714984988164,329.3610369887356,312.3676083663266,1437073.4875718923,1434660.520001068,2,Good,173.43907000979263
PA-603,Onions & Garlic,San Joaquin River,0.7,1196.836168,659.1955182,5.8525,1208.8045416965488,1772.3013722530343,1700.5231666343896,4617324.244691698,4663497.53349776,2,Good,173.43907000979263
PA-603,Other Deciduous,San Joaquin River,0.7,964.1593638,3005.689104,2.004433333,961.5129743498397,3322.3361967254173,3147.5562796343665,5808774.224891844,5792830.513297807,2,Good,173.43907000979263
PA-603,Pasture,San Joaquin River,0.7,22170.79463,225.3574432,5.0,10579.824630473513,99644.89357402755,45172.68014379483,24981767.95764545,11921211.141139477,2,Good,173.43907000979263
PA-603,Potatoes,San Joaquin River,0.7,290.4688455,733.033091,17.108,289.5711127768215,960.0378852696401,909.2172130525129,3642691.3999239844,3631433.1761219674,2,Good,173.43907000979263
PA-603,Rice,San Joaquin River,0.7,282.5940542,525.2489619,4.582,269.972866261297,1366.0369368756542,1239.775760351039,680116.4943903089,649741.1982071949,2,Good,173.43907000979263
PA-603,Safflower,San Joaquin River,0.7,662.696933,580.9760541,1.149,669.323908865912,1594.2201638482377,1529.6542469097328,442377.69552909036,446801.4768473737,2,Good,173.43907000979263
PA-603,Sunflowers,San Joaquin River,0.7,40.05833006,3639.713227,0.60825,39.49994646282552,117.99422266314129,110.5319956080223,88683.35714115827,87447.17650417668,2,Good,173.43907000979263
PA-603,Tomato Processing,San Joaquin River,0.7,2168.815799,103.8700557,39.244,2190.503977966569,5161.046071598743,4952.023703658109,8840692.800315851,8929099.813825304,2,Good,173.43907000979263
PA-603,Truck Crops,San Joaquin River,0.7,1230.93691,5275.831841,4.157485417,1231.2386148364235,3283.133851481163,3119.741594643488,26999608.913692903,27006226.566088106,2,Good,173.43907000979263
PA-603,Vineyard,San Joaquin River,0.7,2297.698244,1674.212224,10.46371175,2296.97403216172,6918.686212424788,6570.680169542654,40252167.223686434,40239480.13733994,2,Good,173.43907000979263
PA-603,Alfalfa,San Joaquin River,0.75,9486.349595,280.5004532,6.2415,6521.322260158983,37809.046760982,24691.977106300492,16608165.638254408,11417163.071266297,2,Good,164.88634861371264
PA-603,Almonds & Pistachios,San Joaquin River,0.75,1100.650224,4795.22863,1.16484375,1088.6330021426108,4131.43424293368,3882.009692143514,6147893.260483908,6080768.759297432,2,Good,164.88634861371264
PA-603,Citrus & Subtropical,San Joaquin River,0.75,11.10171003,1043.384079,2.62156,11.064736536527818,36.05242426563773,34.135736122427915,30366.440458930887,30265.307085329194,2,Good,164.88634861371264
PA-603,Corn,Sacramento River,0.75,24616.48374,142.217485,15.932,24862.648823405314,61998.847383512475,59487.89405826984,55776249.693059966,56334012.74739161,2,Good,164.88634861371264
PA-603,Cotton,San Joaquin River,0.75,65.19424293,3322.553112,0.723,62.22645433984658,236.91897794634616,214.8271963862095,156609.99501091463,149480.75574976666,2,Good,164.88634861371264
PA-603,Cucurbits,San Joaquin River,0.75,3610.15731,202.6283347,12.01,3619.1709129220985,8302.01567920319,7906.606345731762,8785557.166401284,8807492.366711803,2,Good,164.88634861371264
PA-603,Dry Beans,San Joaquin River,0.75,1057.980906,1562.724051,1.146291667,1068.560725656265,2340.3609989006704,2245.576378318585,1895200.9320164039,1914152.9603180555,2,Good,164.88634861371264
PA-603,Grain,San Joaquin River,0.75,21216.9711,176.1090479,2.744833333,21429.14102526714,11041.123799293024,10593.95817711905,10256071.340051904,10358632.157027014,2,Good,164.88634861371264
PA-603,Lettuce,San Joaquin River,0.75,99.02341852,961.6863134,15.09063889,98.90559638988901,329.3610369887356,312.52068915190347,1437073.4875718923,1435363.5985177434,2,Good,164.88634861371264
PA-603,Onions & Garlic,San Joaquin River,0.75,1196.836168,659.1955182,5.8525,1208.8045417038948,1772.3013722530343,1700.5231666480822,4617324.244691698,4663497.5335261,2,Good,164.88634861371264
PA-603,Other Deciduous,San Joaquin River,0.75,964.1593638,3005.689104,2.004433333,962.1755265615525,3322.3361967254173,3149.725174317416,5808774.224891844,5796822.193879401,2,Good,164.88634861371264
PA-603,Pasture,San Joaquin River,0.75,22170.79463,225.3574432,5.0,12907.527445137175,99644.89357402755,55111.27349378766,24981767.95764545,14544036.915349709,2,Good,164.88634861371264
PA-603,Potatoes,San Joaquin River,0.75,290.4688455,733.033091,17.108,289.8411728680314,960.0378852696401,910.0651680922491,3642691.3999239844,3634819.9268422364,2,Good,164.88634861371264
PA-603,Rice,San Joaquin River,0.75,282.5940542,525.2489619,4.582,271.5748486870465,1366.0369368756542,1247.132421812059,680116.4943903089,653596.674482377,2,Good,164.88634861371264
PA-603,Safflower,San Joaquin River,0.75,662.696933,580.9760541,1.149,669.323908906049,1594.2201638482377,1529.654247004674,442377.69552909036,446801.47687416687,2,Good,164.88634861371264
PA-603,Sunflowers,San Joaquin River,0.75,40.05833006,3639.713227,0.60825,39.94571959336107,117.99422266314129,111.77939461025923,88683.35714115827,88434.05383231302,2,Good,164.88634861371264
PA-603,Tomato Processing,San Joaquin River,0.75,2168.815799,103.8700557,39.244,2190.50397863578,5161.046071598743,4952.023705174338,8840692.800315851,8929099.816553194,2,Good,164.88634861371264
PA-603,Truck Crops,San Joaquin River,0.75,1230.93691,5275.831841,4.157485417,1231.650541600566,3283.133851481163,3120.785344448515,26999608.913692903,27015261.847622503,2,Good,164.88634861371264
PA-603,Vineyard,San Joaquin River,0.75,2297.698244,1674.212224,10.46371175,2297.4069086907634,6918.686212424788,6571.9184479006835,40252167.223686434,40247063.47361126,2,Good,164.88634861371264
PA-603,Alfalfa,San Joaquin River,0.8,9486.349595,280.5004532,6.2415,7247.451962586327,37809.046760982,27441.35480506318,16608165.638254408,12688429.985056408,2,Good,154.61900300776549
PA-603,Almonds & Pistachios,San Joaquin River,0.8,1100.650224,4795.22863,1.16484375,1091.9727715546674,4131.43424293368,3893.919139318446,6147893.260483908,6099423.68291643,2,Good,154.61900300776549
PA-603,Citrus & Subtropical,San Joaquin River,0.8,11.10171003,1043.384079,2.62156,11.086733209299732,36.05242426563773,34.20359789786163,30366.440458930887,30325.474451637438,2,Good,154.61900300776549
PA-603,Corn,Sacramento River,0.8,24616.48374,142.217485,15.932,24862.648825707,61998.847383512475,59487.89406378155,55776249.693059966,56334012.752606794,2,Good,154.61900300776549
PA-603,Cotton,San Joaquin River,0.8,65.19424293,3322.553112,0.723,63.169099769801136,236.91897794634616,218.0815337460232,156609.99501091463,151745.18416318888,2,Good,154.61900300776549
PA-603,Cucurbits,San Joaquin River,0.8,3610.15731,202.6283347,12.01,3621.228503609542,8302.01567920319,7911.101452482467,8785557.166401284,8812499.650067437,2,Good,154.61900300776549
PA-603,Dry Beans,San Joaquin River,0.8,1057.980906,1562.724051,1.146291667,1068.560725671897,2340.3609989006704,2245.5763783559705,1895200.9320164039,1914152.9603460575,2,Good,154.61900300776549
PA-603,Grain,San Joaquin River,0.8,21216.9711,176.1090479,2.744833333,21429.14102526747,11041.123799293024,10593.958177123757,10256071.340051904,10358632.157027172,2,Good,154.61900300776549
PA-603,Lettuce,San Joaquin River,0.8,99.02341852,961.6863134,15.09063889,98.96363040029165,329.3610369887356,312.70406431002925,1437073.4875718923,1436205.8148234778,2,Good,154.61900300776549
PA-603,Onions & Garlic,San Joaquin River,0.8,1196.836168,659.1955182,5.8525,1208.804541709832,1772.3013722530343,1700.5231666610316,4617324.244691698,4663497.533549005,2,Good,154.61900300776549
PA-603,Other Deciduous,San Joaquin River,0.8,964.1593638,3005.689104,2.004433333,962.966306994443,3322.3361967254173,3152.3138298926574,5808774.224891844,5801586.41146478,2,Good,154.61900300776549
PA-603,Pasture,San Joaquin River,0.8,22170.79463,225.3574432,5.0,15186.999877937998,99644.89357402755,64843.937569034955,24981767.95764545,17112517.311854098,2,Good,154.61900300776549
PA-603,Potatoes,San Joaquin River,0.8,290.4688455,733.033091,17.108,290.16456700847004,960.0378852696401,911.0805854022925,3642691.3999239844,3638875.525480135,2,Good,154.61900300776549
PA-603,Rice,San Joaquin River,0.8,282.5940542,525.2489619,4.582,273.43987966767855,1366.0369368756542,1255.6970610486417,680116.4943903089,658085.2272796666,2,Good,154.61900300776549
PA-603,Safflower,San Joaquin River,0.8,662.696933,580.9760541,1.149,669.3239089332665,1594.2201638482377,1529.654247071255,442377.69552909036,446801.47689233563,2,Good,154.61900300776549
PA-603,Sunflowers,San Joaquin River,0.8,40.05833006,3639.713227,0.60825,40.45889502209196,117.99422266314129,113.21540426243838,88683.35714115827,89570.15011376166,2,Good,154.61900300776549
PA-603,Tomato Processing,San Joaquin River,0.8,2168.815799,103.8700557,39.244,2190.5039787391165,5161.046071598743,4952.023705412531,8840692.800315851,8929099.816974422,2,Good,154.61900300776549
PA-603,Truck Crops,San Joaquin River,0.8,1230.93691,5275.831841,4.157485417,1232.1444991179696,3283.133851481163,3122.0369457223196,26999608.913692903,27026096.4076081,2,Good,154.61900300776549
PA-603,Vineyard,San Joaquin River,0.8,2297.698244,1674.212224,10.46371175,2297.9257398046593,6918.686212424788,6573.402606308332,40252167.223686434,40256152.603052825,2,Good,154.61900300776549
PA-603,Alfalfa,San Joaquin River,0.85,9486.349595,280.5004532,6.2415,8064.3312386888465,37809.046760982,30534.34171470255,16608165.638254408,14118576.132223357,2,Good,142.55200135882603
PA-603,Almonds & Pistachios,San Joaquin River,0.85,1100.650224,4795.22863,1.16484375,1095.8658207572794,4131.43424293368,3907.8015539871567,6147893.260483908,6121169.057090333,2,Good,142.55200135882603
PA-603,Citrus & Subtropical,San Joaquin River,0.85,11.10171003,1043.384079,2.62156,11.112163478730904,36.05242426563773,34.28205265288197,30366.440458930887,30395.03371416992,2,Good,142.55200135882603
PA-603,Corn,Sacramento River,0.85,24616.48374,142.217485,15.932,24862.64882583807,61998.847383512475,59487.894064114786,55776249.693059966,56334012.752903774,2,Good,142.55200135882603
PA-603,Cotton,San Joaquin River,0.85,65.19424293,3322.553112,0.723,64.25194316619032,236.91897794634616,221.81988288708078,156609.99501091463,154346.39695874503,2,Good,142.55200135882603
PA-603,Cucurbits,San Joaquin River,0.85,3610.15731,202.6283347,12.01,3623.6171432459014,8302.01567920319,7916.31978392687,8785557.166401284,8818312.562988723,2,Good,142.55200135882603
PA-603,Dry Beans,San Joaquin River,0.85,1057.980906,1562.724051,1.146291667,1068.5607256730498,2340.3609989006704,2245.576378378016,1895200.9320164039,1914152.9603481225,2,Good,142.55200135882603
PA-603,Grain,San Joaquin River,0.85,21216.9711,176.1090479,2.744833333,21429.141025263467,11041.123799293024,10593.958177141425,10256071.340051904,10358632.157025238,2,Good,142.55200135882603
PA-603,Lettuce,San Joaquin River,0.85,99.02341852,961.6863134,15.09063889,99.03166313205134,329.3610369887356,312.9190333204887,1437073.4875718923,1437193.137181766,2,Good,142.55200135882603
PA-603,Onions & Garlic,San Joaquin River,0.85,1196.836168,659.1955182,5.8525,1208.804541705406,1772.3013722530343,1700.5231666746308,4617324.244691698,4663497.533531931,2,Good,142.55200135882603
PA-603,Other Deciduous,San Joaquin River,0.85,964.1593638,3005.689104,2.004433333,963.8893622474169,3322.3361967254173,3155.3354930988853,5808774.224891844,5807147.545612244,2,Good,142.55200135882603
PA-603,Pasture,San Joaquin River,0.85,22170.79463,225.3574432,5.0,17385.05438471412,99644.89357402755,74228.97150308584,24981767.95764545,19589257.030160613,2,Good,142.55200135882603
PA-603,Potatoes,San Joaquin River,0.85,290.4688455,733.033091,17.108,290.5435263701166,960.0378852696401,912.2704705986617,3642691.3999239844,3643627.9525613054,2,Good,142.55200135882603
PA-603,Rice,San Joaquin River,0.85,282.5940542,525.2489619,4.582,275.5559306322216,1366.0369368756542,1265.4144401874084,680116.4943903089,663177.9075486496,2,Good,142.55200135882603
PA-603,Safflower,San Joaquin River,0.85,662.696933,580.9760541,1.149,669.3239089393876,1594.2201638482377,1529.6542471043686,442377.69552909036,446801.4768964217,2,Good,142.55200135882603
PA-603,Sunflowers,San Joaquin River,0.85,40.05833006,3639.713227,0.60825,40.45891219399247,117.99422266314129,113.21545233424142,88683.35714115827,89570.18812986925,2,Good,142.55200135882603
PA-603,Tomato Processing,San Joaquin River,0.85,2168.815799,103.8700557,39.244,2190.503978768055,5161.046071598743,4952.023705497714,8840692.800315851,8929099.817092383,2,Good,142.55200135882603
PA-603,Truck Crops,San Joaquin River,0.85,1230.93691,5275.831841,4.157485417,1232.7242705269516,3283.133851481163,3123.5059842844885,26999608.913692903,27038813.226134446,2,Good,142.55200135882603
PA-603,Vineyard,San Joaquin River,0.85,2297.698244,1674.212224,10.46371175,2298.5343616757436,6918.686212424788,6575.143618461135,40252167.223686434,40266814.72955044,2,Good,142.55200135882603
PA-603,Alfalfa,San Joaquin River,0.9,9486.349595,280.5004532,6.2415,8971.006958901138,37809.046760982,33967.32895764415,16608165.638254408,15705932.827300895,2,Good,128.48784195095539
PA-603,Almonds & Pistachios,San Joaquin River,0.9,1100.650224,4795.22863,1.16484375,1100.3601714434994,4131.43424293368,3923.8281790155174,6147893.260483908,6146273.116210629,2,Good,128.48784195095539
PA-603,Citrus & Subtropical,San Joaquin River,0.9,11.10171003,1043.384079,2.62156,11.141249098085373,36.05242426563773,34.37178447454705,30366.440458930887,30474.59143329174,2,Good,128.48784195095539
PA-603,Corn,Sacramento River,0.9,24616.48374,142.217485,15.932,24862.648825926564,61998.847383512475,59487.894064322194,55776249.693059966,56334012.753104284,2,Good,128.48784195095539
PA-603,Cotton,San Joaquin River,0.9,65.19424293,3322.553112,0.723,65.48150462872786,236.91897794634616,226.06475340442358,156609.99501091463,157300.05675843582,2,Good,128.48784195095539
PA-603,Cucurbits,San Joaquin River,0.9,3610.15731,202.6283347,12.01,3626.3618046458364,8302.01567920319,7922.315896779223,8785557.166401284,8824991.87847582,2,Good,128.48784195095539
PA-603,Dry Beans,San Joaquin River,0.9,1057.980906,1562.724051,1.146291667,1068.5607256946055,2340.3609989006704,2245.5763784189776,1895200.9320164039,1914152.960386736,2,Good,128.48784195095539
PA-603,Grain,San Joaquin River,0.9,21216.9711,176.1090479,2.744833333,21429.141025268254,11041.123799293024,10593.958177139475,10256071.340051904,10358632.157027552,2,Good,128.48784195095539
PA-603,Lettuce,San Joaquin River,0.9,99.02341852,961.6863134,15.09063889,99.11072045585104,329.3610369887356,313.1688376771552,1437073.4875718923,1438340.453500764,2,Good,128.48784195095539
PA-603,Onions & Garlic,San Joaquin River,0.9,1196.836168,659.1955182,5.8525,1208.8045417209241,1772.3013722530343,1700.5231666921613,4617324.244691698,4663497.5335917985,2,Good,128.48784195095539
PA-603,Other Deciduous,San Joaquin River,0.9,964.1593638,3005.689104,2.004433333,964.9566795418503,3322.3361967254173,3158.829404609057,5808774.224891844,5813577.81577552,2,Good,128.48784195095539
PA-603,Pasture,San Joaquin River,0.9,22170.79463,225.3574432,5.0,19502.112355996742,99644.89357402755,83268.17450716942,24981767.95764545,21974730.88773277,2,Good,128.48784195095539
PA-603,Potatoes,San Joaquin River,0.9,290.4688455,733.033091,17.108,290.98368928449776,960.0378852696401,913.6525273003479,3642691.3999239844,3649147.916879757,2,Good,128.48784195095539
PA-603,Rice,San Joaquin River,0.9,282.5940542,525.2489619,4.582,277.9261987692164,1366.0369368756542,1276.2992413941124,680116.4943903089,668882.4099333921,2,Good,128.48784195095539
PA-603,Safflower,San Joaquin River,0.9,662.696933,580.9760541,1.149,669.3239089666896,1594.2201638482377,1529.6542471623147,442377.69552909036,446801.4769146469,2,Good,128.48784195095539
PA-603,Sunflowers,San Joaquin River,0.9,40.05833006,3639.713227,0.60825,40.458913642091964,117.99422266314129,113.21545638171136,88683.35714115827,89570.19133575239,2,Good,128.48784195095539
PA-603,Tomato Processing,San Joaquin River,0.9,2168.815799,103.8700557,39.244,2190.5039788175895,5161.046071598743,4952.0237056054,8840692.800315851,8929099.8172943,2,Good,128.48784195095539
PA-603,Truck Crops,San Joaquin River,0.9,1230.93691,5275.831841,4.157485417,1233.398954819722,3283.133851481163,3125.2155153378044,26999608.913692903,27053611.882261354,2,Good,128.48784195095539
PA-603,Vineyard,San Joaquin River,0.9,2297.698244,1674.212224,10.46371175,2299.2421525232403,6918.686212424788,6577.168311475013,40252167.223686434,40279214.14519487,2,Good,128.48784195095539
PA-603,Alfalfa,San Joaquin River,0.95,9486.349595,280.5004532,6.2415,9430.76608984829,37809.046760982,35855.86807341103,16608165.638254408,16510853.173531314,2,Good,13.717760301126411
PA-603,Almonds & Pistachios,San Joaquin River,0.95,1100.650224,4795.22863,1.16484375,1100.6104949946684,4131.43424293368,3958.163470063055,6147893.260483908,6147671.346492707,2,Good,13.717760301126411
PA-603,Citrus & Subtropical,San Joaquin River,0.95,11.10171003,1043.384079,2.62156,11.106050668036822,36.05242426563773,34.50998274083483,30366.440458930887,30378.31337996222,2,Good,13.717760301126411
PA-603,Corn,Sacramento River,0.95,24616.48374,142.217485,15.932,24686.99067372144,61998.847383512475,59504.77596716126,55776249.693059966,55936004.936005116,2,Good,13.717760301126411
PA-603,Cotton,San Joaquin River,0.95,65.19424293,3322.553112,0.723,65.2246832058044,236.91897794634616,226.6030558153838,156609.99501091463,156683.11882104885,2,Good,13.717760301126411
PA-603,Cucurbits,San Joaquin River,0.95,3610.15731,202.6283347,12.01,3611.997610770193,8302.01567920319,7952.7394295794165,8785557.166401284,8790035.660337023,2,Good,13.717760301126411
PA-603,Dry Beans,San Joaquin River,0.95,1057.980906,1562.724051,1.146291667,1068.5607250437308,2340.3609989006704,2261.467683148047,1895200.9320164039,1914152.9592207999,2,Good,13.717760301126411
PA-603,Grain,San Joaquin River,0.95,21216.9711,176.1090479,2.744833333,21429.14102507966,11041.123799293024,10673.333738618941,10256071.340051904,10358632.156936388,2,Good,13.717760301126411
PA-603,Lettuce,San Joaquin River,0.95,99.02341852,961.6863134,15.09063889,99.0328042363785,329.3610369887356,315.92490219154115,1437073.4875718923,1437209.6974136753,2,Good,13.717760301126411
PA-603,Onions & Garlic,San Joaquin River,0.95,1196.836168,659.1955182,5.8525,1201.2473832343735,1772.3013722530343,1705.4819208293725,4617324.244691698,4634342.456202018,2,Good,13.717760301126411
PA-603,Other Deciduous,San Joaquin River,0.95,964.1593638,3005.689104,2.004433333,964.2447836230294,3322.3361967254173,3184.1757918365097,5808774.224891844,5809288.853992527,2,Good,13.717760301126411
PA-603,Pasture,San Joaquin River,0.95,22170.79463,225.3574432,5.0,21911.737344654226,99644.89357402755,93556.55100580321,24981767.95764545,24689865.520306166,2,Good,13.717760301126411
PA-603,Potatoes,San Joaquin River,0.95,290.4688455,733.033091,17.108,290.52428845438567,960.0378852696401,920.8877896121671,3642691.3999239844,3643386.695052037,2,Good,13.717760301126411
PA-603,Rice,San Joaquin River,0.95,282.5940542,525.2489619,4.582,282.10132021957764,1366.0369368756542,1301.858121062285,680116.4943903089,678930.636080655,2,Good,13.717760301126411
PA-603,Safflower,San Joaquin River,0.95,662.696933,580.9760541,1.149,669.3239084739371,1594.2201638482377,1529.6549038591352,442377.69552909036,446801.4765857142,2,Good,13.717760301126411
PA-603,Sunflowers,San Joaquin River,0.95,40.05833006,3639.713227,0.60825,40.249780043406865,117.99422266314129,113.39859353942278,88683.35714115827,89107.19975336174,2,Good,13.717760301126411
PA-603,Tomato Processing,San Joaquin River,0.95,2168.815799,103.8700557,39.244,2177.041486426275,5161.046071598743,4964.59968624235,8840692.800315851,8874222.97638735,2,Good,13.717760301126411
PA-603,Truck Crops,San Joaquin River,0.95,1230.93691,5275.831841,4.157485417,1231.2053153100412,3283.133851481163,3150.376955603414,26999608.913692903,27005496.167818278,2,Good,13.717760301126411
PA-603,Vineyard,San Joaquin River,0.95,2297.698244,1674.212224,10.46371175,2297.865856010204,6918.686212424788,6637.1844298533815,40252167.223686434,40255103.53034944,2,Good,13.717760301126411
PA-603,Alfalfa,San Joaquin River,1.0,9486.349595,280.5004532,6.2415,9486.339352532534,37809.046760982,37808.97930878749,16608165.638254408,16608147.706320262,2,Good,0.00018357761095667672
PA-603,Almonds & Pistachios,San Joaquin River,1.0,1100.650224,4795.22863,1.16484375,1100.6501711124363,4131.43424293368,4131.431376734963,6147893.260483908,6147892.965070261,2,Good,0.00018357761095667672
PA-603,Citrus & Subtropical,San Joaquin River,1.0,11.10171003,1043.384079,2.62156,11.101709634344235,36.05242426563773,36.052399748085705,30366.440458930887,30366.439376696064,2,Good,0.00018357761095667672
PA-603,Corn,Sacramento River,1.0,24616.48374,142.217485,15.932,24616.4821334891,61998.847383512475,61998.80236330816,55776249.693059966,55776246.05301315,2,Good,0.00018357761095667672
PA-603,Cotton,San Joaquin River,1.0,65.19424293,3322.553112,0.723,65.19422823746207,236.91897794634616,236.9187652782696,156609.99501091463,156609.95971641334,2,Good,0.00018357761095667672
PA-603,Cucurbits,San Joaquin River,1.0,3610.15731,202.6283347,12.01,3610.157278375588,8302.01567920319,8302.010168368568,8785557.166401284,8785557.089441178,2,Good,0.00018357761095667672
PA-603,Dry Beans,San Joaquin River,1.0,1057.980906,1562.724051,1.146291667,1057.9804548394075,2340.3609989006704,2340.3584446808336,1895200.9320164039,1895200.12383549,2,Good,0.00018357761095667672
PA-603,Grain,San Joaquin River,1.0,21216.9711,176.1090479,2.744833333,21217.004239282865,11041.123799293024,11041.13376184257,10256071.340051904,10256087.35924935,2,Good,0.00018357761095667672
PA-603,Lettuce,San Joaquin River,1.0,99.02341852,961.6863134,15.09063889,99.02341758730307,329.3610369887356,329.3608265847428,1437073.4875718923,1437073.4740361646,2,Good,0.00018357761095667672
PA-603,Onions & Garlic,San Joaquin River,1.0,1196.836168,659.1955182,5.8525,1196.8361419997639,1772.3013722530343,1772.3002065608714,4617324.244691698,4617324.1443843,2,Good,0.00018357761095667672
PA-603,Other Deciduous,San Joaquin River,1.0,964.1593638,3005.689104,2.004433333,964.1593513203735,3322.3361967254173,3322.3340196602257,5808774.224891844,5808774.149705796,2,Good,0.00018357761095667672
PA-603,Pasture,San Joaquin River,1.0,22170.79463,225.3574432,5.0,22170.776124299842,99644.89357402755,99644.73271383626,24981767.95764545,24981747.105659086,2,Good,0.00018357761095667672
PA-603,Potatoes,San Joaquin River,1.0,290.4688455,733.033091,17.108,290.4688403689942,960.0378852696401,960.0372617459678,3642691.3999239844,3642691.335577426,2,Good,0.00018357761095667672
PA-603,Rice,San Joaquin River,1.0,282.5940542,525.2489619,4.582,282.59402791745174,1366.0369368756542,1366.0358627323155,680116.4943903089,680116.4311363433,2,Good,0.00018357761095667672
PA-603,Safflower,San Joaquin River,1.0,662.696933,580.9760541,1.149,662.6950504602426,1594.2201638482377,1594.2144221402025,442377.69552909036,442376.43885570293,2,Good,0.00018357761095667672
PA-603,Sunflowers,San Joaquin River,1.0,40.05833006,3639.713227,0.60825,40.058321465673,117.99422266314129,117.99411914702274,88683.35714115827,88683.33811455955,2,Good,0.00018357761095667672
PA-603,Tomato Processing,San Joaquin River,1.0,2168.815799,103.8700557,39.244,2168.8156426655023,5161.046071598743,5161.042382050056,8840692.800315851,8840692.163053218,2,Good,0.00018357761095667672
PA-603,Truck Crops,San Joaquin River,1.0,1230.93691,5275.831841,4.157485417,1230.9369025006142,3283.133851481163,3283.1317703827967,26999608.913692903,26999608.749199923,2,Good,0.00018357761095667672
PA-603,Vineyard,San Joaquin River,1.0,2297.698244,1674.212224,10.46371175,2297.698235930618,6918.686212424788,6918.681832952107,40252167.223686434,40252167.08232317,2,Good,0.00018357761095667672
PA-604,Citrus & Subtropical,San Joaquin River,0.5,2.43658537,914.9462715,2.059,2.460951152309827,7.912727794304126,7.592262104901829,4590.2207362148,4636.122809086831,2,Good,163.1844778341829
PA-604,Other Deciduous,San Joaquin River,0.5,12.62672737,1547.558299,1.132,12.752994659960514,43.5096468100438,41.74750583227153,22119.955499100262,22341.155082577017,2,Good,163.1844778341829
PA-604,Pasture,San Joaquin River,0.5,129.749422,189.0,5.0,62.30416211166195,596.8716104401369,272.28025690206607,122613.20379000001,58877.43319552054,2,Good,163.1844778341829
PA-604,Vineyard,San Joaquin River,0.5,1.80585985,1781.816966,10.4185572,1.8089268488700814,5.595428781485223,5.324685268677722,33523.91359697231,33580.849247389815,2,Good,163.1844778341829
PA-604,Citrus & Subtropical,San Joaquin River,0.55,2.43658537,914.9462715,2.059,2.460951113079795,7.912727794304126,7.592261983880151,4590.2207362148,4636.122735182379,2,Good,163.18100946743232
PA-604,Other Deciduous,San Joaquin River,0.55,12.62672737,1547.558299,1.132,12.752994653852884,43.5096468100438,41.74750581227835,22119.955499100262,22341.155071877452,2,Good,163.18100946743232
PA-604,Pasture,San Joaquin River,0.55,129.749422,189.0,5.0,69.78543023794349,596.8716104401369,304.97472766829287,122613.20379000001,65947.23157485659,2,Good,163.18100946743232
PA-604,Vineyard,San Joaquin River,0.55,1.80585985,1781.816966,10.4185572,1.8089269823915268,5.595428781485223,5.324685661709173,33523.91359697231,33580.85172607686,2,Good,163.18100946743232
PA-604,Citrus & Subtropical,San Joaquin River,0.6,2.43658537,914.9462715,2.059,2.460951113172011,7.912727794304126,7.592261984164619,4590.2207362148,4636.122735356103,2,Good,163.17712594960798
PA-604,Other Deciduous,San Joaquin River,0.6,12.62672737,1547.558299,1.132,12.752994653877899,43.5096468100438,41.74750581236021,22119.955499100262,22341.155071921276,2,Good,163.17712594960798
PA-604,Pasture,San Joaquin River,0.6,129.749422,189.0,5.0,77.26669832097788,596.8716104401369,337.66919824552195,122613.20379000001,73017.02991332409,2,Good,163.17712594960798
PA-604,Vineyard,San Joaquin River,0.6,1.80585985,1781.816966,10.4185572,1.8089271320905242,5.595428781485223,5.324686102357196,33523.91359697231,33580.85450508335,2,Good,163.17712594960798
PA-604,Citrus & Subtropical,San Joaquin River,0.65,2.43658537,914.9462715,2.059,2.4609511132561375,7.912727794304126,7.592261984424122,4590.2207362148,4636.122735514586,2,Good,163.17277758719825
PA-604,Other Deciduous,San Joaquin River,0.65,12.62672737,1547.558299,1.132,12.752994653906761,43.5096468100438,41.74750581245467,22119.955499100262,22341.155071971836,2,Good,163.17277758719825
PA-604,Pasture,San Joaquin River,0.65,129.749422,189.0,5.0,84.74796639194612,596.8716104401369,370.3636687700198,122613.20379000001,80086.82824038909,2,Good,163.17277758719825
PA-604,Vineyard,San Joaquin River,0.65,1.80585985,1781.816966,10.4185572,1.808927299707828,5.595428781485223,5.324686595748827,33523.91359697231,33580.85761672461,2,Good,163.17277758719825
PA-604,Citrus & Subtropical,San Joaquin River,0.7,2.43658537,914.9462715,2.059,2.460951113335213,7.912727794304126,7.592261984668024,4590.2207362148,4636.122735663554,2,Good,163.16790873774056
PA-604,Other Deciduous,San Joaquin River,0.7,12.62672737,1547.558299,1.132,12.752994653939826,43.5096468100438,41.74750581256286,22119.955499100262,22341.15507202976,2,Good,163.16790873774056
PA-604,Pasture,San Joaquin River,0.7,129.749422,189.0,5.0,92.22923444940119,596.8716104401369,403.0581392354627,122613.20379000001,87156.62655468413,2,Good,163.16790873774056
PA-604,Vineyard,San Joaquin River,0.7,1.80585985,1781.816966,10.4185572,1.8089274873881898,5.595428781485223,5.3246871481972615,33523.91359697231,33580.8611008157,2,Good,163.16790873774056
PA-604,Citrus & Subtropical,San Joaquin River,0.75,2.43658537,914.9462715,2.059,2.460951113410439,7.912727794304126,7.5922619849000155,4590.2207362148,4636.12273580527,2,Good,163.16245709648203
PA-604,Other Deciduous,San Joaquin River,0.75,12.62672737,1547.558299,1.132,12.752994653977916,43.5096468100438,41.74750581268747,22119.955499100262,22341.155072096488,2,Good,163.16245709648203
PA-604,Pasture,San Joaquin River,0.75,129.749422,189.0,5.0,99.71050249172416,596.8716104401369,435.7526096347755,122613.20379000001,94226.42485467932,2,Good,163.16245709648203
PA-604,Vineyard,San Joaquin River,0.75,1.80585985,1781.816966,10.4185572,1.8089276975330877,5.595428781485223,5.324687766771374,33523.91359697231,33580.8650019376,2,Good,163.16245709648203
PA-604,Citrus & Subtropical,San Joaquin River,0.8,2.43658537,914.9462715,2.059,2.4609511138324995,7.912727794304126,7.5922619862019,4590.2207362148,4636.1227366003795,2,Good,163.15635289520324
PA-604,Other Deciduous,San Joaquin River,0.8,12.62672737,1547.558299,1.132,12.752994653863853,43.5096468100438,41.74750581231393,22119.955499100262,22341.15507189667,2,Good,163.15635289520324
PA-604,Pasture,San Joaquin River,0.8,129.749422,189.0,5.0,107.19177051697403,596.8716104401369,468.4470799594759,122613.20379000001,101296.22313854046,2,Good,163.15635289520324
PA-604,Vineyard,San Joaquin River,0.8,1.80585985,1781.816966,10.4185572,1.8089279328314756,5.595428781485223,5.324688459386215,33523.91359697231,33580.869370007924,2,Good,163.15635289520324
PA-604,Citrus & Subtropical,San Joaquin River,0.85,2.43658537,914.9462715,2.059,2.4609511152561754,7.912727794304126,7.592261990593526,4590.2207362148,4636.122739282406,2,Good,163.1495179940882
PA-604,Other Deciduous,San Joaquin River,0.85,12.62672737,1547.558299,1.132,12.752994653213724,43.5096468100438,41.74750581018539,22119.955499100262,22341.155070757748,2,Good,163.1495179940882
PA-604,Pasture,San Joaquin River,0.85,129.749422,189.0,5.0,114.67303852294837,596.8716104401369,501.14155019993854,122613.20379000001,108366.02140418622,2,Good,163.1495179940882
PA-604,Vineyard,San Joaquin River,0.85,1.80585985,1781.816966,10.4185572,1.8089281962942754,5.595428781485223,5.32468923490447,33523.91359697231,33580.87426092132,2,Good,163.1495179940882
PA-604,Citrus & Subtropical,San Joaquin River,0.9,2.43658537,914.9462715,2.059,2.4609511470728815,7.912727794304126,7.592262088743757,4590.2207362148,4636.122799221083,2,Good,163.14186477951233
PA-604,Other Deciduous,San Joaquin River,0.9,12.62672737,1547.558299,1.132,12.752994660077498,43.5096468100438,41.7475058326527,22119.955499100262,22341.155082781956,2,Good,163.14186477951233
PA-604,Pasture,San Joaquin River,0.9,129.749422,189.0,5.0,122.15430648048658,596.8716104401369,533.8360202287258,122613.20379000001,115435.81962405982,2,Good,163.14186477951233
PA-604,Vineyard,San Joaquin River,0.9,1.80585985,1781.816966,10.4185572,1.808928491461857,5.595428781485223,5.324690103744094,33523.91359697231,33580.87974040109,2,Good,163.14186477951233
PA-604,Citrus & Subtropical,San Joaquin River,0.95,2.43658537,914.9462715,2.059,2.4427787416859084,7.912727794304126,7.543362980377378,4590.2207362148,4601.888270416462,2,Good,15.339182384359114
PA-604,Other Deciduous,San Joaquin River,0.95,12.62672737,1547.558299,1.132,12.658565867685407,43.5096468100438,41.44584315362121,22119.955499100262,22175.731325355344,2,Good,15.339182384359114
PA-604,Pasture,San Joaquin River,0.95,129.749422,189.0,5.0,129.71109985139825,596.8716104401369,566.8605537953123,122613.20379000001,122576.98935957134,2,Good,15.339182384359114
PA-604,Vineyard,San Joaquin River,0.95,1.80585985,1781.816966,10.4185572,1.8061515765963079,5.595428781485223,5.345188624480205,33523.91359697231,33529.32919841478,2,Good,15.339182384359114
PA-604,Citrus & Subtropical,San Joaquin River,1.0,2.43658537,914.9462715,2.059,2.4365873588338105,7.912727794304126,7.912586395288231,4590.2207362148,4590.224482927848,2,Good,0.005057232689958801
PA-604,Other Deciduous,San Joaquin River,1.0,12.62672737,1547.558299,1.132,12.626738278343122,43.5096468100438,43.50885571586567,22119.955499100262,22119.974608728386,2,Good,0.005057232689958801
PA-604,Pasture,San Joaquin River,1.0,129.749422,189.0,5.0,129.74941045915602,596.8716104401369,596.8579941972062,122613.20379000001,122613.19288390245,2,Good,0.005057232689958801
PA-604,Vineyard,San Joaquin River,1.0,1.80585985,1781.816966,10.4185572,1.8058599414038314,5.595428781485223,5.595332993925691,33523.91359697231,33523.915293789556,2,Good,0.005057232689958801
PA-605,Almonds & Pistachios,San Joaquin River,0.5,92.66829985,4617.615517,1.502,30.50107370976772,347.8425560514273,108.76527124610978,642715.6821406959,211545.03133357104,2,Good,1891.7895597191593
PA-605,Other Deciduous,San Joaquin River,0.5,41.1504138,5279.67179,2.043333333,41.56191831632499,141.7976264205309,136.0548224332648,443935.98711937637,448375.35107198905,2,Good,1891.7895597191593
PA-605,Almonds & Pistachios,San Joaquin River,0.55,92.66829985,4617.615517,1.502,37.36657005604917,347.8425560514273,133.24728061452274,642715.6821406959,259161.76946923608,2,Good,1891.7864939861306
PA-605,Other Deciduous,San Joaquin River,0.55,41.1504138,5279.67179,2.043333333,41.561918316326526,141.7976264205309,136.05482243326983,443935.98711937637,448375.3510720056,2,Good,1891.7864939861306
PA-605,Almonds & Pistachios,San Joaquin River,0.6,92.66829985,4617.615517,1.502,44.23206640233033,347.8425560514273,157.72928998293466,642715.6821406959,306778.5076048991,2,Good,1891.7828044463151
PA-605,Other Deciduous,San Joaquin River,0.6,41.1504138,5279.67179,2.043333333,41.56191831632838,141.7976264205309,136.05482243327592,443935.98711937637,448375.3510720256,2,Good,1891.7828044463151
PA-605,Almonds & Pistachios,San Joaquin River,0.65,92.66829985,4617.615517,1.502,51.09756274861117,347.8425560514273,182.21129935134542,642715.6821406959,354395.2457405599,2,Good,1891.7783641640926
PA-605,Other Deciduous,San Joaquin River,0.65,41.1504138,5279.67179,2.043333333,41.561918316330605,141.7976264205309,136.0548224332832,443935.98711937637,448375.3510720496,2,Good,1891.7783641640926
PA-605,Almonds & Pistachios,San Joaquin River,0.7,92.66829985,4617.615517,1.502,57.963059094891555,347.8425560514273,206.69330871975455,642715.6821406959,402011.98387621756,2,Good,1891.7730203755243
PA-605,Other Deciduous,San Joaquin River,0.7,41.1504138,5279.67179,2.043333333,41.561918316333276,141.7976264205309,136.05482243329195,443935.98711937637,448375.3510720784,2,Good,1891.7730203755243
PA-605,Almonds & Pistachios,San Joaquin River,0.75,92.66829985,4617.615517,1.502,64.82855544117146,347.8425560514273,231.175318088162,642715.6821406959,449628.7220118719,2,Good,1891.7665892310315
PA-605,Other Deciduous,San Joaquin River,0.75,41.1504138,5279.67179,2.043333333,41.56191831633649,141.7976264205309,136.0548224333025,443935.98711937637,448375.35107211303,2,Good,1891.7665892310315
PA-605,Almonds & Pistachios,San Joaquin River,0.8,92.66829985,4617.615517,1.502,71.69405178745076,347.8425560514273,255.6573274565673,642715.6821406959,497245.46014752204,2,Good,1891.7588494663123
PA-605,Other Deciduous,San Joaquin River,0.8,41.1504138,5279.67179,2.043333333,41.56191831634035,141.7976264205309,136.05482243331517,443935.98711937637,448375.35107215476,2,Good,1891.7588494663123
PA-605,Almonds & Pistachios,San Joaquin River,0.85,92.66829985,4617.615517,1.502,78.55954813372941,347.8425560514273,280.13933682497026,642715.6821406959,544862.1982831677,2,Good,1891.7495347748975
PA-605,Other Deciduous,San Joaquin River,0.85,41.1504138,5279.67179,2.043333333,41.56191831634494,141.7976264205309,136.05482243333023,443935.98711937637,448375.3510722043,2,Good,1891.7495347748975
PA-605,Almonds & Pistachios,San Joaquin River,0.9,92.66829985,4617.615517,1.502,85.42504448000712,347.8425560514273,304.6213461933699,642715.6821406959,592478.9364188067,2,Good,1891.738324544908
PA-605,Other Deciduous,San Joaquin River,0.9,41.1504138,5279.67179,2.043333333,41.561918316350535,141.7976264205309,136.05482243334853,443935.98711937637,448375.3510722646,2,Good,1891.738324544908
PA-605,Almonds & Pistachios,San Joaquin River,0.95,92.66829985,4617.615517,1.502,92.66119134255327,347.8425560514273,330.42516055263974,642715.6821406959,642666.3799605542,2,Good,17.235037871052185
PA-605,Other Deciduous,San Joaquin River,0.95,41.1504138,5279.67179,2.043333333,41.15752364427397,141.7976264205309,134.73301691175615,443935.98711937637,444012.68903910357,2,Good,17.235037871052185
PA-605,Almonds & Pistachios,San Joaquin River,1.0,92.66829985,4617.615517,1.502,92.66829866318511,347.8425560514273,347.83529867720034,642715.6821406959,642715.6739093532,2,Good,0.0059673501343847826
PA-605,Other Deciduous,San Joaquin River,1.0,41.1504138,5279.67179,2.043333333,41.15041632365469,141.7976264205309,141.7947121842134,443935.98711937637,443936.01434488955,2,Good,0.0059673501343847826
PA-606,Alfalfa,San Joaquin River,0.5,33695.57651,274.2657929,7.1912,8.12432072453564e-22,141955.36894799906,3.117988834351103e-09,66457791.27563501,1.6023599145343883e-18,4,Good,906.2666502346231
PA-606,Almonds & Pistachios,San Joaquin River,0.5,258614.0645,4778.022051,1.26235,186384.79850753257,971472.85934868,665139.319086948,1559840075.3302352,1124186647.4141445,4,Good,906.2666502346231
PA-606,Citrus & Subtropical,San Joaquin River,0.5,1815.392293,820.4193129,8.003666667,1703.1610825492917,5895.424486763048,5254.409537174491,11920524.252457364,11183573.417522693,4,Good,906.2666502346231
PA-606,Corn,San Joaquin River,0.5,36794.06614,65.47230098,25.174,1.1555615224712036e-09,88888.1817593576,9.827341777885079e-09,60643968.9529344,1.9045961602967665e-06,4,Good,906.2666502346231
PA-606,Cotton,San Joaquin River,0.5,44443.40255,3682.370931,0.803,5.58575245008428e-19,161509.437572727,3.1179888435577234e-09,131416646.18075559,1.6516756397311764e-15,4,Good,906.2666502346231
PA-606,Cucurbits,San Joaquin River,0.5,8988.142073,454.7292141,15.44733333,8877.222412494817,20669.375323412674,19393.586196221077,63135889.43189325,62356750.49921937,4,Good,906.2666502346231
PA-606,Dry Beans,San Joaquin River,0.5,5301.274619,1608.447195,1.278888889,1.0910197064539891e-20,11726.956783820831,3.1171930266022693e-09,10904855.728474518,2.2442550803088986e-17,4,Good,906.2666502346231
PA-606,Grain,San Joaquin River,0.5,26610.79157,214.7932149,3.38625,26876.89975440564,12418.107930565631,11915.174409746487,19355186.915759135,19548738.980358034,4,Good,906.2666502346231
PA-606,Lettuce,San Joaquin River,0.5,1031.061203,786.0637345,12.864,959.5510236454555,3429.4048023634437,3031.977542971678,10426012.400984114,9702906.910662334,4,Good,906.2666502346231
PA-606,Onions & Garlic,San Joaquin River,0.5,2137.693582,1863.443795,6.58975,2085.2315354151983,3165.5437645790666,2933.4639400751603,26250083.564158734,25605869.108731776,4,Good,906.2666502346231
PA-606,Other Deciduous,San Joaquin River,0.5,6012.887008,2722.514149,3.2887,5745.872860143179,20719.429695485775,18809.375104723054,53836577.933041826,51445858.140504114,4,Good,906.2666502346231
PA-606,Pasture,San Joaquin River,0.5,13580.32351,202.2268042,5.0,3.117988834465133e-22,62472.02830477158,3.1179888343449778e-09,13731527.117147135,3.1527045876258336e-19,4,Good,906.2666502346231
PA-606,Rice,San Joaquin River,0.5,2000.559108,645.1882193,4.402033333,3.017572234111978e-18,9670.541879118597,3.1179888892081864e-09,5681868.03985666,8.570327748076567e-15,4,Good,906.2666502346231
PA-606,Safflower,San Joaquin River,0.5,52.20934812,574.3765351,1.258,1.4014411441840195e-19,125.59767726324469,3.1179888355773383e-09,37724.68318702808,1.0126332749470896e-16,4,Good,906.2666502346231
PA-606,Tomato Processing,San Joaquin River,0.5,34832.162,95.8398186,50.32533333,23943.824106227457,81500.19442090315,53222.50698384771,168001467.26297134,115485153.68448035,4,Good,906.2666502346231
PA-606,Truck Crops,San Joaquin River,0.5,2217.593991,1517.618416,13.47127778,2135.7528661635592,5915.947945239169,5412.736763278773,45337066.45433055,43663885.281191766,4,Good,906.2666502346231
PA-606,Vineyard,San Joaquin River,0.5,11667.71018,1577.798267,10.6811207,11459.171050817105,36152.21931823786,33730.76051561493,196631879.48644403,193117441.75315273,4,Good,906.2666502346231
PA-606,Alfalfa,San Joaquin River,0.55,33695.57651,274.2657929,7.1912,4.467311425360892e-19,141955.36894799906,1.4486715389597418e-09,66457791.27563501,8.810879083246579e-16,10,Good,744.0579893565437
PA-606,Almonds & Pistachios,San Joaquin River,0.55,258614.0645,4778.022051,1.26235,207123.1018824124,971472.85934868,739146.754751077,1559840075.3302352,1249270473.620719,10,Good,744.0579893565437
PA-606,Citrus & Subtropical,San Joaquin River,0.55,1815.392293,820.4193129,8.003666667,1733.8283909182992,5895.424486763048,5349.02102120936,11920524.252457364,11384946.08754005,10,Good,744.0579893565437
PA-606,Corn,San Joaquin River,0.55,36794.06614,65.47230098,25.174,9.519991856854051e-19,88888.1817593576,1.4515057859144422e-09,60643968.9529344,1.56908477688366e-15,10,Good,744.0579893565437
PA-606,Cotton,San Joaquin River,0.55,44443.40255,3682.370931,0.803,4.535646255766002e-18,161509.437572727,1.4515059151968826e-09,131416646.18075559,1.341165133620197e-14,10,Good,744.0579893565437
PA-606,Cucurbits,San Joaquin River,0.55,8988.142073,454.7292141,15.44733333,8908.43177697199,20669.375323412674,19461.76760158234,63135889.43189325,62575976.11546653,10,Good,744.0579893565437
PA-606,Dry Beans,San Joaquin River,0.55,5301.274619,1608.447195,1.278888889,8.580854565613913e-19,11726.956783820831,1.4487772968938032e-09,10904855.728474518,1.7651034475684765e-15,10,Good,744.0579893565437
PA-606,Grain,San Joaquin River,0.55,26610.79157,214.7932149,3.38625,26876.8997554131,12418.107930565631,11915.174410168553,19355186.915759135,19548738.981090803,10,Good,744.0579893565437
PA-606,Lettuce,San Joaquin River,0.55,1031.061203,786.0637345,12.864,977.5673251843573,3429.4048023634437,3088.9052313649822,10426012.400984114,9885086.38043379,10,Good,744.0579893565437
PA-606,Onions & Garlic,San Joaquin River,0.55,2137.693582,1863.443795,6.58975,2103.342372382132,3165.5437645790666,2958.9419199726835,26250083.564158734,25828263.46300311,10,Good,744.0579893565437
PA-606,Other Deciduous,San Joaquin River,0.55,6012.887008,2722.514149,3.2887,5814.207048809515,20719.429695485775,19033.070166966365,53836577.933041826,52057690.50467987,10,Good,744.0579893565437
PA-606,Pasture,San Joaquin River,0.55,13580.32351,202.2268042,5.0,4.1271569360483963e-19,62472.02830477158,1.4486715369654041e-09,13731527.117147135,4.1731087880446553e-16,10,Good,744.0579893565437
PA-606,Rice,San Joaquin River,0.55,2000.559108,645.1882193,4.402033333,3.924373940142826e-19,9670.541879118597,1.4487772924921907e-09,5681868.03985666,1.1145771588441304e-15,10,Good,744.0579893565437
PA-606,Safflower,San Joaquin River,0.55,52.20934812,574.3765351,1.258,1.012891922151164e-17,125.59767726324469,1.4486716961453554e-09,37724.68318702808,7.318809416663633e-15,10,Good,744.0579893565437
PA-606,Tomato Processing,San Joaquin River,0.55,34832.162,95.8398186,50.32533333,27185.925416786977,81500.19442090315,60429.073440095985,168001467.26297134,131122362.112404,10,Good,744.0579893565437
PA-606,Truck Crops,San Joaquin River,0.55,2217.593991,1517.618416,13.47127778,2156.270648243306,5915.947945239169,5464.735922507231,45337066.45433055,44083356.13718262,10,Good,744.0579893565437
PA-606,Vineyard,San Joaquin River,0.55,11667.71018,1577.798267,10.6811207,11509.938180563237,36152.21931823786,33880.196621054,196631879.48644403,193973002.6116342,10,Good,744.0579893565437
PA-606,Alfalfa,San Joaquin River,0.6,33695.57651,274.2657929,7.1912,1.1965723423374581e-18,141955.36894799906,3.6466179500567807e-09,66457791.27563501,2.3599998340927773e-15,2,Good,616.165722104328
PA-606,Almonds & Pistachios,San Joaquin River,0.6,258614.0645,4778.022051,1.26235,220969.84591784547,971472.85934868,788560.730432119,1559840075.3302352,1332787610.6374817,2,Good,616.165722104328
PA-606,Citrus & Subtropical,San Joaquin River,0.6,1815.392293,820.4193129,8.003666667,1755.4785571081986,5895.424486763048,5415.813787248604,11920524.252457364,11527108.931423198,2,Good,616.165722104328
PA-606,Corn,San Joaquin River,0.6,36794.06614,65.47230098,25.174,1.289148398769891e-08,88888.1817593576,5.078409090316659e-08,60643968.9529344,2.1247740103868377e-05,2,Good,616.165722104328
PA-606,Cotton,San Joaquin River,0.6,44443.40255,3682.370931,0.803,7782.549583993298,161509.437572727,26868.047121261334,131416646.18075559,23012562.188801944,2,Good,616.165722104328
PA-606,Cucurbits,San Joaquin River,0.6,8988.142073,454.7292141,15.44733333,8931.59621141114,20669.375323412674,19512.373684819337,63135889.43189325,62738691.29727211,2,Good,616.165722104328
PA-606,Dry Beans,San Joaquin River,0.6,5301.274619,1608.447195,1.278888889,1.0424507033056198e-13,11726.956783820831,3.647933771092115e-09,10904855.728474518,2.144347414648541e-10,2,Good,616.165722104328
PA-606,Grain,San Joaquin River,0.6,26610.79157,214.7932149,3.38625,26876.89975444116,12418.107930565631,11915.1744097633,19355186.915759135,19548738.98038387,2,Good,616.165722104328
PA-606,Lettuce,San Joaquin River,0.6,1031.061203,786.0637345,12.864,990.9344356659041,3429.4048023634437,3131.142462943217,10426012.400984114,10020253.584126867,2,Good,616.165722104328
PA-606,Onions & Garlic,San Joaquin River,0.6,2137.693582,1863.443795,6.58975,2117.362475735697,3165.5437645790666,2978.6651338955157,26250083.564158734,26000425.1271949,2,Good,616.165722104328
PA-606,Other Deciduous,San Joaquin River,0.6,6012.887008,2722.514149,3.2887,5864.165759066463,20719.429695485775,19196.612268202887,53836577.933041826,52504997.42972336,2,Good,616.165722104328
PA-606,Pasture,San Joaquin River,0.6,13580.32351,202.2268042,5.0,1.092933030828428e-18,62472.02830477158,3.6466179469044045e-09,13731527.117147135,1.1051017701452656e-15,2,Good,616.165722104328
PA-606,Rice,San Joaquin River,0.6,2000.559108,645.1882193,4.402033333,1.038593527262769e-18,9670.541879118597,3.6466179570321103e-09,5681868.03985666,2.949751069767604e-15,2,Good,616.165722104328
PA-606,Safflower,San Joaquin River,0.6,52.20934812,574.3765351,1.258,1.449990722029741e-14,125.59767726324469,3.646753022879198e-09,37724.68318702808,1.0477135337330098e-11,2,Good,616.165722104328
PA-606,Tomato Processing,San Joaquin River,0.6,34832.162,95.8398186,50.32533333,29482.49254725357,81500.19442090315,65533.89962003934,168001467.26297134,142199097.67611375,2,Good,616.165722104328
PA-606,Truck Crops,San Joaquin River,0.6,2217.593991,1517.618416,13.47127778,2172.1275021772963,5915.947945239169,5504.922677072196,45337066.45433055,44407537.76983476,2,Good,616.165722104328
PA-606,Vineyard,San Joaquin River,0.6,11667.71018,1577.798267,10.6811207,11548.800594777891,36152.21931823786,33994.59047932425,196631879.48644403,194627937.42150864,2,Good,616.165722104328
PA-606,Alfalfa,San Joaquin River,0.65,33695.57651,274.2657929,7.1912,6.515999653321742e-21,141955.36894799906,6.515999653318893e-08,66457791.27563501,1.2851507223330973e-17,2,Good,576.3866745590791
PA-606,Almonds & Pistachios,San Joaquin River,0.65,258614.0645,4778.022051,1.26235,224924.30260390887,971472.85934868,802672.743044357,1559840075.3302352,1356639059.0380356,2,Good,576.3866745590791
PA-606,Citrus & Subtropical,San Joaquin River,0.65,1815.392293,820.4193129,8.003666667,1761.8267324872265,5895.424486763048,5435.39849577348,11920524.252457364,11568793.353493482,2,Good,576.3866745590791
PA-606,Corn,San Joaquin River,0.65,36794.06614,65.47230098,25.174,20049.779478401753,88888.1817593576,46015.00135958406,60643968.9529344,33046040.61902078,2,Good,576.3866745590791
PA-606,Cotton,San Joaquin River,0.65,44443.40255,3682.370931,0.803,13607.07309977331,161509.437572727,46976.31249013056,131416646.18075559,40235351.222193636,2,Good,576.3866745590791
PA-606,Cucurbits,San Joaquin River,0.65,8988.142073,454.7292141,15.44733333,8938.564335731857,20669.375323412674,19527.596568020603,63135889.43189325,62787637.867440596,2,Good,576.3866745590791
PA-606,Dry Beans,San Joaquin River,0.65,5301.274619,1608.447195,1.278888889,4.377936475015958e-17,11726.956783820831,6.515999702056465e-08,10904855.728474518,9.00552585549338e-14,2,Good,576.3866745590791
PA-606,Grain,San Joaquin River,0.65,26610.79157,214.7932149,3.38625,26876.89975451373,12418.107930565631,11915.174409864445,19355186.915759135,19548738.980436653,2,Good,576.3866745590791
PA-606,Lettuce,San Joaquin River,0.65,1031.061203,786.0637345,12.864,994.9546060301459,3429.4048023634437,3143.8453479687196,10426012.400984114,10060905.240837159,2,Good,576.3866745590791
PA-606,Onions & Garlic,San Joaquin River,0.65,2137.693582,1863.443795,6.58975,2121.6778925970752,3165.5437645790666,2984.7359800716677,26250083.564158734,26053416.84414592,2,Good,576.3866745590791
PA-606,Other Deciduous,San Joaquin River,0.65,6012.887008,2722.514149,3.2887,5879.0754411491525,20719.429695485775,19245.419787966504,53836577.933041826,52638491.749562345,2,Good,576.3866745590791
PA-606,Pasture,San Joaquin River,0.65,13580.32351,202.2268042,5.0,6.515999653320872e-21,62472.02830477158,6.515999653318533e-08,13731527.117147135,6.58854893029694e-18,2,Good,576.3866745590791
PA-606,Rice,San Joaquin River,0.65,2000.559108,645.1882193,4.402033333,7.063392203963513e-07,9670.541879118597,3.328430373983092e-06,5681868.03985666,0.002006102306909343,2,Good,576.3866745590791
PA-606,Safflower,San Joaquin River,0.65,52.20934812,574.3765351,1.258,6.515999653321618e-21,125.59767726324469,6.515999653318184e-08,37724.68318702808,4.708237727913291e-18,2,Good,576.3866745590791
PA-606,Tomato Processing,San Joaquin River,0.65,34832.162,95.8398186,50.32533333,30157.006131131944,81500.19442090315,67033.21333698626,168001467.26297134,145452391.90976977,2,Good,576.3866745590791
PA-606,Truck Crops,San Joaquin River,0.65,2217.593991,1517.618416,13.47127778,2177.00369011553,5915.947945239169,5517.280624606053,45337066.45433055,44507227.820176125,2,Good,576.3866745590791
PA-606,Vineyard,San Joaquin River,0.65,11667.71018,1577.798267,10.6811207,11560.68795000595,36152.21931823786,34029.5816258369,196631879.48644403,194828270.90293354,2,Good,576.3866745590791
PA-606,Alfalfa,San Joaquin River,0.7,33695.57651,274.2657929,7.1912,6.461938299061772e-22,141955.36894799906,6.461938299063324e-09,66457791.27563501,1.2744882005138876e-18,3,Good,502.2380717269444
PA-606,Almonds & Pistachios,San Joaquin River,0.7,258614.0645,4778.022051,1.26235,231914.75600678512,971472.85934868,827619.1198625828,1559840075.3302352,1398802231.345066,3,Good,502.2380717269444
PA-606,Citrus & Subtropical,San Joaquin River,0.7,1815.392293,820.4193129,8.003666667,1773.2224596266913,5895.424486763048,5470.555368406699,11920524.252457364,11643621.831208285,3,Good,502.2380717269444
PA-606,Corn,San Joaquin River,0.7,36794.06614,65.47230098,25.174,26769.778554613742,88888.1817593576,61437.653112957174,60643968.9529344,44121941.113163546,3,Good,502.2380717269444
PA-606,Cotton,San Joaquin River,0.7,44443.40255,3682.370931,0.803,22151.633647073475,161509.437572727,76475.08444615784,131416646.18075559,65501137.04836434,3,Good,502.2380717269444
PA-606,Cucurbits,San Joaquin River,0.7,8988.142073,454.7292141,15.44733333,8951.27146814949,20669.375323412674,19555.35715079426,63135889.43189325,62876897.26062778,3,Good,502.2380717269444
PA-606,Dry Beans,San Joaquin River,0.7,5301.274619,1608.447195,1.278888889,1622.3225680058733,11726.956783820831,3409.30482393551,10904855.728474518,3337158.479914685,3,Good,502.2380717269444
PA-606,Grain,San Joaquin River,0.7,26610.79157,214.7932149,3.38625,26876.899754444887,12418.107930565631,11915.174409768511,19355186.915759135,19548738.98038658,3,Good,502.2380717269444
PA-606,Lettuce,San Joaquin River,0.7,1031.061203,786.0637345,12.864,1002.2848924041579,3429.4048023634437,3167.007496785163,10426012.400984114,10135028.538674224,3,Good,502.2380717269444
PA-606,Onions & Garlic,San Joaquin River,0.7,2137.693582,1863.443795,6.58975,2129.6655993236363,3165.5437645790666,2995.972933432314,26250083.564158734,26151502.9172968,3,Good,502.2380717269444
PA-606,Other Deciduous,San Joaquin River,0.7,6012.887008,2722.514149,3.2887,5906.130237239407,20719.429695485775,19333.9848885621,53836577.933041826,52880727.73973439,3,Good,502.2380717269444
PA-606,Pasture,San Joaquin River,0.7,13580.32351,202.2268042,5.0,6.461938354571651e-22,62472.02830477158,6.46193835457358e-09,13731527.117147135,6.533885711912157e-19,3,Good,502.2380717269444
PA-606,Rice,San Joaquin River,0.7,2000.559108,645.1882193,4.402033333,1228.128906310132,9670.541879118597,5639.842513248968,5681868.03985666,3488058.090202478,3,Good,502.2380717269444
PA-606,Safflower,San Joaquin River,0.7,52.20934812,574.3765351,1.258,6.461944627332087e-22,125.59767726324469,6.461944627332802e-09,37724.68318702808,4.669179421239271e-19,3,Good,502.2380717269444
PA-606,Tomato Processing,San Joaquin River,0.7,34832.162,95.8398186,50.32533333,31369.05034573551,81500.19442090315,69727.35406406366,168001467.26297134,151298288.19496146,3,Good,502.2380717269444
PA-606,Truck Crops,San Joaquin River,0.7,2217.593991,1517.618416,13.47127778,2186.0237398894087,5915.947945239169,5540.140551731144,45337066.45433055,44691636.05616494,3,Good,502.2380717269444
PA-606,Vineyard,San Joaquin River,0.7,11667.71018,1577.798267,10.6811207,11582.600470550171,36152.21931823786,34094.08245043777,196631879.48644403,195197555.02401853,3,Good,502.2380717269444
PA-606,Alfalfa,San Joaquin River,0.75,33695.57651,274.2657929,7.1912,3.2910194517563053e-09,141955.36894799906,3.6217935165249606e-08,66457791.27563501,6.490878223851328e-06,8,Good,382.99100828868217
PA-606,Almonds & Pistachios,San Joaquin River,0.75,258614.0645,4778.022051,1.26235,240552.40095068884,971472.85934868,858443.7220952619,1559840075.3302352,1450900498.9548488,8,Good,382.99100828868217
PA-606,Citrus & Subtropical,San Joaquin River,0.75,1815.392293,820.4193129,8.003666667,1787.601845989886,5895.424486763048,5514.917105900808,11920524.252457364,11738042.097582038,8,Good,382.99100828868217
PA-606,Corn,San Joaquin River,0.75,36794.06614,65.47230098,25.174,32010.856521159065,88888.1817593576,73466.12504781838,60643968.9529344,52760284.27082693,8,Good,382.99100828868217
PA-606,Cotton,San Joaquin River,0.75,44443.40255,3682.370931,0.803,30729.680185195135,161509.437572727,106089.46159934952,131416646.18075559,90865939.06941009,8,Good,382.99100828868217
PA-606,Cucurbits,San Joaquin River,0.75,8988.142073,454.7292141,15.44733333,8967.666615006168,20669.375323412674,19591.174738665595,63135889.43189325,62992062.57185181,8,Good,382.99100828868217
PA-606,Dry Beans,San Joaquin River,0.75,5301.274619,1608.447195,1.278888889,3491.4881161241083,11726.956783820831,7336.861542634962,10904855.728474518,7182079.20177483,8,Good,382.99100828868217
PA-606,Grain,San Joaquin River,0.75,26610.79157,214.7932149,3.38625,26876.899754740334,12418.107930565631,11915.174409856738,19355186.915759135,19548738.98060147,8,Good,382.99100828868217
PA-606,Lettuce,San Joaquin River,0.75,1031.061203,786.0637345,12.864,1011.7409330904688,3429.4048023634437,3196.886578047878,10426012.400984114,10230647.302306134,8,Good,382.99100828868217
PA-606,Onions & Garlic,San Joaquin River,0.75,2137.693582,1863.443795,6.58975,2140.1990587210144,3165.5437645790666,3010.79120314584,26250083.564158734,26280849.8881298,8,Good,382.99100828868217
PA-606,Other Deciduous,San Joaquin River,0.75,6012.887008,2722.514149,3.2887,5940.789992582535,20719.429695485775,19447.445167824208,53836577.933041826,53191054.97807895,8,Good,382.99100828868217
PA-606,Pasture,San Joaquin River,0.75,13580.32351,202.2268042,5.0,1.2013312383988035e-09,62472.02830477158,1.926312616491247e-08,13731527.117147135,1.2147068856350918e-06,8,Good,382.99100828868217
PA-606,Rice,San Joaquin River,0.75,2000.559108,645.1882193,4.402033333,1605.3038019926073,9670.541879118597,7371.913960027372,5681868.03985666,4559287.6163107995,8,Good,382.99100828868217
PA-606,Safflower,San Joaquin River,0.75,52.20934812,574.3765351,1.258,4.21802089460065e-09,125.59767726324469,3.9604788469084465e-08,37724.68318702808,3.047797140836515e-06,8,Good,382.99100828868217
PA-606,Tomato Processing,San Joaquin River,0.75,34832.162,95.8398186,50.32533333,32900.563539639574,81500.19442090315,73131.61276964456,168001467.26297134,158685037.93815804,8,Good,382.99100828868217
PA-606,Truck Crops,San Joaquin River,0.75,2217.593991,1517.618416,13.47127778,2197.9075150656827,5915.947945239169,5570.258149985856,45337066.45433055,44934591.036689624,8,Good,382.99100828868217
PA-606,Vineyard,San Joaquin River,0.75,11667.71018,1577.798267,10.6811207,11611.320199306585,36152.21931823786,34178.62070268309,196631879.48644403,195681558.66797212,8,Good,382.99100828868217
PA-606,Alfalfa,San Joaquin River,0.8,33695.57651,274.2657929,7.1912,1.635632899128313e-17,141955.36894799906,1.747001814861216e-08,66457791.27563501,3.2259590448488576e-14,5,Good,280.93932081088957
PA-606,Almonds & Pistachios,San Joaquin River,0.8,258614.0645,4778.022051,1.26235,250344.88104246836,971472.85934868,893389.5094817174,1559840075.3302352,1509964196.4902594,5,Good,280.93932081088957
PA-606,Citrus & Subtropical,San Joaquin River,0.8,1815.392293,820.4193129,8.003666667,1804.2879132635524,5895.424486763048,5566.395167451527,11920524.252457364,11847608.867464693,5,Good,280.93932081088957
PA-606,Corn,San Joaquin River,0.8,36794.06614,65.47230098,25.174,36252.20379522471,88888.1817593576,83200.17727481805,60643968.9529344,59750871.59619532,5,Good,280.93932081088957
PA-606,Cotton,San Joaquin River,0.8,44443.40255,3682.370931,0.803,38804.3080719847,161509.437572727,133965.86382566163,131416646.18075559,114742160.40160163,5,Good,280.93932081088957
PA-606,Cucurbits,San Joaquin River,0.8,8988.142073,454.7292141,15.44733333,8987.19068413938,20669.375323412674,19633.82791328854,63135889.43189325,63129206.53998711,5,Good,280.93932081088957
PA-606,Dry Beans,San Joaquin River,0.8,5301.274619,1608.447195,1.278888889,5354.287414344313,11726.956783820831,11252.015024887907,10904855.728474518,11013904.386870928,5,Good,280.93932081088957
PA-606,Grain,San Joaquin River,0.8,26610.79157,214.7932149,3.38625,26876.899754449863,12418.107930565631,11915.174409786416,19355186.915759135,19548738.9803902,5,Good,280.93932081088957
PA-606,Lettuce,San Joaquin River,0.8,1031.061203,786.0637345,12.864,1022.9991495152693,3429.4048023634437,3232.4601520868346,10426012.400984114,10344489.529825127,5,Good,280.93932081088957
PA-606,Onions & Garlic,San Joaquin River,0.8,2137.693582,1863.443795,6.58975,2153.0812536001736,3165.5437645790666,3028.9136291389545,26250083.564158734,26439038.45870657,5,Good,280.93932081088957
PA-606,Other Deciduous,San Joaquin River,0.8,6012.887008,2722.514149,3.2887,5981.719232001498,20719.429695485775,19581.42888723126,53836577.933041826,53557516.24448682,5,Good,280.93932081088957
PA-606,Pasture,San Joaquin River,0.8,13580.32351,202.2268042,5.0,9.739671790483278e-17,62472.02830477158,1.7470018875951902e-08,13731527.117147135,9.848113500731627e-14,5,Good,280.93932081088957
PA-606,Rice,San Joaquin River,0.8,2000.559108,645.1882193,4.402033333,1830.710833596074,9670.541879118597,8407.033443915368,5681868.03985666,5199475.153737311,5,Good,280.93932081088957
PA-606,Safflower,San Joaquin River,0.8,52.20934812,574.3765351,1.258,1.9774206034408583e-07,125.59767726324469,4.858886108049078e-07,37724.68318702808,0.00014288162652567566,5,Good,280.93932081088957
PA-606,Tomato Processing,San Joaquin River,0.8,34832.162,95.8398186,50.32533333,34680.5692793021,81500.19442090315,77088.22251963262,168001467.26297134,167270309.67638132,5,Good,280.93932081088957
PA-606,Truck Crops,San Joaquin River,0.8,2217.593991,1517.618416,13.47127778,2212.4242287603147,5915.947945239169,5607.048525484699,45337066.45433055,45231374.49486234,5,Good,280.93932081088957
PA-606,Vineyard,San Joaquin River,0.8,11667.71018,1577.798267,10.6811207,11646.17768535274,36152.21931823786,34281.22581337604,196631879.48644403,196268999.810209,5,Good,280.93932081088957
PA-606,Alfalfa,San Joaquin River,0.85,33695.57651,274.2657929,7.1912,13610.283440207115,141955.36894799906,54471.54607909985,66457791.27563501,26843564.341541402,2,Good,229.37248386192235
PA-606,Almonds & Pistachios,San Joaquin River,0.85,258614.0645,4778.022051,1.26235,254208.01552048812,971472.85934868,907175.626465657,1559840075.3302352,1533264831.6929715,2,Good,229.37248386192235
PA-606,Citrus & Subtropical,San Joaquin River,0.85,1815.392293,820.4193129,8.003666667,1810.97898584206,5895.424486763048,5587.037745505258,11920524.252457364,11891544.87691819,2,Good,229.37248386192235
PA-606,Corn,San Joaquin River,0.85,36794.06614,65.47230098,25.174,37162.00717280721,88888.1817593576,85288.21039765768,60643968.9529344,61250409.25461698,2,Good,229.37248386192235
PA-606,Cotton,San Joaquin River,0.85,44443.40255,3682.370931,0.803,41651.100691891996,161509.437572727,143793.97445067653,131416646.18075559,123159966.3528776,2,Good,229.37248386192235
PA-606,Cucurbits,San Joaquin River,0.85,8988.142073,454.7292141,15.44733333,8995.16852909107,20669.375323412674,19651.25667834767,63135889.43189325,63185245.74505128,2,Good,229.37248386192235
PA-606,Dry Beans,San Joaquin River,0.85,5301.274619,1608.447195,1.278888889,5354.287418650568,11726.956783820831,11252.015033945805,10904855.728474518,11013904.395729002,2,Good,229.37248386192235
PA-606,Grain,San Joaquin River,0.85,26610.79157,214.7932149,3.38625,26876.899754450744,12418.107930565631,11915.174409795158,19355186.915759135,19548738.98039084,2,Good,229.37248386192235
PA-606,Lettuce,San Joaquin River,0.85,1031.061203,786.0637345,12.864,1027.5986942129437,3429.4048023634437,3246.993736956811,10426012.400984114,10390999.775693463,2,Good,229.37248386192235
PA-606,Onions & Garlic,San Joaquin River,0.85,2137.693582,1863.443795,6.58975,2158.4521367912603,3165.5437645790666,3036.469285149936,26250083.564158734,26504990.91034253,2,Good,229.37248386192235
PA-606,Other Deciduous,San Joaquin River,0.85,6012.887008,2722.514149,3.2887,5998.340461479685,20719.429695485775,19635.839234904182,53836577.933041826,53706334.95918324,2,Good,229.37248386192235
PA-606,Pasture,San Joaquin River,0.85,13580.32351,202.2268042,5.0,7.072313565491537e-09,62472.02830477158,6.787311194732511e-08,13731527.117147135,7.151056853248305e-06,2,Good,229.37248386192235
PA-606,Rice,San Joaquin River,0.85,2000.559108,645.1882193,4.402033333,1897.4265224106703,9670.541879118597,8713.406802732108,5681868.03985666,5388957.053330691,2,Good,229.37248386192235
PA-606,Safflower,San Joaquin River,0.85,52.20934812,574.3765351,1.258,52.73144200948709,125.59767726324469,120.51097110426217,37724.68318702808,38101.9303139126,2,Good,229.37248386192235
PA-606,Tomato Processing,San Joaquin River,0.85,34832.162,95.8398186,50.32533333,35180.48397154345,81500.19442090315,78199.4365463184,168001467.26297134,169681483.6311552,2,Good,229.37248386192235
PA-606,Truck Crops,San Joaquin River,0.85,2217.593991,1517.618416,13.47127778,2218.471177865581,5915.947945239169,5622.373586854932,45337066.45433055,45354999.89001765,2,Good,229.37248386192235
PA-606,Vineyard,San Joaquin River,0.85,11667.71018,1577.798267,10.6811207,11660.626116892487,36152.21931823786,34323.75564228148,196631879.48644403,196512494.22389108,2,Good,229.37248386192235
PA-606,Alfalfa,San Joaquin River,0.9,33695.57651,274.2657929,7.1912,28076.958958808984,141955.36894799906,112370.57408865156,66457791.27563501,55376190.92480392,3,Good,174.723915797525
PA-606,Almonds & Pistachios,San Joaquin River,0.9,258614.0645,4778.022051,1.26235,258145.79420329368,971472.85934868,921228.1213728167,1559840075.3302352,1557015686.1141982,3,Good,174.723915797525
PA-606,Citrus & Subtropical,San Joaquin River,0.9,1815.392293,820.4193129,8.003666667,1817.860667670718,5895.424486763048,5608.268370739687,11920524.252457364,11936732.4958436,3,Good,174.723915797525
PA-606,Corn,San Joaquin River,0.9,36794.06614,65.47230098,25.174,37162.007172966645,88888.1817593576,85288.21039803834,60643968.9529344,61250409.25487977,3,Good,174.723915797525
PA-606,Cotton,San Joaquin River,0.9,44443.40255,3682.370931,0.803,44398.12174174163,161509.437572727,153277.63918213302,131416646.18075559,131282753.37290914,3,Good,174.723915797525
PA-606,Cucurbits,San Joaquin River,0.9,8988.142073,454.7292141,15.44733333,9003.461521244659,20669.375323412674,19669.373928407782,63135889.43189325,63243498.65554336,3,Good,174.723915797525
PA-606,Dry Beans,San Joaquin River,0.9,5301.274619,1608.447195,1.278888889,5354.287418692876,11726.956783820831,11252.015034049546,10904855.728474518,11013904.39581603,3,Good,174.723915797525
PA-606,Grain,San Joaquin River,0.9,26610.79157,214.7932149,3.38625,26876.899754451642,12418.107930565631,11915.17440981047,19355186.915759135,19548738.980391495,3,Good,174.723915797525
PA-606,Lettuce,San Joaquin River,0.9,1031.061203,786.0637345,12.864,1032.379489616137,3429.4048023634437,3262.1000355871397,10426012.400984114,10439342.814899316,3,Good,174.723915797525
PA-606,Onions & Garlic,San Joaquin River,0.9,2137.693582,1863.443795,6.58975,2159.0705392054156,3165.5437645790666,3037.339241873072,26250083.564158734,26512584.662405286,3,Good,174.723915797525
PA-606,Other Deciduous,San Joaquin River,0.9,6012.887008,2722.514149,3.2887,6015.557182905606,20719.429695485775,19692.198952451206,53836577.933041826,53860485.43025727,3,Good,174.723915797525
PA-606,Pasture,San Joaquin River,0.9,13580.32351,202.2268042,5.0,5.901378319663595e-06,62472.02830477158,2.5962833800732143e-05,13731527.117147135,0.005967084389803675,3,Good,174.723915797525
PA-606,Rice,San Joaquin River,0.9,2000.559108,645.1882193,4.402033333,1957.6953253385138,9670.541879118597,8990.174620218897,5681868.03985666,5560128.8941359725,3,Good,174.723915797525
PA-606,Safflower,San Joaquin River,0.9,52.20934812,574.3765351,1.258,52.731442083789254,125.59767726324469,120.5109712885112,37724.68318702808,38101.93036760079,3,Good,174.723915797525
PA-606,Tomato Processing,San Joaquin River,0.9,34832.162,95.8398186,50.32533333,35180.48397174741,81500.19442090315,78199.43654678669,168001467.26297134,169681483.6321389,3,Good,174.723915797525
PA-606,Truck Crops,San Joaquin River,0.9,2217.593991,1517.618416,13.47127778,2224.828314830049,5915.947945239169,5638.484771596187,45337066.45433055,45484966.84618143,3,Good,174.723915797525
PA-606,Vineyard,San Joaquin River,0.9,11667.71018,1577.798267,10.6811207,11675.77120260937,36152.21931823786,34368.33611474406,196631879.48644403,196767729.10919008,3,Good,174.723915797525
PA-606,Alfalfa,San Joaquin River,0.95,33695.57651,274.2657929,7.1912,33370.46910912413,141955.36894799906,133556.44310137242,66457791.27563501,65816581.89365099,2,Good,16.2612346052384
PA-606,Almonds & Pistachios,San Joaquin River,0.95,258614.0645,4778.022051,1.26235,258635.34837496417,971472.85934868,924530.5519058058,1559840075.3302352,1559968449.7911975,2,Good,16.2612346052384
PA-606,Citrus & Subtropical,San Joaquin River,0.95,1815.392293,820.4193129,8.003666667,1815.763564112192,5895.424486763048,5613.308128749397,11920524.252457364,11922962.153242877,2,Good,16.2612346052384
PA-606,Corn,San Joaquin River,0.95,36794.06614,65.47230098,25.174,37057.73718751083,88888.1817593576,85048.90687126445,60643968.9529344,61078551.49562465,2,Good,16.2612346052384
PA-606,Cotton,San Joaquin River,0.95,44443.40255,3682.370931,0.803,44486.06990083004,161509.437572727,153581.26679772232,131416646.18075559,131542811.14171225,2,Good,16.2612346052384
PA-606,Cucurbits,San Joaquin River,0.95,8988.142073,454.7292141,15.44733333,8989.859502775646,20669.375323412674,19689.311134675907,63135889.43189325,63147953.266169734,2,Good,16.2612346052384
PA-606,Dry Beans,San Joaquin River,0.95,5301.274619,1608.447195,1.278888889,5354.287418214819,11726.956783820831,11255.806699941795,10904855.728474518,11013904.394832656,2,Good,16.2612346052384
PA-606,Grain,San Joaquin River,0.95,26610.79157,214.7932149,3.38625,26876.89975429357,12418.107930565631,11934.603641943708,19355186.915759135,19548738.98027652,2,Good,16.2612346052384
PA-606,Lettuce,San Joaquin River,0.95,1031.061203,786.0637345,12.864,1031.2784050640257,3429.4048023634437,3266.8451029616094,10426012.400984114,10428208.731722252,2,Good,16.2612346052384
PA-606,Onions & Garlic,San Joaquin River,0.95,2137.693582,1863.443795,6.58975,2140.493131476872,3165.5437645790666,3020.545002184251,26250083.564158734,26284460.992396664,2,Good,16.2612346052384
PA-606,Other Deciduous,San Joaquin River,0.95,6012.887008,2722.514149,3.2887,6013.458529255697,20719.429695485775,19731.911825771524,53836577.933041826,53841695.06705445,2,Good,16.2612346052384
PA-606,Pasture,San Joaquin River,0.95,13580.32351,202.2268042,5.0,13106.458297851223,62472.02830477158,57277.551138898656,13731527.117147135,13252385.879775124,2,Good,16.2612346052384
PA-606,Rice,San Joaquin River,0.95,2000.559108,645.1882193,4.402033333,1997.3657636831022,9670.541879118597,9172.35015810852,5681868.03985666,5672798.494777045,2,Good,16.2612346052384
PA-606,Safflower,San Joaquin River,0.95,52.20934812,574.3765351,1.258,52.731441726862876,125.59767726324469,120.51097433668092,37724.68318702808,38101.93010969804,2,Good,16.2612346052384
PA-606,Tomato Processing,San Joaquin River,0.95,34832.162,95.8398186,50.32533333,34979.46085148483,81500.19442090315,77914.45096456342,168001467.26297134,168711914.78487948,2,Good,16.2612346052384
PA-606,Truck Crops,San Joaquin River,0.95,2217.593991,1517.618416,13.47127778,2218.437916127785,5915.947945239169,5639.575758319521,45337066.45433055,45354319.87842717,2,Good,16.2612346052384
PA-606,Vineyard,San Joaquin River,0.95,11667.71018,1577.798267,10.6811207,11668.79113660732,36152.21931823786,34448.3498560444,196631879.48644403,196650096.47384444,2,Good,16.2612346052384
PA-606,Alfalfa,San Joaquin River,1.0,33695.57651,274.2657929,7.1912,33695.568149809085,141955.36894799906,141955.29352894053,66457791.27563501,66457774.786829054,2,Good,7.439389574097517e-05
PA-606,Almonds & Pistachios,San Joaquin River,1.0,258614.0645,4778.022051,1.26235,258614.0621172033,971472.85934868,971472.596776887,1559840075.3302352,1559840060.9583108,2,Good,7.439389574097517e-05
PA-606,Citrus & Subtropical,San Joaquin River,1.0,1815.392293,820.4193129,8.003666667,1815.3922896047163,5895.424486763048,5895.42294755407,11920524.252457364,11920524.230162699,2,Good,7.439389574097517e-05
PA-606,Corn,San Joaquin River,1.0,36794.06614,65.47230098,25.174,36794.065889089026,88888.1817593576,88888.15689267502,60643968.9529344,60643968.539383,2,Good,7.439389574097517e-05
PA-606,Cotton,San Joaquin River,1.0,44443.40255,3682.370931,0.803,44443.40099734322,161509.437572727,161509.38840432005,131416646.18075559,131416641.58963665,2,Good,7.439389574097517e-05
PA-606,Cucurbits,San Joaquin River,1.0,8988.142073,454.7292141,15.44733333,8988.142072110586,20669.375323412674,20669.370007067228,63135889.43189325,63135889.42564569,2,Good,7.439389574097517e-05
PA-606,Dry Beans,San Joaquin River,1.0,5301.274619,1608.447195,1.278888889,5301.2745788897,11726.956783820831,11726.953561164057,10904855.728474518,10904855.64596662,2,Good,7.439389574097517e-05
PA-606,Grain,San Joaquin River,1.0,26610.79157,214.7932149,3.38625,26610.815486887543,12418.107930565631,12418.115847229177,19355186.915759135,19355204.3115524,2,Good,7.439389574097517e-05
PA-606,Lettuce,San Joaquin River,1.0,1031.061203,786.0637345,12.864,1031.0612005232085,3429.4048023634437,3429.403912993975,10426012.400984114,10426012.375938987,2,Good,7.439389574097517e-05
PA-606,Onions & Garlic,San Joaquin River,1.0,2137.693582,1863.443795,6.58975,2137.693585628921,3165.5437645790666,3165.5429652014245,26250083.564158734,26250083.608720537,2,Good,7.439389574097517e-05
PA-606,Other Deciduous,San Joaquin River,1.0,6012.887008,2722.514149,3.2887,6012.88699865211,20719.429695485775,20719.424320492602,53836577.933041826,53836577.84934519,2,Good,7.439389574097517e-05
PA-606,Pasture,San Joaquin River,1.0,13580.32351,202.2268042,5.0,13580.316423506742,62472.02830477158,62471.975252016615,13731527.117147135,13731519.951752711,2,Good,7.439389574097517e-05
PA-606,Rice,San Joaquin River,1.0,2000.559108,645.1882193,4.402033333,2000.5590676292863,9670.541879118597,9670.539011250892,5681868.03985666,5681867.92519818,2,Good,7.439389574097517e-05
PA-606,Safflower,San Joaquin River,1.0,52.20934812,574.3765351,1.258,52.20536245456983,125.59767726324469,125.58805196613066,37724.68318702808,37721.80328197167,2,Good,7.439389574097517e-05
PA-606,Tomato Processing,San Joaquin River,1.0,34832.162,95.8398186,50.32533333,34832.16190339976,81500.19442090315,81500.17306861255,168001467.26297134,168001466.7970519,2,Good,7.439389574097517e-05
PA-606,Truck Crops,San Joaquin River,1.0,2217.593991,1517.618416,13.47127778,2217.593989143785,5915.947945239169,5915.946434880268,45337066.45433055,45337066.416381605,2,Good,7.439389574097517e-05
PA-606,Vineyard,San Joaquin River,1.0,11667.71018,1577.798267,10.6811207,11667.710173225907,36152.21931823786,36152.21006887896,196631879.48644403,196631879.37228256,2,Good,7.439389574097517e-05
PA-607,Alfalfa,San Joaquin River,0.5,5184.306367,280.5479948,6.891,5.115657918259581e-21,21436.92723280383,5.115657918258393e-08,10022592.593464773,9.889877552108774e-18,3,Good,900.635720360997
PA-607,Almonds & Pistachios,San Joaquin River,0.5,77065.98482,4787.88596,1.331875,57331.5244378852,289277.23059342714,204441.28837886243,491439428.52871126,365595426.72738594,3,Good,900.635720360997
PA-607,Citrus & Subtropical,San Joaquin River,0.5,446.1121728,913.505926,3.87,355.4771509390864,1448.7340491139719,1096.6799038486608,1577126.0592973845,1256706.972849549,3,Good,900.635720360997
PA-607,Corn,San Joaquin River,0.5,22450.69011,64.15208484,26.962,1.7231450923560672e-18,54237.03418718407,5.115657919885686e-08,38832251.74372544,2.9804698069183682e-15,3,Good,900.635720360997
PA-607,Cucurbits,San Joaquin River,0.5,1482.551484,354.9045387,12.802,1448.6870689806976,3409.315608297955,3164.868045284888,6735954.735259716,6582092.175228668,3,Good,900.635720360997
PA-607,Dry Beans,San Joaquin River,0.5,153.1339401,1752.304957,1.253333333,8.452738900951236e-19,338.74779685110065,5.115657919017389e-08,336316.1606876753,1.85640929281051e-15,3,Good,900.635720360997
PA-607,Grain,San Joaquin River,0.5,4516.605285,184.2122033,3.0875,4561.771383066789,2107.7047543420044,2022.3426862848967,2568842.6414201222,2594531.0935516064,3,Good,900.635720360997
PA-607,Lettuce,San Joaquin River,0.5,4.25446108,898.0447685,10.48,3.9274539355823723,14.150730545158881,12.409920789405318,40040.89948433541,36963.268744724606,3,Good,900.635720360997
PA-607,Onions & Garlic,San Joaquin River,0.5,212.5921458,922.4792266,5.725375,197.90210088319827,314.811134393757,278.4048998303812,1122813.815856575,1045227.7633424063,3,Good,900.635720360997
PA-607,Other Deciduous,San Joaquin River,0.5,12282.48074,3217.693175,2.229333333,11538.239935996131,42323.42896848065,37770.951130870344,88106049.90550244,82767379.4196836,3,Good,900.635720360997
PA-607,Pasture,San Joaquin River,0.5,21808.86322,263.6327213,5.0,5.1156579182593614e-21,100324.85009443872,5.115657918258397e-08,28747649.795740403,6.743274091153042e-18,3,Good,900.635720360997
PA-607,Potatoes,San Joaquin River,0.5,265.7172883,733.033091,17.108,242.3392627918249,878.2307207507915,760.915089287743,3332288.8010085477,3039111.292352691,3,Good,900.635720360997
PA-607,Rice,San Joaquin River,0.5,391.2631554,579.2835722,4.702,5.115657918260853e-21,1891.3346348633795,5.115657918259341e-08,1065719.2007893326,1.393398482048989e-17,3,Good,900.635720360997
PA-607,Safflower,San Joaquin River,0.5,26.95222553,574.3765351,1.258,5.1156579182598166e-21,64.83775502928313,5.115657918258037e-08,19474.75319874919,3.6963988482674655e-18,3,Good,900.635720360997
PA-607,Tomato Processing,San Joaquin River,0.5,269.5892689,100.6092211,43.302,166.2747692039907,641.5310317469344,375.893678731073,1174487.3497617466,724389.4158379133,3,Good,900.635720360997
PA-607,Truck Crops,San Joaquin River,0.5,1611.140897,5162.294432,7.961375,1587.7578702190845,4298.093211733428,4023.9278296630832,66216218.23429706,65255200.10907501,3,Good,900.635720360997
PA-607,Vineyard,San Joaquin River,0.5,5616.566506,1659.513824,10.98011384,5522.979156638799,17402.844346308655,16257.221961331026,102343113.04257321,100637797.05195934,3,Good,900.635720360997
PA-607,Alfalfa,San Joaquin River,0.55,5184.306367,280.5479948,6.891,2.566799911702023e-22,21436.92723280383,2.5667999116993393e-09,10022592.593464773,4.962281926023129e-19,2,Good,672.5833347813397
PA-607,Almonds & Pistachios,San Joaquin River,0.55,77065.98482,4787.88596,1.331875,64460.694426817056,289277.23059342714,229863.54449181107,491439428.52871126,411057185.6788588,2,Good,672.5833347813397
PA-607,Citrus & Subtropical,San Joaquin River,0.55,446.1121728,913.505926,3.87,399.33936948378835,1448.7340491139719,1231.9989066788603,1577126.0592973845,1411771.6675680662,2,Good,672.5833347813397
PA-607,Corn,San Joaquin River,0.55,22450.69011,64.15208484,26.962,156.46071137709913,54237.03418718407,359.0348380752092,38832251.74372544,270625.1657489864,2,Good,672.5833347813397
PA-607,Cucurbits,San Joaquin River,0.55,1482.551484,354.9045387,12.802,1461.7616740610558,3409.315608297955,3193.4314256264715,6735954.735259716,6641496.485266571,2,Good,672.5833347813397
PA-607,Dry Beans,San Joaquin River,0.55,153.1339401,1752.304957,1.253333333,2.566693330292278e-22,338.74779685110065,2.5666933302891154e-09,336316.1606876753,5.637028903865854e-19,2,Good,672.5833347813397
PA-607,Grain,San Joaquin River,0.55,4516.605285,184.2122033,3.0875,4561.771383442464,2107.7047543420044,2022.342686399736,2568842.6414201222,2594531.0937652737,2,Good,672.5833347813397
PA-607,Lettuce,San Joaquin River,0.55,4.25446108,898.0447685,10.48,4.035809779025736,14.150730545158881,12.752302200983527,40040.89948433541,37983.06075933533,2,Good,672.5833347813397
PA-607,Onions & Garlic,San Joaquin River,0.55,212.5921458,922.4792266,5.725375,204.41148158227833,314.811134393757,287.56217235384196,1122813.815856575,1079607.3146381213,2,Good,672.5833347813397
PA-607,Other Deciduous,San Joaquin River,0.55,12282.48074,3217.693175,2.229333333,11796.379454134127,42323.42896848065,38615.98253756701,88106049.90550244,84619094.37443049,2,Good,672.5833347813397
PA-607,Pasture,San Joaquin River,0.55,21808.86322,263.6327213,5.0,3.5331037589367615e-11,100324.85009443872,3.027006900031925e-09,28747649.795740403,4.657208793018788e-08,2,Good,672.5833347813397
PA-607,Potatoes,San Joaquin River,0.55,265.7172883,733.033091,17.108,249.85473276613035,878.2307207507915,784.512728512734,3332288.8010085477,3133360.7730316417,2,Good,672.5833347813397
PA-607,Rice,San Joaquin River,0.55,391.2631554,579.2835722,4.702,5.390170140898044e-09,1891.3346348633795,3.948528919083183e-08,1065719.2007893326,1.4681698839758391e-05,2,Good,672.5833347813397
PA-607,Safflower,San Joaquin River,0.55,26.95222553,574.3765351,1.258,2.566693330291055e-22,64.83775502928313,2.5666933302880157e-09,19474.75319874919,1.8546045145198045e-19,2,Good,672.5833347813397
PA-607,Tomato Processing,San Joaquin River,0.55,269.5892689,100.6092211,43.302,206.45550191343315,641.5310317469344,466.72936891584476,1174487.3497617466,899440.0121170377,2,Good,672.5833347813397
PA-607,Truck Crops,San Joaquin River,0.55,1611.140897,5162.294432,7.961375,1595.2681424793811,4298.093211733428,4042.961458177947,66216218.23429706,65563864.502060615,2,Good,672.5833347813397
PA-607,Vineyard,San Joaquin River,0.55,5616.566506,1659.513824,10.98011384,5552.643570580218,17402.844346308655,16344.540951287545,102343113.04257321,101178331.64121507,2,Good,672.5833347813397
PA-607,Alfalfa,San Joaquin River,0.6,5184.306367,280.5479948,6.891,1.1114407448975797e-18,21436.92723280383,3.325482062826245e-09,10022592.593464773,2.1486997467573565e-15,4,Good,632.2199045284019
PA-607,Almonds & Pistachios,San Joaquin River,0.6,77065.98482,4787.88596,1.331875,65928.67803665038,289277.23059342714,235098.29907850453,491439428.52871126,420418319.88081586,4,Good,632.2199045284019
PA-607,Citrus & Subtropical,San Joaquin River,0.6,446.1121728,913.505926,3.87,406.18766523146854,1448.7340491139719,1253.126532752675,1577126.0592973845,1435982.2279247863,4,Good,632.2199045284019
PA-607,Corn,San Joaquin River,0.6,22450.69011,64.15208484,26.962,9535.940876026958,54237.03418718407,21885.34456689618,38832251.74372544,16494016.660370737,4,Good,632.2199045284019
PA-607,Cucurbits,San Joaquin River,0.6,1482.551484,354.9045387,12.802,1464.5403739625347,3409.315608297955,3199.501900551866,6735954.735259716,6654121.474659001,4,Good,632.2199045284019
PA-607,Dry Beans,San Joaquin River,0.6,153.1339401,1752.304957,1.253333333,7.355536518120556e-08,338.74779685110065,1.6991979872532163e-07,336316.1606876753,0.00016154392683665408,4,Good,632.2199045284019
PA-607,Grain,San Joaquin River,0.6,4516.605285,184.2122033,3.0875,4561.771383441576,2107.7047543420044,2022.342686400048,2568842.6414201222,2594531.0937647684,4,Good,632.2199045284019
PA-607,Lettuce,San Joaquin River,0.6,4.25446108,898.0447685,10.48,4.059870714287973,14.150730545158881,12.828329649892686,40040.89948433541,38209.510472288006,4,Good,632.2199045284019
PA-607,Onions & Garlic,San Joaquin River,0.6,212.5921458,922.4792266,5.725375,205.88065994818047,314.811134393757,289.62898444969414,1122813.815856575,1087366.8382131099,4,Good,632.2199045284019
PA-607,Other Deciduous,San Joaquin River,0.6,12282.48074,3217.693175,2.229333333,11851.713259881815,42323.42896848065,38797.12025739113,88106049.90550244,85016020.95252723,4,Good,632.2199045284019
PA-607,Pasture,San Joaquin River,0.6,21808.86322,263.6327213,5.0,1.0054811164172684e-18,100324.85009443872,3.3254820614412407e-09,28747649.795740403,1.3253886146842329e-15,4,Good,632.2199045284019
PA-607,Potatoes,San Joaquin River,0.6,265.7172883,733.033091,17.108,251.55681811071534,878.2307207507915,789.8570644126711,3332288.8010085477,3154706.1659806985,4,Good,632.2199045284019
PA-607,Rice,San Joaquin River,0.6,391.2631554,579.2835722,4.702,9.50055563414032e-19,1891.3346348633795,3.3254820689716866e-09,1065719.2007893326,2.587753131807057e-15,4,Good,632.2199045284019
PA-607,Safflower,San Joaquin River,0.6,26.95222553,574.3765351,1.258,1.9090053252451413e-18,64.83775502928313,3.3254820669077064e-09,19474.75319874919,1.3793817331658047e-15,4,Good,632.2199045284019
PA-607,Tomato Processing,San Joaquin River,0.6,269.5892689,100.6092211,43.302,214.87213104443813,641.5310317469344,485.7566555050165,1174487.3497617466,936107.7343981806,4,Good,632.2199045284019
PA-607,Truck Crops,San Joaquin River,0.6,1611.140897,5162.294432,7.961375,1597.026832821339,4298.093211733428,4047.418588037038,66216218.23429706,65636144.8493018,4,Good,632.2199045284019
PA-607,Vineyard,San Joaquin River,0.6,5616.566506,1659.513824,10.98011384,5559.478359874065,17402.844346308655,16364.659565438207,102343113.04257321,101302872.78438058,4,Good,632.2199045284019
PA-607,Alfalfa,San Joaquin River,0.65,5184.306367,280.5479948,6.891,6.49707967835477e-21,21436.92723280383,6.497079678351827e-08,10022592.593464773,1.2560519779063629e-17,2,Good,519.9976103940087
PA-607,Almonds & Pistachios,San Joaquin River,0.65,77065.98482,4787.88596,1.331875,68915.84905546786,289277.23059342714,245750.39838489084,491439428.52871126,439467108.03078854,2,Good,519.9976103940087
PA-607,Citrus & Subtropical,San Joaquin River,0.65,446.1121728,913.505926,3.87,418.8357699729392,1448.7340491139719,1292.147106309072,1577126.0592973845,1480696.6670383746,2,Good,519.9976103940087
PA-607,Corn,San Joaquin River,0.65,22450.69011,64.15208484,26.962,16093.047190879295,54237.03418718407,36934.15127915791,38832251.74372544,27835636.97944064,2,Good,519.9976103940087
PA-607,Cucurbits,San Joaquin River,0.65,1482.551484,354.9045387,12.802,1470.2796489114166,3409.315608297955,3212.0401832348875,6735954.735259716,6680197.800969488,2,Good,519.9976103940087
PA-607,Dry Beans,San Joaquin River,0.65,153.1339401,1752.304957,1.253333333,39.73467393461986,338.74779685110065,83.50226911178005,336316.1606876753,87266.17348930864,2,Good,519.9976103940087
PA-607,Grain,San Joaquin River,0.65,4516.605285,184.2122033,3.0875,4561.771383331514,2107.7047543420044,2022.3426864213877,2568842.6414201222,2594531.09370217,2,Good,519.9976103940087
PA-607,Lettuce,San Joaquin River,0.65,4.25446108,898.0447685,10.48,4.110691708676057,14.150730545158881,12.988913274179556,40040.89948433541,38687.81272719716,2,Good,519.9976103940087
PA-607,Onions & Garlic,San Joaquin River,0.65,212.5921458,922.4792266,5.725375,209.01140227779578,314.811134393757,294.0332530980432,1122813.815856575,1103901.9774975409,2,Good,519.9976103940087
PA-607,Other Deciduous,San Joaquin River,0.65,12282.48074,3217.693175,2.229333333,11966.485243893749,42323.42896848065,39172.83154647482,88106049.90550244,85839316.04780689,2,Good,519.9976103940087
PA-607,Pasture,San Joaquin River,0.65,21808.86322,263.6327213,5.0,6.497079678354496e-21,100324.85009443872,6.497079678351836e-08,28747649.795740403,8.564213980537623e-18,2,Good,519.9976103940087
PA-607,Potatoes,San Joaquin River,0.65,265.7172883,733.033091,17.108,255.1907815394087,878.2307207507915,801.2672568500678,3332288.8010085477,3200278.7206089008,2,Good,519.9976103940087
PA-607,Rice,San Joaquin River,0.65,391.2631554,579.2835722,4.702,152.59149050148375,1891.3346348633795,700.7342396793756,1065719.2007893326,415627.38290101284,2,Good,519.9976103940087
PA-607,Safflower,San Joaquin River,0.65,26.95222553,574.3765351,1.258,6.4970796783545625e-21,64.83775502928313,6.4970796783511e-08,19474.75319874919,4.69456680331377e-18,2,Good,519.9976103940087
PA-607,Tomato Processing,San Joaquin River,0.65,269.5892689,100.6092211,43.302,232.13580298393524,641.5310317469344,524.7842553949051,1174487.3497617466,1011318.3107913279,2,Good,519.9976103940087
PA-607,Truck Crops,San Joaquin River,0.65,1611.140897,5162.294432,7.961375,1600.8547075882013,4298.093211733428,4057.1197472648096,66216218.23429706,65793466.52824874,2,Good,519.9976103940087
PA-607,Vineyard,San Joaquin River,0.65,5616.566506,1659.513824,10.98011384,5574.213531545783,17402.844346308655,16408.03343126286,102343113.04257321,101571371.93568403,2,Good,519.9976103940087
PA-607,Alfalfa,San Joaquin River,0.7,5184.306367,280.5479948,6.891,6.065162578329391e-21,21436.92723280383,6.065162578326396e-08,10022592.593464773,1.1725513353660153e-17,2,Good,345.0333422526439
PA-607,Almonds & Pistachios,San Joaquin River,0.7,77065.98482,4787.88596,1.331875,73062.70812028997,289277.23059342714,260537.88604111134,491439428.52871126,465911071.00310636,2,Good,345.0333422526439
PA-607,Citrus & Subtropical,San Joaquin River,0.7,446.1121728,913.505926,3.87,434.29630442750556,1448.7340491139719,1339.8442857010652,1577126.0592973845,1535353.7987322302,2,Good,345.0333422526439
PA-607,Corn,San Joaquin River,0.7,22450.69011,64.15208484,26.962,20660.296182065867,54237.03418718407,47416.16025911558,38832251.74372544,35735463.7434756,2,Good,345.0333422526439
PA-607,Cucurbits,San Joaquin River,0.7,1482.551484,354.9045387,12.802,1478.4256076828324,3409.315608297955,3229.8362174271783,6735954.735259716,6717208.866117461,2,Good,345.0333422526439
PA-607,Dry Beans,San Joaquin River,0.7,153.1339401,1752.304957,1.253333333,120.8894687958334,338.74779685110065,254.04876773105815,336316.1606876753,265500.13658916636,2,Good,345.0333422526439
PA-607,Grain,San Joaquin River,0.7,4516.605285,184.2122033,3.0875,4561.771383396392,2107.7047543420044,2022.3426864502444,2568842.6414201222,2594531.0937390695,2,Good,345.0333422526439
PA-607,Lettuce,San Joaquin River,0.7,4.25446108,898.0447685,10.48,4.185378210593413,14.150730545158881,13.224906766065708,40040.89948433541,39390.72542515737,2,Good,345.0333422526439
PA-607,Onions & Garlic,San Joaquin River,0.7,212.5921458,922.4792266,5.725375,213.6786618490632,314.811134393757,300.5990648167913,1122813.815856575,1128552.2932892537,2,Good,345.0333422526439
PA-607,Other Deciduous,San Joaquin River,0.7,12282.48074,3217.693175,2.229333333,12130.432535454744,42323.42896848065,39709.520432468686,88106049.90550244,87015360.90046464,2,Good,345.0333422526439
PA-607,Pasture,San Joaquin River,0.7,21808.86322,263.6327213,5.0,6.065162578329141e-21,100324.85009443872,6.065162578326407e-08,28747649.795740403,7.994876578259179e-18,2,Good,345.0333422526439
PA-607,Potatoes,San Joaquin River,0.7,265.7172883,733.033091,17.108,260.62517215446644,878.2307207507915,818.3305662458408,3332288.8010085477,3268429.9466835004,2,Good,345.0333422526439
PA-607,Rice,San Joaquin River,0.7,391.2631554,579.2835722,4.702,330.86469949088945,1891.3346348633795,1519.404672288297,1065719.2007893326,901206.408639093,2,Good,345.0333422526439
PA-607,Safflower,San Joaquin River,0.7,26.95222553,574.3765351,1.258,8.129782244287165e-08,64.83775502928313,2.8128940016906507e-07,19474.75319874919,5.8743016449916824e-05,2,Good,345.0333422526439
PA-607,Tomato Processing,San Joaquin River,0.7,269.5892689,100.6092211,43.302,256.38438632062787,641.5310317469344,579.6024893128192,1174487.3497617466,1116959.21591635,2,Good,345.0333422526439
PA-607,Truck Crops,San Joaquin River,0.7,1611.140897,5162.294432,7.961375,1606.7682546070162,4298.093211733428,4072.1067215807575,66216218.23429706,66036507.171476,2,Good,345.0333422526439
PA-607,Vineyard,San Joaquin River,0.7,5616.566506,1659.513824,10.98011384,5596.609659580036,17402.844346308655,16473.957783718364,102343113.04257321,101979466.3579039,2,Good,345.0333422526439
PA-607,Alfalfa,San Joaquin River,0.75,5184.306367,280.5479948,6.891,1735.3346922263086,21436.92723280383,6816.77132692168,10022592.593464773,3354846.608641767,2,Good,228.67949250647683
PA-607,Almonds & Pistachios,San Joaquin River,0.75,77065.98482,4787.88596,1.331875,75540.66993555456,289277.23059342714,269374.17133145983,491439428.52871126,481712700.4931322,2,Good,228.67949250647683
PA-607,Citrus & Subtropical,San Joaquin River,0.75,446.1121728,913.505926,3.87,442.68446552852805,1448.7340491139719,1365.7225388318604,1577126.0592973845,1565008.1956947136,2,Good,228.67949250647683
PA-607,Corn,San Joaquin River,0.75,22450.69011,64.15208484,26.962,22568.219219868213,54237.03418718407,51794.91570987203,38832251.74372544,39035538.14424395,2,Good,228.67949250647683
PA-607,Cucurbits,San Joaquin River,0.75,1482.551484,354.9045387,12.802,1483.3860184712473,3409.315608297955,3240.672957721559,6735954.735259716,6739746.432535665,2,Good,228.67949250647683
PA-607,Dry Beans,San Joaquin River,0.75,153.1339401,1752.304957,1.253333333,154.6652808788134,338.74779685110065,325.028510766653,336316.1606876753,339679.3253205365,2,Good,228.67949250647683
PA-607,Grain,San Joaquin River,0.75,4516.605285,184.2122033,3.0875,4561.771383447187,2107.7047543420044,2022.3426864306468,2568842.6414201222,2594531.0937679596,2,Good,228.67949250647683
PA-607,Lettuce,San Joaquin River,0.75,4.25446108,898.0447685,10.48,4.232292136771904,14.150730545158881,13.37314477183915,40040.89948433541,39832.256271768965,2,Good,228.67949250647683
PA-607,Onions & Garlic,San Joaquin River,0.75,212.5921458,922.4792266,5.725375,214.71806932025996,314.811134393757,302.0612833743496,1122813.815856575,1134041.9649070483,2,Good,228.67949250647683
PA-607,Other Deciduous,San Joaquin River,0.75,12282.48074,3217.693175,2.229333333,12230.826054103609,42323.42896848065,40038.16316370707,88106049.90550244,87735514.79701908,2,Good,228.67949250647683
PA-607,Pasture,San Joaquin River,0.75,21808.86322,263.6327213,5.0,1424.1356652377704,100324.85009443872,6223.725856182686,28747649.795740403,1877243.804635096,2,Good,228.67949250647683
PA-607,Potatoes,San Joaquin River,0.75,265.7172883,733.033091,17.108,264.09463128356987,878.2307207507915,829.2242355677045,3332288.8010085477,3311939.497286829,2,Good,228.67949250647683
PA-607,Rice,San Joaquin River,0.75,391.2631554,579.2835722,4.702,367.490496761448,1891.3346348633795,1687.5985218219037,1065719.2007893326,1000967.4386689904,2,Good,228.67949250647683
PA-607,Safflower,San Joaquin River,0.75,26.95222553,574.3765351,1.258,27.22174760905038,64.83775502928313,62.211824968018,19474.75319874919,19669.500603384753,2,Good,228.67949250647683
PA-607,Tomato Processing,San Joaquin River,0.75,269.5892689,100.6092211,43.302,271.0184442703558,641.5310317469344,612.6853791334006,1174487.3497617466,1180713.667299989,2,Good,228.67949250647683
PA-607,Truck Crops,San Joaquin River,0.75,1611.140897,5162.294432,7.961375,1610.6647493857151,4298.093211733428,4081.9817875495846,66216218.23429706,66196649.06167043,2,Good,228.67949250647683
PA-607,Vineyard,San Joaquin River,0.75,5616.566506,1659.513824,10.98011384,5611.131935722959,17402.844346308655,16516.70497861256,102343113.04257321,102244086.20124464,2,Good,228.67949250647683
PA-607,Alfalfa,San Joaquin River,0.8,5184.306367,280.5479948,6.891,2289.8500539197453,21436.92723280383,8995.028025668893,10022592.593464773,4426866.887467831,2,Good,216.22788845745694
PA-607,Almonds & Pistachios,San Joaquin River,0.8,77065.98482,4787.88596,1.331875,75794.42347239116,289277.23059342714,270279.0434853115,491439428.52871126,483330852.6963563,2,Good,216.22788845745694
PA-607,Citrus & Subtropical,San Joaquin River,0.8,446.1121728,913.505926,3.87,443.51426201508866,1448.7340491139719,1368.2825377785905,1577126.0592973845,1567941.7486050818,2,Good,216.22788845745694
PA-607,Corn,San Joaquin River,0.8,22450.69011,64.15208484,26.962,22675.19723704361,54237.03418718407,52040.4343007933,38832251.74372544,39220574.65197024,2,Good,216.22788845745694
PA-607,Cucurbits,San Joaquin River,0.8,1482.551484,354.9045387,12.802,1483.8977150503647,3409.315608297955,3241.790833480003,6735954.735259716,6742071.319753626,2,Good,216.22788845745694
PA-607,Dry Beans,San Joaquin River,0.8,153.1339401,1752.304957,1.253333333,154.6652809340314,338.74779685110065,325.0285108853634,336316.1606876753,339679.32544180745,2,Good,216.22788845745694
PA-607,Grain,San Joaquin River,0.8,4516.605285,184.2122033,3.0875,4561.77138344744,2107.7047543420044,2022.3426864334344,2568842.6414201222,2594531.0937681035,2,Good,216.22788845745694
PA-607,Lettuce,San Joaquin River,0.8,4.25446108,898.0447685,10.48,4.237192210001627,14.150730545158881,13.388627965755788,40040.89948433541,39878.373355923184,2,Good,216.22788845745694
PA-607,Onions & Garlic,San Joaquin River,0.8,212.5921458,922.4792266,5.725375,214.71806933220142,314.811134393757,302.0612833938403,1122813.815856575,1134041.9649701174,2,Good,216.22788845745694
PA-607,Other Deciduous,San Joaquin River,0.8,12282.48074,3217.693175,2.229333333,12241.205075597018,42323.42896848065,40072.13936075434,88106049.90550244,87809966.74243842,2,Good,216.22788845745694
PA-607,Pasture,San Joaquin River,0.8,21808.86322,263.6327213,5.0,6831.351347453214,100324.85009443872,29854.21898445996,28747649.795740403,9004838.729427563,2,Good,216.22788845745694
PA-607,Potatoes,San Joaquin River,0.8,265.7172883,733.033091,17.108,264.45945408948484,878.2307207507915,830.3697337233369,3332288.8010085477,3316514.6416377323,2,Good,216.22788845745694
PA-607,Rice,San Joaquin River,0.8,391.2631554,579.2835722,4.702,370.55958485537053,1891.3346348633795,1701.6924605145527,1065719.2007893326,1009326.9942915058,2,Good,216.22788845745694
PA-607,Safflower,San Joaquin River,0.8,26.95222553,574.3765351,1.258,27.221747870951674,64.83775502928313,62.21182556916585,19474.75319874919,19669.50079262564,2,Good,216.22788845745694
PA-607,Tomato Processing,San Joaquin River,0.8,269.5892689,100.6092211,43.302,272.28516223446917,641.5310317469344,615.5490203105178,1174487.3497617466,1186232.2260714027,2,Good,216.22788845745694
PA-607,Truck Crops,San Joaquin River,0.8,1611.140897,5162.294432,7.961375,1611.0800461827575,4298.093211733428,4083.0342933344964,66216218.23429706,66213717.32888167,2,Good,216.22788845745694
PA-607,Vineyard,San Joaquin River,0.8,5616.566506,1659.513824,10.98011384,5612.669064510933,17402.844346308655,16521.229609829756,102343113.04257321,102272095.22511013,2,Good,216.22788845745694
PA-607,Alfalfa,San Joaquin River,0.85,5184.306367,280.5479948,6.891,3079.0167886345644,21436.92723280383,12095.046248918596,10022592.593464773,5952528.395573978,2,Good,197.22584377845513
PA-607,Almonds & Pistachios,San Joaquin River,0.85,77065.98482,4787.88596,1.331875,76177.68770054037,289277.23059342714,271645.74415062333,491439428.52871126,485774877.1735244,2,Good,197.22584377845513
PA-607,Citrus & Subtropical,San Joaquin River,0.85,446.1121728,913.505926,3.87,444.7581395197274,1448.7340491139719,1372.1200149840972,1577126.0592973845,1572339.1888605827,2,Good,197.22584377845513
PA-607,Corn,San Joaquin River,0.85,22450.69011,64.15208484,26.962,22675.197237686247,54237.03418718407,52040.43430227293,38832251.74372544,39220574.65308179,2,Good,197.22584377845513
PA-607,Cucurbits,San Joaquin River,0.85,1482.551484,354.9045387,12.802,1484.6718554640336,3409.315608297955,3243.482056047779,6735954.735259716,6745588.617359467,2,Good,197.22584377845513
PA-607,Dry Beans,San Joaquin River,0.85,153.1339401,1752.304957,1.253333333,154.66528097185312,338.74779685110065,325.02851096962956,336316.1606876753,339679.32552487234,2,Good,197.22584377845513
PA-607,Grain,San Joaquin River,0.85,4516.605285,184.2122033,3.0875,4561.771383447814,2107.7047543420044,2022.3426864383946,2568842.6414201222,2594531.0937683163,2,Good,197.22584377845513
PA-607,Lettuce,San Joaquin River,0.85,4.25446108,898.0447685,10.48,4.244626830153768,14.150730545158881,13.412119792054646,40040.89948433541,39948.344351689375,2,Good,197.22584377845513
PA-607,Onions & Garlic,San Joaquin River,0.85,212.5921458,922.4792266,5.725375,214.71806934506768,314.811134393757,302.0612834167661,1122813.815856575,1134041.9650380712,2,Good,197.22584377845513
PA-607,Other Deciduous,San Joaquin River,0.85,12282.48074,3217.693175,2.229333333,12256.9153016466,42323.42896848065,40123.56749743028,88106049.90550244,87922661.07428,2,Good,197.22584377845513
PA-607,Pasture,San Joaquin River,0.85,21808.86322,263.6327213,5.0,11972.117852953337,100324.85009443872,52320.281875544446,28747649.795740403,15781210.046492008,2,Good,197.22584377845513
PA-607,Potatoes,San Joaquin River,0.85,265.7172883,733.033091,17.108,265.0138557834171,878.2307207507915,832.1104859675796,3332288.8010085477,3323467.243659867,2,Good,197.22584377845513
PA-607,Rice,San Joaquin River,0.85,391.2631554,579.2835722,4.702,375.0228375600965,1891.3346348633795,1722.1887147985228,1065719.2007893326,1021483.9634304439,2,Good,197.22584377845513
PA-607,Safflower,San Joaquin River,0.85,26.95222553,574.3765351,1.258,27.221747958855968,64.83775502928313,62.211825774719664,19474.75319874919,19669.50085614227,2,Good,197.22584377845513
PA-607,Tomato Processing,San Joaquin River,0.85,269.5892689,100.6092211,43.302,272.2851641197359,641.5310317469344,615.5490245773085,1174487.3497617466,1186232.2342847188,2,Good,197.22584377845513
PA-607,Truck Crops,San Joaquin River,0.85,1611.140897,5162.294432,7.961375,1611.7131944083962,4298.093211733428,4084.6389100212577,66216218.23429706,66239739.06364219,2,Good,197.22584377845513
PA-607,Vineyard,San Joaquin River,0.85,5616.566506,1659.513824,10.98011384,5615.008614137183,17402.844346308655,16528.11621514028,102343113.04257321,102314725.68121035,2,Good,197.22584377845513
PA-607,Alfalfa,San Joaquin River,0.9,5184.306367,280.5479948,6.891,4118.455682926087,21436.92723280383,16178.187836766687,10022592.593464773,7962030.115919634,2,Good,169.70269608490494
PA-607,Almonds & Pistachios,San Joaquin River,0.9,77065.98482,4787.88596,1.331875,76724.50403990228,289277.23059342714,273595.66329235776,491439428.52871126,489261851.48461425,2,Good,169.70269608490494
PA-607,Citrus & Subtropical,San Joaquin River,0.9,446.1121728,913.505926,3.87,446.51378213079806,1448.7340491139719,1377.5363349020288,1577126.0592973845,1578545.8558863974,2,Good,169.70269608490494
PA-607,Corn,San Joaquin River,0.9,22450.69011,64.15208484,26.962,22675.197237774944,54237.03418718407,52040.43430248548,38832251.74372544,39220574.653235205,2,Good,169.70269608490494
PA-607,Cucurbits,San Joaquin River,0.9,1482.551484,354.9045387,12.802,1485.77900034989,3409.315608297955,3245.9007754240183,6735954.735259716,6750618.916756816,2,Good,169.70269608490494
PA-607,Dry Beans,San Joaquin River,0.9,153.1339401,1752.304957,1.253333333,154.6652809965165,338.74779685110065,325.0285110304922,336316.1606876753,339679.3255790386,2,Good,169.70269608490494
PA-607,Grain,San Joaquin River,0.9,4516.605285,184.2122033,3.0875,4561.771383448331,2107.7047543420044,2022.3426864476792,2568842.6414201222,2594531.0937686106,2,Good,169.70269608490494
PA-607,Lettuce,San Joaquin River,0.9,4.25446108,898.0447685,10.48,4.2553040418290875,14.150730545158881,13.445857523524829,40040.89948433541,40048.833027323104,2,Good,169.70269608490494
PA-607,Onions & Garlic,San Joaquin River,0.9,212.5921458,922.4792266,5.725375,214.718069357329,314.811134393757,302.06128344313834,1122813.815856575,1134041.9651028297,2,Good,169.70269608490494
PA-607,Other Deciduous,San Joaquin River,0.9,12282.48074,3217.693175,2.229333333,12279.399843496882,42323.42896848065,40197.1716637712,88106049.90550244,88083949.67780384,2,Good,169.70269608490494
PA-607,Pasture,San Joaquin River,0.9,21808.86322,263.6327213,5.0,16746.165829518697,100324.85009443872,73183.71964729372,28747649.795740403,22074186.34488543,2,Good,169.70269608490494
PA-607,Potatoes,San Joaquin River,0.9,265.7172883,733.033091,17.108,265.81189846590644,878.2307207507915,834.616240562048,3332288.8010085477,3333475.281565867,2,Good,169.70269608490494
PA-607,Rice,San Joaquin River,0.9,391.2631554,579.2835722,4.702,381.0670865837137,1891.3346348633795,1749.9452576498309,1065719.2007893326,1037947.2366774118,2,Good,169.70269608490494
PA-607,Safflower,San Joaquin River,0.9,26.95222553,574.3765351,1.258,27.221747998884663,64.83775502928313,62.21182587496479,19474.75319874919,19669.50088506563,2,Good,169.70269608490494
PA-607,Tomato Processing,San Joaquin River,0.9,269.5892689,100.6092211,43.302,272.28516422891727,641.5310317469344,615.5490248332222,1174487.3497617466,1186232.2347603762,2,Good,169.70269608490494
PA-607,Truck Crops,San Joaquin River,0.9,1611.140897,5162.294432,7.961375,1612.6289309328638,4298.093211733428,4086.9597032410734,66216218.23429706,66277374.88411088,2,Good,169.70269608490494
PA-607,Vineyard,San Joaquin River,0.9,5616.566506,1659.513824,10.98011384,5618.384052583466,17402.844346308655,16538.052021619344,102343113.04257321,102376231.74156006,2,Good,169.70269608490494
PA-607,Alfalfa,San Joaquin River,0.95,5184.306367,280.5479948,6.891,5163.000734629693,21436.92723280383,20281.3875267635,10022592.593464773,9981403.346904622,2,Good,16.406186150399428
PA-607,Almonds & Pistachios,San Joaquin River,0.95,77065.98482,4787.88596,1.331875,77084.18530579442,289277.23059342714,275262.465204991,491439428.52871126,491555490.58071315,2,Good,16.406186150399428
PA-607,Citrus & Subtropical,San Joaquin River,0.95,446.1121728,913.505926,3.87,446.34651361604494,1448.7340491139719,1377.5952270846744,1577126.0592973845,1577954.5168698865,2,Good,16.406186150399428
PA-607,Corn,San Joaquin River,0.95,22450.69011,64.15208484,26.962,22605.696036293306,54237.03418718407,51880.92644322581,38832251.74372544,39100360.61352405,2,Good,16.406186150399428
PA-607,Cucurbits,San Joaquin River,0.95,1482.551484,354.9045387,12.802,1483.0569992514404,3409.315608297955,3245.258051102124,6735954.735259716,6738251.537690145,2,Good,16.406186150399428
PA-607,Dry Beans,San Joaquin River,0.95,153.1339401,1752.304957,1.253333333,154.66528056409226,338.74779685110065,325.0778884498331,336316.1606876753,339679.3246293389,2,Good,16.406186150399428
PA-607,Grain,San Joaquin River,0.95,4516.605285,184.2122033,3.0875,4561.77138330501,2107.7047543420044,2023.7843324111805,2568842.6414201222,2594531.093687096,2,Good,16.406186150399428
PA-607,Lettuce,San Joaquin River,0.95,4.25446108,898.0447685,10.48,4.255701211392722,14.150730545158881,13.475016754001922,40040.89948433541,40052.57099231483,2,Good,16.406186150399428
PA-607,Onions & Garlic,San Joaquin River,0.95,212.5921458,922.4792266,5.725375,213.3303511040944,314.811134393757,300.79351140973586,1122813.815856575,1126712.676330732,2,Good,16.406186150399428
PA-607,Other Deciduous,San Joaquin River,0.95,12282.48074,3217.693175,2.229333333,12284.518682974454,42323.42896848065,40282.74704926173,88106049.90550244,88120668.70354597,2,Good,16.406186150399428
PA-607,Pasture,San Joaquin River,0.95,21808.86322,263.6327213,5.0,21604.73373826804,100324.85009443872,94416.52454112086,28747649.795740403,28478573.74190763,2,Good,16.406186150399428
PA-607,Potatoes,San Joaquin River,0.95,265.7172883,733.033091,17.108,265.8137389909088,878.2307207507915,836.5649687540426,3332288.8010085477,3333498.3630932025,2,Good,16.406186150399428
PA-607,Rice,San Joaquin River,0.95,391.2631554,579.2835722,4.702,390.7037705528842,1891.3346348633795,1794.1990762649336,1065719.2007893326,1064195.55317781,2,Good,16.406186150399428
PA-607,Safflower,San Joaquin River,0.95,26.95222553,574.3765351,1.258,27.22174768278008,64.83775502928313,62.211828784013484,19474.75319874919,19669.500656659307,2,Good,16.406186150399428
PA-607,Tomato Processing,San Joaquin River,0.95,269.5892689,100.6092211,43.302,270.9512375787965,641.5310317469344,613.4651335779765,1174487.3497617466,1180420.875938605,2,Good,16.406186150399428
PA-607,Truck Crops,San Joaquin River,0.95,1611.140897,5162.294432,7.961375,1611.4125882349153,4298.093211733428,4095.6379376019086,66216218.23429706,66227384.46199136,2,Good,16.406186150399428
PA-607,Vineyard,San Joaquin River,0.95,5616.566506,1659.513824,10.98011384,5617.140376838819,17402.844346308655,16577.202869684024,102343113.04257321,102353569.91654886,2,Good,16.406186150399428
PA-607,Alfalfa,San Joaquin River,1.0,5184.306367,280.5479948,6.891,5184.301223544161,21436.92723280383,21436.891882392167,10022592.593464773,10022582.649846716,2,Good,0.00017255957880640756
PA-607,Almonds & Pistachios,San Joaquin River,1.0,77065.98482,4787.88596,1.331875,77065.98173794679,289277.23059342714,289277.04415892944,491439428.52871126,491439408.8748721,2,Good,0.00017255957880640756
PA-607,Citrus & Subtropical,San Joaquin River,1.0,446.1121728,913.505926,3.87,446.11216297315065,1448.7340491139719,1448.7331270587092,1577126.0592973845,1577126.0245568391,2,Good,0.00017255957880640756
PA-607,Corn,San Joaquin River,1.0,22450.69011,64.15208484,26.962,22450.687998409536,54237.03418718407,54236.994876633864,38832251.74372544,38832248.091373906,2,Good,0.00017255957880640756
PA-607,Cucurbits,San Joaquin River,1.0,1482.551484,354.9045387,12.802,1482.5514780044841,3409.315608297955,3409.313543057052,6735954.735259716,6735954.7080191625,2,Good,0.00017255957880640756
PA-607,Dry Beans,San Joaquin River,1.0,153.1339401,1752.304957,1.253333333,153.1338892109218,338.74779685110065,338.74747575043784,336316.1606876753,336316.04892395146,2,Good,0.00017255957880640756
PA-607,Grain,San Joaquin River,1.0,4516.605285,184.2122033,3.0875,4516.630666663204,2107.7047543420044,2107.7153101186477,2568842.6414201222,2568857.0773724876,2,Good,0.00017255957880640756
PA-607,Lettuce,San Joaquin River,1.0,4.25446108,898.0447685,10.48,4.254460991741445,14.150730545158881,14.150722530107974,40040.89948433541,40040.89865368922,2,Good,0.00017255957880640756
PA-607,Onions & Garlic,San Joaquin River,1.0,212.5921458,922.4792266,5.725375,212.59214249571994,314.811134393757,314.8109429014617,1122813.815856575,1122813.7984048894,2,Good,0.00017255957880640756
PA-607,Other Deciduous,San Joaquin River,1.0,12282.48074,3217.693175,2.229333333,12282.480613545711,42323.42896848065,42323.40309111616,88106049.90550244,88106048.99840653,2,Good,0.00017255957880640756
PA-607,Pasture,San Joaquin River,1.0,21808.86322,263.6327213,5.0,21808.84867680187,100324.85009443872,100324.71189125859,28747649.795740403,28747630.625425905,2,Good,0.00017255957880640756
PA-607,Potatoes,San Joaquin River,1.0,265.7172883,733.033091,17.108,265.7172837819438,878.2307207507915,878.2301844038784,3332288.8010085477,3332288.7443488245,2,Good,0.00017255957880640756
PA-607,Rice,San Joaquin River,1.0,391.2631554,579.2835722,4.702,391.2631249698496,1891.3346348633795,1891.3332708491441,1065719.2007893326,1065719.117903952,2,Good,0.00017255957880640756
PA-607,Safflower,San Joaquin River,1.0,26.95222553,574.3765351,1.258,26.952097307012824,64.83775502928313,64.83740179191594,19474.75319874919,19474.660549219123,2,Good,0.00017255957880640756
PA-607,Tomato Processing,San Joaquin River,1.0,269.5892689,100.6092211,43.302,269.58925102341476,641.5310317469344,641.5306029878601,1174487.3497617466,1174487.2718809643,2,Good,0.00017255957880640756
PA-607,Truck Crops,San Joaquin River,1.0,1611.140897,5162.294432,7.961375,1611.140892033941,4298.093211733428,4298.090669290921,66216218.23429706,66216218.030197196,2,Good,0.00017255957880640756
PA-607,Vineyard,San Joaquin River,1.0,5616.566506,1659.513824,10.98011384,5616.566487188114,17402.844346308655,17402.83399089257,102343113.04257321,102343112.69978958,2,Good,0.00017255957880640756
PA-608,Alfalfa,San Joaquin River,0.5,9325.289857,280.7140207,6.91,3.691688372222661e-19,38559.75051200377,1.4562285787404768e-09,18088580.70476416,7.160893021214004e-16,4,Good,743.5341927940514
PA-608,Almonds & Pistachios,San Joaquin River,0.5,86010.27736,4806.11968,1.097,66334.88853157661,322850.7998098835,236546.82495847152,453473128.3122633,349738314.3267116,4,Good,743.5341927940514
PA-608,Citrus & Subtropical,San Joaquin River,0.5,243.3127013,882.8087925,5.980333333,229.69338216101264,790.1496898028768,708.625338047453,1284567.1798257842,1212664.1090693364,4,Good,743.5341927940514
PA-608,Corn,San Joaquin River,0.5,51102.0453,65.84758713,26.516,6.323856386184436e-19,123453.81653709571,1.4562285868613785e-09,89224918.22302996,1.1041545707202682e-15,4,Good,743.5341927940514
PA-608,Cucurbits,San Joaquin River,0.5,496.5994065,507.1807426,13.594,492.8150583104335,1141.9934659429007,1076.6263216266425,3423861.7244475135,3397770.1005981024,4,Good,743.5341927940514
PA-608,Dry Beans,San Joaquin River,0.5,318.3596086,1536.518314,1.291666667,2.0448607830909994e-19,704.2437225164085,1.4562285801380876e-09,631838.6018549273,4.058372806330271e-16,4,Good,743.5341927940514
PA-608,Grain,San Joaquin River,0.5,4921.676054,195.9686874,4.088,4970.892864246675,2296.733799784985,2203.7160532334383,3942853.09129928,3982281.6620332845,4,Good,743.5341927940514
PA-608,Onions & Garlic,San Joaquin River,0.5,13.33504136,2038.966268,6.505,13.214902506734875,19.746823110194452,18.59047273295682,176868.99534783862,175275.53660214753,4,Good,743.5341927940514
PA-608,Other Deciduous,San Joaquin River,0.5,6690.36543,3082.465282,2.8919,6487.274874038123,23053.9100401458,21236.38818387775,59639130.73420607,57828744.68808946,4,Good,743.5341927940514
PA-608,Pasture,San Joaquin River,0.5,9716.179815,231.3223247,5.0,3.317301867464644e-19,44696.244531285854,1.456228577092902e-09,11237846.51004508,3.8368298985678635e-16,4,Good,743.5341927940514
PA-608,Potatoes,San Joaquin River,0.5,3811.784755,949.0738881,15.985,3630.4012303807417,12598.451889027987,11399.00750833998,57828381.06778007,55076621.39212138,4,Good,743.5341927940514
PA-608,Truck Crops,San Joaquin River,0.5,493.3746368,4406.761774,10.94045833,489.5131847625212,1316.1916386208684,1240.5957886190645,23786574.8114196,23600406.5106615,4,Good,743.5341927940514
PA-608,Vineyard,San Joaquin River,0.5,8319.692409,1564.999586,10.97812427,8221.289397208287,25778.438098849543,24199.860754068293,142938638.03375652,141247999.51102567,4,Good,743.5341927940514
PA-608,Alfalfa,San Joaquin River,0.55,9325.289857,280.7140207,6.91,6.7145309357529435e-19,38559.75051200377,2.376296898799574e-09,18088580.70476416,1.3024403164780118e-15,2,Good,684.5419406832054
PA-608,Almonds & Pistachios,San Joaquin River,0.55,86010.27736,4806.11968,1.097,69189.77393666154,322850.7998098835,246727.20052165195,453473128.3122633,364790164.58639884,2,Good,684.5419406832054
PA-608,Citrus & Subtropical,San Joaquin River,0.55,243.3127013,882.8087925,5.980333333,231.67059481666237,790.1496898028768,714.7252220473696,1284567.1798257842,1223102.7851902852,2,Good,684.5419406832054
PA-608,Corn,San Joaquin River,0.55,51102.0453,65.84758713,26.516,8487.73224310767,123453.81653709571,19479.66615428135,89224918.22302996,14819704.589989405,2,Good,684.5419406832054
PA-608,Cucurbits,San Joaquin River,0.55,496.5994065,507.1807426,13.594,493.4283643671152,1141.9934659429007,1077.9661582451456,3423861.7244475135,3401998.6097452315,2,Good,684.5419406832054
PA-608,Dry Beans,San Joaquin River,0.55,318.3596086,1536.518314,1.291666667,5.1021693259622e-08,704.2437225164085,1.1783401457800998e-07,631838.6018549273,0.00010126119791136886,2,Good,684.5419406832054
PA-608,Grain,San Joaquin River,0.55,4921.676054,195.9686874,4.088,4970.892864238756,2296.733799784985,2203.7160532310336,3942853.09129928,3982281.6620269404,2,Good,684.5419406832054
PA-608,Onions & Garlic,San Joaquin River,0.55,13.33504136,2038.966268,6.505,13.252143514818242,19.746823110194452,18.642862673717715,176868.99534783862,175769.48180318784,2,Good,684.5419406832054
PA-608,Other Deciduous,San Joaquin River,0.55,6690.36543,3082.465282,2.8919,6513.51083958078,23053.9100401458,21322.27280561303,59639130.73420607,58062616.84280323,2,Good,684.5419406832054
PA-608,Pasture,San Joaquin River,0.55,9716.179815,231.3223247,5.0,6.147690418158124e-19,44696.244531285854,2.3762968968261117e-09,11237846.51004508,7.110490195321262e-16,2,Good,684.5419406832054
PA-608,Potatoes,San Joaquin River,0.55,3811.784755,949.0738881,15.985,3653.084961349387,12598.451889027987,11470.23159714555,57828381.06778007,55420755.0520226,2,Good,684.5419406832054
PA-608,Truck Crops,San Joaquin River,0.55,493.3746368,4406.761774,10.94045833,490.0392970184795,1316.1916386208684,1241.92913911898,23786574.8114196,23625771.431356907,2,Good,684.5419406832054
PA-608,Vineyard,San Joaquin River,0.55,8319.692409,1564.999586,10.97812427,8233.875393571645,25778.438098849543,24236.908392794747,142938638.03375652,141464236.4931201,2,Good,684.5419406832054
PA-608,Alfalfa,San Joaquin River,0.6,9325.289857,280.7140207,6.91,9.29409161286401e-19,38559.75051200377,2.8075373741298023e-09,18088580.70476416,1.802806441352232e-15,3,Good,659.8092970736083
PA-608,Almonds & Pistachios,San Joaquin River,0.6,86010.27736,4806.11968,1.097,70319.6333349273,322850.7998098835,250756.2214378862,453473128.3122633,370747137.3065318,3,Good,659.8092970736083
PA-608,Citrus & Subtropical,San Joaquin River,0.6,243.3127013,882.8087925,5.980333333,232.4641410036539,790.1496898028768,717.173385463455,1284567.1798257842,1227292.3050223321,3,Good,659.8092970736083
PA-608,Corn,San Joaquin River,0.6,51102.0453,65.84758713,26.516,19707.682735435752,123453.81653709571,45229.87641043624,89224918.22302996,34409902.18907489,3,Good,659.8092970736083
PA-608,Cucurbits,San Joaquin River,0.6,496.5994065,507.1807426,13.594,493.68105762156324,1141.9934659429007,1078.5182233429352,3423861.7244475135,3403740.832451514,3,Good,659.8092970736083
PA-608,Dry Beans,San Joaquin River,0.6,318.3596086,1536.518314,1.291666667,1.7384176565363533e-18,704.2437225164085,2.807537386009491e-09,631838.6018549273,3.450184482812084e-15,3,Good,659.8092970736083
PA-608,Grain,San Joaquin River,0.6,4921.676054,195.9686874,4.088,4970.892864230151,2296.733799784985,2203.716053227742,3942853.09129928,3982281.6620200463,3,Good,659.8092970736083
PA-608,Onions & Garlic,San Joaquin River,0.6,13.33504136,2038.966268,6.505,13.267681936219544,19.746823110194452,18.664721829013512,176868.99534783862,175975.57527589228,3,Good,659.8092970736083
PA-608,Other Deciduous,San Joaquin River,0.6,6690.36543,3082.465282,2.8919,6524.27928428873,23053.9100401458,21357.523797192425,59639130.73420607,58158608.711776756,3,Good,659.8092970736083
PA-608,Pasture,San Joaquin River,0.6,9716.179815,231.3223247,5.0,8.351019881247933e-19,44696.244531285854,2.807537371440163e-09,11237846.51004508,9.658886662730947e-16,3,Good,659.8092970736083
PA-608,Potatoes,San Joaquin River,0.6,3811.784755,949.0738881,15.985,3662.4981975787537,12598.451889027987,11499.787985998708,57828381.06778007,55563562.751496926,3,Good,659.8092970736083
PA-608,Truck Crops,San Joaquin River,0.6,493.3746368,4406.761774,10.94045833,490.2593688183747,1316.1916386208684,1242.4868772083646,23786574.8114196,23636381.531555902,3,Good,659.8092970736083
PA-608,Vineyard,San Joaquin River,0.6,8319.692409,1564.999586,10.97812427,8239.108902688042,25778.438098849543,24252.313542249674,142938638.03375652,141554152.1568802,3,Good,659.8092970736083
PA-608,Alfalfa,San Joaquin River,0.65,9325.289857,280.7140207,6.91,3.648059403586854e-22,38559.75051200377,3.648059403587946e-09,18088580.70476416,7.076264432469171e-19,2,Good,616.0950881891179
PA-608,Almonds & Pistachios,San Joaquin River,0.65,86010.27736,4806.11968,1.097,72230.29484763167,322850.7998098835,257569.5428192843,453473128.3122633,380820743.3906674,2,Good,616.0950881891179
PA-608,Citrus & Subtropical,San Joaquin River,0.65,243.3127013,882.8087925,5.980333333,233.8198973428965,790.1496898028768,721.3560192223774,1284567.1798257842,1234450.0082080958,2,Good,616.0950881891179
PA-608,Corn,San Joaquin River,0.65,51102.0453,65.84758713,26.516,29687.218155491333,123453.81653709571,68133.28721198399,89224918.22302996,51834316.93668364,2,Good,616.0950881891179
PA-608,Cucurbits,San Joaquin River,0.65,496.5994065,507.1807426,13.594,494.1215259488438,1141.9934659429007,1079.4804906022266,3423861.7244475135,3406777.6919943723,2,Good,616.0950881891179
PA-608,Dry Beans,San Joaquin River,0.65,318.3596086,1536.518314,1.291666667,3.2827448751764644e-07,704.2437225164085,7.04539097021257e-07,631838.6018549273,0.0006515163595341613,2,Good,616.0950881891179
PA-608,Grain,San Joaquin River,0.65,4921.676054,195.9686874,4.088,4970.892864285124,2296.733799784985,2203.716053244103,3942853.09129928,3982281.6620640866,2,Good,616.0950881891179
PA-608,Onions & Garlic,San Joaquin River,0.65,13.33504136,2038.966268,6.505,13.29504053506793,19.746823110194452,18.703209384715933,176868.99534783862,176338.44538343864,2,Good,616.0950881891179
PA-608,Other Deciduous,San Joaquin River,0.65,6690.36543,3082.465282,2.8919,6542.993555452331,23053.9100401458,21418.785811633257,59639130.73420607,58325431.11874375,2,Good,616.0950881891179
PA-608,Pasture,San Joaquin River,0.65,9716.179815,231.3223247,5.0,3.6480594035861703e-22,44696.244531285854,3.648059403587458e-09,11237846.51004508,4.219387909406242e-19,2,Good,616.0950881891179
PA-608,Potatoes,San Joaquin River,0.65,3811.784755,949.0738881,15.985,3678.999692203413,12598.451889027987,11551.600622905382,57828381.06778007,55813906.03703817,2,Good,616.0950881891179
PA-608,Truck Crops,San Joaquin River,0.65,493.3746368,4406.761774,10.94045833,490.6476439286166,1316.1916386208684,1243.4709006874014,23786574.8114196,23655101.048669886,2,Good,616.0950881891179
PA-608,Vineyard,San Joaquin River,0.65,8319.692409,1564.999586,10.97812427,8248.298210625468,25778.438098849543,24279.362823910495,142938638.03375652,141712031.45054585,2,Good,616.0950881891179
PA-608,Alfalfa,San Joaquin River,0.7,9325.289857,280.7140207,6.91,1.7938730522025632e-18,38559.75051200377,5.197885407320457e-09,18088580.70476416,3.479636341224313e-15,3,Good,548.1693415010811
PA-608,Almonds & Pistachios,San Joaquin River,0.7,86010.27736,4806.11968,1.097,75003.0465402356,322850.7998098835,267457.03375822044,453473128.3122633,395439558.98656946,3,Good,548.1693415010811
PA-608,Citrus & Subtropical,San Joaquin River,0.7,243.3127013,882.8087925,5.980333333,235.81732843650045,790.1496898028768,727.5182789750681,1284567.1798257842,1244995.4273871938,3,Good,548.1693415010811
PA-608,Corn,San Joaquin River,0.7,51102.0453,65.84758713,26.516,38208.02104815755,123453.81653709571,87688.85175855029,89224918.22302996,66711763.36430637,3,Good,548.1693415010811
PA-608,Cucurbits,San Joaquin River,0.7,496.5994065,507.1807426,13.594,494.7907192640899,1141.9934659429007,1080.942440934812,3423861.7244475135,3411391.522273542,3,Good,548.1693415010811
PA-608,Dry Beans,San Joaquin River,0.7,318.3596086,1536.518314,1.291666667,93.79957877007378,704.2437225164085,197.11946484424732,631838.6018549273,186161.16210624255,3,Good,548.1693415010811
PA-608,Grain,San Joaquin River,0.7,4921.676054,195.9686874,4.088,4970.8928642318915,2296.733799784985,2203.7160532018106,3942853.09129928,3982281.662021441,3,Good,548.1693415010811
PA-608,Onions & Garlic,San Joaquin River,0.7,13.33504136,2038.966268,6.505,13.337275355561687,19.746823110194452,18.76262452655426,176868.99534783862,176898.625893402,3,Good,548.1693415010811
PA-608,Other Deciduous,San Joaquin River,0.7,6690.36543,3082.465282,2.8919,6571.292713497738,23053.9100401458,21511.42438749298,59639130.73420607,58577694.94558497,3,Good,548.1693415010811
PA-608,Pasture,San Joaquin River,0.7,9716.179815,231.3223247,5.0,1.6133558095256415e-18,44696.244531285854,5.197885458898741e-09,11237846.51004508,1.866026082138609e-15,3,Good,548.1693415010811
PA-608,Potatoes,San Joaquin River,0.7,3811.784755,949.0738881,15.985,3704.29628389653,12598.451889027987,11631.028768916492,57828381.06778007,56197679.266160496,3,Good,548.1693415010811
PA-608,Truck Crops,San Joaquin River,0.7,493.3746368,4406.761774,10.94045833,491.24905057114626,1316.1916386208684,1244.995073216614,23786574.8114196,23684096.06184567,3,Good,548.1693415010811
PA-608,Vineyard,San Joaquin River,0.7,8319.692409,1564.999586,10.97812427,8262.421943167337,25778.438098849543,24320.93688174295,142938638.03375652,141954687.90877068,3,Good,548.1693415010811
PA-608,Alfalfa,San Joaquin River,0.75,9325.289857,280.7140207,6.91,3.47932956201359e-18,38559.75051200377,8.095639670423609e-09,18088580.70476416,6.7489734416900444e-15,5,Good,452.3811965005693
PA-608,Almonds & Pistachios,San Joaquin River,0.75,86010.27736,4806.11968,1.097,78568.63004838309,322850.7998098835,280171.7224640081,453473128.3122633,414238432.29947203,5,Good,452.3811965005693
PA-608,Citrus & Subtropical,San Joaquin River,0.75,243.3127013,882.8087925,5.980333333,238.43571578949184,790.1496898028768,735.596246248343,1284567.1798257842,1258819.1794550174,5,Good,452.3811965005693
PA-608,Corn,San Joaquin River,0.75,51102.0453,65.84758713,26.516,45426.132005710955,123453.81653709571,104254.68909786611,89224918.22302996,79314690.62742433,5,Good,452.3811965005693
PA-608,Cucurbits,San Joaquin River,0.75,496.5994065,507.1807426,13.594,495.70482349536115,1141.9934659429007,1082.9394348605226,3423861.7244475135,3417693.919031652,5,Good,452.3811965005693
PA-608,Dry Beans,San Joaquin River,0.75,318.3596086,1536.518314,1.291666667,225.55190003784423,704.2437225164085,473.9964764354196,631838.6018549273,447645.974287813,5,Good,452.3811965005693
PA-608,Grain,San Joaquin River,0.75,4921.676054,195.9686874,4.088,4970.8928642331475,2296.733799784985,2203.7160532358075,3942853.09129928,3982281.662022447,5,Good,452.3811965005693
PA-608,Onions & Garlic,San Joaquin River,0.75,13.33504136,2038.966268,6.505,13.39628909083601,19.746823110194452,18.845643927192988,176868.99534783862,177681.35312970454,5,Good,452.3811965005693
PA-608,Other Deciduous,San Joaquin River,0.75,6690.36543,3082.465282,2.8919,6609.699244340061,23053.9100401458,21637.14990608503,59639130.73420607,58920057.726500005,5,Good,452.3811965005693
PA-608,Pasture,San Joaquin River,0.75,9716.179815,231.3223247,5.0,3.1245447588355814e-18,44696.244531285854,8.095639663436725e-09,11237846.51004508,3.613884786215237e-15,5,Good,452.3811965005693
PA-608,Potatoes,San Joaquin River,0.75,3811.784755,949.0738881,15.985,3739.289402159984,12598.451889027987,11740.902800056781,57828381.06778007,56728557.97725102,5,Good,452.3811965005693
PA-608,Truck Crops,San Joaquin River,0.75,493.3746368,4406.761774,10.94045833,492.0934379328627,1316.1916386208684,1247.1350429648314,23786574.8114196,23724805.65988978,5,Good,452.3811965005693
PA-608,Vineyard,San Joaquin River,0.75,8319.692409,1564.999586,10.97812427,8282.031859726449,25778.438098849543,24378.659852828398,142938638.03375652,142291601.17756924,5,Good,452.3811965005693
PA-608,Alfalfa,San Joaquin River,0.8,9325.289857,280.7140207,6.91,6.80522066401818e-08,38559.75051200377,2.968434256886743e-07,18088580.70476416,0.00013200317103539614,2,Good,325.2065678320678
PA-608,Almonds & Pistachios,San Joaquin River,0.8,86010.27736,4806.11968,1.097,82794.93512037423,322850.7998098835,295242.51052470796,453473128.3122633,436520836.69373,2,Good,325.2065678320678
PA-608,Citrus & Subtropical,San Joaquin River,0.8,243.3127013,882.8087925,5.980333333,241.60757634586687,790.1496898028768,745.3817295730795,1284567.1798257842,1275564.988234969,2,Good,325.2065678320678
PA-608,Corn,San Joaquin River,0.8,51102.0453,65.84758713,26.516,51613.06625807009,123453.81653709571,118453.93694198829,89224918.22302996,90117168.28712001,2,Good,325.2065678320678
PA-608,Cucurbits,San Joaquin River,0.8,496.5994065,507.1807426,13.594,496.86867275296197,1141.9934659429007,1085.4820332009094,3423861.7244475135,3425718.2115981923,2,Good,325.2065678320678
PA-608,Dry Beans,San Joaquin River,0.8,318.3596086,1536.518314,1.291666667,321.5432077957399,704.2437225164085,675.7218515618152,631838.6018549273,638156.9940452824,2,Good,325.2065678320678
PA-608,Grain,San Joaquin River,0.8,4921.676054,195.9686874,4.088,4970.892864234554,2296.733799784985,2203.7160532450434,3942853.09129928,3982281.6620235736,2,Good,325.2065678320678
PA-608,Onions & Garlic,San Joaquin River,0.8,13.33504136,2038.966268,6.505,13.468391168074525,19.746823110194452,18.947075762461317,176868.99534783862,178637.67726994466,2,Good,325.2065678320678
PA-608,Other Deciduous,San Joaquin River,0.8,6690.36543,3082.465282,2.8919,6658.202870425756,23053.9100401458,21795.928723375324,59639130.73420607,59352427.84551274,2,Good,325.2065678320678
PA-608,Pasture,San Joaquin River,0.8,9716.179815,231.3223247,5.0,1.1324733184995287e-20,44696.244531285854,1.4229077714375705e-08,11237846.51004508,1.3098318034801725e-17,2,Good,325.2065678320678
PA-608,Potatoes,San Joaquin River,0.8,3811.784755,949.0738881,15.985,3784.5699464824716,12598.451889027987,11883.078067193961,57828381.06778007,57415506.67460403,2,Good,325.2065678320678
PA-608,Truck Crops,San Joaquin River,0.8,493.3746368,4406.761774,10.94045833,493.20777785958455,1316.1916386208684,1249.9591659250093,23786574.8114196,23778530.209259078,2,Good,325.2065678320678
PA-608,Vineyard,San Joaquin River,0.8,8319.692409,1564.999586,10.97812427,8307.529733091287,25778.438098849543,24453.71437958355,142938638.03375652,142729674.01877004,2,Good,325.2065678320678
PA-608,Alfalfa,San Joaquin River,0.85,9325.289857,280.7140207,6.91,5391.320415316594,38559.75051200377,21178.27678144589,18088580.70476416,10457726.883898709,2,Good,246.75119774110578
PA-608,Almonds & Pistachios,San Joaquin River,0.85,86010.27736,4806.11968,1.097,85164.87284467509,322850.7998098835,303693.5874232317,453473128.3122633,449015890.85156906,2,Good,246.75119774110578
PA-608,Citrus & Subtropical,San Joaquin River,0.85,243.3127013,882.8087925,5.980333333,243.41668332999467,790.1496898028768,750.9629920300977,1284567.1798257842,1285116.1520015446,2,Good,246.75119774110578
PA-608,Corn,San Joaquin River,0.85,51102.0453,65.84758713,26.516,51613.06627967021,123453.81653709571,118453.93699157139,89224918.22302996,90117168.32483414,2,Good,246.75119774110578
PA-608,Cucurbits,San Joaquin River,0.85,496.5994065,507.1807426,13.594,497.56037182090506,1141.9934659429007,1086.9931506385751,3423861.7244475135,3430487.210377828,2,Good,246.75119774110578
PA-608,Dry Beans,San Joaquin River,0.85,318.3596086,1536.518314,1.291666667,321.5432078651969,704.2437225164085,675.721851717801,631838.6018549273,638156.9941831316,2,Good,246.75119774110578
PA-608,Grain,San Joaquin River,0.85,4921.676054,195.9686874,4.088,4970.892864235304,2296.733799784985,2203.716053255444,3942853.09129928,3982281.662024175,2,Good,246.75119774110578
PA-608,Onions & Garlic,San Joaquin River,0.85,13.33504136,2038.966268,6.505,13.468391834162876,19.746823110194452,18.947076709610894,176868.99534783862,178637.68610459124,2,Good,246.75119774110578
PA-608,Other Deciduous,San Joaquin River,0.85,6690.36543,3082.465282,2.8919,6686.829887789205,23053.9100401458,21889.64056157333,59639130.73420607,59607614.26977195,2,Good,246.75119774110578
PA-608,Pasture,San Joaquin River,0.85,9716.179815,231.3223247,5.0,2.561191319815792e-08,44696.244531285854,1.519290992133905e-07,11237846.51004508,2.9623036505062507e-05,2,Good,246.75119774110578
PA-608,Potatoes,San Joaquin River,0.85,3811.784755,949.0738881,15.985,3811.8634773064136,12598.451889027987,11968.77635316411,57828381.06778007,57829575.35964764,2,Good,246.75119774110578
PA-608,Truck Crops,San Joaquin River,0.85,493.3746368,4406.761774,10.94045833,493.89144135345134,1316.1916386208684,1251.6918057857265,23786574.8114196,23811490.989221692,2,Good,246.75119774110578
PA-608,Vineyard,San Joaquin River,0.85,8319.692409,1564.999586,10.97812427,8322.965005157577,25778.438098849543,24499.149033047408,142938638.03375652,142994863.7227126,2,Good,246.75119774110578
PA-608,Alfalfa,San Joaquin River,0.9,9325.289857,280.7140207,6.91,8890.05516530137,38559.75051200377,34922.06628309626,18088580.70476416,17244341.226203166,2,Good,203.40610885917428
PA-608,Almonds & Pistachios,San Joaquin River,0.9,86010.27736,4806.11968,1.097,86407.4277023095,322850.7998098835,308124.47459163173,453473128.3122633,455567029.33973676,2,Good,203.40610885917428
PA-608,Citrus & Subtropical,San Joaquin River,0.9,243.3127013,882.8087925,5.980333333,244.37351531392062,790.1496898028768,753.9149072476126,1284567.1798257842,1290167.737704189,2,Good,203.40610885917428
PA-608,Corn,San Joaquin River,0.9,51102.0453,65.84758713,26.516,51613.066269098235,123453.81653709571,118453.93696731741,89224918.22302996,90117168.30637532,2,Good,203.40610885917428
PA-608,Cucurbits,San Joaquin River,0.9,496.5994065,507.1807426,13.594,497.9344169667368,1141.9934659429007,1087.8103067851425,3423861.7244475135,3433066.107656532,2,Good,203.40610885917428
PA-608,Dry Beans,San Joaquin River,0.9,318.3596086,1536.518314,1.291666667,321.54320787484863,704.2437225164085,675.7218517472261,631838.6018549273,638156.994202287,2,Good,203.40610885917428
PA-608,Grain,San Joaquin River,0.9,4921.676054,195.9686874,4.088,4970.892864235684,2296.733799784985,2203.716053264808,3942853.09129928,3982281.6620244794,2,Good,203.40610885917428
PA-608,Onions & Garlic,San Joaquin River,0.9,13.33504136,2038.966268,6.505,13.468391858744123,19.746823110194452,18.947076753435297,176868.99534783862,178637.686430624,2,Good,203.40610885917428
PA-608,Other Deciduous,San Joaquin River,0.9,6690.36543,3082.465282,2.8919,6702.250795073605,23053.9100401458,21940.12160016926,59639130.73420607,59745079.03387145,2,Good,203.40610885917428
PA-608,Pasture,San Joaquin River,0.9,9716.179815,231.3223247,5.0,2645.56833233433,44696.244531285854,11561.603600071663,11237846.51004508,3059895.083941397,2,Good,203.40610885917428
PA-608,Potatoes,San Joaquin River,0.9,3811.784755,949.0738881,15.985,3826.7406848327273,12598.451889027987,12015.48893107692,57828381.06778007,58055276.67316688,2,Good,203.40610885917428
PA-608,Truck Crops,San Joaquin River,0.9,493.3746368,4406.761774,10.94045833,494.2679248117053,1316.1916386208684,1252.645945146742,23786574.8114196,23829642.007285982,2,Good,203.40610885917428
PA-608,Vineyard,San Joaquin River,0.9,8319.692409,1564.999586,10.97812427,8331.399164020522,25778.438098849543,24523.97548791057,142938638.03375652,143139768.9814125,2,Good,203.40610885917428
PA-608,Alfalfa,San Joaquin River,0.95,9325.289857,280.7140207,6.91,9247.93502010487,38559.75051200377,36327.896044056906,18088580.70476416,17938532.906621873,2,Good,15.906103005318247
PA-608,Almonds & Pistachios,San Joaquin River,0.95,86010.27736,4806.11968,1.097,86022.43013147883,322850.7998098835,307482.7333550557,453473128.3122633,453537201.5308289,2,Good,15.906103005318247
PA-608,Citrus & Subtropical,San Joaquin River,0.95,243.3127013,882.8087925,5.980333333,243.38087565463962,790.1496898028768,752.8498009692674,1284567.1798257842,1284927.1057072033,2,Good,15.906103005318247
PA-608,Corn,San Joaquin River,0.95,51102.0453,65.84758713,26.516,51500.17290203952,123453.81653709571,118239.48078389224,89224918.22302996,89920054.8369515,2,Good,15.906103005318247
PA-608,Cucurbits,San Joaquin River,0.95,496.5994065,507.1807426,13.594,496.6987005236464,1141.9934659429007,1088.850947260709,3423861.7244475135,3424546.3185138362,2,Good,15.906103005318247
PA-608,Dry Beans,San Joaquin River,0.95,318.3596086,1536.518314,1.291666667,321.54320742039664,704.2437225164085,676.5327997635436,631838.6018549273,638156.99330035,2,Good,15.906103005318247
PA-608,Grain,San Joaquin River,0.95,4921.676054,195.9686874,4.088,4970.8928640757185,2296.733799784985,2209.781619202396,3942853.09129928,3982281.6618963275,2,Good,15.906103005318247
PA-608,Onions & Garlic,San Joaquin River,0.95,13.33504136,2038.966268,6.505,13.351203794992339,19.746823110194452,18.858288527137635,176868.99534783862,177083.3654095652,2,Good,15.906103005318247
PA-608,Other Deciduous,San Joaquin River,0.95,6690.36543,3082.465282,2.8919,6691.049900042597,23053.9100401458,21975.749910951236,59639130.73420607,59645232.22429375,2,Good,15.906103005318247
PA-608,Pasture,San Joaquin River,0.95,9716.179815,231.3223247,5.0,9328.22101414623,44696.244531285854,40765.98300257704,11237846.51004508,10789128.851538487,2,Good,15.906103005318247
PA-608,Potatoes,San Joaquin River,0.95,3811.784755,949.0738881,15.985,3812.711667889286,12598.451889027987,12016.4878656979,57828381.06778007,57842443.21326401,2,Good,15.906103005318247
PA-608,Truck Crops,San Joaquin River,0.95,493.3746368,4406.761774,10.94045833,493.43769342364135,1316.1916386208684,1255.7944693178313,23786574.8114196,23789614.896952428,2,Good,15.906103005318247
PA-608,Vineyard,San Joaquin River,0.95,8319.692409,1564.999586,10.97812427,8320.467293953034,25778.438098849543,24586.448242323502,142938638.03375652,142951951.14611387,2,Good,15.906103005318247
PA-608,Alfalfa,San Joaquin River,1.0,9325.289857,280.7140207,6.91,9325.28206248089,38559.75051200377,38559.70097639928,18088580.70476416,18088565.58547134,2,Good,0.00011793504278694169
PA-608,Almonds & Pistachios,San Joaquin River,1.0,86010.27736,4806.11968,1.097,86010.27428927358,322850.7998098835,322850.65404924715,453473128.3122633,453473112.1224317,2,Good,0.00011793504278694169
PA-608,Citrus & Subtropical,San Joaquin River,1.0,243.3127013,882.8087925,5.980333333,243.312698906354,790.1496898028768,790.1493558120038,1284567.1798257842,1284567.1671885522,2,Good,0.00011793504278694169
PA-608,Corn,San Joaquin River,1.0,51102.0453,65.84758713,26.516,51102.041200542706,123453.81653709571,123453.75345260554,89224918.22302996,89224911.06531759,2,Good,0.00011793504278694169
PA-608,Cucurbits,San Joaquin River,1.0,496.5994065,507.1807426,13.594,496.5994056115312,1141.9934659429007,1141.9929988778995,3423861.7244475135,3423861.718321863,2,Good,0.00011793504278694169
PA-608,Dry Beans,San Joaquin River,1.0,318.3596086,1536.518314,1.291666667,318.3595084027971,704.2437225164085,704.2432025041172,631838.6018549273,631838.4029965956,2,Good,0.00011793504278694169
PA-608,Grain,San Joaquin River,1.0,4921.676054,195.9686874,4.088,4921.7073814549485,2296.733799784985,2296.747471053259,3942853.09129928,3942878.1883498034,2,Good,0.00011793504278694169
PA-608,Onions & Garlic,San Joaquin River,1.0,13.33504136,2038.966268,6.505,13.33504127929702,19.746823110194452,19.74681568090569,176868.99534783862,176868.9942774366,2,Good,0.00011793504278694169
PA-608,Other Deciduous,San Joaquin River,1.0,6690.36543,3082.465282,2.8919,6690.365391966259,23053.9100401458,23053.900483417354,59639130.73420607,59639130.39516641,2,Good,0.00011793504278694169
PA-608,Pasture,San Joaquin River,1.0,9716.179815,231.3223247,5.0,9716.163751616054,44696.244531285854,44696.14826643818,11237846.51004508,11237827.930948494,2,Good,0.00011793504278694169
PA-608,Potatoes,San Joaquin River,1.0,3811.784755,949.0738881,15.985,3811.784718556775,12598.451889027987,12598.446661881424,57828381.06778007,57828380.51490187,2,Good,0.00011793504278694169
PA-608,Truck Crops,San Joaquin River,1.0,493.3746368,4406.761774,10.94045833,493.374635911305,1316.1916386208684,1316.1911076711028,23786574.8114196,23786574.76857384,2,Good,0.00011793504278694169
PA-608,Vineyard,San Joaquin River,1.0,8319.692409,1564.999586,10.97812427,8319.692388545793,25778.438098849543,25778.427605449764,142938638.03375652,142938637.68233773,2,Good,0.00011793504278694169
PA-609,Alfalfa,San Joaquin River,0.5,33553.78892,287.507506,7.11825,1.3806767011574305e-17,138743.75481384422,2.2613921111852657e-08,68669516.93419002,2.8256243232864616e-14,2,Good,1095.9245945122557
PA-609,Almonds & Pistachios,San Joaquin River,0.5,429984.3014,4938.269533,1.1035,213591.38525842442,1614002.1852463426,761655.9722918071,2343148037.112551,1163940714.772402,2,Good,1095.9245945122557
PA-609,Citrus & Subtropical,San Joaquin River,0.5,22848.46492,1009.312716,4.677555556,19172.430668778637,74199.60968971376,59148.722683263964,107870260.22016306,90515274.9882939,2,Good,1095.9245945122557
PA-609,Corn,San Joaquin River,0.5,68117.27049,66.5596776,26.711,1.1576171652106209e-17,164559.69550166288,2.2613921110249588e-08,121104029.62612158,2.0580992524055247e-14,2,Good,1095.9245945122557
PA-609,Cotton,San Joaquin River,0.5,5349.494101,3322.553112,0.723,1.5716981274609364e-17,19440.31586193508,2.261392113338318e-08,12850586.29130901,3.775542514767893e-14,2,Good,1095.9245945122557
PA-609,Cucurbits,San Joaquin River,0.5,516.4153251,400.2229957,15.887,506.09396017512114,1187.5626898820685,1105.6360181455882,3283545.6293972116,3217918.8537357086,2,Good,1095.9245945122557
PA-609,Dry Beans,San Joaquin River,0.5,317.5918587,1248.160324,1.3625,2.5836954887125398e-17,702.545381920014,2.261392114983581e-08,540102.5717596026,4.3938801951957154e-14,2,Good,1095.9245945122557
PA-609,Grain,San Joaquin River,0.5,28698.66834,197.2035867,3.704,28985.655310978625,13392.429908451113,12850.036334827433,20962715.142919067,21172342.504407786,2,Good,1095.9245945122557
PA-609,Lettuce,San Joaquin River,0.5,400.3198262,674.0827004,15.248,363.4604309652715,1331.500720284186,1148.4578071596193,4114652.5120565216,3735796.4243250866,2,Good,1095.9245945122557
PA-609,Onions & Garlic,San Joaquin River,0.5,356.2387857,2202.284226,7.0855,345.7843557384586,527.5262442986805,486.4428344962159,5558851.498551852,5395717.595139212,2,Good,1095.9245945122557
PA-609,Other Deciduous,San Joaquin River,0.5,27697.31963,3274.287161,3.025566667,26232.628775608886,95440.45415516033,85873.69867580364,274385549.07846195,259875480.606818,2,Good,1095.9245945122557
PA-609,Pasture,San Joaquin River,0.5,13003.84174,147.0341236,5.0,1.2404993068826093e-17,59820.10433358594,2.2613921098633838e-08,9560042.368369993,9.119786420694594e-15,2,Good,1095.9245945122557
PA-609,Potatoes,San Joaquin River,0.5,13238.06013,1165.114685,14.862,12184.064445515665,43753.53656396702,38256.444200780184,229229381.43598425,210978461.25448325,2,Good,1095.9245945122557
PA-609,Rice,San Joaquin River,0.5,1170.019764,579.2835722,4.702,1.1802168319224978e-17,5655.781467246934,2.2613921126062188e-08,3186889.720099117,3.2146644055679013e-14,2,Good,1095.9245945122557
PA-609,Tomato Processing,San Joaquin River,0.5,12383.8951,98.04399144,48.864,6500.443570083855,29469.47047619968,14695.408438804832,59329032.109030396,31142465.450344875,2,Good,1095.9245945122557
PA-609,Truck Crops,San Joaquin River,0.5,1934.424846,4172.931474,7.152333333,1882.680783814321,5160.528365137194,4771.364540141188,57735224.799053,56190861.33180133,2,Good,1095.9245945122557
PA-609,Vineyard,San Joaquin River,0.5,115915.7507,1575.327966,10.98601212,113224.41766599791,359163.1585885504,333282.8962810807,2006104300.1971729,1959526550.9252243,2,Good,1095.9245945122557
PA-609,Alfalfa,San Joaquin River,0.55,33553.78892,287.507506,7.11825,5.163951650461704e-21,138743.75481384422,5.163951650460529e-08,68669516.93419002,1.056828682311203e-17,4,Good,1009.4783663022802
PA-609,Almonds & Pistachios,San Joaquin River,0.55,429984.3014,4938.269533,1.1035,248921.9888539587,1614002.1852463426,887643.1004722666,2343148037.112551,1356470614.574176,4,Good,1009.4783663022802
PA-609,Citrus & Subtropical,San Joaquin River,0.55,22848.46492,1009.312716,4.677555556,19779.578443375376,74199.60968971376,61021.82974873587,107870260.22016306,93381690.24494927,4,Good,1009.4783663022802
PA-609,Corn,San Joaquin River,0.55,68117.27049,66.5596776,26.711,5.163951650462993e-21,164559.69550166288,5.1639516504607916e-08,121104029.62612158,9.18086337234165e-18,4,Good,1009.4783663022802
PA-609,Cotton,San Joaquin River,0.55,5349.494101,3322.553112,0.723,5.163951650463356e-21,19440.31586193508,5.163951650461635e-08,12850586.29130901,1.2404875121933878e-17,4,Good,1009.4783663022802
PA-609,Cucurbits,San Joaquin River,0.55,516.4153251,400.2229957,15.887,507.3312981494287,1187.5626898820685,1108.3391633209806,3283545.6293972116,3225786.2726525236,4,Good,1009.4783663022802
PA-609,Dry Beans,San Joaquin River,0.55,317.5918587,1248.160324,1.3625,5.163951650462803e-21,702.545381920014,5.1639516504607605e-08,540102.5717596026,8.781911407533208e-18,4,Good,1009.4783663022802
PA-609,Grain,San Joaquin River,0.55,28698.66834,197.2035867,3.704,28985.655312152736,13392.429908451113,12850.0363353791,20962715.142919067,21172342.505265407,4,Good,1009.4783663022802
PA-609,Lettuce,San Joaquin River,0.55,400.3198262,674.0827004,15.248,367.49081306954525,1331.500720284186,1161.1929590780442,4114652.5120565216,3777222.3562038955,4,Good,1009.4783663022802
PA-609,Onions & Garlic,San Joaquin River,0.55,356.2387857,2202.284226,7.0855,347.048754305476,527.5262442986805,488.22156630723015,5558851.498551852,5415447.630585017,4,Good,1009.4783663022802
PA-609,Other Deciduous,San Joaquin River,0.55,27697.31963,3274.287161,3.025566667,26394.748365387008,95440.45415516033,86404.40449755694,274385549.07846195,261481530.3348019,4,Good,1009.4783663022802
PA-609,Pasture,San Joaquin River,0.55,13003.84174,147.0341236,5.0,5.163951650461303e-21,59820.10433358594,5.163951650460567e-08,9560042.368369993,3.796385526191755e-18,4,Good,1009.4783663022802
PA-609,Potatoes,San Joaquin River,0.55,13238.06013,1165.114685,14.862,12290.487996364916,43753.53656396702,38590.600889896166,229229381.43598425,212821284.4847623,4,Good,1009.4783663022802
PA-609,Rice,San Joaquin River,0.55,1170.019764,579.2835722,4.702,5.163951650463475e-21,5655.781467246934,5.163951650462051e-08,3186889.720099117,1.4065526870835764e-17,4,Good,1009.4783663022802
PA-609,Tomato Processing,San Joaquin River,0.55,12383.8951,98.04399144,48.864,7282.858717938399,29469.47047619968,16464.196990300996,59329032.109030396,34890876.839072965,4,Good,1009.4783663022802
PA-609,Truck Crops,San Joaquin River,0.55,1934.424846,4172.931474,7.152333333,1887.8523907185097,5160.528365137194,4784.471181516006,57735224.799053,56345214.12963841,4,Good,1009.4783663022802
PA-609,Vineyard,San Joaquin River,0.55,115915.7507,1575.327966,10.98601212,113497.3178095452,359163.1585885504,334086.19429976784,2006104300.1971729,1964249516.9431171,4,Good,1009.4783663022802
PA-609,Alfalfa,San Joaquin River,0.6,33553.78892,287.507506,7.11825,2.5904495078533926e-17,138743.75481384422,5.228394843144229e-08,68669516.93419002,5.3014852293081286e-14,2,Good,903.8020968338054
PA-609,Almonds & Pistachios,San Joaquin River,0.6,429984.3014,4938.269533,1.1035,284107.2184630153,1614002.1852463426,1013111.8324479259,2343148037.112551,1548208316.219056,2,Good,903.8020968338054
PA-609,Citrus & Subtropical,San Joaquin River,0.6,22848.46492,1009.312716,4.677555556,20384.780548449213,74199.60968971376,62888.93424366229,107870260.22016306,96238919.76950087,2,Good,903.8020968338054
PA-609,Corn,San Joaquin River,0.6,68117.27049,66.5596776,26.711,4.4424589479926194e-17,164559.69550166288,5.22839485255741e-08,121104029.62612158,7.898139138289585e-14,2,Good,903.8020968338054
PA-609,Cotton,San Joaquin River,0.6,5349.494101,3322.553112,0.723,2.9486291053416037e-17,19440.31586193508,5.2283948471884044e-08,12850586.29130901,7.083214233692555e-14,2,Good,903.8020968338054
PA-609,Cucurbits,San Joaquin River,0.6,516.4153251,400.2229957,15.887,508.7675191359651,1187.5626898820685,1111.476797393386,3283545.6293972116,3234918.257924798,2,Good,903.8020968338054
PA-609,Dry Beans,San Joaquin River,0.6,317.5918587,1248.160324,1.3625,4.846907927081259e-17,702.545381920014,5.2283948504407415e-08,540102.5717596026,8.242741004804581e-14,2,Good,903.8020968338054
PA-609,Grain,San Joaquin River,0.6,28698.66834,197.2035867,3.704,28985.655312667506,13392.429908451113,12850.0363356085,20962715.142919067,21172342.505641416,2,Good,903.8020968338054
PA-609,Lettuce,San Joaquin River,0.6,400.3198262,674.0827004,15.248,372.2069792182969,1331.500720284186,1176.09504297004,4114652.5120565216,3825697.0597314243,2,Good,903.8020968338054
PA-609,Onions & Garlic,San Joaquin River,0.6,356.2387857,2202.284226,7.0855,348.57969689575316,527.5262442986805,490.3752671365859,5558851.498551852,5439336.894903714,2,Good,903.8020968338054
PA-609,Other Deciduous,San Joaquin River,0.6,27697.31963,3274.287161,3.025566667,26583.501227363173,95440.45415516033,87022.29554203709,274385549.07846195,263351424.54714164,2,Good,903.8020968338054
PA-609,Pasture,San Joaquin River,0.6,13003.84174,147.0341236,5.0,2.327623485113968e-17,59820.10433358594,5.228394840656736e-08,9560042.368369993,1.7112003960225492e-14,2,Good,903.8020968338054
PA-609,Potatoes,San Joaquin River,0.6,13238.06013,1165.114685,14.862,12417.813195608971,43753.53656396702,38990.38615055574,229229381.43598425,215026039.28851074,2,Good,903.8020968338054
PA-609,Rice,San Joaquin River,0.6,1170.019764,579.2835722,4.702,2.2146310353507697e-17,5655.781467246934,5.2283948457531117e-08,3186889.720099117,6.032192871890523e-14,2,Good,903.8020968338054
PA-609,Tomato Processing,San Joaquin River,0.6,12383.8951,98.04399144,48.864,8156.618858633156,29469.47047619968,18439.48713885674,59329032.109030396,39076905.792343915,2,Good,903.8020968338054
PA-609,Truck Crops,San Joaquin River,0.6,1934.424846,4172.931474,7.152333333,1894.1180364170234,5160.528365137194,4800.350495718405,57735224.799053,56532219.824722886,2,Good,903.8020968338054
PA-609,Vineyard,San Joaquin River,0.6,115915.7507,1575.327966,10.98601212,113824.3477521756,359163.1585885504,335048.8266426653,2006104300.1971729,1969909284.2330863,2,Good,903.8020968338054
PA-609,Alfalfa,San Joaquin River,0.65,33553.78892,287.507506,7.11825,1.0222387167562919e-22,138743.75481384422,1.0222387167566677e-09,68669516.93419002,2.0920629571356575e-19,2,Good,774.7788247800571
PA-609,Almonds & Pistachios,San Joaquin River,0.65,429984.3014,4938.269533,1.1035,319134.93111908936,1614002.1852463426,1138018.8670063182,2343148037.112551,1739087648.0630126,2,Good,774.7788247800571
PA-609,Citrus & Subtropical,San Joaquin River,0.65,22848.46492,1009.312716,4.677555556,20987.720410368238,74199.60968971376,64749.05950906929,107870260.22016306,99085468.98101412,2,Good,774.7788247800571
PA-609,Corn,San Joaquin River,0.65,68117.27049,66.5596776,26.711,2.4346047517042074e-20,164559.69550166288,1.0250729504498729e-09,121104029.62612158,4.32842425800909e-17,2,Good,774.7788247800571
PA-609,Cotton,San Joaquin River,0.65,5349.494101,3322.553112,0.723,1.0214349707986539e-22,19440.31586193508,1.0214349707989724e-09,12850586.29130901,2.4536971132943397e-19,2,Good,774.7788247800571
PA-609,Cucurbits,San Joaquin River,0.65,516.4153251,400.2229957,15.887,510.41919649986716,1187.5626898820685,1115.0851272682564,3283545.6293972116,3245420.1886883066,2,Good,774.7788247800571
PA-609,Dry Beans,San Joaquin River,0.65,317.5918587,1248.160324,1.3625,1.0222307786616008e-22,702.545381920014,1.0222307786617922e-09,540102.5717596026,1.7384245136097116e-19,2,Good,774.7788247800571
PA-609,Grain,San Joaquin River,0.65,28698.66834,197.2035867,3.704,28985.65531330448,13392.429908451113,12850.036335835897,20962715.142919067,21172342.50610669,2,Good,774.7788247800571
PA-609,Lettuce,San Joaquin River,0.65,400.3198262,674.0827004,15.248,377.6791512361241,1331.500720284186,1193.3859448685523,4114652.5120565216,3881942.3038236042,2,Good,774.7788247800571
PA-609,Onions & Garlic,San Joaquin River,0.65,356.2387857,2202.284226,7.0855,350.4273716591167,527.5262442986805,492.97454068702797,5558851.498551852,5468168.538282965,2,Good,774.7788247800571
PA-609,Other Deciduous,San Joaquin River,0.65,27697.31963,3274.287161,3.025566667,26801.297077465464,95440.45415516033,87735.26012378468,274385549.07846195,265509035.2732207,2,Good,774.7788247800571
PA-609,Pasture,San Joaquin River,0.65,13003.84174,147.0341236,5.0,1.1273397393458973e-22,59820.10433358594,1.022238772267361e-09,9560042.368369993,8.287870528708821e-20,2,Good,774.7788247800571
PA-609,Potatoes,San Joaquin River,0.65,13238.06013,1165.114685,14.862,12569.32453118598,43753.53656396702,39466.11286560486,229229381.43598425,217649599.64356235,2,Good,774.7788247800571
PA-609,Rice,San Joaquin River,0.65,1170.019764,579.2835722,4.702,1.0223444655012744e-22,5655.781467246934,1.0223444655017015e-09,3186889.720099117,2.784653018482035e-19,2,Good,774.7788247800571
PA-609,Tomato Processing,San Joaquin River,0.65,12383.8951,98.04399144,48.864,9121.511439793783,29469.47047619968,20620.798371922985,59329032.109030396,43699534.009652056,2,Good,774.7788247800571
PA-609,Truck Crops,San Joaquin River,0.65,1934.424846,4172.931474,7.152333333,1901.6854955889646,5160.528365137194,4819.5290556519485,57735224.799053,56758079.701033466,2,Good,774.7788247800571
PA-609,Vineyard,San Joaquin River,0.65,115915.7507,1575.327966,10.98601212,114214.23906758285,359163.1585885504,336196.49522428977,2006104300.1971729,1976656966.4050486,2,Good,774.7788247800571
PA-609,Alfalfa,San Joaquin River,0.7,33553.78892,287.507506,7.11825,5.654461149894574e-19,138743.75481384422,2.5437643810743335e-09,68669516.93419002,1.157213918857796e-15,10,Good,674.7353203489615
PA-609,Almonds & Pistachios,San Joaquin River,0.7,429984.3014,4938.269533,1.1035,342103.71044618747,1614002.1852463426,1219924.3611348206,2343148037.112551,1864253264.6214066,10,Good,674.7353203489615
PA-609,Citrus & Subtropical,San Joaquin River,0.7,22848.46492,1009.312716,4.677555556,21383.289351942716,74199.60968971376,65969.42629675176,107870260.22016306,100952995.9598311,10,Good,674.7353203489615
PA-609,Corn,San Joaquin River,0.7,68117.27049,66.5596776,26.711,19550.383942624052,164559.69550166288,44868.869738373505,121104029.62612158,34758149.57290716,10,Good,674.7353203489615
PA-609,Cotton,San Joaquin River,0.7,5349.494101,3322.553112,0.723,6.435431393092088e-19,19440.31586193508,2.543764385472533e-09,12850586.29130901,1.5459231261376584e-15,10,Good,674.7353203489615
PA-609,Cucurbits,San Joaquin River,0.7,516.4153251,400.2229957,15.887,511.63090940583464,1187.5626898820685,1117.7322907177231,3283545.6293972116,3253124.674638067,10,Good,674.7353203489615
PA-609,Dry Beans,San Joaquin River,0.7,317.5918587,1248.160324,1.3625,1.0574770566889564e-18,702.545381920014,2.54376438716892e-09,540102.5717596026,1.7983649840155065e-15,10,Good,674.7353203489615
PA-609,Grain,San Joaquin River,0.7,28698.66834,197.2035867,3.704,28985.655313264357,13392.429908451113,12850.036335767209,20962715.142919067,21172342.506077383,10,Good,674.7353203489615
PA-609,Lettuce,San Joaquin River,0.7,400.3198262,674.0827004,15.248,381.72540045217266,1331.500720284186,1206.1712334626,4114652.5120565216,3923531.3244306007,10,Good,674.7353203489615
PA-609,Onions & Garlic,San Joaquin River,0.7,356.2387857,2202.284226,7.0855,351.84412505735395,527.5262442986805,494.9676023393739,5558851.498551852,5490275.961918475,10,Good,674.7353203489615
PA-609,Other Deciduous,San Joaquin River,0.7,27697.31963,3274.287161,3.025566667,26961.548402213655,95440.45415516033,88259.85009498545,274385549.07846195,267096576.89526117,10,Good,674.7353203489615
PA-609,Pasture,San Joaquin River,0.7,13003.84174,147.0341236,5.0,6.249377202982855e-19,59820.10433358594,2.5437643797705124e-09,9560042.368369993,4.594358500432016e-16,10,Good,674.7353203489615
PA-609,Potatoes,San Joaquin River,0.7,13238.06013,1165.114685,14.862,12683.961307269901,43753.53656396702,39826.058058544506,229229381.43598425,219634642.54361546,10,Good,674.7353203489615
PA-609,Rice,San Joaquin River,0.7,1170.019764,579.2835722,4.702,4.835037477959807e-19,5655.781467246934,2.5437643846137177e-09,3186889.720099117,1.3169633290745052e-15,10,Good,674.7353203489615
PA-609,Tomato Processing,San Joaquin River,0.7,12383.8951,98.04399144,48.864,9805.469267304421,29469.47047619968,22167.006645529298,59329032.109030396,46976253.94162251,10,Good,674.7353203489615
PA-609,Truck Crops,San Joaquin River,0.7,1934.424846,4172.931474,7.152333333,1907.4921047859214,5160.528365137194,4834.245012526977,57735224.799053,56931384.90231837,10,Good,674.7353203489615
PA-609,Vineyard,San Joaquin River,0.7,115915.7507,1575.327966,10.98601212,114509.76297768122,359163.1585885504,337066.38766188215,2006104300.1971729,1981771472.2705524,10,Good,674.7353203489615
PA-609,Alfalfa,San Joaquin River,0.75,33553.78892,287.507506,7.11825,1.7715130730777654e-18,138743.75481384422,4.576620834389664e-09,68669516.93419002,3.625490619282724e-15,5,Good,573.6636876047922
PA-609,Almonds & Pistachios,San Joaquin River,0.75,429984.3014,4938.269533,1.1035,362559.67612229986,1614002.1852463426,1292869.2900955419,2343148037.112551,1975725603.6467226,5,Good,573.6636876047922
PA-609,Citrus & Subtropical,San Joaquin River,0.75,22848.46492,1009.312716,4.677555556,21735.698339823404,74199.60968971376,67056.64063359766,107870260.22016306,102616759.77765061,5,Good,573.6636876047922
PA-609,Corn,San Joaquin River,0.75,68117.27049,66.5596776,26.711,43116.61887817121,164559.69550166288,98954.2692193442,121104029.62612158,76655982.43204415,5,Good,573.6636876047922
PA-609,Cotton,San Joaquin River,0.75,5349.494101,3322.553112,0.723,1.2146827647453125e-18,19440.31586193508,4.57662083431461e-09,12850586.29130901,2.9179181040703494e-15,5,Good,573.6636876047922
PA-609,Cucurbits,San Joaquin River,0.75,516.4153251,400.2229957,15.887,512.7999280124078,1187.5626898820685,1120.2861822482462,3283545.6293972116,3260557.6955995457,5,Good,573.6636876047922
PA-609,Dry Beans,San Joaquin River,0.75,317.5918587,1248.160324,1.3625,2.847424031173839e-18,702.545381920014,4.57662084556412e-09,540102.5717596026,4.842381818042131e-15,5,Good,573.6636876047922
PA-609,Grain,San Joaquin River,0.75,28698.66834,197.2035867,3.704,28985.655313430674,13392.429908451113,12850.036335843452,20962715.142919067,21172342.50619887,5,Good,573.6636876047922
PA-609,Lettuce,San Joaquin River,0.75,400.3198262,674.0827004,15.248,385.65358857442925,1331.500720284186,1218.5834740627467,4114652.5120565216,3963906.864354518,5,Good,573.6636876047922
PA-609,Onions & Garlic,San Joaquin River,0.75,356.2387857,2202.284226,7.0855,353.2616180308426,527.5262442986805,496.9617044127595,5558851.498551852,5512394.926096901,5,Good,573.6636876047922
PA-609,Other Deciduous,San Joaquin River,0.75,27697.31963,3274.287161,3.025566667,27116.513656222956,95440.45415516033,88767.13587415587,274385549.07846195,268631751.6658686,5,Good,573.6636876047922
PA-609,Pasture,San Joaquin River,0.75,13003.84174,147.0341236,5.0,1.6318988615731914e-18,59820.10433358594,4.576620835428062e-09,9560042.368369993,1.1997240945762594e-15,5,Good,573.6636876047922
PA-609,Potatoes,San Joaquin River,0.75,13238.06013,1165.114685,14.862,12797.368591378196,43753.53656396702,40182.14279987846,229229381.43598425,221598395.64121372,5,Good,573.6636876047922
PA-609,Rice,San Joaquin River,0.75,1170.019764,579.2835722,4.702,3.5966697375377665e-08,5655.781467246934,1.820833652890601e-07,3186889.720099117,9.796577943234384e-05,5,Good,573.6636876047922
PA-609,Tomato Processing,San Joaquin River,0.75,12383.8951,98.04399144,48.864,10448.222751003448,29469.47047619968,23620.065174009702,59329032.109030396,50055571.21334025,5,Good,573.6636876047922
PA-609,Truck Crops,San Joaquin River,0.75,1934.424846,4172.931474,7.152333333,1913.3052391266167,5160.528365137194,4848.9775063747165,57735224.799053,57104884.854327954,5,Good,573.6636876047922
PA-609,Vineyard,San Joaquin River,0.75,115915.7507,1575.327966,10.98601212,114802.55244767024,359163.1585885504,337928.2311100338,2006104300.1971729,1986838654.3510754,5,Good,573.6636876047922
PA-609,Alfalfa,San Joaquin River,0.8,33553.78892,287.507506,7.11825,3.0987445947302333e-18,138743.75481384422,8.547324027002753e-09,68669516.93419002,6.341736694174732e-15,11,Good,440.1466714223761
PA-609,Almonds & Pistachios,San Joaquin River,0.8,429984.3014,4938.269533,1.1035,386318.0185428684,1614002.1852463426,1377590.3259020757,2343148037.112551,2105193849.8746603,11,Good,440.1466714223761
PA-609,Citrus & Subtropical,San Joaquin River,0.8,22848.46492,1009.312716,4.677555556,22145.119937827014,74199.60968971376,68319.74414818618,107870260.22016306,104549686.75856765,11,Good,440.1466714223761
PA-609,Corn,San Joaquin River,0.8,68117.27049,66.5596776,26.711,56276.81568604637,164559.69550166288,129157.41807004102,121104029.62612158,100053174.5485497,11,Good,440.1466714223761
PA-609,Cotton,San Joaquin River,0.8,5349.494101,3322.553112,0.723,2083.912446063994,19440.31586193508,7194.384975422955,12850586.29130901,5005986.772968345,11,Good,440.1466714223761
PA-609,Cucurbits,San Joaquin River,0.8,516.4153251,400.2229957,15.887,514.2672858603753,1187.5626898820685,1123.4918393365451,3283545.6293972116,3269887.65970842,11,Good,440.1466714223761
PA-609,Dry Beans,San Joaquin River,0.8,317.5918587,1248.160324,1.3625,55.29642643147715,702.545381920014,116.20523386092448,540102.5717596026,94038.12253565327,11,Good,440.1466714223761
PA-609,Grain,San Joaquin River,0.8,28698.66834,197.2035867,3.704,28985.6553134905,13392.429908451113,12850.036335927849,20962715.142919067,21172342.506242566,11,Good,440.1466714223761
PA-609,Lettuce,San Joaquin River,0.8,400.3198262,674.0827004,15.248,390.61711452988436,1331.500720284186,1234.267162438798,4114652.5120565216,4014924.0341388285,11,Good,440.1466714223761
PA-609,Onions & Garlic,San Joaquin River,0.8,356.2387857,2202.284226,7.0855,355.1133012741931,527.5262442986805,499.56661707655627,5558851.498551852,5541289.118939817,11,Good,440.1466714223761
PA-609,Other Deciduous,San Joaquin River,0.8,27697.31963,3274.287161,3.025566667,27311.505737379375,95440.45415516033,89405.45128527291,274385549.07846195,270563455.1652969,11,Good,440.1466714223761
PA-609,Pasture,San Joaquin River,0.8,13003.84174,147.0341236,5.0,2.78444726830257e-18,59820.10433358594,8.54731602392139e-09,9560042.368369993,2.047043819026412e-15,11,Good,440.1466714223761
PA-609,Potatoes,San Joaquin River,0.8,13238.06013,1165.114685,14.862,12943.638136854079,43753.53656396702,40641.410947207485,229229381.43598425,224131189.5024816,11,Good,440.1466714223761
PA-609,Rice,San Joaquin River,0.8,1170.019764,579.2835722,4.702,828.0138064817106,5655.781467246934,3802.4245202353623,3186889.720099117,2255336.8491446297,11,Good,440.1466714223761
PA-609,Tomato Processing,San Joaquin River,0.8,12383.8951,98.04399144,48.864,11233.581535816746,29469.47047619968,25395.50834022001,59329032.109030396,53818085.041586205,11,Good,440.1466714223761
PA-609,Truck Crops,San Joaquin River,0.8,1934.424846,4172.931474,7.152333333,1920.9042019244398,5160.528365137194,4868.235907457128,57735224.799053,57331684.994058974,11,Good,440.1466714223761
PA-609,Vineyard,San Joaquin River,0.8,115915.7507,1575.327966,10.98601212,115180.8106222413,359163.1585885504,339041.656840859,2006104300.1971729,1993385006.7320876,11,Good,440.1466714223761
PA-609,Alfalfa,San Joaquin River,0.85,33553.78892,287.507506,7.11825,5.4954806961008767e-17,138743.75481384422,5.732483846288836e-08,68669516.93419002,1.1246777692443488e-13,3,Good,269.4953455513721
PA-609,Almonds & Pistachios,San Joaquin River,0.85,429984.3014,4938.269533,1.1035,412570.63359872985,1614002.1852463426,1471205.8105409234,2343148037.112551,2248254336.5876136,3,Good,269.4953455513721
PA-609,Citrus & Subtropical,San Joaquin River,0.85,22848.46492,1009.312716,4.677555556,22597.655999539456,74199.60968971376,69715.85977285754,107870260.22016306,106686162.13697258,3,Good,269.4953455513721
PA-609,Corn,San Joaquin River,0.85,68117.27049,66.5596776,26.711,65968.94777259344,164559.69550166288,151401.22736584602,121104029.62612158,117284579.19682893,3,Good,269.4953455513721
PA-609,Cotton,San Joaquin River,0.85,5349.494101,3322.553112,0.723,4307.476710176416,19440.31586193508,14870.89622421225,12850586.29130901,10347445.967194999,3,Good,269.4953455513721
PA-609,Cucurbits,San Joaquin River,0.85,516.4153251,400.2229957,15.887,516.0289687445148,1187.5626898820685,1127.3404924222075,3283545.6293972116,3281089.0432720855,3,Good,269.4953455513721
PA-609,Dry Beans,San Joaquin River,0.85,317.5918587,1248.160324,1.3625,285.81830629476315,702.545381920014,600.6461043995467,540102.5717596026,486067.88258887886,3,Good,269.4953455513721
PA-609,Grain,San Joaquin River,0.85,28698.66834,197.2035867,3.704,28985.655313200245,13392.429908451113,12850.036335862842,20962715.142919067,21172342.506030552,3,Good,269.4953455513721
PA-609,Lettuce,San Joaquin River,0.85,400.3198262,674.0827004,15.248,396.6225288646311,1331.500720284186,1253.2429969818386,4114652.5120565216,4076650.1630017557,3,Good,269.4953455513721
PA-609,Onions & Garlic,San Joaquin River,0.85,356.2387857,2202.284226,7.0855,357.4463110417202,527.5262442986805,502.84865077006083,5558851.498551852,5577694.067987885,3,Good,269.4953455513721
PA-609,Other Deciduous,San Joaquin River,0.85,27697.31963,3274.287161,3.025566667,27546.278654572565,95440.45415516033,90173.99106534904,274385549.07846195,272889250.4643854,3,Good,269.4953455513721
PA-609,Pasture,San Joaquin River,0.85,13003.84174,147.0341236,5.0,8.497528789182687e-20,59820.10433358594,5.7324837764340505e-08,9560042.368369993,6.247133491416227e-17,3,Good,269.4953455513721
PA-609,Potatoes,San Joaquin River,0.85,13238.06013,1165.114685,14.862,13125.027138717305,43753.53656396702,41210.949811698716,229229381.43598425,227272109.56841865,3,Good,269.4953455513721
PA-609,Rice,San Joaquin River,0.85,1170.019764,579.2835722,4.702,1061.2585531319642,5655.781467246934,4873.536543952596,3186889.720099117,2890646.874015984,3,Good,269.4953455513721
PA-609,Tomato Processing,San Joaquin River,0.85,12383.8951,98.04399144,48.864,12148.34449825284,29469.47047619968,27463.49265746539,59329032.109030396,58200551.19882318,3,Good,269.4953455513721
PA-609,Truck Crops,San Joaquin River,0.85,1934.424846,4172.931474,7.152333333,1930.486756844693,5160.528365137194,4892.521417387121,57735224.799053,57617687.81480132,3,Good,269.4953455513721
PA-609,Vineyard,San Joaquin River,0.85,115915.7507,1575.327966,10.98601212,115650.84662068782,359163.1585885504,340425.23612663214,2006104300.1971729,2001519718.6417005,3,Good,269.4953455513721
PA-609,Alfalfa,San Joaquin River,0.9,33553.78892,287.507506,7.11825,20638.492080538508,138743.75481384422,81072.47649402468,68669516.93419002,42237712.253590874,3,Good,191.56493544765033
PA-609,Almonds & Pistachios,San Joaquin River,0.9,429984.3014,4938.269533,1.1035,423344.5418823362,1614002.1852463426,1509625.0172830091,2343148037.112551,2306965461.539309,3,Good,191.56493544765033
PA-609,Citrus & Subtropical,San Joaquin River,0.9,22848.46492,1009.312716,4.677555556,22783.409403086913,74199.60968971376,70288.92621100042,107870260.22016306,107563125.55869925,3,Good,191.56493544765033
PA-609,Corn,San Joaquin River,0.9,68117.27049,66.5596776,26.711,68798.44388228453,164559.69550166288,157895.0278325537,121104029.62612158,122315071.14446694,3,Good,191.56493544765033
PA-609,Cotton,San Joaquin River,0.9,5349.494101,3322.553112,0.723,4997.424989824488,19440.31586193508,17252.835804389735,12850586.29130901,12004843.795243887,3,Good,191.56493544765033
PA-609,Cucurbits,San Joaquin River,0.9,516.4153251,400.2229957,15.887,516.795155218016,1187.5626898820685,1129.0143384438425,3283545.6293972116,3285960.719467754,3,Good,191.56493544765033
PA-609,Dry Beans,San Joaquin River,0.9,317.5918587,1248.160324,1.3625,320.76778033704176,702.545381920014,674.0922937059574,540102.5717596026,545503.6026641559,3,Good,191.56493544765033
PA-609,Grain,San Joaquin River,0.9,28698.66834,197.2035867,3.704,28985.655313220763,13392.429908451113,12850.036335872128,20962715.142919067,21172342.50604554,3,Good,191.56493544765033
PA-609,Lettuce,San Joaquin River,0.9,400.3198262,674.0827004,15.248,399.24954566304086,1331.500720284186,1261.543812406666,4114652.5120565216,4103651.726654991,3,Good,191.56493544765033
PA-609,Onions & Garlic,San Joaquin River,0.9,356.2387857,2202.284226,7.0855,358.49944419412566,527.5262442986805,504.3301783965087,5558851.498551852,5594127.457718092,3,Good,191.56493544765033
PA-609,Other Deciduous,San Joaquin River,0.9,27697.31963,3274.287161,3.025566667,27648.602779221957,95440.45415516033,90508.953722832,274385549.07846195,273902931.9866756,3,Good,191.56493544765033
PA-609,Pasture,San Joaquin River,0.9,13003.84174,147.0341236,5.0,5.171220953296358e-21,59820.10433358594,5.1712209532945193e-08,9560042.368369993,3.801729704049432e-18,3,Good,191.56493544765033
PA-609,Potatoes,San Joaquin River,0.9,13238.06013,1165.114685,14.862,13205.886891556738,43753.53656396702,41464.83936033202,229229381.43598425,228672271.74810573,3,Good,191.56493544765033
PA-609,Rice,San Joaquin River,0.9,1170.019764,579.2835722,4.702,1120.5047624043405,5655.781467246934,5145.60838273538,3186889.720099117,3052021.186736549,3,Good,191.56493544765033
PA-609,Tomato Processing,San Joaquin River,0.9,12383.8951,98.04399144,48.864,12507.734174993448,29469.47047619968,28275.956919548677,59329032.109030396,59922323.02415118,3,Good,191.56493544765033
PA-609,Truck Crops,San Joaquin River,0.9,1934.424846,4172.931474,7.152333333,1934.8153799626016,5160.528365137194,4903.491646132415,57735224.799053,57746880.75258829,3,Good,191.56493544765033
PA-609,Vineyard,San Joaquin River,0.9,115915.7507,1575.327966,10.98601212,115860.71402977499,359163.1585885504,341042.9934918516,2006104300.1971729,2005151804.0942688,3,Good,191.56493544765033
PA-609,Alfalfa,San Joaquin River,0.95,33553.78892,287.507506,7.11825,33874.54272662218,138743.75481384422,133066.55633607437,68669516.93419002,69325955.73482928,2,Good,16.384601226555535
PA-609,Almonds & Pistachios,San Joaquin River,0.95,429984.3014,4938.269533,1.1035,430447.6809834233,1614002.1852463426,1536737.8443716657,2343148037.112551,2345673168.745965,2,Good,16.384601226555535
PA-609,Citrus & Subtropical,San Joaquin River,0.95,22848.46492,1009.312716,4.677555556,22863.74866024623,74199.60968971376,70618.93284089281,107870260.22016306,107942416.53540221,2,Good,16.384601226555535
PA-609,Corn,San Joaquin River,0.95,68117.27049,66.5596776,26.711,68715.57992198413,164559.69550166288,157704.85194173982,121104029.62612158,122167749.33560747,2,Good,16.384601226555535
PA-609,Cotton,San Joaquin River,0.95,5349.494101,3322.553112,0.723,5380.771682029173,19440.31586193508,18576.280907197197,12850586.29130901,12925721.480994266,2,Good,16.384601226555535
PA-609,Cucurbits,San Joaquin River,0.95,516.4153251,400.2229957,15.887,516.5769295313486,1187.5626898820685,1130.9159180651975,3283545.6293972116,3284573.165758847,2,Good,16.384601226555535
PA-609,Dry Beans,San Joaquin River,0.95,317.5918587,1248.160324,1.3625,320.76778020137317,702.545381920014,674.0923305493125,540102.5717596026,545503.6024334354,2,Good,16.384601226555535
PA-609,Grain,San Joaquin River,0.95,28698.66834,197.2035867,3.704,28985.655313111212,13392.429908451113,12866.85104653096,20962715.142919067,21172342.50596552,2,Good,16.384601226555535
PA-609,Lettuce,San Joaquin River,0.95,400.3198262,674.0827004,15.248,400.5241110117251,1331.500720284186,1268.3746808621179,4114652.5120565216,4116752.235724266,2,Good,16.384601226555535
PA-609,Onions & Garlic,San Joaquin River,0.95,356.2387857,2202.284226,7.0855,356.7152326575966,527.5262442986805,503.2519080852819,5558851.498551852,5566286.112609982,2,Good,16.384601226555535
PA-609,Other Deciduous,San Joaquin River,0.95,27697.31963,3274.287161,3.025566667,27704.225948759256,95440.45415516033,90885.72121575054,274385549.07846195,274453967.03695697,2,Good,16.384601226555535
PA-609,Pasture,San Joaquin River,0.95,13003.84174,147.0341236,5.0,11173.1155946529,59820.10433358594,48828.50006490364,9560042.368369993,8214146.296706408,2,Good,16.384601226555535
PA-609,Potatoes,San Joaquin River,0.95,13238.06013,1165.114685,14.862,13244.562799263167,43753.53656396702,41693.875727007406,229229381.43598425,229341981.23068535,2,Good,16.384601226555535
PA-609,Rice,San Joaquin River,0.95,1170.019764,579.2835722,4.702,1169.5121034122903,5655.781467246934,5370.661060947148,3186889.720099117,3185506.9585782858,2,Good,16.384601226555535
PA-609,Tomato Processing,San Joaquin River,0.95,12383.8951,98.04399144,48.864,12460.016254442617,29469.47047619968,28216.569887695874,59329032.109030396,59693714.979777776,2,Good,16.384601226555535
PA-609,Truck Crops,San Joaquin River,0.95,1934.424846,4172.931474,7.152333333,1935.0830359926595,5160.528365137194,4918.2362721331065,57735224.799053,57754869.26715693,2,Good,16.384601226555535
PA-609,Vineyard,San Joaquin River,0.95,115915.7507,1575.327966,10.98601212,115936.78689933746,359163.1585885504,342161.1355971169,2006104300.1971729,2006468364.698294,2,Good,16.384601226555535
PA-609,Alfalfa,San Joaquin River,1.0,33553.78892,287.507506,7.11825,33553.79001564205,138743.75481384422,138743.73126875146,68669516.93419002,68669519.17647658,2,Good,5.350508954762607e-05
PA-609,Almonds & Pistachios,San Joaquin River,1.0,429984.3014,4938.269533,1.1035,429984.3029860224,1614002.1852463426,1614001.8871119085,2343148037.112551,2343148045.7553906,2,Good,5.350508954762607e-05
PA-609,Citrus & Subtropical,San Joaquin River,1.0,22848.46492,1009.312716,4.677555556,22848.464971957022,74199.60968971376,74199.59588013719,107870260.22016306,107870260.46545821,2,Good,5.350508954762607e-05
PA-609,Corn,San Joaquin River,1.0,68117.27049,66.5596776,26.711,68117.27253769361,164559.69550166288,164559.66833077415,121104029.62612158,121104033.266666,2,Good,5.350508954762607e-05
PA-609,Cotton,San Joaquin River,1.0,5349.494101,3322.553112,0.723,5349.494207222977,19440.31586193508,19440.312422745475,12850586.29130901,12850586.54647847,2,Good,5.350508954762607e-05
PA-609,Cucurbits,San Joaquin River,1.0,516.4153251,400.2229957,15.887,516.415325639532,1187.5626898820685,1187.5624717823148,3283545.6293972116,3283545.632827741,2,Good,5.350508954762607e-05
PA-609,Dry Beans,San Joaquin River,1.0,317.5918587,1248.160324,1.3625,317.591919421653,702.545381920014,702.5453802573967,540102.5717596026,540102.6750239655,2,Good,5.350508954762607e-05
PA-609,Grain,San Joaquin River,1.0,28698.66834,197.2035867,3.704,28698.691433317606,13392.429908451113,13392.438169080624,20962715.142919067,20962732.01125013,2,Good,5.350508954762607e-05
PA-609,Lettuce,San Joaquin River,1.0,400.3198262,674.0827004,15.248,400.31982687155727,1331.500720284186,1331.5004769862655,4114652.5120565216,4114652.5189590645,2,Good,5.350508954762607e-05
PA-609,Onions & Garlic,San Joaquin River,1.0,356.2387857,2202.284226,7.0855,356.23878728366844,527.5262442986805,527.5261508876712,5558851.498551852,5558851.523263865,2,Good,5.350508954762607e-05
PA-609,Other Deciduous,San Joaquin River,1.0,27697.31963,3274.287161,3.025566667,27697.319653526392,95440.45415516033,95440.43656730362,274385549.07846195,274385549.31152785,2,Good,5.350508954762607e-05
PA-609,Pasture,San Joaquin River,1.0,13003.84174,147.0341236,5.0,13003.813420061606,59820.10433358594,59819.958220291766,9560042.368369993,9560021.548383383,2,Good,5.350508954762607e-05
PA-609,Potatoes,San Joaquin River,1.0,13238.06013,1165.114685,14.862,13238.060152105729,43753.53656396702,43753.52860146774,229229381.43598425,229229381.8187656,2,Good,5.350508954762607e-05
PA-609,Rice,San Joaquin River,1.0,1170.019764,579.2835722,4.702,1170.0197622584367,5655.781467246934,5655.780330482857,3186889.720099117,3186889.7153554624,2,Good,5.350508954762607e-05
PA-609,Tomato Processing,San Joaquin River,1.0,12383.8951,98.04399144,48.864,12383.895358005102,29469.47047619968,29469.46559329565,59329032.109030396,59329033.345086806,2,Good,5.350508954762607e-05
PA-609,Truck Crops,San Joaquin River,1.0,1934.424846,4172.931474,7.152333333,1934.4248482183098,5160.528365137194,5160.527428717262,57735224.799053,57735224.865261115,2,Good,5.350508954762607e-05
PA-609,Vineyard,San Joaquin River,1.0,115915.7507,1575.327966,10.98601212,115915.75077143405,359163.1585885504,359163.09288228897,2006104300.1971729,2006104301.4334512,2,Good,5.350508954762607e-05
PA-610,Almonds & Pistachios,San Joaquin River,0.5,45.80785338,4716.420998,1.124,23.170734951339195,171.94575526604112,82.62565763541348,242839.21262752466,122834.02553067368,2,Good,1083.3730677958283
PA-610,Citrus & Subtropical,San Joaquin River,0.5,12.70494312,1016.555758,3.464,4.217494780192225,41.258868984622104,13.011361717262416,44738.54060193155,14851.27164127471,2,Good,1083.3730677958283
PA-610,Grain,San Joaquin River,0.5,51.13722253,187.4107868,4.498,51.64859506703637,23.863534723363827,22.897061254610616,43107.334656794716,43538.40826614823,2,Good,1083.3730677958283
PA-610,Almonds & Pistachios,San Joaquin River,0.55,45.80785338,4716.420998,1.124,24.173101636267734,171.94575526604112,86.20004604545638,242839.21262752466,128147.82913794738,2,Good,1063.6872999049726
PA-610,Citrus & Subtropical,San Joaquin River,0.55,12.70494312,1016.555758,3.464,6.901051129917053,41.258868984622104,21.29038137203866,44738.54060193155,24301.010500848246,2,Good,1063.6872999049726
PA-610,Grain,San Joaquin River,0.55,51.13722253,187.4107868,4.498,51.64859507327258,23.863534723363827,22.897061257345218,43107.334656794716,43538.40827140519,2,Good,1063.6872999049726
PA-610,Almonds & Pistachios,San Joaquin River,0.6,45.80785338,4716.420998,1.124,26.094874018089435,171.94575526604112,93.05298821903696,242839.21262752466,138335.63881720777,2,Good,1022.796416511003
PA-610,Citrus & Subtropical,San Joaquin River,0.6,12.70494312,1016.555758,3.464,8.52189907313141,41.258868984622104,26.290847257876127,44738.54060193155,30008.582021015172,2,Good,1022.796416511003
PA-610,Grain,San Joaquin River,0.6,51.13722253,187.4107868,4.498,51.64859509203498,23.863534723363827,22.897061265323792,43107.334656794716,43538.408287221406,2,Good,1022.796416511003
PA-610,Almonds & Pistachios,San Joaquin River,0.65,45.80785338,4716.420998,1.124,28.512596838995808,171.94575526604112,101.67446433179988,242839.21262752466,151152.60933337783,2,Good,964.8703138007883
PA-610,Citrus & Subtropical,San Joaquin River,0.65,12.70494312,1016.555758,3.464,9.569495510444343,41.258868984622104,29.522779203013314,44738.54060193155,33697.534840598004,2,Good,964.8703138007883
PA-610,Grain,San Joaquin River,0.65,51.13722253,187.4107868,4.498,51.6485951135856,23.863534723363827,22.897061274778455,43107.334656794716,43538.40830538801,2,Good,964.8703138007883
PA-610,Almonds & Pistachios,San Joaquin River,0.7,45.80785338,4716.420998,1.124,31.171074319891904,171.94575526604112,111.1544592673718,242839.21262752466,165245.88222467378,2,Good,891.7017384086492
PA-610,Citrus & Subtropical,San Joaquin River,0.7,12.70494312,1016.555758,3.464,10.338812182929743,41.258868984622104,31.896192324311265,44738.54060193155,36406.56744803647,2,Good,891.7017384086492
PA-610,Grain,San Joaquin River,0.7,51.13722253,187.4107868,4.498,51.6485951372303,23.863534723363827,22.89706128525622,43107.334656794716,43538.40832531987,2,Good,891.7017384086492
PA-610,Almonds & Pistachios,San Joaquin River,0.75,45.80785338,4716.420998,1.124,33.96082572976768,171.94575526604112,121.10257032986769,242839.21262752466,180035.0719773755,2,Good,802.6048529845664
PA-610,Citrus & Subtropical,San Joaquin River,0.75,12.70494312,1016.555758,3.464,10.956393981271306,41.258868984622104,33.8014893184795,44738.54060193155,38581.288586033814,2,Good,802.6048529845664
PA-610,Grain,San Joaquin River,0.75,51.13722253,187.4107868,4.498,51.64859516146961,23.863534723363827,22.897061295993872,43107.334656794716,43538.40834575297,2,Good,802.6048529845664
PA-610,Almonds & Pistachios,San Joaquin River,0.8,45.80785338,4716.420998,1.124,36.83035721977744,171.94575526604112,131.3351730839375,242839.21262752466,195247.1964544439,2,Good,695.6500224414116
PA-610,Citrus & Subtropical,San Joaquin River,0.8,12.70494312,1016.555758,3.464,11.481760817379152,41.258868984622104,35.42229462126331,44738.54060193155,40431.28864554759,2,Good,695.6500224414116
PA-610,Grain,San Joaquin River,0.8,51.13722253,187.4107868,4.498,51.648595185551095,23.863534723363827,22.897061306644368,43107.334656794716,43538.40836605303,2,Good,695.6500224414116
PA-610,Almonds & Pistachios,San Joaquin River,0.85,45.80785338,4716.420998,1.124,39.75234338213458,171.94575526604112,141.75482652078,242839.21262752466,210737.3966410594,2,Good,568.0886715003861
PA-610,Citrus & Subtropical,San Joaquin River,0.85,12.70494312,1016.555758,3.464,11.94649716019353,41.258868984622104,36.85604924187114,44738.54060193155,42067.78756929832,2,Good,568.0886715003861
PA-610,Grain,San Joaquin River,0.85,51.13722253,187.4107868,4.498,51.648595208977724,23.863534723363827,22.89706131693344,43107.334656794716,43538.40838580106,2,Good,568.0886715003861
PA-610,Almonds & Pistachios,San Joaquin River,0.9,45.80785338,4716.420998,1.124,42.710818002526416,171.94575526604112,152.30459593622584,242839.21262752466,226421.03152861213,2,Good,416.45012713699504
PA-610,Citrus & Subtropical,San Joaquin River,0.9,12.70494312,1016.555758,3.464,12.369057789368274,41.258868984622104,38.15968788391457,44738.54060193155,43555.77107985433,2,Good,416.45012713699504
PA-610,Grain,San Joaquin River,0.9,51.13722253,187.4107868,4.498,51.64859523031066,23.863534723363827,22.89706132697241,43107.334656794716,43538.40840378417,2,Good,416.45012713699504
PA-610,Almonds & Pistachios,San Joaquin River,0.95,45.80785338,4716.420998,1.124,45.59392239153555,171.94575526604112,163.13242174511893,242839.21262752466,241705.10943424958,2,Good,15.549281770226878
PA-610,Citrus & Subtropical,San Joaquin River,0.95,12.70494312,1016.555758,3.464,12.67729802784,41.258868984622104,39.21842357334942,44738.54060193155,44641.1925802708,2,Good,15.549281770226878
PA-610,Grain,San Joaquin River,0.95,51.13722253,187.4107868,4.498,51.378799688689675,23.863534723363827,22.86390695080302,43107.334656794716,43310.97785268718,2,Good,15.549281770226878
PA-610,Almonds & Pistachios,San Joaquin River,1.0,45.80785338,4716.420998,1.124,45.807752604085984,171.94575526604112,171.94102281572864,242839.21262752466,242838.67838848472,2,Good,0.007185478214109063
PA-610,Citrus & Subtropical,San Joaquin River,1.0,12.70494312,1016.555758,3.464,12.704930092344055,41.258868984622104,41.25777066975529,44738.54060193155,44738.494727006415,2,Good,0.007185478214109063
PA-610,Grain,San Joaquin River,1.0,51.13722253,187.4107868,4.498,51.137337418965906,23.863534723363827,23.8629894168039,43107.334656794716,43107.43150517358,2,Good,0.007185478214109063
PA-701,Almonds & Pistachios,Tulare Lake,0.5,311.2119287,5056.531586,1.566,215.83837609030297,1172.5742817532723,772.5674301103542,2464340.515646456,1709122.3246246697,2,Good,1263.7091974779764
PA-701,Grain,Tulare Lake,0.5,520.6817283,303.3376661,2.872,3.3477593753512854e-07,372.56056350053365,2.3502916095352297e-07,453610.5160591491,0.0002916520352755676,2,Good,1263.7091974779764
PA-701,Almonds & Pistachios,Tulare Lake,0.55,311.2119287,5056.531586,1.566,220.76885317463612,1172.5742817532723,790.215478118376,2464340.515646456,1748164.447756464,2,Good,1227.5338074940958
PA-701,Grain,Tulare Lake,0.55,520.6817283,303.3376661,2.872,87.69230224731929,372.56056350053365,59.60869520433885,453610.5160591491,76396.28647368723,2,Good,1227.5338074940958
PA-701,Almonds & Pistachios,Tulare Lake,0.6,311.2119287,5056.531586,1.566,220.77655582105862,1172.5742817532723,790.2430488155888,2464340.515646456,1748225.441381406,2,Good,1227.4761643747627
PA-701,Grain,Tulare Lake,0.6,520.6817283,303.3376661,2.872,201.3066651940827,372.56056350053365,136.83786753989065,453610.5160591491,175375.50354027702,2,Good,1227.4761643747627
PA-701,Almonds & Pistachios,Tulare Lake,0.65,311.2119287,5056.531586,1.566,220.78689794412122,1172.5742817532723,790.2800671916282,2464340.515646456,1748307.3357772522,2,Good,1227.3987622223149
PA-701,Grain,Tulare Lake,0.65,520.6817283,303.3376661,2.872,314.9071293338562,372.56056350053365,214.05759220374023,453610.5160591491,274342.61216389935,2,Good,1227.3987622223149
PA-701,Almonds & Pistachios,Tulare Lake,0.7,311.2119287,5056.531586,1.566,220.80078216018873,1172.5742817532723,790.3297640119637,2464340.515646456,1748417.2783373785,2,Good,1227.2948410083002
PA-701,Grain,Tulare Lake,0.7,520.6817283,303.3376661,2.872,428.48894194233367,372.56056350053365,291.264638474237,453610.5160591491,373293.47183873656,2,Good,1227.2948410083002
PA-701,Almonds & Pistachios,Tulare Lake,0.75,311.2119287,5056.531586,1.566,223.8877770672398,1172.5742817532723,801.3792899485227,2464340.515646456,1772861.7353760854,2,Good,1203.898941408893
PA-701,Grain,Tulare Lake,0.75,520.6817283,303.3376661,2.872,525.8885456262066,372.56056350053365,357.47185551525524,453610.5160591491,458146.6212573815,2,Good,1203.898941408893
PA-701,Almonds & Pistachios,Tulare Lake,0.8,311.2119287,5056.531586,1.566,245.4716137526888,1172.5742817532723,878.6360295961368,2464340.515646456,1943773.9605251474,2,Good,1023.0565605196424
PA-701,Grain,Tulare Lake,0.8,520.6817283,303.3376661,2.872,525.8885507763802,372.56056350053365,357.4718589591008,453610.5160591491,458146.6257441395,2,Good,1023.0565605196424
PA-701,Almonds & Pistachios,Tulare Lake,0.85,311.2119287,5056.531586,1.566,267.0554513602353,1172.5742817532723,955.8927726037299,2464340.515646456,2114686.1929758647,2,Good,807.9763061113503
PA-701,Grain,Tulare Lake,0.85,520.6817283,303.3376661,2.872,525.8885508099867,372.56056350053365,357.47185898440017,453610.5160591491,458146.625773417,2,Good,807.9763061113503
PA-701,Almonds & Pistachios,Tulare Lake,0.9,311.2119287,5056.531586,1.566,288.6392889693774,1172.5742817532723,1033.1495156200713,2464340.515646456,2285598.425439217,2,Good,552.1761240892984
PA-701,Grain,Tulare Lake,0.9,520.6817283,303.3376661,2.872,525.8885508220743,372.56056350053365,357.4718589981043,453610.5160591491,458146.6257839476,2,Good,552.1761240892984
PA-701,Almonds & Pistachios,Tulare Lake,0.95,311.2119287,5056.531586,1.566,310.33287964520747,1172.5742817532723,1113.0022480538476,2464340.515646456,2457379.7406851137,2,Good,16.308330160561574
PA-701,Grain,Tulare Lake,0.95,520.6817283,303.3376661,2.872,521.5607856552831,372.56056350053365,354.8758686751769,453610.5160591491,454376.3383242734,2,Good,16.308330160561574
PA-701,Almonds & Pistachios,Tulare Lake,1.0,311.2119287,5056.531586,1.566,311.211720872749,1172.5742817532723,1172.5580996272295,2464340.515646456,2464338.869960454,2,Good,0.003770976886029323
PA-701,Grain,Tulare Lake,1.0,520.6817283,303.3376661,2.872,520.6819444277385,372.56056350053365,372.55573805195957,453610.5160591491,453610.7043465609,2,Good,0.003770976886029323
PA-702,Alfalfa,Tulare Lake,0.5,3596.929519,275.7311385,8.212,5.683784786119247e-21,16274.418886924028,5.683784786117968e-08,8144542.290957182,1.2869817247939026e-17,2,Good,1330.9006125876447
PA-702,Almonds & Pistachios,San Joaquin River,0.5,261675.397,4943.982015,1.317333333,123576.1707697146,985315.5690181956,442049.3823093983,1704258446.3121648,804835820.3014423,2,Good,1330.9006125876447
PA-702,Citrus & Subtropical,San Joaquin River,0.5,137.4795533,687.833784,17.2308,129.7510111690928,479.54395492641476,429.9566400866654,1629397.5424524255,1537799.43020543,2,Good,1330.9006125876447
PA-702,Corn,Tulare Lake,0.5,3788.208598,73.19405271,23.145,5.683704494791547e-21,8638.772334800042,5.683704494788959e-08,6417514.594635986,9.628629364861314e-18,2,Good,1330.9006125876447
PA-702,Cotton,Tulare Lake,0.5,15385.55246,3672.319284,0.832,5.683784786120619e-21,57685.07816295826,5.683784786118521e-08,47008549.946884565,1.7366063500178902e-17,2,Good,1330.9006125876447
PA-702,Cucurbits,Tulare Lake,0.5,15728.91697,595.9977966,15.57477778,15447.879840804979,38412.09509115986,35839.476638332635,146004194.59401798,143395458.10075554,2,Good,1330.9006125876447
PA-702,Dry Beans,Tulare Lake,0.5,1079.877442,1277.076004,1.45225,5.683784786120459e-21,2073.129418981344,5.6837847861178546e-08,2002777.0167656858,1.0541338391884403e-17,2,Good,1330.9006125876447
PA-702,Grain,San Joaquin River,0.5,38681.46101,291.5127455,2.6852,5.683704494791616e-21,25752.221929090425,5.683704494788494e-08,30278688.171531167,4.449033505028031e-18,2,Good,1330.9006125876447
PA-702,Lettuce,Tulare Lake,0.5,8302.04308,663.9499631,19.83133333,7856.410673872465,19101.030321677325,17171.9489740684,109313109.43220839,103445461.73294379,2,Good,1330.9006125876447
PA-702,Onions & Garlic,Tulare Lake,0.5,28276.30372,2162.612475,11.93,27757.88467086769,35448.019550386496,33058.20790650078,729527697.9591075,716152503.6891387,2,Good,1330.9006125876447
PA-702,Other Deciduous,Tulare Lake,0.5,10835.54619,2035.248525,4.832444444,10043.29049598736,37947.95392618045,33414.67045486405,106570039.4011045,98778026.05482791,2,Good,1330.9006125876447
PA-702,Pasture,Tulare Lake,0.5,338.6020497,144.0357631,5.0,5.6837847861185974e-21,1614.5203603004384,5.683784786117667e-08,243854.0230788181,4.093341394823812e-18,2,Good,1330.9006125876447
PA-702,Potatoes,Tulare Lake,0.5,217.893609,1165.114685,14.862,211.95312323393574,268.774415416211,248.37441389719473,3773031.450184553,3670166.3880673153,2,Good,1330.9006125876447
PA-702,Safflower,Tulare Lake,0.5,145.8300506,565.3467595,1.069333333,5.682613101148486e-21,348.8703643165136,5.6826131011463255e-08,88160.70174403007,3.4353904197100335e-18,2,Good,1330.9006125876447
PA-702,Tomato Processing,Tulare Lake,0.5,63710.96234,95.74700826,53.694,29923.471357170114,141451.4695177329,63114.46035053888,327540597.0052579,153837759.0420373,2,Good,1330.9006125876447
PA-702,Truck Crops,Tulare Lake,0.5,6982.061246,4216.43542,4.6689375,6747.103673271483,12884.378279222932,11828.258229148818,137450766.9247896,132825327.89919762,2,Good,1330.9006125876447
PA-702,Vineyard,Tulare Lake,0.5,33670.65075,1361.351528,11.57853123,32082.328937727598,134982.809848674,122184.59187316877,530731988.7115725,505696143.6843925,2,Good,1330.9006125876447
PA-702,Alfalfa,Tulare Lake,0.55,3596.929519,275.7311385,8.212,3.939487606950325e-21,16274.418886924028,3.939487606952317e-08,8144542.290957182,8.920197977198292e-18,10,Good,1245.1324499827099
PA-702,Almonds & Pistachios,San Joaquin River,0.55,261675.397,4943.982015,1.317333333,142348.17003619196,985315.5690181956,509199.4698209162,1704258446.3121648,927095454.4544376,10,Good,1245.1324499827099
PA-702,Citrus & Subtropical,San Joaquin River,0.55,137.4795533,687.833784,17.2308,130.43682092590933,479.54395492641476,432.2292116367618,1629397.5424524255,1545927.596943856,10,Good,1245.1324499827099
PA-702,Corn,Tulare Lake,0.55,3788.208598,73.19405271,23.145,3.939487606951234e-21,8638.772334800042,3.939487606952421e-08,6417514.594635986,6.673792785947617e-18,10,Good,1245.1324499827099
PA-702,Cotton,Tulare Lake,0.55,15385.55246,3672.319284,0.832,3.939487606950902e-21,57685.07816295826,3.939487606952751e-08,47008549.946884565,1.2036590848326562e-17,10,Good,1245.1324499827099
PA-702,Cucurbits,Tulare Lake,0.55,15728.91697,595.9977966,15.57477778,15473.243848289547,38412.09509115986,35898.32178509773,146004194.59401798,143630900.3433158,10,Good,1245.1324499827099
PA-702,Dry Beans,Tulare Lake,0.55,1079.877442,1277.076004,1.45225,3.93948760695124e-21,2073.129418981344,3.9394876069522264e-08,2002777.0167656858,7.306306188249087e-18,10,Good,1245.1324499827099
PA-702,Grain,San Joaquin River,0.55,38681.46101,291.5127455,2.6852,3.939407232876144e-21,25752.221929090425,3.9394072328766036e-08,30278688.171531167,3.083649895077508e-18,10,Good,1245.1324499827099
PA-702,Lettuce,Tulare Lake,0.55,8302.04308,663.9499631,19.83133333,7894.427094516266,19101.030321677325,17255.042394613356,109313109.43220839,103946024.43901646,10,Good,1245.1324499827099
PA-702,Onions & Garlic,Tulare Lake,0.55,28276.30372,2162.612475,11.93,27806.814333887047,35448.019550386496,33116.48061021296,729527697.9591075,717414887.3718822,10,Good,1245.1324499827099
PA-702,Other Deciduous,Tulare Lake,0.55,10835.54619,2035.248525,4.832444444,10118.12318630318,37947.95392618045,33663.643606461665,106570039.4011045,99514022.4333776,10,Good,1245.1324499827099
PA-702,Pasture,Tulare Lake,0.55,338.6020497,144.0357631,5.0,3.939487606950077e-21,1614.5203603004384,3.939487606952079e-08,243854.0230788181,2.8371355184502356e-18,10,Good,1245.1324499827099
PA-702,Potatoes,Tulare Lake,0.55,217.893609,1165.114685,14.862,212.52343516052662,268.774415416211,249.04272623180273,3773031.450184553,3680041.8720033434,10,Good,1245.1324499827099
PA-702,Safflower,Tulare Lake,0.55,145.8300506,565.3467595,1.069333333,3.939487606950926e-21,348.8703643165136,3.9394876069520206e-08,88160.70174403007,2.3815941262568785e-18,10,Good,1245.1324499827099
PA-702,Tomato Processing,Tulare Lake,0.55,63710.96234,95.74700826,53.694,33614.71834046394,141451.4695177329,70900.02301449115,327540597.0052579,172814606.92183843,10,Good,1245.1324499827099
PA-702,Truck Crops,Tulare Lake,0.55,6982.061246,4216.43542,4.6689375,6767.089421196754,12884.378279222932,11863.294979536295,137450766.9247896,133218772.79793262,10,Good,1245.1324499827099
PA-702,Vineyard,Tulare Lake,0.55,33670.65075,1361.351528,11.57853123,32216.53519804699,134982.809848674,122695.71240999388,530731988.7115725,507811563.31098986,10,Good,1245.1324499827099
PA-702,Alfalfa,Tulare Lake,0.6,3596.929519,275.7311385,8.212,5.6301325817021365e-21,16274.418886924028,5.6301325817008227e-08,8144542.290957182,1.2748332341001033e-17,6,Good,1143.888343195476
PA-702,Almonds & Pistachios,San Joaquin River,0.6,261675.397,4943.982015,1.317333333,160890.1961618581,985315.5690181956,575526.9109829338,1704258446.3121648,1047857302.9074938,6,Good,1143.888343195476
PA-702,Citrus & Subtropical,San Joaquin River,0.6,137.4795533,687.833784,17.2308,131.21390098498816,479.54395492641476,434.8042261246816,1629397.5424524255,1555137.4925840378,6,Good,1143.888343195476
PA-702,Corn,Tulare Lake,0.6,3788.208598,73.19405271,23.145,5.630052207628148e-21,8638.772334800042,5.630052207625524e-08,6417514.594635986,9.537738294055842e-18,6,Good,1143.888343195476
PA-702,Cotton,Tulare Lake,0.6,15385.55246,3672.319284,0.832,5.63013258153017e-21,57685.07816295826,5.630132581527984e-08,47008549.946884565,1.7202136182924114e-17,6,Good,1143.888343195476
PA-702,Cucurbits,Tulare Lake,0.6,15728.91697,595.9977966,15.57477778,15502.168367139897,38412.09509115986,35965.427409207914,146004194.59401798,143899393.15097824,6,Good,1143.888343195476
PA-702,Dry Beans,Tulare Lake,0.6,1079.877442,1277.076004,1.45225,5.630132581529832e-21,2073.129418981344,5.6301325815272186e-08,2002777.0167656858,1.0441833209098191e-17,6,Good,1143.888343195476
PA-702,Grain,San Joaquin River,0.6,38681.46101,291.5127455,2.6852,4.544486463718078e-17,25752.221929090425,5.6301326204045486e-08,30278688.171531167,3.55728777925661e-14,6,Good,1143.888343195476
PA-702,Lettuce,Tulare Lake,0.6,8302.04308,663.9499631,19.83133333,7938.425018094364,19101.030321677325,17351.20973236526,109313109.43220839,104525345.67218001,6,Good,1143.888343195476
PA-702,Onions & Garlic,Tulare Lake,0.6,28276.30372,2162.612475,11.93,27864.30831577615,35448.019550386496,33184.95297508275,729527697.9591075,718898230.1973588,6,Good,1143.888343195476
PA-702,Other Deciduous,Tulare Lake,0.6,10835.54619,2035.248525,4.832444444,10201.628431556079,37947.95392618045,33941.47090346952,106570039.4011045,100335315.34475969,6,Good,1143.888343195476
PA-702,Pasture,Tulare Lake,0.6,338.6020497,144.0357631,5.0,5.630132581701409e-21,1614.5203603004384,5.630132581700476e-08,243854.0230788181,4.0547022137976775e-18,6,Good,1143.888343195476
PA-702,Potatoes,Tulare Lake,0.6,217.893609,1165.114685,14.862,213.192001485718,268.774415416211,249.82617669688747,3773031.450184553,3691618.722664812,6,Good,1143.888343195476
PA-702,Safflower,Tulare Lake,0.6,145.8300506,565.3467595,1.069333333,5.630132581702538e-21,348.8703643165136,5.630132581700394e-08,88160.70174403007,3.4036636294962892e-18,6,Good,1143.888343195476
PA-702,Tomato Processing,Tulare Lake,0.6,63710.96234,95.74700826,53.694,37629.87065433709,141451.4695177329,79368.76544384586,327540597.0052579,193456665.01750422,6,Good,1143.888343195476
PA-702,Truck Crops,Tulare Lake,0.6,6982.061246,4216.43542,4.6689375,6790.460427329469,12884.378279222932,11904.2663813585,137450766.9247896,133678860.81543404,6,Good,1143.888343195476
PA-702,Vineyard,Tulare Lake,0.6,33670.65075,1361.351528,11.57853123,32369.8373548438,134982.809848674,123279.5590970172,530731988.7115725,510227981.0735882,6,Good,1143.888343195476
PA-702,Alfalfa,Tulare Lake,0.65,3596.929519,275.7311385,8.212,5.5900274400730875e-21,16274.418886924028,5.5900274400717515e-08,8144542.290957182,1.2657522104003832e-17,3,Good,1034.138418549707
PA-702,Almonds & Pistachios,San Joaquin River,0.65,261675.397,4943.982015,1.317333333,177857.6437483971,985315.5690181956,636221.862755635,1704258446.3121648,1158364122.3992705,3,Good,1034.138418549707
PA-702,Citrus & Subtropical,San Joaquin River,0.65,137.4795533,687.833784,17.2308,132.01977095498356,479.54395492641476,437.4746418807408,1629397.5424524255,1564688.604128468,3,Good,1034.138418549707
PA-702,Corn,Tulare Lake,0.65,3788.208598,73.19405271,23.145,5.590027440074567e-21,8638.772334800042,5.590027440071918e-08,6417514.594635986,9.469933281930156e-18,3,Good,1034.138418549707
PA-702,Cotton,Tulare Lake,0.65,15385.55246,3672.319284,0.832,5.590027440074693e-21,57685.07816295826,5.590027440072445e-08,47008549.946884565,1.7079600151141173e-17,3,Good,1034.138418549707
PA-702,Cucurbits,Tulare Lake,0.65,15728.91697,595.9977966,15.57477778,15532.36608013022,38412.09509115986,36035.48687629367,146004194.59401798,144179704.4255652,3,Good,1034.138418549707
PA-702,Dry Beans,Tulare Lake,0.65,1079.877442,1277.076004,1.45225,5.590027440074229e-21,2073.129418981344,5.59002744007161e-08,2002777.0167656858,1.0367452865146698e-17,3,Good,1034.138418549707
PA-702,Grain,San Joaquin River,0.65,38681.46101,291.5127455,2.6852,8884.325727534135,25752.221929090425,5619.011338388599,30278688.171531167,6954383.864890057,3,Good,1034.138418549707
PA-702,Lettuce,Tulare Lake,0.65,8302.04308,663.9499631,19.83133333,7985.088838570193,19101.030321677325,17453.203986154993,109313109.43220839,105139768.80453977,3,Good,1034.138418549707
PA-702,Onions & Garlic,Tulare Lake,0.65,28276.30372,2162.612475,11.93,27926.31215008255,35448.019550386496,33258.79634138528,729527697.9591075,720497927.0655953,3,Good,1034.138418549707
PA-702,Other Deciduous,Tulare Lake,0.65,10835.54619,2035.248525,4.832444444,10286.8853924442,37947.95392618045,34225.12627052301,106570039.4011045,101173836.77429783,3,Good,1034.138418549707
PA-702,Pasture,Tulare Lake,0.65,338.6020497,144.0357631,5.0,5.590027440072308e-21,1614.5203603004384,5.5900274400713724e-08,243854.0230788181,4.025819340403772e-18,3,Good,1034.138418549707
PA-702,Potatoes,Tulare Lake,0.65,217.893609,1165.114685,14.862,213.91112882816176,268.774415416211,250.66887639114742,3773031.450184553,3704071.0845866706,3,Good,1034.138418549707
PA-702,Safflower,Tulare Lake,0.65,145.8300506,565.3467595,1.069333333,5.5900274400734125e-21,348.8703643165136,5.590027440071281e-08,88160.70174403007,3.3794183013556198e-18,3,Good,1034.138418549707
PA-702,Tomato Processing,Tulare Lake,0.65,63710.96234,95.74700826,53.694,41627.7609392215,141451.4695177329,87801.0988739999,327540597.0052579,214009978.3340483,3,Good,1034.138418549707
PA-702,Truck Crops,Tulare Lake,0.65,6982.061246,4216.43542,4.6689375,6815.529966120783,12884.378279222932,11948.215458305733,137450766.9247896,134172386.6113143,3,Good,1034.138418549707
PA-702,Vineyard,Tulare Lake,0.65,33670.65075,1361.351528,11.57853123,32530.16986588351,134982.809848674,123890.18067825056,530731988.7115725,512755214.45173204,3,Good,1034.138418549707
PA-702,Alfalfa,Tulare Lake,0.7,3596.929519,275.7311385,8.212,2.805565000675471e-19,16274.418886924028,8.620895901446546e-10,8144542.290957182,6.352652360111672e-16,2,Good,916.173428857938
PA-702,Almonds & Pistachios,San Joaquin River,0.7,261675.397,4943.982015,1.317333333,193469.3405712132,985315.5690181956,692067.1029341,1704258446.3121648,1260041110.2880063,2,Good,916.173428857938
PA-702,Citrus & Subtropical,San Joaquin River,0.7,137.4795533,687.833784,17.2308,132.84726833498414,479.54395492641476,440.2167244458131,1629397.5424524255,1574496.0421437526,2,Good,916.173428857938
PA-702,Corn,Tulare Lake,0.7,3788.208598,73.19405271,23.145,5.560888586998479e-19,8638.772334800042,8.620896008842498e-10,6417514.594635986,9.42056984006862e-16,2,Good,916.173428857938
PA-702,Cotton,Tulare Lake,0.7,15385.55246,3672.319284,0.832,3.3870545527942655e-19,57685.07816295826,8.620895970367654e-10,47008549.946884565,1.0348703664155065e-15,2,Good,916.173428857938
PA-702,Cucurbits,Tulare Lake,0.7,15728.91697,595.9977966,15.57477778,15563.58115021338,38412.09509115986,36107.90663781674,146004194.59401798,144469459.35118282,2,Good,916.173428857938
PA-702,Dry Beans,Tulare Lake,0.7,1079.877442,1277.076004,1.45225,6.615925735249685e-19,2073.129418981344,8.620896002252911e-10,2002777.0167656858,1.2270118341065125e-15,2,Good,916.173428857938
PA-702,Grain,San Joaquin River,0.7,38681.46101,291.5127455,2.6852,25533.079411379207,25752.221929090425,16148.73960228244,30278688.171531167,19986529.18916967,2,Good,916.173428857938
PA-702,Lettuce,Tulare Lake,0.7,8302.04308,663.9499631,19.83133333,8034.102610473884,19101.030321677325,17560.334586200748,109313109.43220839,105785133.77797635,2,Good,916.173428857938
PA-702,Onions & Garlic,Tulare Lake,0.7,28276.30372,2162.612475,11.93,27992.589420839107,35448.019550386496,33337.72914968403,729527697.9591075,722207878.4524819,2,Good,916.173428857938
PA-702,Other Deciduous,Tulare Lake,0.7,10835.54619,2035.248525,4.832444444,10373.112140745572,37947.95392618045,34512.008182327925,106570039.4011045,102021896.28166138,2,Good,916.173428857938
PA-702,Pasture,Tulare Lake,0.7,338.6020497,144.0357631,5.0,3.8432279292237956e-19,1614.5203603004384,8.649246558057278e-10,243854.0230788181,2.7678113377649106e-16,2,Good,916.173428857938
PA-702,Potatoes,Tulare Lake,0.7,217.893609,1165.114685,14.862,214.67768391811592,268.774415416211,251.56715359418243,3773031.450184553,3717344.702275458,2,Good,916.173428857938
PA-702,Safflower,Tulare Lake,0.7,145.8300506,565.3467595,1.069333333,5.309269441272298e-19,348.8703643165136,8.620895927424426e-10,88160.70174403007,3.2096876999280164e-16,2,Good,916.173428857938
PA-702,Tomato Processing,Tulare Lake,0.7,63710.96234,95.74700826,53.694,45577.578614389284,141451.4695177329,96132.03775702143,327540597.0052579,234316148.44779226,2,Good,916.173428857938
PA-702,Truck Crops,Tulare Lake,0.7,6982.061246,4216.43542,4.6689375,6842.1752971680025,12884.378279222932,11994.927035760658,137450766.9247896,134696933.88444278,2,Good,916.173428857938
PA-702,Vineyard,Tulare Lake,0.7,33670.65075,1361.351528,11.57853123,32696.19674998416,134982.809848674,124522.48910921058,530731988.7115725,515372205.1072609,2,Good,916.173428857938
PA-702,Alfalfa,Tulare Lake,0.75,3596.929519,275.7311385,8.212,5.1632151088001087e-20,16274.418886924028,5.162666653790745e-07,8144542.290957182,1.1691089188376052e-16,6,Good,366.55555996566636
PA-702,Almonds & Pistachios,San Joaquin River,0.75,261675.397,4943.982015,1.317333333,245604.76091726945,985315.5690181956,878562.850586254,1704258446.3121648,1599592445.6273446,6,Good,366.55555996566636
PA-702,Citrus & Subtropical,San Joaquin River,0.75,137.4795533,687.833784,17.2308,5.1631761404999457e-20,479.54395492641476,5.162666653803984e-07,1629397.5424524255,6.11935834285229e-16,6,Good,366.55555996566636
PA-702,Corn,Tulare Lake,0.75,3788.208598,73.19405271,23.145,3405.884665087193,8638.772334800042,7377.182793488073,6417514.594635986,5769828.6618597545,6,Good,366.55555996566636
PA-702,Cotton,Tulare Lake,0.75,15385.55246,3672.319284,0.832,5.163204516111116e-20,57685.07816295826,5.162695075501616e-07,47008549.946884565,1.5775498345776615e-16,6,Good,366.55555996566636
PA-702,Cucurbits,Tulare Lake,0.75,15728.91697,595.9977966,15.57477778,15694.619420504978,38412.09509115986,36411.918779597414,146004194.59401798,145685826.45079997,6,Good,366.55555996566636
PA-702,Dry Beans,Tulare Lake,0.75,1079.877442,1277.076004,1.45225,5.163176129755568e-20,2073.129418981344,5.162666653790449e-07,2002777.0167656858,9.575800071382225e-17,6,Good,366.55555996566636
PA-702,Grain,San Joaquin River,0.75,38681.46101,291.5127455,2.6852,39068.2760098892,25752.221929090425,24709.256797294103,30278688.171531167,30581475.35836178,6,Good,366.55555996566636
PA-702,Lettuce,Tulare Lake,0.75,8302.04308,663.9499631,19.83133333,8248.34262901444,19101.030321677325,18028.60423555393,109313109.43220839,108606034.89422087,6,Good,366.55555996566636
PA-702,Onions & Garlic,Tulare Lake,0.75,28276.30372,2162.612475,11.93,28296.486797422946,35448.019550386496,33699.65524005414,729527697.9591075,730048420.6870813,6,Good,366.55555996566636
PA-702,Other Deciduous,Tulare Lake,0.75,10835.54619,2035.248525,4.832444444,1.0539794447608315e-10,37947.95392618045,5.244083556508306e-07,106570039.4011045,1.0366125434431476e-06,6,Good,366.55555996566636
PA-702,Pasture,Tulare Lake,0.75,338.6020497,144.0357631,5.0,5.163176201310054e-20,1614.5203603004384,5.162666724844232e-07,243854.0230788181,3.718410120877264e-17,6,Good,366.55555996566636
PA-702,Potatoes,Tulare Lake,0.75,217.893609,1165.114685,14.862,218.16495012241614,268.774415416211,255.65366016017086,3773031.450184553,3777729.9752734853,6,Good,366.55555996566636
PA-702,Safflower,Tulare Lake,0.75,145.8300506,565.3467595,1.069333333,5.163176201176834e-20,348.8703643165136,5.162666724844041e-07,88160.70174403007,3.1213678885182055e-17,6,Good,366.55555996566636
PA-702,Tomato Processing,Tulare Lake,0.75,63710.96234,95.74700826,53.694,60571.97518702545,141451.4695177329,127758.1561529962,327540597.0052579,311402938.9270403,6,Good,366.55555996566636
PA-702,Truck Crops,Tulare Lake,0.75,6982.061246,4216.43542,4.6689375,6962.412557591905,12884.378279222932,12205.713387642834,137450766.9247896,137063957.47187823,6,Good,366.55555996566636
PA-702,Vineyard,Tulare Lake,0.75,33670.65075,1361.351528,11.57853123,2.2999481347170403e-11,134982.809848674,5.183750268758878e-07,530731988.7115725,3.625282019450861e-07,6,Good,366.55555996566636
PA-702,Alfalfa,Tulare Lake,0.8,3596.929519,275.7311385,8.212,3.5416626440205163e-22,16274.418886924028,3.5416626440217188e-09,8144542.290957182,8.019401278829541e-19,5,Good,621.3288707546008
PA-702,Almonds & Pistachios,San Joaquin River,0.8,261675.397,4943.982015,1.317333333,224595.89046895487,985315.5690181956,803411.1595650425,1704258446.3121648,1462764355.1018217,5,Good,621.3288707546008
PA-702,Citrus & Subtropical,San Joaquin River,0.8,137.4795533,687.833784,17.2308,134.76205007545377,479.54395492641476,446.5617472438634,1629397.5424524255,1597189.89433751,5,Good,621.3288707546008
PA-702,Corn,Tulare Lake,0.8,3788.208598,73.19405271,23.145,2023.5860523908764,8638.772334800042,4383.928089099915,6417514.594635986,3428109.273490506,5,Good,621.3288707546008
PA-702,Cotton,Tulare Lake,0.8,15385.55246,3672.319284,0.832,1825.2534476016083,57685.07816295826,6501.254515398769,47008549.946884565,5576823.976933972,5,Good,621.3288707546008
PA-702,Cucurbits,Tulare Lake,0.8,15728.91697,595.9977966,15.57477778,15636.577778815086,38412.09509115986,36277.26068461601,146004194.59401798,145147052.98254335,5,Good,621.3288707546008
PA-702,Dry Beans,Tulare Lake,0.8,1079.877442,1277.076004,1.45225,8.8978460232127e-08,2073.129418981344,1.7786945558968822e-07,2002777.0167656858,0.0001650224444081901,5,Good,621.3288707546008
PA-702,Grain,San Joaquin River,0.8,38681.46101,291.5127455,2.6852,39068.27601067479,25752.221929090425,24709.256797318816,30278688.171531167,30581475.358976714,5,Good,621.3288707546008
PA-702,Lettuce,Tulare Lake,0.8,8302.04308,663.9499631,19.83133333,8151.773990802447,19101.030321677325,17817.531800376422,109313109.43220839,107334514.37633567,5,Good,621.3288707546008
PA-702,Onions & Garlic,Tulare Lake,0.8,28276.30372,2162.612475,11.93,28156.606117951116,35448.019550386496,33533.06457033254,729527697.9591075,726439503.7970048,5,Good,621.3288707546008
PA-702,Other Deciduous,Tulare Lake,0.8,10835.54619,2035.248525,4.832444444,10568.034874259432,37947.95392618045,35160.52859574951,106570039.4011045,103939005.30657737,5,Good,621.3288707546008
PA-702,Pasture,Tulare Lake,0.8,338.6020497,144.0357631,5.0,3.541662643910673e-22,1614.5203603004384,3.5416626439120437e-09,243854.0230788181,2.5506304077921863e-19,5,Good,621.3288707546008
PA-702,Potatoes,Tulare Lake,0.8,217.893609,1165.114685,14.862,216.56534943820972,268.774415416211,253.77918902266268,3773031.450184553,3750031.394682039,5,Good,621.3288707546008
PA-702,Safflower,Tulare Lake,0.8,145.8300506,565.3467595,1.069333333,3.541662642284844e-22,348.8703643165136,3.5416626422854365e-09,88160.70174403007,2.1410913772558726e-19,5,Good,621.3288707546008
PA-702,Tomato Processing,Tulare Lake,0.8,63710.96234,95.74700826,53.694,54207.33371424611,141451.4695177329,114333.88103881665,327540597.0052579,278682063.4112465,5,Good,621.3288707546008
PA-702,Truck Crops,Tulare Lake,0.8,6982.061246,4216.43542,4.6689375,6907.456094491626,12884.378279222932,12109.36993830944,137450766.9247896,135982069.5115091,5,Good,621.3288707546008
PA-702,Vineyard,Tulare Lake,0.8,33670.65075,1361.351528,11.57853123,33085.55486711927,134982.809848674,126005.34787322472,530731988.7115725,521509443.42090136,5,Good,621.3288707546008
PA-702,Alfalfa,Tulare Lake,0.85,3596.929519,275.7311385,8.212,7.107605873656005e-22,16274.418886924028,7.107605873657774e-09,8144542.290957182,1.609378118744478e-18,9,Good,481.3957521613027
PA-702,Almonds & Pistachios,San Joaquin River,0.85,261675.397,4943.982015,1.317333333,236652.63170649784,985315.5690181956,846539.8225072073,1704258446.3121648,1541288371.2097738,9,Good,481.3957521613027
PA-702,Citrus & Subtropical,San Joaquin River,0.85,137.4795533,687.833784,17.2308,135.60368553857268,479.54395492641476,449.3506793159204,1629397.5424524255,1607164.8958728602,9,Good,481.3957521613027
PA-702,Corn,Tulare Lake,0.85,3788.208598,73.19405271,23.145,2972.1198973515716,8638.772334800042,6438.846466041175,6417514.594635986,5034998.027387328,9,Good,481.3957521613027
PA-702,Cotton,Tulare Lake,0.85,15385.55246,3672.319284,0.832,7760.0270454161155,57685.07816295826,27639.94826846573,47008549.946884565,23709751.073418297,9,Good,481.3957521613027
PA-702,Cucurbits,Tulare Lake,0.85,15728.91697,595.9977966,15.57477778,15668.985751837841,38412.09509115986,36352.44801155591,146004194.59401798,145447881.06934914,9,Good,481.3957521613027
PA-702,Dry Beans,Tulare Lake,0.85,1079.877442,1277.076004,1.45225,403.0372058410447,2073.129418981344,735.056438041474,2002777.0167656858,747486.3548079422,9,Good,481.3957521613027
PA-702,Grain,San Joaquin River,0.85,38681.46101,291.5127455,2.6852,39068.276010730115,25752.221929090425,24709.25679735834,30278688.171531167,30581475.359020025,9,Good,481.3957521613027
PA-702,Lettuce,Tulare Lake,0.85,8302.04308,663.9499631,19.83133333,8205.36918274078,19101.030321677325,17934.676122314464,109313109.43220839,108040202.96707654,9,Good,481.3957521613027
PA-702,Onions & Garlic,Tulare Lake,0.85,28276.30372,2162.612475,11.93,28233.643803802377,35448.019550386496,33624.81247785039,729527697.9591075,728427073.536377,9,Good,481.3957521613027
PA-702,Other Deciduous,Tulare Lake,0.85,10835.54619,2035.248525,4.832444444,10651.883879515422,37947.95392618045,35439.49960428166,106570039.4011045,104763679.1750826,9,Good,481.3957521613027
PA-702,Pasture,Tulare Lake,0.85,338.6020497,144.0357631,5.0,7.1076058736534885e-22,1614.5203603004384,7.107605873655768e-09,243854.0230788181,5.1187471791286115e-19,9,Good,481.3957521613027
PA-702,Potatoes,Tulare Lake,0.85,217.893609,1165.114685,14.862,217.44746671007474,268.774415416211,254.81288627583754,3773031.450184553,3765306.079537517,9,Good,481.3957521613027
PA-702,Safflower,Tulare Lake,0.85,145.8300506,565.3467595,1.069333333,7.107605873654526e-22,348.8703643165136,7.107605873655284e-09,88160.70174403007,4.296861442228512e-19,9,Good,481.3957521613027
PA-702,Tomato Processing,Tulare Lake,0.85,63710.96234,95.74700826,53.694,57808.89619321727,141451.4695177329,121930.28152210636,327540597.0052579,297197839.67936474,9,Good,481.3957521613027
PA-702,Truck Crops,Tulare Lake,0.85,6982.061246,4216.43542,4.6689375,6937.802821004272,12884.378279222932,12162.570383272428,137450766.9247896,136579483.467912,9,Good,481.3957521613027
PA-702,Vineyard,Tulare Lake,0.85,33670.65075,1361.351528,11.57853123,33258.886181708505,134982.809848674,126665.47500967463,530731988.7115725,524241569.80541855,9,Good,481.3957521613027
PA-702,Alfalfa,Tulare Lake,0.9,3596.929519,275.7311385,8.212,3.516327353299155e-18,16274.418886924028,1.5403897938873455e-08,8144542.290957182,7.962034475937282e-15,5,Good,307.85489007217205
PA-702,Almonds & Pistachios,San Joaquin River,0.9,261675.397,4943.982015,1.317333333,249901.03917264764,985315.5690181956,893931.2435280797,1704258446.3121648,1627573557.2961485,5,Good,307.85489007217205
PA-702,Citrus & Subtropical,San Joaquin River,0.9,137.4795533,687.833784,17.2308,136.59524008910734,479.54395492641476,452.6363991004437,1629397.5424524255,1618916.7273930218,5,Good,307.85489007217205
PA-702,Corn,Tulare Lake,0.9,3788.208598,73.19405271,23.145,3576.4262410732968,8638.772334800042,7748.025065857721,6417514.594635986,6058739.112424928,5,Good,307.85489007217205
PA-702,Cotton,Tulare Lake,0.9,15385.55246,3672.319284,0.832,12256.315454215097,57685.07816295826,43654.99284137342,47008549.946884565,37447574.1896267,5,Good,307.85489007217205
PA-702,Cucurbits,Tulare Lake,0.9,15728.91697,595.9977966,15.57477778,15707.40634110168,38412.09509115986,36441.58476208271,146004194.59401798,145804521.46626863,5,Good,307.85489007217205
PA-702,Dry Beans,Tulare Lake,0.9,1079.877442,1277.076004,1.45225,960.7822231897031,2073.129418981344,1752.267901002945,2002777.0167656858,1781899.0191679334,5,Good,307.85489007217205
PA-702,Grain,San Joaquin River,0.9,38681.46101,291.5127455,2.6852,39068.276010750575,25752.221929090425,24709.256797382932,30278688.171531167,30581475.35903604,5,Good,307.85489007217205
PA-702,Lettuce,Tulare Lake,0.9,8302.04308,663.9499631,19.83133333,8269.969635182086,19101.030321677325,18075.874911324663,109313109.43220839,108890797.96628806,5,Good,307.85489007217205
PA-702,Onions & Garlic,Tulare Lake,0.9,28276.30372,2162.612475,11.93,28328.477967768562,35448.019550386496,33737.75507223688,729527697.9591075,730873791.8207471,5,Good,307.85489007217205
PA-702,Other Deciduous,Tulare Lake,0.9,10835.54619,2035.248525,4.832444444,10749.382999251055,37947.95392618045,35763.88541757956,106570039.4011045,105722604.99659665,5,Good,307.85489007217205
PA-702,Pasture,Tulare Lake,0.9,338.6020497,144.0357631,5.0,3.336062148422818e-18,1614.5203603004384,1.5403897927382718e-08,243854.0230788181,2.40256128648553e-15,5,Good,307.85489007217205
PA-702,Potatoes,Tulare Lake,0.9,217.893609,1165.114685,14.862,218.52947980714728,268.774415416211,256.0808287676533,3773031.450184553,3784042.1473988113,5,Good,307.85489007217205
PA-702,Safflower,Tulare Lake,0.9,145.8300506,565.3467595,1.069333333,6.6552906343543585e-18,348.8703643165136,1.5403897948624987e-08,88160.70174403007,4.023416917302717e-15,5,Good,307.85489007217205
PA-702,Tomato Processing,Tulare Lake,0.9,63710.96234,95.74700826,53.694,61924.158259383636,141451.4695177329,130610.17502134219,327540597.0052579,318354566.0020961,5,Good,307.85489007217205
PA-702,Truck Crops,Tulare Lake,0.9,6982.061246,4216.43542,4.6689375,6974.891054986573,12884.378279222932,12227.589275841106,137450766.9247896,137309612.5838194,5,Good,307.85489007217205
PA-702,Vineyard,Tulare Lake,0.9,33670.65075,1361.351528,11.57853123,33464.72923198779,134982.809848674,127449.42212080158,530731988.7115725,527486160.8365907,5,Good,307.85489007217205
PA-702,Alfalfa,Tulare Lake,0.95,3596.929519,275.7311385,8.212,3509.6505630411,16274.418886924028,15085.546281089559,8144542.290957182,7946916.19231862,2,Good,16.51043415686704
PA-702,Almonds & Pistachios,San Joaquin River,0.95,261675.397,4943.982015,1.317333333,261529.8299149387,985315.5690181956,936605.9358850577,1704258446.3121648,1703310386.4751875,2,Good,16.51043415686704
PA-702,Citrus & Subtropical,San Joaquin River,0.95,137.4795533,687.833784,17.2308,137.47367290442656,479.54395492641476,456.4442859963735,1629397.5424524255,1629327.84843709,2,Good,16.51043415686704
PA-702,Corn,Tulare Lake,0.95,3788.208598,73.19405271,23.145,3804.4479024351695,8638.772334800042,8242.014739903241,6417514.594635986,6445025.216219617,2,Good,16.51043415686704
PA-702,Cotton,Tulare Lake,0.95,15385.55246,3672.319284,0.832,15351.287659931142,57685.07816295826,54678.77812273144,47008549.946884565,46903858.31688658,2,Good,16.51043415686704
PA-702,Cucurbits,Tulare Lake,0.95,15728.91697,595.9977966,15.57477778,15730.107388364195,38412.09509115986,36569.33683895542,146004194.59401798,146015244.69205242,2,Good,16.51043415686704
PA-702,Dry Beans,Tulare Lake,0.95,1079.877442,1277.076004,1.45225,1090.6762265932698,2073.129418981344,1989.167801748779,2002777.0167656858,2022804.8058010307,2,Good,16.51043415686704
PA-702,Grain,San Joaquin River,0.95,38681.46101,291.5127455,2.6852,39068.27601051392,25752.221929090425,24717.678718480194,30278688.171531167,30581475.35885079,2,Good,16.51043415686704
PA-702,Lettuce,Tulare Lake,0.95,8302.04308,663.9499631,19.83133333,8304.587029609738,19101.030321677325,18193.394511480263,109313109.43220839,109346605.64987428,2,Good,16.51043415686704
PA-702,Onions & Garlic,Tulare Lake,0.95,28276.30372,2162.612475,11.93,28291.10542650465,35448.019550386496,33782.748827754906,729527697.9591075,729909581.4959068,2,Good,16.51043415686704
PA-702,Other Deciduous,Tulare Lake,0.95,10835.54619,2035.248525,4.832444444,10834.946841218809,37947.95392618045,36113.206648962114,106570039.4011045,106564144.67073222,2,Good,16.51043415686704
PA-702,Pasture,Tulare Lake,0.95,338.6020497,144.0357631,5.0,5.609340121894065e-07,1614.5203603004384,2.90895523325441e-06,243854.0230788181,0.00040397279247222933,2,Good,16.51043415686704
PA-702,Potatoes,Tulare Lake,0.95,217.893609,1165.114685,14.862,218.06702561222858,268.774415416211,256.2017438525588,3773031.450184553,3776034.320874179,2,Good,16.51043415686704
PA-702,Safflower,Tulare Lake,0.95,145.8300506,565.3467595,1.069333333,147.2883518531509,348.8703643165136,334.74111609399444,88160.70174403007,89042.30921315607,2,Good,16.51043415686704
PA-702,Tomato Processing,Tulare Lake,0.95,63710.96234,95.74700826,53.694,63884.023514199725,141451.4695177329,134956.26486826566,327540597.0052579,328430311.40029883,2,Good,16.51043415686704
PA-702,Truck Crops,Tulare Lake,0.95,6982.061246,4216.43542,4.6689375,6984.801370420432,12884.378279222932,12275.961228411168,137450766.9247896,137504709.76341388,2,Good,16.51043415686704
PA-702,Vineyard,Tulare Lake,0.95,33670.65075,1361.351528,11.57853123,33667.14678887459,134982.809848674,128487.30108958398,530731988.7115725,530676757.69538975,2,Good,16.51043415686704
PA-702,Alfalfa,Tulare Lake,1.0,3596.929519,275.7311385,8.212,3596.929352578404,16274.418886924028,16274.414033273404,8144542.290957182,8144541.914128079,2,Good,6.67163600820199e-05
PA-702,Almonds & Pistachios,San Joaquin River,1.0,261675.397,4943.982015,1.317333333,261675.39721797503,985315.5690181956,985315.3396814143,1704258446.3121648,1704258447.7318082,2,Good,6.67163600820199e-05
PA-702,Citrus & Subtropical,San Joaquin River,1.0,137.4795533,687.833784,17.2308,137.4795533386181,479.54395492641476,479.54384531751623,1629397.5424524255,1629397.5429101244,2,Good,6.67163600820199e-05
PA-702,Corn,Tulare Lake,1.0,3788.208598,73.19405271,23.145,3788.208712862172,8638.772334800042,8638.770496438468,6417514.594635986,6417514.789221275,2,Good,6.67163600820199e-05
PA-702,Cotton,Tulare Lake,1.0,15385.55246,3672.319284,0.832,15385.552517822136,57685.07816295826,57685.06444007218,47008549.946884565,47008550.12355256,2,Good,6.67163600820199e-05
PA-702,Cucurbits,Tulare Lake,1.0,15728.91697,595.9977966,15.57477778,15728.91697909824,38412.09509115986,38412.08628464953,146004194.59401798,146004194.6784727,2,Good,6.67163600820199e-05
PA-702,Dry Beans,Tulare Lake,1.0,1079.877442,1277.076004,1.45225,1079.8776330550286,2073.129418981344,2073.1292905223154,2002777.0167656858,2002777.3711027664,2,Good,6.67163600820199e-05
PA-702,Grain,San Joaquin River,1.0,38681.46101,291.5127455,2.6852,38681.4844116626,25752.221929090425,25752.231408473963,30278688.171531167,30278706.489651166,2,Good,6.67163600820199e-05
PA-702,Lettuce,Tulare Lake,1.0,8302.04308,663.9499631,19.83133333,8302.043098126394,19101.030321677325,19101.025993048985,109313109.43220839,109313109.67087886,2,Good,6.67163600820199e-05
PA-702,Onions & Garlic,Tulare Lake,1.0,28276.30372,2162.612475,11.93,28276.303802497256,35448.019550386496,35448.01159399238,729527697.9591075,729527700.0875341,2,Good,6.67163600820199e-05
PA-702,Other Deciduous,Tulare Lake,1.0,10835.54619,2035.248525,4.832444444,10835.54619455073,37947.95392618045,37947.945178785,106570039.4011045,106570039.44586197,2,Good,6.67163600820199e-05
PA-702,Pasture,Tulare Lake,1.0,338.6020497,144.0357631,5.0,338.5738313570752,1614.5203603004384,1614.3852632772184,243854.0230788181,243833.70082603517,2,Good,6.67163600820199e-05
PA-702,Potatoes,Tulare Lake,1.0,217.893609,1165.114685,14.862,217.89360994277166,268.774415416211,268.7743560449323,3773031.450184553,3773031.466509525,2,Good,6.67163600820199e-05
PA-702,Safflower,Tulare Lake,1.0,145.8300506,565.3467595,1.069333333,145.83322636797192,348.8703643165136,348.8778638830108,88160.70174403007,88162.62163593047,2,Good,6.67163600820199e-05
PA-702,Tomato Processing,Tulare Lake,1.0,63710.96234,95.74700826,53.694,63710.96353464185,141451.4695177329,141451.43937635008,327540597.0052579,327540603.1469593,2,Good,6.67163600820199e-05
PA-702,Truck Crops,Tulare Lake,1.0,6982.061246,4216.43542,4.6689375,6982.06126289513,12884.378279222932,12884.37537465063,137450766.9247896,137450767.25739175,2,Good,6.67163600820199e-05
PA-702,Vineyard,Tulare Lake,1.0,33670.65075,1361.351528,11.57853123,33670.65074880981,134982.809848674,134982.77883122925,530731988.7115725,530731988.69281214,2,Good,6.67163600820199e-05
PA-703,Alfalfa,Tulare Lake,0.5,37507.88404,274.6972605,8.035,6.5283105135647025e-18,169705.58172038852,2.2196480253901137e-08,82787119.89827026,1.440923792563851e-14,24,Good,998.2562204316804
PA-703,Almonds & Pistachios,Tulare Lake,0.5,269742.4377,4828.718951,1.303,183490.60683055408,1016326.869171369,656782.4922296875,1697171078.3166378,1154490015.404742,24,Good,998.2562204316804
PA-703,Citrus & Subtropical,Tulare Lake,0.5,1247.808329,740.3900908,17.6092,1203.7464168204747,4502.633640477987,4126.457152366327,16268522.184646277,15694057.197411412,24,Good,998.2562204316804
PA-703,Corn,Tulare Lake,0.5,69173.71773,74.07582338,23.758,1.2962233492718421e-17,157746.32878893835,2.2196480397714622e-08,121738370.10703139,2.281214932685263e-14,24,Good,998.2562204316804
PA-703,Cotton,Tulare Lake,0.5,88084.51718,3672.319284,0.832,7.881138660159409e-18,330255.4309755829,2.219648027215107e-08,269130759.92353684,2.4079791824675657e-14,24,Good,998.2562204316804
PA-703,Cucurbits,Tulare Lake,0.5,574.7683489,595.9977966,15.57477778,567.9322574275033,1403.6603102073434,1317.6173742020908,5335306.30362772,5271850.0573065905,24,Good,998.2562204316804
PA-703,Dry Beans,Tulare Lake,0.5,308.5720237,1277.076004,1.45225,1.5393336834745903e-17,592.3910578429126,2.2196480285646046e-08,572288.0514465238,2.854900012251737e-14,24,Good,998.2562204316804
PA-703,Grain,Tulare Lake,0.5,31555.67697,292.8121409,2.793,6344.68461155392,22578.861816350032,4312.788706302478,25806999.72985873,5188837.311653176,24,Good,998.2562204316804
PA-703,Lettuce,Tulare Lake,0.5,196.1429045,663.9499631,19.83133333,189.00326910381477,451.27826128268657,413.1090682481586,2582616.1798186786,2488608.507508544,24,Good,998.2562204316804
PA-703,Onions & Garlic,Tulare Lake,0.5,3524.112766,2162.612475,11.93,3482.915739810096,4417.933102712289,4147.972873851984,90921992.45652619,89859110.5474659,24,Good,998.2562204316804
PA-703,Other Deciduous,Tulare Lake,0.5,31591.61187,1854.689891,5.308,30071.230877716946,110639.2802610106,100048.91030023272,311009749.9765339,296042064.4331426,24,Good,998.2562204316804
PA-703,Pasture,Tulare Lake,0.5,2577.584631,151.2681487,4.75,6.1935651858851384e-18,12290.424322103543,2.2196480247396427e-08,1852055.6624324778,4.450223412727678e-15,24,Good,998.2562204316804
PA-703,Safflower,Tulare Lake,0.5,12379.65608,565.3467595,1.069333333,1.2356201895458015e-17,29615.947529148994,2.2196480264910838e-08,7484048.471985846,7.469869382288298e-15,24,Good,998.2562204316804
PA-703,Tomato Processing,Tulare Lake,0.5,23136.14043,95.74700826,53.694,15559.716799085469,51367.00094604367,32818.489448013745,118943820.19217958,79993124.29794315,24,Good,998.2562204316804
PA-703,Truck Crops,Tulare Lake,0.5,1862.014974,3503.050649,11.1523375,1841.378188825202,3436.0777485785825,3228.0957533425567,72743717.19660413,71937495.71849342,24,Good,998.2562204316804
PA-703,Vineyard,Tulare Lake,0.5,89525.04853,1361.351528,11.57853123,86627.46548358678,358898.3976621925,329918.11585070024,1411134207.0163863,1365461195.701634,24,Good,998.2562204316804
PA-703,Alfalfa,Tulare Lake,0.55,37507.88404,274.6972605,8.035,3.127220758482837e-19,169705.58172038852,1.069849867770695e-09,82787119.89827026,6.902378166808428e-16,6,Good,770.9020890115833
PA-703,Almonds & Pistachios,Tulare Lake,0.55,269742.4377,4828.718951,1.303,213598.0672793183,1016326.869171369,764548.5149694863,1697171078.3166378,1343920761.085308,6,Good,770.9020890115833
PA-703,Citrus & Subtropical,Tulare Lake,0.55,1247.808329,740.3900908,17.6092,1216.6236674407528,4502.633640477987,4170.600521895833,16268522.184646277,15861946.634053605,6,Good,770.9020890115833
PA-703,Corn,Tulare Lake,0.55,69173.71773,74.07582338,23.758,4.242711361337197e-08,157746.32878893835,1.0836419587288858e-07,121738370.10703139,7.46671977324956e-05,6,Good,770.9020890115833
PA-703,Cotton,Tulare Lake,0.55,88084.51718,3672.319284,0.832,3.8010489407288645e-19,330255.4309755829,1.0771258328105585e-09,269130759.92353684,1.161360954995603e-15,6,Good,770.9020890115833
PA-703,Cucurbits,Tulare Lake,0.55,574.7683489,595.9977966,15.57477778,570.0663551936426,1403.6603102073434,1322.568535622112,5335306.30362772,5291659.89075694,6,Good,770.9020890115833
PA-703,Dry Beans,Tulare Lake,0.55,308.5720237,1277.076004,1.45225,7.4047063513412475e-19,592.3910578429126,1.0742914363046128e-09,572288.0514465238,1.3733017395843657e-15,6,Good,770.9020890115833
PA-703,Grain,Tulare Lake,0.55,31555.67697,292.8121409,2.793,1.9735150151726586e-18,22578.861816350032,1.0742916800547083e-09,25806999.72985873,1.613988554637969e-15,6,Good,770.9020890115833
PA-703,Lettuce,Tulare Lake,0.55,196.1429045,663.9499631,19.83133333,191.19558772382678,451.27826128268657,417.9008726566991,2582616.1798186786,2517474.795350023,6,Good,770.9020890115833
PA-703,Onions & Garlic,Tulare Lake,0.55,3524.112766,2162.612475,11.93,3498.766221360581,4417.933102712289,4166.8499792263765,90921992.45652619,90268052.44565643,6,Good,770.9020890115833
PA-703,Other Deciduous,Tulare Lake,0.55,31591.61187,1854.689891,5.308,30533.699772279117,110639.2802610106,101587.57391953107,311009749.9765339,300594929.15753776,6,Good,770.9020890115833
PA-703,Pasture,Tulare Lake,0.55,2577.584631,151.2681487,4.75,2.979323436364829e-19,12290.424322103543,1.0742916453431013e-09,1852055.6624324778,2.1407145178377924e-16,6,Good,770.9020890115833
PA-703,Safflower,Tulare Lake,0.55,12379.65608,565.3467595,1.069333333,5.944021653431388e-19,29615.947529148994,1.0742914284720514e-09,7484048.471985846,3.5934234267365817e-16,6,Good,770.9020890115833
PA-703,Tomato Processing,Tulare Lake,0.55,23136.14043,95.74700826,53.694,18160.618018804507,51367.00094604367,38304.29939788595,118943820.19217958,93364461.14437506,6,Good,770.9020890115833
PA-703,Truck Crops,Tulare Lake,0.55,1862.014974,3503.050649,11.1523375,1847.9226418834694,3436.0777485785825,3239.5687474358815,72743717.19660413,72193169.19541201,6,Good,770.9020890115833
PA-703,Vineyard,Tulare Lake,0.55,89525.04853,1361.351528,11.57853123,87454.42767856333,358898.3976621925,333067.57667895994,1411134207.0163863,1378496146.929275,6,Good,770.9020890115833
PA-703,Alfalfa,Tulare Lake,0.6,37507.88404,274.6972605,8.035,2.270432083915623e-22,169705.58172038852,2.2704320839164687e-09,82787119.89827026,5.011280640399525e-19,5,Good,690.8792466094571
PA-703,Almonds & Pistachios,Tulare Lake,0.6,269742.4377,4828.718951,1.303,222470.10007739716,1016326.869171369,796304.886115172,1697171078.3166378,1399742001.5217962,5,Good,690.8792466094571
PA-703,Citrus & Subtropical,Tulare Lake,0.6,1247.808329,740.3900908,17.6092,1220.9234043063777,4502.633640477987,4185.340071431837,16268522.184646277,15918005.215296302,5,Good,690.8792466094571
PA-703,Corn,Tulare Lake,0.6,69173.71773,74.07582338,23.758,26289.261298474707,157746.32878893835,56953.461856259724,121738370.10703139,46266297.761905335,5,Good,690.8792466094571
PA-703,Cotton,Tulare Lake,0.6,88084.51718,3672.319284,0.832,2.273267149433471e-22,330255.4309755829,2.2732671494340834e-09,269130759.92353684,6.94567144173614e-19,5,Good,690.8792466094571
PA-703,Cucurbits,Tulare Lake,0.6,574.7683489,595.9977966,15.57477778,570.7813231146324,1403.6603102073434,1324.227279500739,5335306.30362772,5298296.604248643,5,Good,690.8792466094571
PA-703,Dry Beans,Tulare Lake,0.6,308.5720237,1277.076004,1.45225,2.2705386653261876e-22,592.3910578429126,2.270538665326483e-09,572288.0514465238,4.211017359683974e-19,5,Good,690.8792466094571
PA-703,Grain,Tulare Lake,0.6,31555.67697,292.8121409,2.793,31871.23405673002,22578.861816350032,21664.417809589617,25806999.72985873,26065069.986432172,5,Good,690.8792466094571
PA-703,Lettuce,Tulare Lake,0.6,196.1429045,663.9499631,19.83133333,191.94448508791353,451.27826128268657,419.5377296413101,2582616.1798186786,2527335.536703091,5,Good,690.8792466094571
PA-703,Onions & Garlic,Tulare Lake,0.6,3524.112766,2162.612475,11.93,3504.304071130292,4417.933102712289,4173.445272464887,90921992.45652619,90410928.7860065,5,Good,690.8792466094571
PA-703,Other Deciduous,Tulare Lake,0.6,31591.61187,1854.689891,5.308,30684.83139620763,110639.2802610106,102090.39850820859,311009749.9765339,302082773.739985,5,Good,690.8792466094571
PA-703,Pasture,Tulare Lake,0.6,2577.584631,151.2681487,4.75,2.270432083914542e-22,12290.424322103543,2.2704320839154745e-09,1852055.6624324778,1.6313592758934704e-19,5,Good,690.8792466094571
PA-703,Safflower,Tulare Lake,0.6,12379.65608,565.3467595,1.069333333,2.2704320839147985e-22,29615.947529148994,2.270432083915227e-09,7484048.471985846,1.37257639942209e-19,5,Good,690.8792466094571
PA-703,Tomato Processing,Tulare Lake,0.6,23136.14043,95.74700826,53.694,18989.530833929646,51367.00094604367,40052.63883280346,118943820.19217958,97625934.96865189,5,Good,690.8792466094571
PA-703,Truck Crops,Tulare Lake,0.6,1862.014974,3503.050649,11.1523375,1850.2096377082125,3436.0777485785825,3243.5780495755125,72743717.19660413,72282515.72582553,5,Good,690.8792466094571
PA-703,Vineyard,Tulare Lake,0.6,89525.04853,1361.351528,11.57853123,87732.05891751766,358898.3976621925,334124.92696386535,1411134207.0163863,1382872295.7798786,5,Good,690.8792466094571
PA-703,Alfalfa,Tulare Lake,0.65,37507.88404,274.6972605,8.035,5.312204347085008e-21,169705.58172038852,5.3122043470835375e-08,82787119.89827026,1.1725057530231158e-17,2,Good,612.3489945490273
PA-703,Almonds & Pistachios,Tulare Lake,0.65,269742.4377,4828.718951,1.303,230520.3777259833,1016326.869171369,825119.8838337179,1697171078.3166378,1450392905.8218253,2,Good,612.3489945490273
PA-703,Citrus & Subtropical,Tulare Lake,0.65,1247.808329,740.3900908,17.6092,1225.0349608368515,4502.633640477987,4199.434536585094,16268522.184646277,15971610.362076372,2,Good,612.3489945490273
PA-703,Corn,Tulare Lake,0.65,69173.71773,74.07582338,23.758,42198.06051994642,157746.32878893835,91418.53028679901,121738370.10703139,74264088.70240936,2,Good,612.3489945490273
PA-703,Cotton,Tulare Lake,0.65,88084.51718,3672.319284,0.832,13273.144636937954,330255.4309755829,47276.77223004326,269130759.92353684,40554363.20794429,2,Good,612.3489945490273
PA-703,Cucurbits,Tulare Lake,0.65,574.7683489,595.9977966,15.57477778,571.4660764681631,1403.6603102073434,1325.8159248648135,5335306.30362772,5304652.850013592,2,Good,612.3489945490273
PA-703,Dry Beans,Tulare Lake,0.65,308.5720237,1277.076004,1.45225,5.312203553796935e-21,592.3910578429126,5.3122035537942914e-08,572288.0514465238,9.852191343326068e-18,2,Good,612.3489945490273
PA-703,Grain,Tulare Lake,0.65,31555.67697,292.8121409,2.793,31871.23405770112,22578.861816350032,21664.417810306422,25806999.72985873,26065069.987226363,2,Good,612.3489945490273
PA-703,Lettuce,Tulare Lake,0.65,196.1429045,663.9499631,19.83133333,192.66845862475327,451.27826128268657,421.1201626687984,2582616.1798186786,2536868.105697973,2,Good,612.3489945490273
PA-703,Onions & Garlic,Tulare Lake,0.65,3524.112766,2162.612475,11.93,3509.718070944765,4417.933102712289,4179.893066847012,90921992.45652619,90550609.80161993,2,Good,612.3489945490273
PA-703,Other Deciduous,Tulare Lake,0.65,31591.61187,1854.689891,5.308,30827.926257222243,110639.2802610106,102566.48427184111,311009749.9765339,303491498.851265,2,Good,612.3489945490273
PA-703,Pasture,Tulare Lake,0.65,2577.584631,151.2681487,4.75,5.3122043470784886e-21,12290.424322103543,5.312204347077546e-08,1852055.6624324778,3.816944756218612e-18,2,Good,612.3489945490273
PA-703,Safflower,Tulare Lake,0.65,12379.65608,565.3467595,1.069333333,5.312204264338555e-21,29615.947529148994,5.312204264336513e-08,7484048.471985846,3.211461929998919e-18,2,Good,612.3489945490273
PA-703,Tomato Processing,Tulare Lake,0.65,23136.14043,95.74700826,53.694,19765.74011955879,51367.00094604367,41689.81620439658,118943820.19217958,101616457.84694742,2,Good,612.3489945490273
PA-703,Truck Crops,Tulare Lake,0.65,1862.014974,3503.050649,11.1523375,1852.4457310545356,3436.0777485785825,3247.498115308692,72743717.19660413,72369873.63877545,2,Good,612.3489945490273
PA-703,Vineyard,Tulare Lake,0.65,89525.04853,1361.351528,11.57853123,87998.22089559007,358898.3976621925,335138.5969105902,1411134207.0163863,1387067660.965738,2,Good,612.3489945490273
PA-703,Alfalfa,Tulare Lake,0.7,37507.88404,274.6972605,8.035,5.406093369139438e-22,169705.58172038852,5.406093369141026e-09,82787119.89827026,1.1932288674426394e-18,4,Good,540.0852910661993
PA-703,Almonds & Pistachios,Tulare Lake,0.7,269742.4377,4828.718951,1.303,237432.44872618487,1016326.869171369,849860.8081588703,1697171078.3166378,1493882417.8646433,4,Good,540.0852910661993
PA-703,Citrus & Subtropical,Tulare Lake,0.7,1247.808329,740.3900908,17.6092,1228.7285069954285,4502.633640477987,4212.096057057272,16268522.184646277,16019765.62456687,4,Good,540.0852910661993
PA-703,Corn,Tulare Lake,0.7,69173.71773,74.07582338,23.758,50510.94148700054,157746.32878893835,109427.6840509907,121738370.10703139,88893873.14992125,4,Good,540.0852910661993
PA-703,Cotton,Tulare Lake,0.7,88084.51718,3672.319284,0.832,32384.0453854206,330255.4309755829,115346.67778057673,269130759.92353684,98945229.22985898,4,Good,540.0852910661993
PA-703,Cucurbits,Tulare Lake,0.7,574.7683489,595.9977966,15.57477778,572.0820907471463,1403.6603102073434,1327.2450937068375,5335306.30362772,5310371.023034207,4,Good,540.0852910661993
PA-703,Dry Beans,Tulare Lake,0.7,308.5720237,1277.076004,1.45225,47.209421961308685,592.3910578429126,86.10021370740762,572288.0514465238,87556.18147165839,4,Good,540.0852910661993
PA-703,Grain,Tulare Lake,0.7,31555.67697,292.8121409,2.793,31871.23405832809,22578.861816350032,21664.417810679788,25806999.72985873,26065069.987739112,4,Good,540.0852910661993
PA-703,Lettuce,Tulare Lake,0.7,196.1429045,663.9499631,19.83133333,193.3253475471028,451.27826128268657,422.5559408006996,2582616.1798186786,2545517.370699571,4,Good,540.0852910661993
PA-703,Onions & Garlic,Tulare Lake,0.7,3524.112766,2162.612475,11.93,3514.682185717849,4417.933102712289,4185.805071271399,90921992.45652619,90678683.79808968,4,Good,540.0852910661993
PA-703,Other Deciduous,Tulare Lake,0.7,31591.61187,1854.689891,5.308,30955.337910026654,110639.2802610106,102990.39099760448,311009749.9765339,304745827.5776959,4,Good,540.0852910661993
PA-703,Pasture,Tulare Lake,0.7,2577.584631,151.2681487,4.75,5.4060933691375555e-22,12290.424322103543,5.406093369139461e-09,1852055.6624324778,3.884406244331723e-19,4,Good,540.0852910661993
PA-703,Safflower,Tulare Lake,0.7,12379.65608,565.3467595,1.069333333,5.408927608925648e-22,29615.947529148994,5.408927608926381e-09,7484048.471985846,3.2699354606515086e-19,4,Good,540.0852910661993
PA-703,Tomato Processing,Tulare Lake,0.7,23136.14043,95.74700826,53.694,20450.1942114912,51367.00094604367,43133.46390588996,118943820.19217958,105135263.61694723,4,Good,540.0852910661993
PA-703,Truck Crops,Tulare Lake,0.7,1862.014974,3503.050649,11.1523375,1854.4962243406326,3436.0777485785825,3251.0928079208943,72743717.19660413,72449980.67647395,4,Good,540.0852910661993
PA-703,Vineyard,Tulare Lake,0.7,89525.04853,1361.351528,11.57853123,88237.87970504971,358898.3976621925,336051.33033085096,1411134207.0163863,1390845271.2501714,4,Good,540.0852910661993
PA-703,Alfalfa,Tulare Lake,0.75,37507.88404,274.6972605,8.035,8.294563467323529e-22,169705.58172038852,8.294563467325364e-09,82787119.89827026,1.830769817729034e-18,8,Good,446.9186123051418
PA-703,Almonds & Pistachios,Tulare Lake,0.75,269742.4377,4828.718951,1.303,245736.54703373372,1016326.869171369,879584.3263070727,1697171078.3166378,1546130316.2644658,8,Good,446.9186123051418
PA-703,Citrus & Subtropical,Tulare Lake,0.75,1247.808329,740.3900908,17.6092,1233.3696122467761,4502.633640477987,4228.005821519355,16268522.184646277,16080274.85662444,8,Good,446.9186123051418
PA-703,Corn,Tulare Lake,0.75,69173.71773,74.07582338,23.758,57868.678143110395,157746.32878893835,125367.59842266113,121738370.10703139,101842705.41722481,8,Good,446.9186123051418
PA-703,Cotton,Tulare Lake,0.75,88084.51718,3672.319284,0.832,50456.408610778,330255.4309755829,179717.48238138613,269130759.92353684,154162979.22916275,8,Good,446.9186123051418
PA-703,Cucurbits,Tulare Lake,0.75,574.7683489,595.9977966,15.57477778,572.8572917136642,1403.6603102073434,1329.0435797951677,5335306.30362772,5317566.851773135,8,Good,446.9186123051418
PA-703,Dry Beans,Tulare Lake,0.75,308.5720237,1277.076004,1.45225,150.29925147903907,592.3910578429126,274.1147239930667,572288.0514465238,278750.0458772482,8,Good,446.9186123051418
PA-703,Grain,Tulare Lake,0.75,31555.67697,292.8121409,2.793,31871.23405835925,22578.861816350032,21664.41781070473,25806999.72985873,26065069.987764597,8,Good,446.9186123051418
PA-703,Lettuce,Tulare Lake,0.75,196.1429045,663.9499631,19.83133333,194.15946581674754,451.27826128268657,424.3790935085863,2582616.1798186786,2556500.2168267774,8,Good,446.9186123051418
PA-703,Onions & Garlic,Tulare Lake,0.75,3524.112766,2162.612475,11.93,3521.0571529546087,4417.933102712289,4193.397328207292,90921992.45652619,90843157.7413197,8,Good,446.9186123051418
PA-703,Other Deciduous,Tulare Lake,0.75,31591.61187,1854.689891,5.308,31113.978867568585,110639.2802610106,103518.1996195966,311009749.9765339,306307599.2512713,8,Good,446.9186123051418
PA-703,Pasture,Tulare Lake,0.75,2577.584631,151.2681487,4.75,8.294563528095294e-22,12290.424322103543,8.294563528097773e-09,1852055.6624324778,5.9598405285552e-19,8,Good,446.9186123051418
PA-703,Safflower,Tulare Lake,0.75,12379.65608,565.3467595,1.069333333,8.294563467381178e-22,29615.947529148994,8.294563467381897e-09,7484048.471985846,5.014429693578671e-19,8,Good,446.9186123051418
PA-703,Tomato Processing,Tulare Lake,0.75,23136.14043,95.74700826,53.694,21294.083110056446,51367.00094604367,44913.39083325645,118943820.19217958,109473730.08315898,8,Good,446.9186123051418
PA-703,Truck Crops,Tulare Lake,0.75,1862.014974,3503.050649,11.1523375,1857.129784881346,3436.0777485785825,3255.709668083625,72743717.19660413,72552866.52103955,8,Good,446.9186123051418
PA-703,Vineyard,Tulare Lake,0.75,89525.04853,1361.351528,11.57853123,88539.75345536026,358898.3976621925,337201.00749584235,1411134207.0163863,1395603541.5025554,8,Good,446.9186123051418
PA-703,Alfalfa,Tulare Lake,0.8,37507.88404,274.6972605,8.035,1.3949159600373976e-21,169705.58172038852,1.394915960037507e-08,82787119.89827026,3.0788480285497546e-18,7,Good,329.5919874687387
PA-703,Almonds & Pistachios,Tulare Lake,0.8,269742.4377,4828.718951,1.303,255359.59295246477,1016326.869171369,914028.8583216325,1697171078.3166378,1606676796.669404,7,Good,329.5919874687387
PA-703,Citrus & Subtropical,Tulare Lake,0.8,1247.808329,740.3900908,17.6092,1239.0314605073202,4502.633640477987,4247.414705262012,16268522.184646277,16154092.20652671,7,Good,329.5919874687387
PA-703,Corn,Tulare Lake,0.8,69173.71773,74.07582338,23.758,64491.20528957411,157746.32878893835,139714.7435533677,121738370.10703139,113497647.31216381,7,Good,329.5919874687387
PA-703,Cotton,Tulare Lake,0.8,88084.51718,3672.319284,0.832,67447.65317149929,330255.4309755829,240237.51896454886,269130759.92353684,206077512.07866418,7,Good,329.5919874687387
PA-703,Cucurbits,Tulare Lake,0.8,574.7683489,595.9977966,15.57477778,573.804679763222,1403.6603102073434,1331.2415443276732,5335306.30362772,5326361.012833781,7,Good,329.5919874687387
PA-703,Dry Beans,Tulare Lake,0.8,308.5720237,1277.076004,1.45225,256.39236396803653,592.3910578429126,467.6066007672593,572288.0514465238,475513.8998721728,7,Good,329.5919874687387
PA-703,Grain,Tulare Lake,0.8,31555.67697,292.8121409,2.793,31871.234058376114,22578.861816350032,21664.417810724113,25806999.72985873,26065069.987778388,7,Good,329.5919874687387
PA-703,Lettuce,Tulare Lake,0.8,196.1429045,663.9499631,19.83133333,195.19009653390637,451.27826128268657,426.6317682837911,2582616.1798186786,2570070.544911485,7,Good,329.5919874687387
PA-703,Onions & Garlic,Tulare Lake,0.8,3524.112766,2162.612475,11.93,3529.045466614899,4417.933102712289,4202.910997464179,90921992.45652619,91049255.96875685,7,Good,329.5919874687387
PA-703,Other Deciduous,Tulare Lake,0.8,31591.61187,1854.689891,5.308,31305.417243336407,110639.2802610106,104155.12735173198,311009749.9765339,308192251.46934956,7,Good,329.5919874687387
PA-703,Pasture,Tulare Lake,0.8,2577.584631,151.2681487,4.75,1.394915960036858e-21,12290.424322103543,1.3949159600371281e-08,1852055.6624324778,1.0022801856175787e-18,7,Good,329.5919874687387
PA-703,Safflower,Tulare Lake,0.8,12379.65608,565.3467595,1.069333333,4.954210309223432e-21,29615.947529148994,1.3949159600395129e-08,7484048.471985846,2.9950387841986115e-18,7,Good,329.5919874687387
PA-703,Tomato Processing,Tulare Lake,0.8,23136.14043,95.74700826,53.694,22300.85295835856,51367.00094604367,47036.86557703278,118943820.19217958,114649574.00464898,7,Good,329.5919874687387
PA-703,Truck Crops,Tulare Lake,0.8,1862.014974,3503.050649,11.1523375,1860.4303022475442,3436.0777485785825,3261.4957614417744,72743717.19660413,72681808.5033768,7,Good,329.5919874687387
PA-703,Vineyard,Tulare Lake,0.8,89525.04853,1361.351528,11.57853123,88909.09795488222,358898.3976621925,338607.64499472966,1411134207.0163863,1401425316.1455944,7,Good,329.5919874687387
PA-703,Alfalfa,Tulare Lake,0.85,37507.88404,274.6972605,8.035,8003.817523779074,169705.58172038852,34402.8436563701,82787119.89827026,17665965.91474838,2,Good,231.5965129790922
PA-703,Almonds & Pistachios,Tulare Lake,0.85,269742.4377,4828.718951,1.303,262787.4660644194,1016326.869171369,940616.0340834018,1697171078.3166378,1653411643.1641023,2,Good,231.5965129790922
PA-703,Citrus & Subtropical,Tulare Lake,0.85,1247.808329,740.3900908,17.6092,1243.6135373660393,4502.633640477987,4263.122119695827,16268522.184646277,16213831.845456325,2,Good,231.5965129790922
PA-703,Corn,Tulare Lake,0.85,69173.71773,74.07582338,23.758,68756.78971282572,157746.32878893835,148955.77155283839,121738370.10703139,121004621.23638566,2,Good,231.5965129790922
PA-703,Cotton,Tulare Lake,0.85,88084.51718,3672.319284,0.832,78681.50262197095,330255.4309755829,280250.654981912,269130759.92353684,240401074.67813674,2,Good,231.5965129790922
PA-703,Cucurbits,Tulare Lake,0.85,574.7683489,595.9977966,15.57477778,574.5727171224455,1403.6603102073434,1333.0234106732603,5335306.30362772,5333490.345149885,2,Good,231.5965129790922
PA-703,Dry Beans,Tulare Lake,0.85,308.5720237,1277.076004,1.45225,311.65774686672876,592.3910578429126,568.3992197017516,572288.0514465238,578010.9373945624,2,Good,231.5965129790922
PA-703,Grain,Tulare Lake,0.85,31555.67697,292.8121409,2.793,31871.23405841423,22578.861816350032,21664.41781076326,25806999.72985873,26065069.98780956,2,Good,231.5965129790922
PA-703,Lettuce,Tulare Lake,0.85,196.1429045,663.9499631,19.83133333,196.03461921706753,451.27826128268657,428.4776621823382,2582616.1798186786,2581190.38608706,2,Good,231.5965129790922
PA-703,Onions & Garlic,Tulare Lake,0.85,3524.112766,2162.612475,11.93,3535.683913955196,4417.933102712289,4210.817045605642,90921992.45652619,91220527.68991765,2,Good,231.5965129790922
PA-703,Other Deciduous,Tulare Lake,0.85,31591.61187,1854.689891,5.308,31458.745942293583,110639.2802610106,104665.2617493296,311009749.9765339,309701725.5830203,2,Good,231.5965129790922
PA-703,Pasture,Tulare Lake,0.85,2577.584631,151.2681487,4.75,2.2283457613706538e-21,12290.424322103543,2.2283457613707407e-08,1852055.6624324778,1.6011192554336463e-18,2,Good,231.5965129790922
PA-703,Safflower,Tulare Lake,0.85,12379.65608,565.3467595,1.069333333,1.8334758761530376e-07,29615.947529148994,4.5780120110563184e-07,7484048.471985846,0.00011084170869265417,2,Good,231.5965129790922
PA-703,Tomato Processing,Tulare Lake,0.85,23136.14043,95.74700826,53.694,23098.618892560746,51367.00094604367,48719.51014131672,118943820.19217958,118750920.47253914,2,Good,231.5965129790922
PA-703,Truck Crops,Tulare Lake,0.85,1862.014974,3503.050649,11.1523375,1863.1734918510474,3436.0777485785825,3266.3048108684206,72743717.19660413,72788977.24880596,2,Good,231.5965129790922
PA-703,Vineyard,Tulare Lake,0.85,89525.04853,1361.351528,11.57853123,89208.85075176234,358898.3976621925,339749.2445719163,1411134207.0163863,1406150154.973072,2,Good,231.5965129790922
PA-703,Alfalfa,Tulare Lake,0.9,37507.88404,274.6972605,8.035,20526.477268772505,169705.58172038852,88229.0464764723,82787119.89827026,45305886.43514929,2,Good,186.60888218558543
PA-703,Almonds & Pistachios,Tulare Lake,0.9,269742.4377,4828.718951,1.303,266033.3984678194,1016326.869171369,952234.4575566561,1697171078.3166378,1673834468.1529834,2,Good,186.60888218558543
PA-703,Citrus & Subtropical,Tulare Lake,0.9,1247.808329,740.3900908,17.6092,1245.6744917305514,4502.633640477987,4270.1870960148935,16268522.184646277,16240701.903157799,2,Good,186.60888218558543
PA-703,Corn,Tulare Lake,0.9,69173.71773,74.07582338,23.758,69865.45560554182,157746.32878893835,151357.6024721763,121738370.10703139,122955755.03693289,2,Good,186.60888218558543
PA-703,Cotton,Tulare Lake,0.9,88084.51718,3672.319284,0.832,83208.5039019909,330255.4309755829,296375.0937833437,269130759.92353684,254232736.9687626,2,Good,186.60888218558543
PA-703,Cucurbits,Tulare Lake,0.9,574.7683489,595.9977966,15.57477778,574.9185476850936,1403.6603102073434,1333.8257464728808,5335306.30362772,5336700.528842871,2,Good,186.60888218558543
PA-703,Dry Beans,Tulare Lake,0.9,308.5720237,1277.076004,1.45225,311.65774694381696,592.3910578429126,568.3992198843926,572288.0514465238,578010.9375375329,2,Good,186.60888218558543
PA-703,Grain,Tulare Lake,0.9,31555.67697,292.8121409,2.793,31871.234058371138,22578.861816350032,21664.417810776074,25806999.72985873,26065069.98777432,2,Good,186.60888218558543
PA-703,Lettuce,Tulare Lake,0.9,196.1429045,663.9499631,19.83133333,196.4175032767371,451.27826128268657,429.3145412790696,2582616.1798186786,2586231.8254907336,2,Good,186.60888218558543
PA-703,Onions & Garlic,Tulare Lake,0.9,3524.112766,2162.612475,11.93,3538.721298420056,4417.933102712289,4214.434413777341,90921992.45652619,91298892.10835113,2,Good,186.60888218558543
PA-703,Other Deciduous,Tulare Lake,0.9,31591.61187,1854.689891,5.308,31527.263350713303,110639.2802610106,104893.22355369135,311009749.9765339,310376258.4985723,2,Good,186.60888218558543
PA-703,Pasture,Tulare Lake,0.9,2577.584631,151.2681487,4.75,1.4721341857538862e-20,12290.424322103543,5.063132026895851e-08,1852055.6624324778,1.0577633113556184e-17,2,Good,186.60888218558543
PA-703,Safflower,Tulare Lake,0.9,12379.65608,565.3467595,1.069333333,12503.452765571212,29615.947529148994,28416.501653702795,7484048.471985846,7558889.032135407,2,Good,186.60888218558543
PA-703,Tomato Processing,Tulare Lake,0.9,23136.14043,95.74700826,53.694,23367.502067351954,51367.00094604367,49286.63740649937,118943820.19217958,120133259.59223075,2,Good,186.60888218558543
PA-703,Truck Crops,Tulare Lake,0.9,1862.014974,3503.050649,11.1523375,1864.4287417455853,3436.0777485785825,3268.5053729080278,72743717.19660413,72838016.35139877,2,Good,186.60888218558543
PA-703,Vineyard,Tulare Lake,0.9,89525.04853,1361.351528,11.57853123,89343.91706126819,358898.3976621925,340263.6405790254,1411134207.0163863,1408279131.0829852,2,Good,186.60888218558543
PA-703,Alfalfa,Tulare Lake,0.95,37507.88404,274.6972605,8.035,37648.24426774357,169705.58172038852,161823.61201162852,82787119.89827026,83096921.93857634,2,Good,16.041774451708033
PA-703,Almonds & Pistachios,Tulare Lake,0.95,269742.4377,4828.718951,1.303,270024.1587155541,1016326.869171369,968782.4563272092,1697171078.3166378,1698943616.460169,2,Good,16.041774451708033
PA-703,Citrus & Subtropical,Tulare Lake,0.95,1247.808329,740.3900908,17.6092,1248.0331854523724,4502.633640477987,4292.157876473182,16268522.184646277,16271453.790485704,2,Good,16.041774451708033
PA-703,Corn,Tulare Lake,0.95,69173.71773,74.07582338,23.758,69839.32517171321,157746.32878893835,151341.5847647393,121738370.10703139,122909768.2585888,2,Good,16.041774451708033
PA-703,Cotton,Tulare Lake,0.95,88084.51718,3672.319284,0.832,88460.72247447364,330255.4309755829,315233.9354473511,269130759.92353684,270280206.160292,2,Good,16.041774451708033
PA-703,Cucurbits,Tulare Lake,0.95,574.7683489,595.9977966,15.57477778,574.8853642123937,1403.6603102073434,1338.1276788561381,5335306.30362772,5336392.502154536,2,Good,16.041774451708033
PA-703,Dry Beans,Tulare Lake,0.95,308.5720237,1277.076004,1.45225,311.6577468009624,592.3910578429126,569.0038287397607,572288.0514465238,578010.93727259,2,Good,16.041774451708033
PA-703,Grain,Tulare Lake,0.95,31555.67697,292.8121409,2.793,31871.234058256483,22578.861816350032,21697.7938113729,25806999.72985873,26065069.98768055,2,Good,16.041774451708033
PA-703,Lettuce,Tulare Lake,0.95,196.1429045,663.9499631,19.83133333,196.28943146027882,451.27826128268657,430.5469587797372,2582616.1798186786,2584545.502214309,2,Good,16.041774451708033
PA-703,Onions & Garlic,Tulare Lake,0.95,3524.112766,2162.612475,11.93,3527.198886718638,4417.933102712289,4216.952433973095,90921992.45652619,91001614.26869038,2,Good,16.041774451708033
PA-703,Other Deciduous,Tulare Lake,0.95,31591.61187,1854.689891,5.308,31600.02192605126,110639.2802610106,105453.5385572129,311009749.9765339,311092544.40438884,2,Good,16.041774451708033
PA-703,Pasture,Tulare Lake,0.95,2577.584631,151.2681487,4.75,504.4062324113088,12290.424322103543,2284.851550678016,1852055.6624324778,362427.83560560294,2,Good,16.041774451708033
PA-703,Safflower,Tulare Lake,0.95,12379.65608,565.3467595,1.069333333,12503.452765584323,29615.947529148994,28416.501656955155,7484048.471985846,7558889.032143334,2,Good,16.041774451708033
PA-703,Tomato Processing,Tulare Lake,0.95,23136.14043,95.74700826,53.694,23281.87799065214,51367.00094604367,49244.24913355588,118943820.19217958,119693062.80081181,2,Good,16.041774451708033
PA-703,Truck Crops,Tulare Lake,0.95,1862.014974,3503.050649,11.1523375,1862.7287732558045,3436.0777485785825,3278.162102554642,72743717.19660413,72771603.33711559,2,Good,16.041774451708033
PA-703,Vineyard,Tulare Lake,0.95,89525.04853,1361.351528,11.57853123,89533.45761673687,358898.3976621925,342113.2184078721,1411134207.0163863,1411266754.8355608,2,Good,16.041774451708033
PA-703,Alfalfa,Tulare Lake,1.0,37507.88404,274.6972605,8.035,37507.881908834446,169705.58172038852,169705.52161029715,82787119.89827026,82787115.19437766,2,Good,7.850184793916257e-05
PA-703,Almonds & Pistachios,Tulare Lake,1.0,269742.4377,4828.718951,1.303,269742.4379603515,1016326.869171369,1016326.5905158259,1697171078.3166378,1697171079.9547226,2,Good,7.850184793916257e-05
PA-703,Citrus & Subtropical,Tulare Lake,1.0,1247.808329,740.3900908,17.6092,1247.8083293324542,4502.633640477987,4502.6324236891005,16268522.184646277,16268522.188980708,2,Good,7.850184793916257e-05
PA-703,Corn,Tulare Lake,1.0,69173.71773,74.07582338,23.758,69173.72004974789,157746.32878893835,157746.28905931293,121738370.10703139,121738374.18954042,2,Good,7.850184793916257e-05
PA-703,Cotton,Tulare Lake,1.0,88084.51718,3672.319284,0.832,88084.51755655759,330255.4309755829,330255.3384788684,269130759.92353684,269130761.0740595,2,Good,7.850184793916257e-05
PA-703,Cucurbits,Tulare Lake,1.0,574.7683489,595.9977966,15.57477778,574.768349284347,1403.6603102073434,1403.6599321635988,5335306.30362772,5335306.307195434,2,Good,7.850184793916257e-05
PA-703,Dry Beans,Tulare Lake,1.0,308.5720237,1277.076004,1.45225,308.57208684859626,592.3910578429126,592.3910130158954,572288.0514465238,572288.1685640338,2,Good,7.850184793916257e-05
PA-703,Grain,Tulare Lake,1.0,31555.67697,292.8121409,2.793,31555.696542163754,22578.861816350032,22578.869519254833,25806999.72985873,25807015.736450035,2,Good,7.850184793916257e-05
PA-703,Lettuce,Tulare Lake,1.0,196.1429045,663.9499631,19.83133333,196.1429049844124,451.27826128268657,451.2781415412647,2582616.1798186786,2582616.1861969433,2,Good,7.850184793916257e-05
PA-703,Onions & Garlic,Tulare Lake,1.0,3524.112766,2162.612475,11.93,3524.112778052621,4417.933102712289,4417.931936425313,90921992.45652619,90921992.7674834,2,Good,7.850184793916257e-05
PA-703,Other Deciduous,Tulare Lake,1.0,31591.61187,1854.689891,5.308,31591.611885371363,110639.2802610106,110639.25025038228,311009749.9765339,311009750.12786025,2,Good,7.850184793916257e-05
PA-703,Pasture,Tulare Lake,1.0,2577.584631,151.2681487,4.75,2577.3399826364694,12290.424322103543,12289.252882850371,1852055.6624324778,1851879.8767835672,2,Good,7.850184793916257e-05
PA-703,Safflower,Tulare Lake,1.0,12379.65608,565.3467595,1.069333333,12379.879832369983,29615.947529148994,29616.47295996777,7484048.471985846,7484183.74016873,2,Good,7.850184793916257e-05
PA-703,Tomato Processing,Tulare Lake,1.0,23136.14043,95.74700826,53.694,23136.140938069442,51367.00094604367,51366.98806195871,118943820.19217958,118943822.80418482,2,Good,7.850184793916257e-05
PA-703,Truck Crops,Tulare Lake,1.0,1862.014974,3503.050649,11.1523375,1862.0149766179431,3436.0777485785825,3436.076834777386,72743717.19660413,72743717.29887986,2,Good,7.850184793916257e-05
PA-703,Vineyard,Tulare Lake,1.0,89525.04853,1361.351528,11.57853123,89525.04852585803,358898.3976621925,358898.3006200556,1411134207.0163863,1411134206.9510987,2,Good,7.850184793916257e-05
PA-704,Alfalfa,Tulare Lake,0.5,2320.394205,264.3208289,7.71,4.619531737937048e-21,10498.69536655802,4.619531737939496e-08,4728762.886427148,9.414206511961625e-18,6,Good,1491.664350185474
PA-704,Almonds & Pistachios,Tulare Lake,0.5,50706.4314,4677.730953,1.32,7220.9509228567595,191050.0591268839,25846.522747468174,313092177.65225554,44586518.6473621,6,Good,1491.664350185474
PA-704,Citrus & Subtropical,Tulare Lake,0.5,15428.8221,582.7211706,16.474,13963.106675996214,55673.88180209063,47865.69713262293,148112812.8058516,134042313.26835795,6,Good,1491.664350185474
PA-704,Corn,Tulare Lake,0.5,3875.849326,71.20221765,20.602,4.6195317379380565e-21,8838.631523348384,4.619531737939551e-08,5685514.724276808,6.776428469270905e-18,6,Good,1491.664350185474
PA-704,Cotton,Tulare Lake,0.5,109.1452963,3437.601669,0.83,4.619531737937553e-21,409.218646165192,4.619531737939888e-08,311414.383761235,1.3180491310236061e-17,6,Good,1491.664350185474
PA-704,Cucurbits,Tulare Lake,0.5,173.6653727,485.0643584,17.348,169.49201075257275,424.1138040792975,393.225803364565,1461376.1350849683,1426257.726284053,6,Good,1491.664350185474
PA-704,Grain,Tulare Lake,0.5,4084.989811,303.3376661,2.872,4.619531737938641e-21,2922.9105289502786,4.6195317379393074e-08,3558785.0226932494,4.024470346673321e-18,6,Good,1491.664350185474
PA-704,Lettuce,Tulare Lake,0.5,57.34568646,703.180068,19.4,53.90935510463962,131.93881136664265,117.830996109152,782292.26786632,735414.8893733427,6,Good,1491.664350185474
PA-704,Onions & Garlic,Tulare Lake,0.5,187.8829398,2365.602184,7.666,181.98779123554547,235.53566934223358,216.7380660368392,3407201.9400468725,3300295.1519848197,6,Good,1491.664350185474
PA-704,Other Deciduous,Tulare Lake,0.5,6387.297921,1789.318413,4.821,5700.771439477328,22369.42032904538,18966.83154446498,55098774.046303816,49176587.865218416,6,Good,1491.664350185474
PA-704,Pasture,Tulare Lake,0.5,2594.801811,144.0357631,5.0,4.619531737936858e-21,12372.519181486661,4.6195317379393035e-08,1868721.2947032345,3.3268888951920225e-18,6,Good,1491.664350185474
PA-704,Tomato Processing,Tulare Lake,0.5,38.81376533,92.82856275,51.238,9.443542649551013,86.17455994693006,19.91828062887267,184611.8487755026,44916.79311969295,6,Good,1491.664350185474
PA-704,Truck Crops,Tulare Lake,0.5,4909.182496,4201.383202,4.428,4705.031081370199,9059.182108498484,8248.327771685126,91329080.23916498,87531103.50009365,6,Good,1491.664350185474
PA-704,Vineyard,Tulare Lake,0.5,35000.39906,1492.225912,10.09376385,32957.558632474116,140313.659098011,125517.8780352168,527182169.5422022,496412547.55116606,6,Good,1491.664350185474
PA-704,Alfalfa,Tulare Lake,0.55,2320.394205,264.3208289,7.71,3.8819456345244965e-21,10498.69536655802,3.88194563452653e-08,4728762.886427148,7.911069767417958e-18,2,Good,1428.715575859164
PA-704,Almonds & Pistachios,Tulare Lake,0.55,50706.4314,4677.730953,1.32,13297.06561254025,191050.0591268839,47595.24230261882,313092177.65225554,82104125.9278039,2,Good,1428.715575859164
PA-704,Citrus & Subtropical,Tulare Lake,0.55,15428.8221,582.7211706,16.474,14061.230658369059,55673.88180209063,48202.06732090399,148112812.8058516,134984278.82728118,2,Good,1428.715575859164
PA-704,Corn,Tulare Lake,0.55,3875.849326,71.20221765,20.602,3.8819456339988335e-21,8838.631523348384,3.881945634000063e-08,5685514.724276808,5.69445744778739e-18,2,Good,1428.715575859164
PA-704,Cotton,Tulare Lake,0.55,109.1452963,3437.601669,0.83,3.881945633999123e-21,409.218646165192,3.8819456340010485e-08,311414.383761235,1.1076003716034199e-17,2,Good,1428.715575859164
PA-704,Cucurbits,Tulare Lake,0.55,173.6653727,485.0643584,17.348,169.7506608751174,424.1138040792975,393.82587826172863,1461376.1350849683,1428434.2402922688,2,Good,1428.715575859164
PA-704,Grain,Tulare Lake,0.55,4084.989811,303.3376661,2.872,7.32361729015623e-18,2922.9105289502786,3.881944842267066e-08,3558785.0226932494,6.380231219662475e-15,2,Good,1428.715575859164
PA-704,Lettuce,Tulare Lake,0.55,57.34568646,703.180068,19.4,54.10024761663937,131.93881136664265,118.24823453415979,782292.26786632,738018.986478975,2,Good,1428.715575859164
PA-704,Onions & Garlic,Tulare Lake,0.55,187.8829398,2365.602184,7.666,182.3413951342175,235.53566934223358,217.15919002111585,3407201.9400468725,3306707.6548488154,2,Good,1428.715575859164
PA-704,Other Deciduous,Tulare Lake,0.55,6387.297921,1789.318413,4.821,5749.213570903284,22369.42032904538,19128.001616992733,55098774.046303816,49594464.4206527,2,Good,1428.715575859164
PA-704,Pasture,Tulare Lake,0.55,2594.801811,144.0357631,5.0,3.881945633998481e-21,12372.519181486661,3.881945634000517e-08,1868721.2947032345,2.795695008528422e-18,2,Good,1428.715575859164
PA-704,Tomato Processing,Tulare Lake,0.55,38.81376533,92.82856275,51.238,11.88345718399766,86.17455994693006,25.064538129458278,184611.8487755026,56521.88036718714,2,Good,1428.715575859164
PA-704,Truck Crops,Tulare Lake,0.55,4909.182496,4201.383202,4.428,4716.23974223887,9059.182108498484,8267.977526828307,91329080.23916498,87739626.34247781,2,Good,1428.715575859164
PA-704,Vineyard,Tulare Lake,0.55,35000.39906,1492.225912,10.09376385,33074.87680621961,140313.659098011,125964.68079714023,527182169.5422022,498179614.52819836,2,Good,1428.715575859164
PA-704,Alfalfa,Tulare Lake,0.6,2320.394205,264.3208289,7.71,5.687228523026879e-21,10498.69536655802,5.687228523025634e-08,4728762.886427148,1.1590080301169945e-17,2,Good,1344.974125854731
PA-704,Almonds & Pistachios,Tulare Lake,0.6,50706.4314,4677.730953,1.32,19299.221006628177,191050.0591268839,69079.23348059983,313092177.65225554,119165063.78237005,2,Good,1344.974125854731
PA-704,Citrus & Subtropical,Tulare Lake,0.6,15428.8221,582.7211706,16.474,14184.742390233396,55673.88180209063,48625.4670188331,148112812.8058516,136169960.39794037,2,Good,1344.974125854731
PA-704,Corn,Tulare Lake,0.6,3875.849326,71.20221765,20.602,5.687308897624082e-21,8838.631523348384,5.687308897621573e-08,5685514.724276808,8.342759421023018e-18,2,Good,1344.974125854731
PA-704,Cotton,Tulare Lake,0.6,109.1452963,3437.601669,0.83,5.6873088976240566e-21,409.218646165192,5.687308897622019e-08,311414.383761235,1.6227083123630536e-17,2,Good,1344.974125854731
PA-704,Cucurbits,Tulare Lake,0.6,173.6653727,485.0643584,17.348,170.0832213696249,424.1138040792975,394.5974271404027,1461376.1350849683,1431232.702430054,2,Good,1344.974125854731
PA-704,Grain,Tulare Lake,0.6,4084.989811,303.3376661,2.872,1.8449260797395003e-17,2922.9105289502786,5.68730891334643e-08,3558785.0226932494,1.6072733603577416e-14,2,Good,1344.974125854731
PA-704,Lettuce,Tulare Lake,0.6,57.34568646,703.180068,19.4,54.350317112912535,131.93881136664265,118.79481756786707,782292.26786632,741430.3578556203,2,Good,1344.974125854731
PA-704,Onions & Garlic,Tulare Lake,0.6,187.8829398,2365.602184,7.666,182.809296350456,235.53566934223358,217.71643623783905,3407201.9400468725,3315192.9060026202,2,Good,1344.974125854731
PA-704,Other Deciduous,Tulare Lake,0.6,6387.297921,1789.318413,4.821,5809.565525034585,22369.42032904538,19328.796432158666,55098774.046303816,50115078.72815206,2,Good,1344.974125854731
PA-704,Pasture,Tulare Lake,0.6,2594.801811,144.0357631,5.0,5.6873081038127154e-21,12372.519181486661,5.687308103811786e-08,1868721.2947032345,4.095878813587392e-18,2,Good,1344.974125854731
PA-704,Tomato Processing,Tulare Lake,0.6,38.81376533,92.82856275,51.238,14.837955631779124,86.17455994693006,31.296153889692487,184611.8487755026,70574.50875847877,2,Good,1344.974125854731
PA-704,Truck Crops,Tulare Lake,0.6,4909.182496,4201.383202,4.428,4731.031548428858,9059.182108498484,8293.9088466641,91329080.23916498,88014809.03440426,2,Good,1344.974125854731
PA-704,Vineyard,Tulare Lake,0.6,35000.39906,1492.225912,10.09376385,33226.40038430593,140313.659098011,126541.75382001864,527182169.5422022,500461889.3244202,2,Good,1344.974125854731
PA-704,Alfalfa,Tulare Lake,0.65,2320.394205,264.3208289,7.71,5.418636247601439e-19,10498.69536655802,5.4186362473096e-06,4728762.886427148,1.104271245269144e-15,3,Good,1234.2687146035498
PA-704,Almonds & Pistachios,Tulare Lake,0.65,50706.4314,4677.730953,1.32,25214.69626126494,191050.0591268839,90252.96356249534,313092177.65225554,155690786.02679238,3,Good,1234.2687146035498
PA-704,Citrus & Subtropical,Tulare Lake,0.65,15428.8221,582.7211706,16.474,14337.157549303878,55673.88180209063,49147.948017654024,148112812.8058516,137633107.60242984,3,Good,1234.2687146035498
PA-704,Corn,Tulare Lake,0.65,3875.849326,71.20221765,20.602,5.418636247602677e-19,8838.631523348384,5.4186362473096625e-06,5685514.724276808,7.948641337675429e-16,3,Good,1234.2687146035498
PA-704,Cotton,Tulare Lake,0.65,109.1452963,3437.601669,0.83,5.41863624760275e-19,409.218646165192,5.418636247310056e-06,311414.383761235,1.5460503797024382e-15,3,Good,1234.2687146035498
PA-704,Cucurbits,Tulare Lake,0.65,173.6653727,485.0643584,17.348,170.50417778922719,424.1138040792975,395.5740624672518,1461376.1350849683,1434775.0071276075,3,Good,1234.2687146035498
PA-704,Grain,Tulare Lake,0.65,4084.989811,303.3376661,2.872,6.448287985445944e-05,2922.9105289502786,5.009177950158223e-05,3558785.0226932494,0.05617656779173262,3,Good,1234.2687146035498
PA-704,Lettuce,Tulare Lake,0.65,57.34568646,703.180068,19.4,54.67434780783334,131.93881136664265,119.50306504251559,782292.26786632,745850.6852217373,3,Good,1234.2687146035498
PA-704,Onions & Garlic,Tulare Lake,0.65,187.8829398,2365.602184,7.666,183.42352234317585,235.53566934223358,218.44795335126403,3407201.9400468725,3326331.714008552,3,Good,1234.2687146035498
PA-704,Other Deciduous,Tulare Lake,0.65,6387.297921,1789.318413,4.821,5883.159864280837,22369.42032904538,19573.64951602263,55098774.046303816,50749925.87625274,3,Good,1234.2687146035498
PA-704,Pasture,Tulare Lake,0.65,2594.801811,144.0357631,5.0,5.418636247600868e-19,12372.519181486661,5.418636247309377e-06,1868721.2947032345,3.902387034422558e-16,3,Good,1234.2687146035498
PA-704,Tomato Processing,Tulare Lake,0.65,38.81376533,92.82856275,51.238,18.328629300843925,86.17455994693006,38.65867381748264,184611.8487755026,87177.37410893045,3,Good,1234.2687146035498
PA-704,Truck Crops,Tulare Lake,0.65,4909.182496,4201.383202,4.428,4750.381155737047,9059.182108498484,8327.830393040535,91329080.23916498,88374783.804111,3,Good,1234.2687146035498
PA-704,Vineyard,Tulare Lake,0.65,35000.39906,1492.225912,10.09376385,33419.26846163759,140313.659098011,127276.2861399465,527182169.5422022,503366902.2435254,3,Good,1234.2687146035498
PA-704,Alfalfa,Tulare Lake,0.7,2320.394205,264.3208289,7.71,5.380437667384728e-19,10498.69536655802,5.380437667096932e-06,4728762.886427148,1.0964867046917816e-15,12,Good,1089.3092962460782
PA-704,Almonds & Pistachios,Tulare Lake,0.7,50706.4314,4677.730953,1.32,31017.85190380074,191050.0591268839,111024.6591361051,313092177.65225554,191522979.04869193,12,Good,1089.3092962460782
PA-704,Citrus & Subtropical,Tulare Lake,0.7,15428.8221,582.7211706,16.474,14520.680040965432,55673.88180209063,49777.06531989347,148112812.8058516,139394877.37830478,12,Good,1089.3092962460782
PA-704,Corn,Tulare Lake,0.7,3875.849326,71.20221765,20.602,1.684417634698396e-06,8838.631523348384,1.2902884563807057e-05,5685514.724276808,0.0024708858519515223,12,Good,1089.3092962460782
PA-704,Cotton,Tulare Lake,0.7,109.1452963,3437.601669,0.83,5.380437667391458e-19,409.218646165192,5.380437667102756e-06,311414.383761235,1.5351515249461536e-15,12,Good,1089.3092962460782
PA-704,Cucurbits,Tulare Lake,0.7,173.6653727,485.0643584,17.348,171.02622755488756,424.1138040792975,396.78523128608236,1461376.1350849683,1439168.0018680193,12,Good,1089.3092962460782
PA-704,Grain,Tulare Lake,0.7,4084.989811,303.3376661,2.872,81.19468473894925,2922.9105289502786,55.19195627782919,3558785.0226932494,70735.65451575437,12,Good,1089.3092962460782
PA-704,Lettuce,Tulare Lake,0.7,57.34568646,703.180068,19.4,55.08786180138505,131.93881136664265,120.40689269265619,782292.26786632,751491.7163049673,12,Good,1089.3092962460782
PA-704,Onions & Garlic,Tulare Lake,0.7,187.8829398,2365.602184,7.666,184.2204711490379,235.53566934223358,219.3970782443116,3407201.9400468725,3340784.1465729014,12,Good,1089.3092962460782
PA-704,Other Deciduous,Tulare Lake,0.7,6387.297921,1789.318413,4.821,5970.607648486404,22369.42032904538,19864.5938925104,55098774.046303816,51504277.052976646,12,Good,1089.3092962460782
PA-704,Pasture,Tulare Lake,0.7,2594.801811,144.0357631,5.0,5.380437667384103e-19,12372.519181486661,5.380437667096681e-06,1868721.2947032345,3.8748772261682663e-16,12,Good,1089.3092962460782
PA-704,Tomato Processing,Tulare Lake,0.7,38.81376533,92.82856275,51.238,22.339057781899456,86.17455994693006,47.117452758295606,184611.8487755026,106252.37520647515,12,Good,1089.3092962460782
PA-704,Truck Crops,Tulare Lake,0.7,4909.182496,4201.383202,4.428,4775.373359757502,9059.182108498484,8371.643895423735,91329080.23916498,88839731.89031425,12,Good,1089.3092962460782
PA-704,Vineyard,Tulare Lake,0.7,35000.39906,1492.225912,10.09376385,33660.05056699991,140313.659098011,128193.2975991672,527182169.5422022,506993604.684096,12,Good,1089.3092962460782
PA-704,Alfalfa,Tulare Lake,0.75,2320.394205,264.3208289,7.71,1.0828949355895519e-17,10498.69536655802,4.216258570677118e-08,4728762.886427148,2.206846306667013e-14,3,Good,915.5759319325934
PA-704,Almonds & Pistachios,Tulare Lake,0.75,50706.4314,4677.730953,1.32,36311.40181205982,191050.0591268839,129972.28245318597,313092177.65225554,224208558.02808213,3,Good,915.5759319325934
PA-704,Citrus & Subtropical,Tulare Lake,0.75,15428.8221,582.7211706,16.474,14720.568986978651,55673.88180209063,50462.28701824687,148112812.8058516,141313761.0008475,3,Good,915.5759319325934
PA-704,Corn,Tulare Lake,0.75,3875.849326,71.20221765,20.602,2.1502352949549255e-17,8838.631523348384,4.216258575142833e-08,5685514.724276808,3.1541975453268465e-14,3,Good,915.5759319325934
PA-704,Cotton,Tulare Lake,0.75,109.1452963,3437.601669,0.83,1.3071916405852276e-17,409.218646165192,4.216258573338836e-08,311414.383761235,3.7296914572642603e-14,3,Good,915.5759319325934
PA-704,Cucurbits,Tulare Lake,0.75,173.6653727,485.0643584,17.348,171.6131754579808,424.1138040792975,398.14695977228274,1461376.1350849683,1444107.1077172915,3,Good,915.5759319325934
PA-704,Grain,Tulare Lake,0.75,4084.989811,303.3376661,2.872,2539.7479448507247,2922.9105289502786,1726.3893990457389,3558785.0226932494,2212592.28681849,3,Good,915.5759319325934
PA-704,Lettuce,Tulare Lake,0.75,57.34568646,703.180068,19.4,55.56824158197545,131.93881136664265,121.45686485558238,782292.26786632,758044.9099485261,3,Good,915.5759319325934
PA-704,Onions & Garlic,Tulare Lake,0.75,187.8829398,2365.602184,7.666,185.1648797831089,235.53566934223358,220.5218145074174,3407201.9400468725,3357910.719819142,3,Good,915.5759319325934
PA-704,Other Deciduous,Tulare Lake,0.75,6387.297921,1789.318413,4.821,6064.561727627848,22369.42032904538,20177.185123113133,55098774.046303816,52314753.508180484,3,Good,915.5759319325934
PA-704,Pasture,Tulare Lake,0.75,2594.801811,144.0357631,5.0,1.0274191808426341e-17,12372.519181486661,4.216258569770518e-08,1868721.2947032345,7.399255286812284e-15,3,Good,915.5759319325934
PA-704,Tomato Processing,Tulare Lake,0.75,38.81376533,92.82856275,51.238,26.50742261393869,86.17455994693006,55.909344717124256,184611.8487755026,126078.57685094081,3,Good,915.5759319325934
PA-704,Truck Crops,Tulare Lake,0.75,4909.182496,4201.383202,4.428,4804.8271933106,9059.182108498484,8423.279015868191,91329080.23916498,89387682.90458469,3,Good,915.5759319325934
PA-704,Vineyard,Tulare Lake,0.75,35000.39906,1492.225912,10.09376385,33932.78473342935,140313.659098011,129231.9975232938,527182169.5422022,511101574.6909543,3,Good,915.5759319325934
PA-704,Alfalfa,Tulare Lake,0.8,2320.394205,264.3208289,7.71,5.196222590560239e-19,10498.69536655802,5.196222590291545e-06,4728762.886427148,1.0589452638223423e-15,2,Good,687.7328684369887
PA-704,Almonds & Pistachios,Tulare Lake,0.8,50706.4314,4677.730953,1.32,41652.40499007764,191050.0591268839,149089.75903630455,313092177.65225554,257187142.19745076,2,Good,687.7328684369887
PA-704,Citrus & Subtropical,Tulare Lake,0.8,15428.8221,582.7211706,16.474,14955.733785786222,55673.88180209063,51268.434774355395,148112812.8058516,143571283.940613,2,Good,687.7328684369887
PA-704,Corn,Tulare Lake,0.8,3875.849326,71.20221765,20.602,5.196222696313776e-19,8838.631523348384,5.196222696043866e-06,5685514.724276808,7.62238110040331e-16,2,Good,687.7328684369887
PA-704,Cotton,Tulare Lake,0.8,109.1452963,3437.601669,0.83,1.1979082943180636e-05,409.218646165192,4.878846666993285e-05,311414.383761235,0.034178831880410765,2,Good,687.7328684369887
PA-704,Cucurbits,Tulare Lake,0.8,173.6653727,485.0643584,17.348,172.3272990279586,424.1138040792975,399.8037504060692,1461376.1350849683,1450116.3836393836,2,Good,687.7328684369887
PA-704,Grain,Tulare Lake,0.8,4084.989811,303.3376661,2.872,4125.83929815218,2922.9105289502786,2804.5323376449646,3558785.0226932494,3594372.514899574,2,Good,687.7328684369887
PA-704,Lettuce,Tulare Lake,0.8,57.34568646,703.180068,19.4,56.174779572045075,131.93881136664265,122.78259544985886,782292.26786632,766319.1151955,2,Good,687.7328684369887
PA-704,Onions & Garlic,Tulare Lake,0.8,187.8829398,2365.602184,7.666,186.38612223988264,235.53566934223358,221.97625691315912,3407201.9400468725,3380057.5931457807,2,Good,687.7328684369887
PA-704,Other Deciduous,Tulare Lake,0.8,6387.297921,1789.318413,4.821,6173.582049273781,22369.42032904538,20539.902718417477,55098774.046303816,53255195.95240644,2,Good,687.7328684369887
PA-704,Pasture,Tulare Lake,0.8,2594.801811,144.0357631,5.0,5.196222590555905e-19,12372.519181486661,5.196222590287703e-06,1868721.2947032345,3.742209430340893e-16,2,Good,687.7328684369887
PA-704,Tomato Processing,Tulare Lake,0.8,38.81376533,92.82856275,51.238,31.19216622759706,86.17455994693006,65.79039197995122,184611.8487755026,148360.8566607853,2,Good,687.7328684369887
PA-704,Truck Crops,Tulare Lake,0.8,4909.182496,4201.383202,4.428,4842.660245024711,9059.182108498484,8489.603644216091,91329080.23916498,90091518.58771643,2,Good,687.7328684369887
PA-704,Vineyard,Tulare Lake,0.8,35000.39906,1492.225912,10.09376385,34267.34674709583,140313.659098011,130506.16696896902,527182169.5422022,516140806.61253184,2,Good,687.7328684369887
PA-704,Alfalfa,Tulare Lake,0.85,2320.394205,264.3208289,7.71,7.423672296509514e-22,10498.69536655802,7.42367229651136e-09,4728762.886427148,1.5128802666843235e-18,2,Good,471.7562024930643
PA-704,Almonds & Pistachios,Tulare Lake,0.85,50706.4314,4677.730953,1.32,45676.53329853906,191050.0591268839,163493.6408703047,313092177.65225554,282034544.3999311,2,Good,471.7562024930643
PA-704,Citrus & Subtropical,Tulare Lake,0.85,15428.8221,582.7211706,16.474,15155.76452151593,55673.88180209063,51954.14252952162,148112812.8058516,145491528.70878303,2,Good,471.7562024930643
PA-704,Corn,Tulare Lake,0.85,3875.849326,71.20221765,20.602,2744.868628341475,8838.631523348384,5946.525805738314,5685514.724276808,4026469.991481021,2,Good,471.7562024930643
PA-704,Cotton,Tulare Lake,0.85,109.1452963,3437.601669,0.83,49.92658109810016,409.218646165192,177.8303233803616,311414.383761235,142450.98976354316,2,Good,471.7562024930643
PA-704,Cucurbits,Tulare Lake,0.85,173.6653727,485.0643584,17.348,172.9539769959458,424.1138040792975,401.2576536237864,1461376.1350849683,1455389.8138722605,2,Good,471.7562024930643
PA-704,Grain,Tulare Lake,0.85,4084.989811,303.3376661,2.872,4125.83975030986,2922.9105289502786,2804.532639294907,3558785.0226932494,3594372.9088129145,2,Good,471.7562024930643
PA-704,Lettuce,Tulare Lake,0.85,57.34568646,703.180068,19.4,56.726968462495535,131.93881136664265,123.98952250419596,782292.26786632,773851.9066932944,2,Good,471.7562024930643
PA-704,Onions & Garlic,Tulare Lake,0.85,187.8829398,2365.602184,7.666,187.5261642987941,235.53566934223358,223.33398245074227,3407201.9400468725,3400731.9211022896,2,Good,471.7562024930643
PA-704,Other Deciduous,Tulare Lake,0.85,6387.297921,1789.318413,4.821,6265.184014447705,22369.42032904538,20844.66831523161,55098774.046303816,54045382.357321344,2,Good,471.7562024930643
PA-704,Pasture,Tulare Lake,0.85,2594.801811,144.0357631,5.0,7.423672296507255e-22,12372.519181486661,7.423672296509592e-09,1868721.2947032345,5.34637152115876e-19,2,Good,471.7562024930643
PA-704,Tomato Processing,Tulare Lake,0.85,38.81376533,92.82856275,51.238,35.022534697459754,86.17455994693006,73.86938339319447,184611.8487755026,166579.42934242584,2,Good,471.7562024930643
PA-704,Truck Crops,Tulare Lake,0.85,4909.182496,4201.383202,4.428,4877.725151856425,9059.182108498484,8551.075462990402,91329080.23916498,90743856.46519844,2,Good,471.7562024930643
PA-704,Vineyard,Tulare Lake,0.85,35000.39906,1492.225912,10.09376385,34563.27032753283,140313.659098011,131633.18308393905,527182169.5422022,520598059.653734,2,Good,471.7562024930643
PA-704,Alfalfa,Tulare Lake,0.9,2320.394205,264.3208289,7.71,720.057155280125,10498.69536655802,3095.0248007965065,4728762.886427148,1467414.2629118338,7,Good,207.42559213917298
PA-704,Almonds & Pistachios,Tulare Lake,0.9,50706.4314,4677.730953,1.32,49713.920140218266,191050.0591268839,177944.98003028188,313092177.65225554,306963812.80602723,7,Good,207.42559213917298
PA-704,Citrus & Subtropical,Tulare Lake,0.9,15428.8221,582.7211706,16.474,15376.198336225954,55673.88180209063,52709.7922898441,148112812.8058516,147607637.905105,7,Good,207.42559213917298
PA-704,Corn,Tulare Lake,0.9,3875.849326,71.20221765,20.602,3914.6078515030076,8838.631523348384,8480.666931745307,5685514.724276808,5742369.918817105,7,Good,207.42559213917298
PA-704,Cotton,Tulare Lake,0.9,109.1452963,3437.601669,0.83,99.77042416937208,409.218646165192,355.3659474370115,311414.383761235,284665.9106124212,7,Good,207.42559213917298
PA-704,Cucurbits,Tulare Lake,0.9,173.6653727,485.0643584,17.348,173.66408983979684,424.1138040792975,402.9051336255526,1461376.1350849683,1461365.3399491482,7,Good,207.42559213917298
PA-704,Grain,Tulare Lake,0.9,4084.989811,303.3376661,2.872,4125.839750341258,2922.9105289502786,2804.532639343931,3558785.0226932494,3594372.9088402675,7,Good,207.42559213917298
PA-704,Lettuce,Tulare Lake,0.9,57.34568646,703.180068,19.4,57.3750596245597,131.93881136664265,125.4060712369682,782292.26786632,782692.9675690577,7,Good,207.42559213917298
PA-704,Onions & Garlic,Tulare Lake,0.9,187.8829398,2365.602184,7.666,188.89886107177443,235.53566934223358,224.9687934828462,3407201.9400468725,3425625.3739776458,7,Good,207.42559213917298
PA-704,Other Deciduous,Tulare Lake,0.9,6387.297921,1789.318413,4.821,6365.074893078147,22369.42032904538,21177.01166350982,55098774.046303816,54907071.45011441,7,Good,207.42559213917298
PA-704,Pasture,Tulare Lake,0.9,2594.801811,144.0357631,5.0,3.184911811886831e-16,12372.519181486661,2.5314708870011093e-08,1868721.2947032345,2.2937060161566166e-13,7,Good,207.42559213917298
PA-704,Tomato Processing,Tulare Lake,0.9,38.81376533,92.82856275,51.238,39.10667778421969,86.17455994693006,82.48364089926615,184611.8487755026,186005.0428973074,7,Good,207.42559213917298
PA-704,Truck Crops,Tulare Lake,0.9,4909.182496,4201.383202,4.428,4919.63270786145,9059.182108498484,8624.543045284801,91329080.23916498,91523493.10492997,7,Good,207.42559213917298
PA-704,Vineyard,Tulare Lake,0.9,35000.39906,1492.225912,10.09376385,34901.06542120446,140313.659098011,132919.66561263855,527182169.5422022,525685988.7952631,7,Good,207.42559213917298
PA-704,Alfalfa,Tulare Lake,0.95,2320.394205,264.3208289,7.71,2331.5813533387254,10498.69536655802,10021.846272304214,4728762.886427148,4751561.328069145,2,Good,16.783322083428708
PA-704,Almonds & Pistachios,Tulare Lake,0.95,50706.4314,4677.730953,1.32,50763.990849446505,191050.0591268839,181763.9820175207,313092177.65225554,313447584.5084294,2,Good,16.783322083428708
PA-704,Citrus & Subtropical,Tulare Lake,0.95,15428.8221,582.7211706,16.474,15432.908478960873,55673.88180209063,52958.29450700334,148112812.8058516,148152041.01641512,2,Good,16.783322083428708
PA-704,Corn,Tulare Lake,0.95,3875.849326,71.20221765,20.602,3914.6078575383076,8838.631523348384,8480.666954519027,5685514.724276808,5742369.9276703345,2,Good,16.783322083428708
PA-704,Cotton,Tulare Lake,0.95,109.1452963,3437.601669,0.83,109.68735339036635,409.218646165192,390.6884423947193,311414.383761235,312960.9861388204,2,Good,16.783322083428708
PA-704,Cucurbits,Tulare Lake,0.95,173.6653727,485.0643584,17.348,173.70672991696873,424.1138040792975,403.5160498825996,1461376.1350849683,1461724.1517848547,2,Good,16.783322083428708
PA-704,Grain,Tulare Lake,0.95,4084.989811,303.3376661,2.872,4125.839750218675,2922.9105289502786,2804.5327198123177,3558785.0226932494,3594372.9087334755,2,Good,16.783322083428708
PA-704,Lettuce,Tulare Lake,0.95,57.34568646,703.180068,19.4,57.389136791412085,131.93881136664265,125.6398000522629,782292.26786632,782885.0039620611,2,Good,16.783322083428708
PA-704,Onions & Garlic,Tulare Lake,0.95,187.8829398,2365.602184,7.666,188.13091915600654,235.53566934223358,224.47969423260687,3407201.9400468725,3411698.972847064,2,Good,16.783322083428708
PA-704,Other Deciduous,Tulare Lake,0.95,6387.297921,1789.318413,4.821,6389.375768340017,22369.42032904538,21277.737429187673,55098774.046303816,55116698.18926791,2,Good,16.783322083428708
PA-704,Pasture,Tulare Lake,0.95,2594.801811,144.0357631,5.0,2431.214533434321,12372.519181486661,11012.877986947622,1868721.2947032345,1750909.2029151141,2,Good,16.783322083428708
PA-704,Tomato Processing,Tulare Lake,0.95,38.81376533,92.82856275,51.238,39.09473224686558,86.17455994693006,82.52102758309762,184611.8487755026,185948.22574192943,2,Good,16.783322083428708
PA-704,Truck Crops,Tulare Lake,0.95,4909.182496,4201.383202,4.428,4913.403763533846,9059.182108498484,8629.251613842602,91329080.23916498,91407611.53874974,2,Good,16.783322083428708
PA-704,Vineyard,Tulare Lake,0.95,35000.39906,1492.225912,10.09376385,35004.0900642546,140313.659098011,133490.60911215987,527182169.5422022,527237764.09777826,2,Good,16.783322083428708
PA-704,Alfalfa,Tulare Lake,1.0,2320.394205,264.3208289,7.71,2320.394340995943,10498.69536655802,10498.688731947139,4728762.886427148,4728763.163575129,2,Good,0.0001805762162705093
PA-704,Almonds & Pistachios,Tulare Lake,1.0,50706.4314,4677.730953,1.32,50706.432059301944,191050.0591268839,191049.94062332326,313092177.65225554,313092181.7231845,2,Good,0.0001805762162705093
PA-704,Citrus & Subtropical,Tulare Lake,1.0,15428.8221,582.7211706,16.474,15428.822146603445,55673.88180209063,55673.847134696975,148112812.8058516,148112813.25323296,2,Good,0.0001805762162705093
PA-704,Corn,Tulare Lake,1.0,3875.849326,71.20221765,20.602,3875.849923015981,8838.631523348384,8838.627001597106,5685514.724276808,5685515.600044379,2,Good,0.0001805762162705093
PA-704,Cotton,Tulare Lake,1.0,109.1452963,3437.601669,0.83,109.14530221691653,409.218646165192,409.2184001322808,311414.383761235,311414.40064343676,2,Good,0.0001805762162705093
PA-704,Cucurbits,Tulare Lake,1.0,173.6653727,485.0643584,17.348,173.6653731593552,424.1138040792975,424.1135416370939,1461376.1350849683,1461376.1389503947,2,Good,0.0001805762162705093
PA-704,Grain,Tulare Lake,1.0,4084.989811,303.3376661,2.872,4084.9960484142052,2922.9105289502786,2922.9131212507073,3558785.0226932494,3558790.4566397904,2,Good,0.0001805762162705093
PA-704,Lettuce,Tulare Lake,1.0,57.34568646,703.180068,19.4,57.34568693073527,131.93881136664265,131.93873141034416,782292.26786632,782292.274287946,2,Good,0.0001805762162705093
PA-704,Onions & Garlic,Tulare Lake,1.0,187.8829398,2365.602184,7.666,187.88294255106018,235.53566934223358,235.53552833152435,3407201.9400468725,3407201.989936541,2,Good,0.0001805762162705093
PA-704,Other Deciduous,Tulare Lake,1.0,6387.297921,1789.318413,4.821,6387.297944628043,22369.42032904538,22369.40639397866,55098774.046303816,55098774.250126496,2,Good,0.0001805762162705093
PA-704,Pasture,Tulare Lake,1.0,2594.801811,144.0357631,5.0,2594.794108327163,12372.519181486661,12372.471099308232,1868721.2947032345,1868715.7474014347,2,Good,0.0001805762162705093
PA-704,Tomato Processing,Tulare Lake,1.0,38.81376533,92.82856275,51.238,38.81376833397273,86.17455994693006,86.17451310896587,184611.8487755026,184611.863063448,2,Good,0.0001805762162705093
PA-704,Truck Crops,Tulare Lake,1.0,4909.182496,4201.383202,4.428,4909.182543255593,9059.182108498484,9059.176606662744,91329080.23916498,91329081.11829503,2,Good,0.0001805762162705093
PA-704,Vineyard,Tulare Lake,1.0,35000.39906,1492.225912,10.09376385,35000.399102836775,140313.659098011,140313.57196163497,527182169.5422022,527182170.18741715,2,Good,0.0001805762162705093
PA-705,Alfalfa,Tulare Lake,0.5,4752.766999,279.2312585,8.356666667,1.1025783488537302e-20,21504.041323328147,1.1025783488529328e-07,11090308.747087417,2.5728032342453412e-17,12,Good,2803.6465936042077
PA-705,Almonds & Pistachios,Tulare Lake,0.5,90857.08356,4800.963464,1.290666667,1.1025783488541378e-20,342328.3932032778,1.1025783488531112e-07,562990785.9872754,6.832064456746726e-17,12,Good,2803.6465936042077
PA-705,Citrus & Subtropical,Tulare Lake,0.5,92123.15049,765.0541735,17.63613333,77441.82465729034,332420.2818837653,265471.50361334084,1242980581.5659757,1044891362.681935,12,Good,2803.6465936042077
PA-705,Corn,Tulare Lake,0.5,11236.54829,74.07582338,23.758,1.1025783488539795e-20,25624.244281992604,1.1025783488529406e-07,19775127.30764067,1.9404203722098446e-17,12,Good,2803.6465936042077
PA-705,Cotton,Tulare Lake,0.5,147.1610411,3907.036899,0.834,1.1025783488539037e-20,551.7511431887714,1.102578348852983e-07,479519.65713924496,3.592717120370921e-17,12,Good,2803.6465936042077
PA-705,Cucurbits,Tulare Lake,0.5,222.2289176,485.0643584,17.348,206.16282196391023,542.7124023312032,478.3030240747856,1870033.3385827804,1734838.8068143048,12,Good,2803.6465936042077
PA-705,Grain,Tulare Lake,0.5,6635.313447,284.959751,2.724666667,1.1025703197211541e-20,4747.729721356132,1.1025703197199855e-07,5151792.289258973,8.560580169838723e-18,12,Good,2803.6465936042077
PA-705,Lettuce,Tulare Lake,0.5,5.18773341,703.180068,19.4,1.1025783488548834e-20,11.935743070751268,1.1025783488534327e-07,70769.46820098763,1.504103569546823e-16,12,Good,2803.6465936042077
PA-705,Onions & Garlic,Tulare Lake,0.5,14.63609559,2624.076001,7.733,13.767028844069257,18.348246919157283,16.39581736512292,296995.3548298092,279360.2700497645,12,Good,2803.6465936042077
PA-705,Other Deciduous,Tulare Lake,0.5,87268.38664,1879.357431,5.071333333,21266.62522938919,305628.96021643205,70755.42363406417,831741726.9141823,202688972.2036104,12,Good,2803.6465936042077
PA-705,Pasture,Tulare Lake,0.5,4941.329305,195.8454994,4.833333333,1.1025783488536611e-20,23561.218182052,1.1025783488529091e-07,4677396.00929239,1.0436858688292396e-17,12,Good,2803.6465936042077
PA-705,Tomato Processing,Tulare Lake,0.5,615.1622148,97.94091108,55.361,1.102579414668284e-20,1365.78692393431,1.1025794146671497e-07,3335475.2146210466,5.978303317886817e-17,12,Good,2803.6465936042077
PA-705,Truck Crops,Tulare Lake,0.5,5008.579027,3985.8669,6.905591667,4725.368910133358,9242.603946251653,8283.981750386201,137859981.99062365,130064688.87448739,12,Good,2803.6465936042077
PA-705,Vineyard,Tulare Lake,0.5,150922.9125,1339.355523,11.74279682,128998.52573006763,605037.2756693918,491287.03370359476,2373682331.002901,2028860404.1542377,12,Good,2803.6465936042077
PA-705,Alfalfa,Tulare Lake,0.55,4752.766999,279.2312585,8.356666667,1.0113955631677796e-21,21504.041323328147,1.0113955631683998e-08,11090308.747087417,2.3600334422716416e-18,7,Good,2749.5367853420807
PA-705,Almonds & Pistachios,Tulare Lake,0.55,90857.08356,4800.963464,1.290666667,1.0113947700522663e-21,342328.3932032778,1.0113947700531323e-08,562990785.9872754,6.2670505614361035e-18,7,Good,2749.5367853420807
PA-705,Citrus & Subtropical,Tulare Lake,0.55,92123.15049,765.0541735,17.63613333,78027.75687114497,332420.2818837653,267480.08627251995,1242980581.5659757,1052797110.1521577,7,Good,2749.5367853420807
PA-705,Corn,Tulare Lake,0.55,11236.54829,74.07582338,23.758,1.0113955638618852e-21,25624.244281992604,1.0113955638623038e-08,19775127.30764067,1.7799483896270248e-18,7,Good,2749.5367853420807
PA-705,Cotton,Tulare Lake,0.55,147.1610411,3907.036899,0.834,1.0113955631678496e-21,551.7511431887714,1.0113955631684855e-08,479519.65713924496,3.295600860507916e-18,7,Good,2749.5367853420807
PA-705,Cucurbits,Tulare Lake,0.55,222.2289176,485.0643584,17.348,206.9174523250092,542.7124023312032,480.0537857254166,1870033.3385827804,1741188.9431908042,7,Good,2749.5367853420807
PA-705,Grain,Tulare Lake,0.55,6635.313447,284.959751,2.724666667,1.0113955638620377e-21,4747.729721356132,1.011395563862233e-08,5151792.289258973,7.852680824974411e-19,7,Good,2749.5367853420807
PA-705,Lettuce,Tulare Lake,0.55,5.18773341,703.180068,19.4,4.495230639918428,11.935743070751268,9.825335581566021,70769.46820098763,61322.557788838356,7,Good,2749.5367853420807
PA-705,Onions & Garlic,Tulare Lake,0.55,14.63609559,2624.076001,7.733,13.789858428196277,18.348246919157283,16.423009638713978,296995.3548298092,279823.5275077886,7,Good,2749.5367853420807
PA-705,Other Deciduous,Tulare Lake,0.55,87268.38664,1879.357431,5.071333333,44856.80944098573,305628.96021643205,149241.47675789453,831741726.9141823,427523431.849546,7,Good,2749.5367853420807
PA-705,Pasture,Tulare Lake,0.55,4941.329305,195.8454994,4.833333333,1.0113955694127641e-21,23561.218182052,1.0113955694133656e-08,4677396.00929239,9.573734734498266e-19,7,Good,2749.5367853420807
PA-705,Tomato Processing,Tulare Lake,0.55,615.1622148,97.94091108,55.361,1.01139477005242e-21,1365.78692393431,1.0113947700530211e-08,3335475.2146210466,5.4838904382382745e-18,7,Good,2749.5367853420807
PA-705,Truck Crops,Tulare Lake,0.55,5008.579027,3985.8669,6.905591667,4732.317642131613,9242.603946251653,8296.163480493125,137859981.99062365,130255951.11932229,7,Good,2749.5367853420807
PA-705,Vineyard,Tulare Lake,0.55,150922.9125,1339.355523,11.74279682,129815.34802517701,605037.2756693918,494397.8770460657,2373682331.002901,2041707205.3281176,7,Good,2749.5367853420807
PA-705,Alfalfa,Tulare Lake,0.6,4752.766999,279.2312585,8.356666667,2.1064829361898815e-19,21504.041323328147,3.6985427723624373e-07,11090308.747087417,4.915356914768257e-16,31,Good,1225.034923042075
PA-705,Almonds & Pistachios,Tulare Lake,0.6,90857.08356,4800.963464,1.290666667,47811.34036228107,342328.3932032778,171129.6855880625,562990785.9872754,296260269.8103351,31,Good,1225.034923042075
PA-705,Citrus & Subtropical,Tulare Lake,0.6,92123.15049,765.0541735,17.63613333,4.221411645203554e-07,332420.2818837653,5.525447775833825e-06,1242980581.5659757,0.00569578078243652,31,Good,1225.034923042075
PA-705,Corn,Tulare Lake,0.6,11236.54829,74.07582338,23.758,4.2614322727101235e-19,25624.244281992604,3.6985427724498755e-07,19775127.30764067,7.499666581838827e-16,31,Good,1225.034923042075
PA-705,Cotton,Tulare Lake,0.6,147.1610411,3907.036899,0.834,2.570898713173166e-19,551.7511431887714,3.698550730462244e-07,479519.65713924496,8.377193177389953e-16,31,Good,1225.034923042075
PA-705,Cucurbits,Tulare Lake,0.6,222.2289176,485.0643584,17.348,218.5543893366346,542.7124023312032,507.0479333351113,1870033.3385827804,1839112.5635987334,31,Good,1225.034923042075
PA-705,Grain,Tulare Lake,0.6,6635.313447,284.959751,2.724666667,2.9598697151617588e-12,4747.729721356132,3.6997338158180264e-07,5151792.289258973,2.2981030357617557e-09,31,Good,1225.034923042075
PA-705,Lettuce,Tulare Lake,0.6,5.18773341,703.180068,19.4,4.971195616927533,11.935743070751268,10.865664252457513,70769.46820098763,67815.52603587664,31,Good,1225.034923042075
PA-705,Onions & Garlic,Tulare Lake,0.6,14.63609559,2624.076001,7.733,14.400363563956866,18.348246919157283,17.150090121620714,296995.3548298092,292211.8853389933,31,Good,1225.034923042075
PA-705,Other Deciduous,Tulare Lake,0.6,87268.38664,1879.357431,5.071333333,81666.76509163574,305628.96021643205,271710.5557874314,831741726.9141823,778353523.4702945,31,Good,1225.034923042075
PA-705,Pasture,Tulare Lake,0.6,4941.329305,195.8454994,4.833333333,2.0268628703494969e-19,23561.218182052,3.6985427723583155e-07,4677396.00929239,1.9186011933191033e-16,31,Good,1225.034923042075
PA-705,Tomato Processing,Tulare Lake,0.6,615.1622148,97.94091108,55.361,4.366984356365987e-19,1365.78692393431,3.6985508104776265e-07,3335475.2146210466,2.3678255479381555e-15,31,Good,1225.034923042075
PA-705,Truck Crops,Tulare Lake,0.6,5008.579027,3985.8669,6.905591667,4916.973308944336,9242.603946251653,8619.795090110112,137859981.99062365,135338555.73912328,31,Good,1225.034923042075
PA-705,Vineyard,Tulare Lake,0.6,150922.9125,1339.355523,11.74279682,144823.52466836612,605037.2756693918,551556.0696745723,2373682331.002901,2277752502.4165134,31,Good,1225.034923042075
PA-705,Alfalfa,Tulare Lake,0.65,4752.766999,279.2312585,8.356666667,4752.766999,21504.041323328147,21504.041323328147,11090308.747087417,11090308.747087417,50,Infeasible,N/A
PA-705,Almonds & Pistachios,Tulare Lake,0.65,90857.08356,4800.963464,1.290666667,90857.08356,342328.3932032778,342328.3932032778,562990785.9872754,562990785.9872754,50,Infeasible,N/A
PA-705,Citrus & Subtropical,Tulare Lake,0.65,92123.15049,765.0541735,17.63613333,92123.15049,332420.2818837653,332420.2818837653,1242980581.5659757,1242980581.5659757,50,Infeasible,N/A
PA-705,Corn,Tulare Lake,0.65,11236.54829,74.07582338,23.758,11236.54829,25624.244281992604,25624.244281992604,19775127.30764067,19775127.30764067,50,Infeasible,N/A
PA-705,Cotton,Tulare Lake,0.65,147.1610411,3907.036899,0.834,147.1610411,551.7511431887714,551.7511431887714,479519.65713924496,479519.65713924496,50,Infeasible,N/A
PA-705,Cucurbits,Tulare Lake,0.65,222.2289176,485.0643584,17.348,222.2289176,542.7124023312032,542.7124023312032,1870033.3385827804,1870033.3385827804,50,Infeasible,N/A
PA-705,Grain,Tulare Lake,0.65,6635.313447,284.959751,2.724666667,6635.313447,4747.729721356132,4747.729721356132,5151792.289258973,5151792.289258973,50,Infeasible,N/A
PA-705,Lettuce,Tulare Lake,0.65,5.18773341,703.180068,19.4,5.18773341,11.935743070751268,11.935743070751268,70769.46820098763,70769.46820098763,50,Infeasible,N/A
PA-705,Onions & Garlic,Tulare Lake,0.65,14.63609559,2624.076001,7.733,14.63609559,18.348246919157283,18.348246919157283,296995.3548298092,296995.3548298092,50,Infeasible,N/A
PA-705,Other Deciduous,Tulare Lake,0.65,87268.38664,1879.357431,5.071333333,87268.38664,305628.96021643205,305628.96021643205,831741726.9141823,831741726.9141823,50,Infeasible,N/A
PA-705,Pasture,Tulare Lake,0.65,4941.329305,195.8454994,4.833333333,4941.329305,23561.218182052,23561.218182052,4677396.00929239,4677396.00929239,50,Infeasible,N/A
PA-705,Tomato Processing,Tulare Lake,0.65,615.1622148,97.94091108,55.361,615.1622148,1365.78692393431,1365.78692393431,3335475.2146210466,3335475.2146210466,50,Infeasible,N/A
PA-705,Truck Crops,Tulare Lake,0.65,5008.579027,3985.8669,6.905591667,5008.579027,9242.603946251653,9242.603946251653,137859981.99062365,137859981.99062365,50,Infeasible,N/A
PA-705,Vineyard,Tulare Lake,0.65,150922.9125,1339.355523,11.74279682,150922.9125,605037.2756693918,605037.2756693918,2373682331.002901,2373682331.002901,50,Infeasible,N/A
PA-705,Alfalfa,Tulare Lake,0.7,4752.766999,279.2312585,8.356666667,2.231014167324578e-22,21504.041323328147,2.231014167325401e-09,11090308.747087417,5.205943388338132e-19,3,Good,693.2673720096831
PA-705,Almonds & Pistachios,Tulare Lake,0.7,90857.08356,4800.963464,1.290666667,76031.08517320074,342328.3932032778,272144.09755774,562990785.9872754,471122324.4675075,3,Good,693.2673720096831
PA-705,Citrus & Subtropical,Tulare Lake,0.7,92123.15049,765.0541735,17.63613333,90420.37531981399,332420.2818837653,309962.1309263991,1242980581.5659757,1220005721.7174335,3,Good,693.2673720096831
PA-705,Corn,Tulare Lake,0.7,11236.54829,74.07582338,23.758,4884.011834554668,25624.244281992604,10580.79065682323,19775127.30764067,8595340.251088995,3,Good,693.2673720096831
PA-705,Cotton,Tulare Lake,0.7,147.1610411,3907.036899,0.834,2.230999956472023e-22,551.7511431887714,2.230999956472617e-09,479519.65713924496,7.269643692437393e-19,3,Good,693.2673720096831
PA-705,Cucurbits,Tulare Lake,0.7,222.2289176,485.0643584,17.348,220.82217987495545,542.7124023312032,512.3131095420697,1870033.3385827804,1858195.7862386233,3,Good,693.2673720096831
PA-705,Grain,Tulare Lake,0.7,6635.313447,284.959751,2.724666667,6701.666648502564,4747.729721356132,4552.0808108881865,5151792.289258973,5203310.264197009,3,Good,693.2673720096831
PA-705,Lettuce,Tulare Lake,0.7,5.18773341,703.180068,19.4,2.2333898514269152e-14,11.935743070751268,2.2333600133979153e-09,70769.46820098763,3.046721941537963e-10,3,Good,693.2673720096831
PA-705,Onions & Garlic,Tulare Lake,0.7,14.63609559,2624.076001,7.733,2.234405568052782e-14,18.348246919157283,2.2343251370865883e-09,296995.3548298092,4.534051246364792e-10,3,Good,693.2673720096831
PA-705,Other Deciduous,Tulare Lake,0.7,87268.38664,1879.357431,5.071333333,2.2209965830602765e-14,305628.96021643205,2.2210136576528445e-09,831741726.9141823,2.116798080713381e-10,3,Good,693.2673720096831
PA-705,Pasture,Tulare Lake,0.7,4941.329305,195.8454994,4.833333333,2.2302041486047926e-22,23561.218182052,2.230204148605698e-09,4677396.00929239,2.111081318550452e-19,3,Good,693.2673720096831
PA-705,Tomato Processing,Tulare Lake,0.7,615.1622148,97.94091108,55.361,2.2317169496777587e-14,1365.78692393431,2.2317357417529885e-09,3335475.2146210466,1.2100607600094507e-10,3,Good,693.2673720096831
PA-705,Truck Crops,Tulare Lake,0.7,5008.579027,3985.8669,6.905591667,4976.817669352406,9242.603946251653,8724.793244990002,137859981.99062365,136985757.95029384,3,Good,693.2673720096831
PA-705,Vineyard,Tulare Lake,0.7,150922.9125,1339.355523,11.74279682,148178.52593486154,605037.2756693918,564333.4918195663,2373682331.002901,2330519223.4852743,3,Good,693.2673720096831
PA-705,Alfalfa,Tulare Lake,0.75,4752.766999,279.2312585,8.356666667,5.444168148669347e-19,21504.041323328147,5.4441681483746905e-06,11090308.747087417,1.270365360904627e-15,2,Good,1353.9091571651936
PA-705,Almonds & Pistachios,Tulare Lake,0.75,90857.08356,4800.963464,1.290666667,35640.74552603871,342328.3932032778,127571.74918595122,562990785.9872754,220845866.3944044,2,Good,1353.9091571651936
PA-705,Citrus & Subtropical,Tulare Lake,0.75,92123.15049,765.0541735,17.63613333,87640.79641842272,332420.2818837653,300433.70112701884,1242980581.5659757,1182501982.6357474,2,Good,1353.9091571651936
PA-705,Corn,Tulare Lake,0.75,11236.54829,74.07582338,23.758,5.444168148670649e-19,25624.244281992604,5.444168148374762e-06,19775127.30764067,9.581155657914634e-16,2,Good,1353.9091571651936
PA-705,Cotton,Tulare Lake,0.75,147.1610411,3907.036899,0.834,5.44416814867067e-19,551.7511431887714,5.444168148375153e-06,479519.65713924496,1.7739651911574834e-15,2,Good,1353.9091571651936
PA-705,Cucurbits,Tulare Lake,0.75,222.2289176,485.0643584,17.348,217.92725963962835,542.7124023312032,505.59682621318535,1870033.3385827804,1833835.3321129195,2,Good,1353.9091571651936
PA-705,Grain,Tulare Lake,0.75,6635.313447,284.959751,2.724666667,3.13106563117867e-05,4747.729721356132,2.813110645183743e-05,5151792.289258973,0.02431023026223896,2,Good,1353.9091571651936
PA-705,Lettuce,Tulare Lake,0.75,5.18773341,703.180068,19.4,4.937069122619663,11.935743070751268,10.791078469048692,70769.46820098763,67349.98286646926,2,Good,1353.9091571651936
PA-705,Onions & Garlic,Tulare Lake,0.75,14.63609559,2624.076001,7.733,14.351085885974559,18.348246919157283,17.091408282117577,296995.3548298092,291211.9436969379,2,Good,1353.9091571651936
PA-705,Other Deciduous,Tulare Lake,0.75,87268.38664,1879.357431,5.071333333,80705.51030466666,305628.96021643205,268512.39958270505,831741726.9141823,769191950.2213659,2,Good,1353.9091571651936
PA-705,Pasture,Tulare Lake,0.75,4941.329305,195.8454994,4.833333333,5.444168148668784e-19,23561.218182052,5.444168148374471e-06,4677396.00929239,5.153376510797049e-16,2,Good,1353.9091571651936
PA-705,Tomato Processing,Tulare Lake,0.75,615.1622148,97.94091108,55.361,328.8105387778216,1365.78692393431,693.5258157800259,3335475.2146210466,1782845.851083662,2,Good,1353.9091571651936
PA-705,Truck Crops,Tulare Lake,0.75,5008.579027,3985.8669,6.905591667,4902.136116003178,9242.603946251653,8593.87000714671,137859981.99062365,134930165.4270941,2,Good,1353.9091571651936
PA-705,Vineyard,Tulare Lake,0.75,150922.9125,1339.355523,11.74279682,143916.1176548051,605037.2756693918,548100.2371783394,2373682331.002901,2263481004.7397246,2,Good,1353.9091571651936
PA-705,Alfalfa,Tulare Lake,0.8,4752.766999,279.2312585,8.356666667,5.1585767697706714e-18,21504.041323328147,1.773574037979813e-08,11090308.747087417,1.2037242533527705e-14,4,Good,1129.0006724711752
PA-705,Almonds & Pistachios,Tulare Lake,0.8,90857.08356,4800.963464,1.290666667,54796.6137118476,342328.3932032778,196137.8685321642,562990785.9872754,339544121.5400838,4,Good,1129.0006724711752
PA-705,Citrus & Subtropical,Tulare Lake,0.8,92123.15049,765.0541735,17.63613333,88661.17054820461,332420.2818837653,303931.5558746607,1242980581.5659757,1196269479.9749625,4,Good,1129.0006724711752
PA-705,Corn,Tulare Lake,0.8,11236.54829,74.07582338,23.758,1.0243063087091008e-17,25624.244281992604,1.7735740403425657e-08,19775127.30764067,1.8026699244258714e-14,4,Good,1129.0006724711752
PA-705,Cotton,Tulare Lake,0.8,147.1610411,3907.036899,0.834,6.227081159422965e-18,551.7511431887714,1.773574039406217e-08,479519.65713924496,2.029074950968631e-14,4,Good,1129.0006724711752
PA-705,Cucurbits,Tulare Lake,0.8,222.2289176,485.0643584,17.348,218.9996506504776,542.7124023312032,508.08479510827397,1870033.3385827804,1842859.3914655112,4,Good,1129.0006724711752
PA-705,Grain,Tulare Lake,0.8,6635.313447,284.959751,2.724666667,3.24199304235111e-17,4747.729721356132,1.7735740459019814e-08,5151792.289258973,2.517149323965567e-14,4,Good,1129.0006724711752
PA-705,Lettuce,Tulare Lake,0.8,5.18773341,703.180068,19.4,4.996052757862062,11.935743070751268,10.919994743442981,70769.46820098763,68154.61952929762,4,Good,1129.0006724711752
PA-705,Onions & Garlic,Tulare Lake,0.8,14.63609559,2624.076001,7.733,14.43681944204035,18.348246919157283,17.19350682182217,296995.3548298092,292951.6472775826,4,Good,1129.0006724711752
PA-705,Other Deciduous,Tulare Lake,0.8,87268.38664,1879.357431,5.071333333,82333.57781962337,305628.96021643205,273929.0844286857,831741726.9141823,784708814.2148421,4,Good,1129.0006724711752
PA-705,Pasture,Tulare Lake,0.8,4941.329305,195.8454994,4.833333333,4.894309308939568e-18,23561.218182052,1.773574037506046e-08,4677396.00929239,4.632887512012627e-15,4,Good,1129.0006724711752
PA-705,Tomato Processing,Tulare Lake,0.8,615.1622148,97.94091108,55.361,409.26645168213133,1365.78692393431,863.2230843166143,3335475.2146210466,2219086.4017964248,4,Good,1129.0006724711752
PA-705,Truck Crops,Tulare Lake,0.8,5008.579027,3985.8669,6.905591667,4927.941304517314,9242.603946251653,8639.108736194768,137859981.99062365,135640447.28640905,4,Good,1129.0006724711752
PA-705,Vineyard,Tulare Lake,0.8,150922.9125,1339.355523,11.74279682,145473.42283557783,605037.2756693918,554031.1874570202,2373682331.002901,2287973957.667462,4,Good,1129.0006724711752
PA-705,Alfalfa,Tulare Lake,0.85,4752.766999,279.2312585,8.356666667,5.99885948726318e-23,21504.041323328147,5.998859487265659e-10,11090308.747087417,1.399799398079922e-19,7,Good,807.642160952015
PA-705,Almonds & Pistachios,Tulare Lake,0.85,90857.08356,4800.963464,1.290666667,71543.9350930004,342328.3932032778,256082.88514567754,562990785.9872754,443317952.4635724,7,Good,807.642160952015
PA-705,Citrus & Subtropical,Tulare Lake,0.85,92123.15049,765.0541735,17.63613333,89983.03003438057,332420.2818837653,308462.9060451514,1242980581.5659757,1214104797.8525665,7,Good,807.642160952015
PA-705,Corn,Tulare Lake,0.85,11236.54829,74.07582338,23.758,1.570729047182771e-17,25624.244281992604,5.998868092812488e-10,19775127.30764067,2.7643157019572982e-14,7,Good,807.642160952015
PA-705,Cotton,Tulare Lake,0.85,147.1610411,3907.036899,0.834,5.998859487278362e-23,551.7511431887714,5.998859487280352e-10,479519.65713924496,1.9547096317506462e-19,7,Good,807.642160952015
PA-705,Cucurbits,Tulare Lake,0.85,222.2289176,485.0643584,17.348,220.3719622980306,542.7124023312032,511.2685932387167,1870033.3385827804,1854407.2519310368,7,Good,807.642160952015
PA-705,Grain,Tulare Lake,0.85,6635.313447,284.959751,2.724666667,6701.666648429043,4747.729721356132,4555.44664615133,5151792.289258973,5203310.264139925,7,Good,807.642160952015
PA-705,Lettuce,Tulare Lake,0.85,5.18773341,703.180068,19.4,5.075928348538074,11.935743070751268,11.094580757790299,70769.46820098763,69244.25784098974,7,Good,807.642160952015
PA-705,Onions & Garlic,Tulare Lake,0.85,14.63609559,2624.076001,7.733,14.55722432584506,18.348246919157283,17.33690280576504,296995.3548298092,295394.900737423,7,Good,807.642160952015
PA-705,Other Deciduous,Tulare Lake,0.85,87268.38664,1879.357431,5.071333333,84316.72773889665,305628.96021643205,280527.151172001,831741726.9141823,803609914.625813,7,Good,807.642160952015
PA-705,Pasture,Tulare Lake,0.85,4941.329305,195.8454994,4.833333333,5.998859487256072e-23,23561.218182052,5.998859487258713e-10,4677396.00929239,5.678439888150168e-20,7,Good,807.642160952015
PA-705,Tomato Processing,Tulare Lake,0.85,615.1622148,97.94091108,55.361,504.0495724752626,1365.78692393431,1063.1392453549745,3335475.2146210466,2733010.603517278,7,Good,807.642160952015
PA-705,Truck Crops,Tulare Lake,0.85,5008.579027,3985.8669,6.905591667,4964.127450545519,9242.603946251653,8702.546190270283,137859981.99062365,136636462.60589707,7,Good,807.642160952015
PA-705,Vineyard,Tulare Lake,0.85,150922.9125,1339.355523,11.74279682,147503.77315620665,605037.2756693918,561763.7160327757,2373682331.002901,2319906860.379121,7,Good,807.642160952015
PA-705,Alfalfa,Tulare Lake,0.9,4752.766999,279.2312585,8.356666667,7.765751661487062e-22,21504.041323328147,7.765751661488757e-09,11090308.747087417,1.812093536191013e-18,5,Good,461.70979219632187
PA-705,Almonds & Pistachios,Tulare Lake,0.9,90857.08356,4800.963464,1.290666667,83706.42834481112,342328.3932032778,299617.0625492593,562990785.9872754,518682154.8692109,5,Good,461.70979219632187
PA-705,Citrus & Subtropical,Tulare Lake,0.9,92123.15049,765.0541735,17.63613333,91259.71869186817,332420.2818837653,312839.4100732313,1242980581.5659757,1231330643.9240692,5,Good,461.70979219632187
PA-705,Corn,Tulare Lake,0.9,11236.54829,74.07582338,23.758,9970.325922271977,25624.244281992604,21599.868123412918,19775127.30764067,17546710.90472377,5,Good,461.70979219632187
PA-705,Cotton,Tulare Lake,0.9,147.1610411,3907.036899,0.834,96.51465566811127,551.7511431887714,343.7694320340901,479519.65713924496,314489.9917053183,5,Good,461.70979219632187
PA-705,Cucurbits,Tulare Lake,0.9,222.2289176,485.0643584,17.348,221.68135870937598,542.7124023312032,514.3064264376284,1870033.3385827804,1865425.6871962612,5,Good,461.70979219632187
PA-705,Grain,Tulare Lake,0.9,6635.313447,284.959751,2.724666667,6701.666648463529,4747.729721356132,4555.446646183703,5151792.289258973,5203310.264166701,5,Good,461.70979219632187
PA-705,Lettuce,Tulare Lake,0.9,5.18773341,703.180068,19.4,5.156746444933714,11.935743070751268,11.271226856813179,70769.46820098763,70346.7535266606,5,Good,461.70979219632187
PA-705,Onions & Garlic,Tulare Lake,0.9,14.63609559,2624.076001,7.733,14.684191966097178,18.348246919157283,17.488114720773357,296995.3548298092,297971.3255179734,5,Good,461.70979219632187
PA-705,Other Deciduous,Tulare Lake,0.9,87268.38664,1879.357431,5.071333333,86123.5243663848,305628.96021643205,286538.4792233782,831741726.9141823,820830218.6212223,5,Good,461.70979219632187
PA-705,Pasture,Tulare Lake,0.9,4941.329305,195.8454994,4.833333333,7.765751661484561e-22,23561.218182052,7.765751661486808e-09,4677396.00929239,7.350956309232184e-19,5,Good,461.70979219632187
PA-705,Tomato Processing,Tulare Lake,0.9,615.1622148,97.94091108,55.361,587.9328893845823,1365.78692393431,1240.0655857592585,3335475.2146210466,3187834.904717577,5,Good,461.70979219632187
PA-705,Truck Crops,Tulare Lake,0.9,5008.579027,3985.8669,6.905591667,5002.215152308168,9242.603946251653,8769.317236585443,137859981.99062365,137684817.80819246,5,Good,461.70979219632187
PA-705,Vineyard,Tulare Lake,0.9,150922.9125,1339.355523,11.74279682,149477.4144730137,605037.2756693918,569280.2700606682,2373682331.002901,2350947856.3673353,5,Good,461.70979219632187
PA-705,Alfalfa,Tulare Lake,0.95,4752.766999,279.2312585,8.356666667,4775.751180012261,21504.041323328147,20527.63206364406,11090308.747087417,11143941.013045026,2,Good,17.049069203538323
PA-705,Almonds & Pistachios,Tulare Lake,0.95,90857.08356,4800.963464,1.290666667,90967.00972117893,342328.3932032778,325605.43779029796,562990785.9872754,563671937.2355632,2,Good,17.049069203538323
PA-705,Citrus & Subtropical,Tulare Lake,0.95,92123.15049,765.0541735,17.63613333,92140.87674623405,332420.2818837653,316064.82148406847,1242980581.5659757,1243219754.8049018,2,Good,17.049069203538323
PA-705,Corn,Tulare Lake,0.95,11236.54829,74.07582338,23.758,11348.913885378215,25624.244281992604,24586.462396355095,19775127.30764067,19972878.77866675,2,Good,17.049069203538323
PA-705,Cotton,Tulare Lake,0.95,147.1610411,3907.036899,0.834,147.85366551178373,551.7511431887714,526.630607888626,479519.65713924496,481776.5521569903,2,Good,17.049069203538323
PA-705,Cucurbits,Tulare Lake,0.95,222.2289176,485.0643584,17.348,222.28450351590539,542.7124023312032,516.0058724698363,1870033.3385827804,1870501.0883113996,2,Good,17.049069203538323
PA-705,Grain,Tulare Lake,0.95,6635.313447,284.959751,2.724666667,6701.666648349492,4747.729721356132,4555.446664544381,5151792.289258973,5203310.26407816,2,Good,17.049069203538323
PA-705,Lettuce,Tulare Lake,0.95,5.18773341,703.180068,19.4,5.191812251297652,11.935743070751268,11.358606693766474,70769.46820098763,70825.11050306789,2,Good,17.049069203538323
PA-705,Onions & Garlic,Tulare Lake,0.95,14.63609559,2624.076001,7.733,14.65382582330708,18.348246919157283,17.473632486034752,296995.3548298092,297355.1363644317,2,Good,17.049069203538323
PA-705,Other Deciduous,Tulare Lake,0.95,87268.38664,1879.357431,5.071333333,87295.17418307353,305628.96021643205,290539.8228245577,831741726.9141823,831997034.9150931,2,Good,17.049069203538323
PA-705,Pasture,Tulare Lake,0.95,4941.329305,195.8454994,4.833333333,4561.440179533118,23561.218182052,20662.341166899612,4677396.00929239,4317798.061097684,2,Good,17.049069203538323
PA-705,Tomato Processing,Tulare Lake,0.95,615.1622148,97.94091108,55.361,619.2704663706988,1365.78692393431,1306.4647399419232,3335475.2146210466,3357750.5933094937,2,Good,17.049069203538323
PA-705,Truck Crops,Tulare Lake,0.95,5008.579027,3985.8669,6.905591667,5011.54108191635,9242.603946251653,8796.435184804488,137859981.99062365,137941511.86870325,2,Good,17.049069203538323
PA-705,Vineyard,Tulare Lake,0.95,150922.9125,1339.355523,11.74279682,150938.8184613367,605037.2756693918,575239.6858077415,2373682331.002901,2373932496.4599357,2,Good,17.049069203538323
PA-705,Alfalfa,Tulare Lake,1.0,4752.766999,279.2312585,8.356666667,4752.767063944496,21504.041323328147,21504.0363398594,11090308.747087417,11090308.898631666,2,Good,6.519050451224423e-05
PA-705,Almonds & Pistachios,Tulare Lake,1.0,90857.08356,4800.963464,1.290666667,90857.08396998845,342328.3932032778,342328.3164931131,562990785.9872754,562990788.5277456,2,Good,6.519050451224423e-05
PA-705,Citrus & Subtropical,Tulare Lake,1.0,92123.15049,765.0541735,17.63613333,92123.15055668159,332420.2818837653,332420.2074461563,1242980581.5659757,1242980582.4656835,2,Good,6.519050451224423e-05
PA-705,Corn,Tulare Lake,1.0,11236.54829,74.07582338,23.758,11236.548853235201,25624.244281992604,25624.23949408126,19775127.30764067,19775128.29887459,2,Good,6.519050451224423e-05
PA-705,Cotton,Tulare Lake,1.0,147.1610411,3907.036899,0.834,147.16104342712293,551.7511431887714,551.7510228427461,479519.65713924496,479519.66472210234,2,Good,6.519050451224423e-05
PA-705,Cucurbits,Tulare Lake,1.0,222.2289176,485.0643584,17.348,222.22891780834527,542.7124023312032,542.7122814363322,1870033.3385827804,1870033.3403359845,2,Good,6.519050451224423e-05
PA-705,Grain,Tulare Lake,1.0,6635.313447,284.959751,2.724666667,6635.352446619577,4747.729721356132,4747.756524064034,5151792.289258973,5151822.569356669,2,Good,6.519050451224423e-05
PA-705,Lettuce,Tulare Lake,1.0,5.18773341,703.180068,19.4,5.187733408351136,11.935743070751268,11.935741053536178,70769.46820098763,70769.46817849434,2,Good,6.519050451224423e-05
PA-705,Onions & Garlic,Tulare Lake,1.0,14.63609559,2624.076001,7.733,14.63609564005372,18.348246919157283,18.34824355355536,296995.3548298092,296995.35584549827,2,Good,6.519050451224423e-05
PA-705,Other Deciduous,Tulare Lake,1.0,87268.38664,1879.357431,5.071333333,87268.38674115659,305628.96021643205,305628.89156141126,831741726.9141823,831741727.8782904,2,Good,6.519050451224423e-05
PA-705,Pasture,Tulare Lake,1.0,4941.329305,195.8454994,4.833333333,4941.28911123695,23561.218182052,23561.01955086537,4677396.00929239,4677357.962415672,2,Good,6.519050451224423e-05
PA-705,Tomato Processing,Tulare Lake,1.0,615.1622148,97.94091108,55.361,615.1622305486305,1365.78692393431,1365.7866505108495,3335475.2146210466,3335475.300011803,2,Good,6.519050451224423e-05
PA-705,Truck Crops,Tulare Lake,1.0,5008.579027,3985.8669,6.905591667,5008.579038438562,9242.603946251653,9242.601912516255,137859981.99062365,137859982.30546743,2,Good,6.519050451224423e-05
PA-705,Vineyard,Tulare Lake,1.0,150922.9125,1339.355523,11.74279682,150922.91255835324,605037.2756693918,605037.1400674969,2373682331.002901,2373682331.920668,2,Good,6.519050451224423e-05
PA-706,Alfalfa,Tulare Lake,0.5,38898.65373,283.723947,8.642,5.214536692815418e-21,175998.16220903542,5.2145366928138263e-08,95377256.4375611,1.2785743352607487e-17,3,Good,532.8352666464958
PA-706,Almonds & Pistachios,Tulare Lake,0.5,1955.33773,5055.636246,1.283333333,1735.53097926516,7367.25852353173,6212.123779006541,12686361.24960269,11260240.43060558,3,Good,532.8352666464958
PA-706,Citrus & Subtropical,Tulare Lake,0.5,73.96702016,856.220675,18.2172,73.06010401323648,266.9050891215277,250.45091277316425,1153733.3850914165,1139587.3584739296,3,Good,532.8352666464958
PA-706,Corn,Tulare Lake,0.5,131386.8972,75.51262625,25.336,103219.4000935041,299619.5862302346,223616.10314219556,251367821.7668393,197478107.1668691,3,Good,532.8352666464958
PA-706,Cotton,Tulare Lake,0.5,8808.005629,3805.295579,0.823666667,3685.9539427148725,33023.87057530733,13128.765621666123,27606889.11720124,11552867.47917225,3,Good,532.8352666464958
PA-706,Cucurbits,Tulare Lake,0.5,61.4859183,485.0643584,17.348,61.17406011379418,150.15674283306274,141.9253853607776,517397.63805778034,514773.38370144786,3,Good,532.8352666464958
PA-706,Dry Beans,Tulare Lake,0.5,1840.102989,1466.264232,1.206,202.1189542465695,3532.5968411620956,368.6231356319486,3253881.098336189,357409.91062451317,3,Good,532.8352666464958
PA-706,Grain,Tulare Lake,0.5,39095.18905,283.6294651,2.560666667,39486.141335056316,27973.567864927692,26840.63823980585,28394074.11781629,28678015.14555302,3,Good,532.8352666464958
PA-706,Lettuce,Tulare Lake,0.5,249.0466665,703.180068,19.4,245.70470689947115,572.9972589264329,537.0427877652313,3397418.24656208,3351828.25860651,3,Good,532.8352666464958
PA-706,Other Deciduous,Tulare Lake,0.5,5692.317592,1924.37694,5.1965,5582.3124330139335,19935.479202124327,18572.71084618815,56923316.911363676,55823262.59681713,3,Good,532.8352666464958
PA-706,Pasture,Tulare Lake,0.5,3652.762468,221.7503675,4.75,5.2145366928145336e-21,17417.08114629667,5.214536692813378e-08,3847506.743428733,5.492545782875823e-18,3,Good,532.8352666464958
PA-706,Potatoes,Tulare Lake,0.5,398.4454185,444.581011,23.95,396.1505802693113,491.4872672222573,464.22372397826155,4242533.344291902,4218098.560350591,3,Good,532.8352666464958
PA-706,Safflower,Tulare Lake,0.5,183.5472791,565.3467595,1.069333333,5.214536692814928e-21,439.1015834216669,5.2145366928129184e-08,110962.4310084642,3.152417572490082e-18,3,Good,532.8352666464958
PA-706,Tomato Processing,Tulare Lake,0.5,529.4935434,97.94091108,55.361,473.68155813847716,1175.5848140290623,999.0871568739975,2870970.5307351616,2568351.987138286,3,Good,532.8352666464958
PA-706,Truck Crops,Tulare Lake,0.5,2250.376106,4317.258086,5.3101875,2235.240662809602,4152.741718907099,3918.5708482678992,51590884.7250086,51243897.8800915,3,Good,532.8352666464958
PA-706,Vineyard,Tulare Lake,0.5,574.5288852,1366.998887,12.39690226,567.0628853884289,2303.2380288498657,2159.6420682274943,9736283.393945176,9609760.442955004,3,Good,532.8352666464958
PA-706,Alfalfa,Tulare Lake,0.55,38898.65373,283.723947,8.642,2.492293112039785e-18,175998.16220903542,8.430986693812959e-09,95377256.4375611,6.110959029958844e-15,5,Good,443.24050062902705
PA-706,Almonds & Pistachios,Tulare Lake,0.55,1955.33773,5055.636246,1.283333333,1790.6693812650108,7367.25852353173,6409.485037435942,12686361.24960269,11617982.050257096,5,Good,443.24050062902705
PA-706,Citrus & Subtropical,Tulare Lake,0.55,73.96702016,856.220675,18.2172,73.27501439416953,266.9050891215277,251.18762808731523,1153733.3850914165,1142939.5184061376,5,Good,443.24050062902705
PA-706,Corn,Tulare Lake,0.55,131386.8972,75.51262625,25.336,113613.02060184801,299619.5862302346,246133.00319687015,251367821.7668393,217363056.146801,5,Good,443.24050062902705
PA-706,Cotton,Tulare Lake,0.55,8808.005629,3805.295579,0.823666667,5279.439367386237,33023.87057530733,18804.500312575165,27606889.11720124,16547321.079876084,5,Good,443.24050062902705
PA-706,Cucurbits,Tulare Lake,0.55,61.4859183,485.0643584,17.348,61.263333160847054,150.15674283306274,142.13250106608274,517397.63805778034,515524.60715170216,5,Good,443.24050062902705
PA-706,Dry Beans,Tulare Lake,0.55,1840.102989,1466.264232,1.206,851.3507687842879,3532.5968411620956,1552.6875795809162,3253881.098336189,1505456.0484718487,5,Good,443.24050062902705
PA-706,Grain,Tulare Lake,0.55,39095.18905,283.6294651,2.560666667,39486.1413353108,27973.567864927692,26840.638239929987,28394074.11781629,28678015.145737845,5,Good,443.24050062902705
PA-706,Lettuce,Tulare Lake,0.55,249.0466665,703.180068,19.4,246.68341310993415,572.9972589264329,539.181969819222,3397418.24656208,3365179.4685792425,5,Good,443.24050062902705
PA-706,Other Deciduous,Tulare Lake,0.55,5692.317592,1924.37694,5.1965,5609.219063117547,19935.479202124327,18662.230927065288,56923316.911363676,56092329.56429578,5,Good,443.24050062902705
PA-706,Pasture,Tulare Lake,0.55,3652.762468,221.7503675,4.75,2.3645974242934024e-18,17417.08114629667,8.430986688054897e-09,3847506.743428733,2.4906641521764232e-15,5,Good,443.24050062902705
PA-706,Potatoes,Tulare Lake,0.55,398.4454185,444.581011,23.95,397.86350979779274,491.4872672222573,466.2309973352243,4242533.344291902,4236337.346150571,5,Good,443.24050062902705
PA-706,Safflower,Tulare Lake,0.55,183.5472791,565.3467595,1.069333333,1.2624463080670446e-16,439.1015834216669,8.430987529577099e-09,110962.4310084642,7.63204510835921e-14,5,Good,443.24050062902705
PA-706,Tomato Processing,Tulare Lake,0.55,529.4935434,97.94091108,55.361,490.9840078300887,1175.5848140290623,1035.5814111846437,2870970.5307351616,2662167.716892365,5,Good,443.24050062902705
PA-706,Truck Crops,Tulare Lake,0.55,2250.376106,4317.258086,5.3101875,2240.5483786360287,4152.741718907099,3927.8757346475304,51590884.7250086,51365579.653473385,5,Good,443.24050062902705
PA-706,Vineyard,Tulare Lake,0.55,574.5288852,1366.998887,12.39690226,568.775068678669,2303.2380288498657,2166.162867118654,9736283.393945176,9638776.04541745,5,Good,443.24050062902705
PA-706,Alfalfa,Tulare Lake,0.6,38898.65373,283.723947,8.642,1.0891330501182266e-07,175998.16220903542,5.581597312417438e-07,95377256.4375611,0.0002670491450341235,6,Good,327.1630199307852
PA-706,Almonds & Pistachios,Tulare Lake,0.6,1955.33773,5055.636246,1.283333333,1856.7721320697165,7367.25852353173,6646.091859871915,12686361.24960269,12046861.094237372,6,Good,327.1630199307852
PA-706,Citrus & Subtropical,Tulare Lake,0.6,73.96702016,856.220675,18.2172,73.54649163967906,266.9050891215277,252.11825540750368,1153733.3850914165,1147174.0050835714,6,Good,327.1630199307852
PA-706,Corn,Tulare Lake,0.6,131386.8972,75.51262625,25.336,123963.51516733774,299619.5862302346,268556.4745427486,251367821.7668393,237165497.09474555,6,Good,327.1630199307852
PA-706,Cotton,Tulare Lake,0.6,8808.005629,3805.295579,0.823666667,6863.034728649718,33023.87057530733,24445.008213877816,27606889.11720124,21510776.303039767,6,Good,327.1630199307852
PA-706,Cucurbits,Tulare Lake,0.6,61.4859183,485.0643584,17.348,61.375267907070054,150.15674283306274,142.39219260940808,517397.63805778034,516466.52645474975,6,Good,327.1630199307852
PA-706,Dry Beans,Tulare Lake,0.6,1840.102989,1466.264232,1.206,1529.8197909207706,3532.5968411620956,2790.0746384408335,3253881.098336189,2705202.76924441,6,Good,327.1630199307852
PA-706,Grain,Tulare Lake,0.6,39095.18905,283.6294651,2.560666667,39486.14133525555,27973.567864927692,26840.63823995922,28394074.11781629,28678015.145697717,6,Good,327.1630199307852
PA-706,Lettuce,Tulare Lake,0.6,249.0466665,703.180068,19.4,247.92895255662012,572.9972589264329,541.90437592018,3397418.24656208,3382170.7357278983,6,Good,327.1630199307852
PA-706,Other Deciduous,Tulare Lake,0.6,5692.317592,1924.37694,5.1965,5642.684453003116,19935.479202124327,18773.572421746816,56923316.911363676,56426984.292046,6,Good,327.1630199307852
PA-706,Pasture,Tulare Lake,0.6,3652.762468,221.7503675,4.75,6.256645203688937e-21,17417.08114629667,6.256645203686334e-08,3847506.743428733,6.590213522866887e-18,6,Good,327.1630199307852
PA-706,Potatoes,Tulare Lake,0.6,398.4454185,444.581011,23.95,400.05637429909467,491.4872672222573,468.8006761444289,4242533.344291902,4259686.342862118,6,Good,327.1630199307852
PA-706,Safflower,Tulare Lake,0.6,183.5472791,565.3467595,1.069333333,6.256645203683481e-21,439.1015834216669,6.256645203680083e-08,110962.4310084642,3.782418160390844e-18,6,Good,327.1630199307852
PA-706,Tomato Processing,Tulare Lake,0.6,529.4935434,97.94091108,55.361,512.3213635605913,1175.5848140290623,1080.5860725144764,2870970.5307351616,2777861.1380297192,6,Good,327.1630199307852
PA-706,Truck Crops,Tulare Lake,0.6,2250.376106,4317.258086,5.3101875,2247.3690322050347,4152.741718907099,3939.8329322932664,51590884.7250086,51521946.2053087,6,Good,327.1630199307852
PA-706,Vineyard,Tulare Lake,0.6,574.5288852,1366.998887,12.39690226,570.9365318810954,2303.2380288498657,2174.3947352570985,9736283.393945176,9675405.393090863,6,Good,327.1630199307852
PA-706,Alfalfa,Tulare Lake,0.65,38898.65373,283.723947,8.642,3948.225112781522,175998.16220903542,16970.67316594186,95377256.4375611,9680820.361259887,4,Good,267.4212239729997
PA-706,Almonds & Pistachios,Tulare Lake,0.65,1955.33773,5055.636246,1.283333333,1888.7333256580241,7367.25852353173,6760.493096755895,12686361.24960269,12254227.444105614,4,Good,267.4212239729997
PA-706,Citrus & Subtropical,Tulare Lake,0.65,73.96702016,856.220675,18.2172,73.68328178512853,266.9050891215277,252.58717365804333,1153733.3850914165,1149307.6500136387,4,Good,267.4212239729997
PA-706,Corn,Tulare Lake,0.65,131386.8972,75.51262625,25.336,128390.41849395682,299619.5862302346,278146.9863068922,251367821.7668393,245634994.96781513,4,Good,267.4212239729997
PA-706,Cotton,Tulare Lake,0.65,8808.005629,3805.295579,0.823666667,7539.535337968922,33023.87057530733,26854.59283718585,27606889.11720124,23631128.86590645,4,Good,267.4212239729997
PA-706,Cucurbits,Tulare Lake,0.65,61.4859183,485.0643584,17.348,61.431327161179134,150.15674283306274,142.5222515053805,517397.63805778034,516938.25927535753,4,Good,267.4212239729997
PA-706,Dry Beans,Tulare Lake,0.65,1840.102989,1466.264232,1.206,1828.446496526646,3532.5968411620956,3334.707936151872,3253881.098336189,3233268.751767176,4,Good,267.4212239729997
PA-706,Grain,Tulare Lake,0.65,39095.18905,283.6294651,2.560666667,39486.14133529463,27973.567864927692,26840.6382399773,28394074.11781629,28678015.145726103,4,Good,267.4212239729997
PA-706,Lettuce,Tulare Lake,0.65,249.0466665,703.180068,19.4,248.56041401940118,572.9972589264329,543.2845766761767,3397418.24656208,3390784.939346051,4,Good,267.4212239729997
PA-706,Other Deciduous,Tulare Lake,0.65,5692.317592,1924.37694,5.1965,5659.33573658342,19935.479202124327,18828.97230823068,56923316.911363676,56593497.540279865,4,Good,267.4212239729997
PA-706,Pasture,Tulare Lake,0.65,3652.762468,221.7503675,4.75,6.642494607562062e-14,17417.08114629667,5.2929480010998e-08,3847506.743428733,6.996634196632364e-11,4,Good,267.4212239729997
PA-706,Potatoes,Tulare Lake,0.65,398.4454185,444.581011,23.95,401.1736095241044,491.4872672222573,470.10989319247915,4242533.344291902,4271582.345364456,4,Good,267.4212239729997
PA-706,Safflower,Tulare Lake,0.65,183.5472791,565.3467595,1.069333333,1.1969155139291997e-07,439.1015834216669,3.5342460971341677e-07,110962.4310084642,7.235882536017899e-05,4,Good,267.4212239729997
PA-706,Tomato Processing,Tulare Lake,0.65,529.4935434,97.94091108,55.361,522.8662643398528,1175.5848140290623,1102.8273330265379,2870970.5307351616,2835036.7160214526,4,Good,267.4212239729997
PA-706,Truck Crops,Tulare Lake,0.65,2250.376106,4317.258086,5.3101875,2250.8551629230537,4152.741718907099,3945.94442194761,51590884.7250086,51601867.320508115,4,Good,267.4212239729997
PA-706,Vineyard,Tulare Lake,0.65,574.5288852,1366.998887,12.39690226,572.0250622693652,2303.2380288498657,2178.5403707320143,9736283.393945176,9693852.229474774,4,Good,267.4212239729997
PA-706,Alfalfa,Tulare Lake,0.7,38898.65373,283.723947,8.642,9903.23811478798,175998.16220903542,42567.13143990778,95377256.4375611,24282168.935525328,3,Good,245.98095123728584
PA-706,Almonds & Pistachios,Tulare Lake,0.7,1955.33773,5055.636246,1.283333333,1899.8924438415377,7367.25852353173,6800.435814147985,12686361.24960269,12326628.545118002,3,Good,245.98095123728584
PA-706,Citrus & Subtropical,Tulare Lake,0.7,73.96702016,856.220675,18.2172,73.73190268158417,266.9050891215277,252.7538466800845,1153733.3850914165,1150066.0359988064,3,Good,245.98095123728584
PA-706,Corn,Tulare Lake,0.7,131386.8972,75.51262625,25.336,129865.24758060675,299619.5862302346,281342.07882689487,251367821.7668393,248456620.1290003,3,Good,245.98095123728584
PA-706,Cotton,Tulare Lake,0.7,8808.005629,3805.295579,0.823666667,7764.819792772482,33023.87057530733,27657.019251431306,27606889.11720124,24337236.834674533,3,Good,245.98095123728584
PA-706,Cucurbits,Tulare Lake,0.7,61.4859183,485.0643584,17.348,61.45119914847081,150.15674283306274,142.56835503046543,517397.63805778034,517105.4799914581,3,Good,245.98095123728584
PA-706,Dry Beans,Tulare Lake,0.7,1840.102989,1466.264232,1.206,1858.504036762779,3532.5968411620956,3389.5266678814487,3253881.098336189,3286419.940924248,3,Good,245.98095123728584
PA-706,Grain,Tulare Lake,0.7,39095.18905,283.6294651,2.560666667,39486.141335298875,27973.567864927692,26840.63823991423,28394074.11781629,28678015.145729184,3,Good,245.98095123728584
PA-706,Lettuce,Tulare Lake,0.7,249.0466665,703.180068,19.4,248.78548173703234,572.9972589264329,543.7765126975842,3397418.24656208,3393855.2441260274,3,Good,245.98095123728584
PA-706,Other Deciduous,Tulare Lake,0.7,5692.317592,1924.37694,5.1965,5665.221387147918,19935.479202124327,18848.554244465966,56923316.911363676,56652354.19170482,3,Good,245.98095123728584
PA-706,Pasture,Tulare Lake,0.7,3652.762468,221.7503675,4.75,5.627708056915194e-21,17417.08114629667,5.627708056912859e-08,3847506.743428733,5.927745066567363e-18,3,Good,245.98095123728584
PA-706,Potatoes,Tulare Lake,0.7,398.4454185,444.581011,23.95,401.57270951299495,491.4872672222573,470.57757314710153,4242533.344291902,4275831.848387853,3,Good,245.98095123728584
PA-706,Safflower,Tulare Lake,0.7,183.5472791,565.3467595,1.069333333,1.99303367063494e-18,439.1015834216669,5.627708052717565e-08,110962.4310084642,1.2048768157161732e-15,3,Good,245.98095123728584
PA-706,Tomato Processing,Tulare Lake,0.7,529.4935434,97.94091108,55.361,526.5824940562152,1175.5848140290623,1110.6655891721682,2870970.5307351616,2855186.5103562605,3,Good,245.98095123728584
PA-706,Truck Crops,Tulare Lake,0.7,2250.376106,4317.258086,5.3101875,2252.102293707204,4152.741718907099,3948.130750439765,51590884.7250086,51630458.35484702,3,Good,245.98095123728584
PA-706,Vineyard,Tulare Lake,0.7,574.5288852,1366.998887,12.39690226,572.4118801661347,2303.2380288498657,2180.0135551485296,9736283.393945176,9700407.458918957,3,Good,245.98095123728584
PA-706,Alfalfa,Tulare Lake,0.75,38898.65373,283.723947,8.642,15832.339699246051,175998.16220903542,68052.21455518791,95377256.4375611,38819984.20775601,2,Good,222.8068453981314
PA-706,Almonds & Pistachios,Tulare Lake,0.75,1955.33773,5055.636246,1.283333333,1911.777581236408,7367.25852353173,6842.977229729397,12686361.24960269,12403740.107064126,2,Good,222.8068453981314
PA-706,Citrus & Subtropical,Tulare Lake,0.75,73.96702016,856.220675,18.2172,73.78418044879191,266.9050891215277,252.933055502671,1153733.3850914165,1150881.4616465496,2,Good,222.8068453981314
PA-706,Corn,Tulare Lake,0.75,131386.8972,75.51262625,25.336,131399.63216388458,299619.5862302346,284666.1932949514,251367821.7668393,251392186.14563328,2,Good,222.8068453981314
PA-706,Cotton,Tulare Lake,0.75,8808.005629,3805.295579,0.823666667,7999.155406501383,33023.87057530733,28491.684414721138,27606889.11720124,25071713.80675153,2,Good,222.8068453981314
PA-706,Cucurbits,Tulare Lake,0.75,61.4859183,485.0643584,17.348,61.47253466960979,150.15674283306274,142.6178539952882,517397.63805778034,517285.0161933927,2,Good,222.8068453981314
PA-706,Dry Beans,Tulare Lake,0.75,1840.102989,1466.264232,1.206,1858.504037194023,3532.5968411620956,3389.52666867754,3253881.098336189,3286419.9416868235,2,Good,222.8068453981314
PA-706,Grain,Tulare Lake,0.75,39095.18905,283.6294651,2.560666667,39486.14133537369,27973.567864927692,26840.63824004652,28394074.11781629,28678015.14578352,2,Good,222.8068453981314
PA-706,Lettuce,Tulare Lake,0.75,249.0466665,703.180068,19.4,249.02783877857334,572.9972589264329,544.3062384209064,3397418.24656208,3397161.4045604784,2,Good,222.8068453981314
PA-706,Other Deciduous,Tulare Lake,0.75,5692.317592,1924.37694,5.1965,5671.530792894274,19935.479202124327,18869.546041323993,56923316.911363676,56715448.40544421,2,Good,222.8068453981314
PA-706,Pasture,Tulare Lake,0.75,3652.762468,221.7503675,4.75,4.6820645439186565e-08,17417.08114629667,3.090210547383507e-07,3847506.743428733,4.93168528304524e-05,2,Good,222.8068453981314
PA-706,Potatoes,Tulare Lake,0.75,398.4454185,444.581011,23.95,402.0029900486118,491.4872672222573,471.08179160936334,4242533.344291902,4280413.352992993,2,Good,222.8068453981314
PA-706,Safflower,Tulare Lake,0.75,183.5472791,565.3467595,1.069333333,8.284430078297209e-07,439.1015834216669,1.9752706504416515e-06,110962.4310084642,0.0005008303612643963,2,Good,222.8068453981314
PA-706,Tomato Processing,Tulare Lake,0.75,529.4935434,97.94091108,55.361,530.5600030347623,1175.5848140290623,1119.0549344460908,2870970.5307351616,2876752.9887495893,2,Good,222.8068453981314
PA-706,Truck Crops,Tulare Lake,0.75,2250.376106,4317.258086,5.3101875,2253.4479264458705,4152.741718907099,3950.489761409597,51590884.7250086,51661307.59081147,2,Good,222.8068453981314
PA-706,Vineyard,Tulare Lake,0.75,574.5288852,1366.998887,12.39690226,572.8277385912785,2303.2380288498657,2181.597339554046,9736283.393945176,9707454.825175487,2,Good,222.8068453981314
PA-706,Alfalfa,Tulare Lake,0.8,38898.65373,283.723947,8.642,21771.035521172733,175998.16220903542,93578.53662303288,95377256.4375611,53381323.9971517,3,Good,197.61127606736508
PA-706,Almonds & Pistachios,Tulare Lake,0.8,1955.33773,5055.636246,1.283333333,1924.4977688472047,7367.25852353173,6888.507606769955,12686361.24960269,12486269.530353721,3,Good,197.61127606736508
PA-706,Citrus & Subtropical,Tulare Lake,0.8,73.96702016,856.220675,18.2172,73.8406977377283,266.9050891215277,253.12679740186158,1153733.3850914165,1151763.0151137533,3,Good,197.61127606736508
PA-706,Corn,Tulare Lake,0.8,131386.8972,75.51262625,25.336,132700.76749813795,299619.5862302346,287484.992986076,251367821.7668393,253881502.52165878,3,Good,197.61127606736508
PA-706,Cotton,Tulare Lake,0.8,8808.005629,3805.295579,0.823666667,8243.941315416163,33023.87057530733,29363.571821724145,27606889.11720124,25838945.088100165,3,Good,197.61127606736508
PA-706,Cucurbits,Tulare Lake,0.8,61.4859183,485.0643584,17.348,61.49556450129451,150.15674283306274,142.67128374924113,517397.63805778034,517478.8098431907,3,Good,197.61127606736508
PA-706,Dry Beans,Tulare Lake,0.8,1840.102989,1466.264232,1.206,1858.5040373965062,3532.5968411620956,3389.5266690019603,3253881.098336189,3286419.9420448774,3,Good,197.61127606736508
PA-706,Grain,Tulare Lake,0.8,39095.18905,283.6294651,2.560666667,39486.14133533518,27973.567864927692,26840.638239975448,28394074.11781629,28678015.14575555,3,Good,197.61127606736508
PA-706,Lettuce,Tulare Lake,0.8,249.0466665,703.180068,19.4,249.29027047717528,572.9972589264329,544.8798417584412,3397418.24656208,3400741.417310043,3,Good,197.61127606736508
PA-706,Other Deciduous,Tulare Lake,0.8,5692.317592,1924.37694,5.1965,5678.330070937925,19935.479202124327,18892.167674622215,56923316.911363676,56783441.35429007,3,Good,197.61127606736508
PA-706,Pasture,Tulare Lake,0.8,3652.762468,221.7503675,4.75,5.086269214392002e-08,17417.08114629667,2.779561797775827e-07,3847506.743428733,5.3574398206029734e-05,3,Good,197.61127606736508
PA-706,Potatoes,Tulare Lake,0.8,398.4454185,444.581011,23.95,402.4298730910907,491.4872672222573,471.58202871027447,4242533.344291902,4284958.682058759,3,Good,197.61127606736508
PA-706,Safflower,Tulare Lake,0.8,183.5472791,565.3467595,1.069333333,185.38275347835415,439.1015834216669,421.31796873679866,110962.4310084642,112072.0562781745,3,Good,197.61127606736508
PA-706,Tomato Processing,Tulare Lake,0.8,529.4935434,97.94091108,55.361,534.7884698132008,1175.5848140290623,1127.9735988048897,2870970.5307351616,2899680.1871307767,3,Good,197.61127606736508
PA-706,Truck Crops,Tulare Lake,0.8,2250.376106,4317.258086,5.3101875,2254.9081766477507,4152.741718907099,3953.0497066837725,51590884.7250086,51694784.48368906,3,Good,197.61127606736508
PA-706,Vineyard,Tulare Lake,0.8,574.5288852,1366.998887,12.39690226,573.2772602626011,2303.2380288498657,2183.309329372827,9736283.393945176,9715072.66737013,3,Good,197.61127606736508
PA-706,Alfalfa,Tulare Lake,0.85,38898.65373,283.723947,8.642,28198.898568905464,175998.16220903542,121207.44830410606,95377256.4375611,69142073.62372053,2,Good,167.90582514984686
PA-706,Almonds & Pistachios,Tulare Lake,0.85,1955.33773,5055.636246,1.283333333,1939.2338182382455,7367.25852353173,6941.253517929436,12686361.24960269,12581877.998956602,2,Good,167.90582514984686
PA-706,Citrus & Subtropical,Tulare Lake,0.85,73.96702016,856.220675,18.2172,73.90690742200468,266.9050891215277,253.35376500350503,1153733.3850914165,1152795.7500137233,2,Good,167.90582514984686
PA-706,Corn,Tulare Lake,0.85,131386.8972,75.51262625,25.336,132700.76749888613,299619.5862302346,287484.99298770673,251367821.7668393,253881502.52309015,2,Good,167.90582514984686
PA-706,Cotton,Tulare Lake,0.85,8808.005629,3805.295579,0.823666667,8520.252042707913,33023.87057530733,30347.745480364712,27606889.11720124,26704984.454051685,2,Good,167.90582514984686
PA-706,Cucurbits,Tulare Lake,0.85,61.4859183,485.0643584,17.348,61.5224967897581,150.15674283306274,142.7337673577836,517397.63805778034,517705.4422628378,2,Good,167.90582514984686
PA-706,Dry Beans,Tulare Lake,0.85,1840.102989,1466.264232,1.206,1858.5040374215434,3532.5968411620956,3389.526669057456,3253881.098336189,3286419.942089151,2,Good,167.90582514984686
PA-706,Grain,Tulare Lake,0.85,39095.18905,283.6294651,2.560666667,39486.14133533662,27973.567864927692,26840.638239986278,28394074.11781629,28678015.1457566,2,Good,167.90582514984686
PA-706,Lettuce,Tulare Lake,0.85,249.0466665,703.180068,19.4,249.59826193385433,572.9972589264329,545.5530262285931,3397418.24656208,3404942.942306992,2,Good,167.90582514984686
PA-706,Other Deciduous,Tulare Lake,0.85,5692.317592,1924.37694,5.1965,5686.266954607633,19935.479202124327,18918.574194723176,56923316.911363676,56862810.387573525,2,Good,167.90582514984686
PA-706,Pasture,Tulare Lake,0.85,3652.762468,221.7503675,4.75,225.78851453986252,17417.08114629667,1022.77332053307,3847506.743428733,237826.25886334464,2,Good,167.90582514984686
PA-706,Potatoes,Tulare Lake,0.85,398.4454185,444.581011,23.95,402.4298764657063,491.4872672222573,471.58203267473795,4242533.344291902,4284958.717990705,2,Good,167.90582514984686
PA-706,Safflower,Tulare Lake,0.85,183.5472791,565.3467595,1.069333333,185.38275365537382,439.1015834216669,421.31796914858575,110962.4310084642,112072.05638519069,2,Good,167.90582514984686
PA-706,Tomato Processing,Tulare Lake,0.85,529.4935434,97.94091108,55.361,534.7884840382393,1175.5848140290623,1127.9736288182062,2870970.5307351616,2899680.264260454,2,Good,167.90582514984686
PA-706,Truck Crops,Tulare Lake,0.85,2250.376106,4317.258086,5.3101875,2256.6261241710527,4152.741718907099,3956.0614177795114,51590884.7250086,51734169.203604095,2,Good,167.90582514984686
PA-706,Vineyard,Tulare Lake,0.85,574.5288852,1366.998887,12.39690226,573.8037920748876,2303.2380288498657,2185.3146100691642,9736283.393945176,9723995.565891696,2,Good,167.90582514984686
PA-706,Alfalfa,Tulare Lake,0.9,38898.65373,283.723947,8.642,32789.18973726946,175998.16220903542,140937.91678787282,95377256.4375611,80397202.93814385,2,Good,145.01779726998126
PA-706,Almonds & Pistachios,Tulare Lake,0.9,1955.33773,5055.636246,1.283333333,1950.4015317166002,7367.25852353173,6981.227001162754,12686361.24960269,12654334.866813626,2,Good,145.01779726998126
PA-706,Citrus & Subtropical,Tulare Lake,0.9,73.96702016,856.220675,18.2172,73.95761277844267,266.9050891215277,253.52758359980922,1153733.3850914165,1153586.649287466,2,Good,145.01779726998126
PA-706,Corn,Tulare Lake,0.9,131386.8972,75.51262625,25.336,132700.76749891878,299619.5862302346,287484.9929878033,251367821.7668393,253881502.52315262,2,Good,145.01779726998126
PA-706,Cotton,Tulare Lake,0.9,8808.005629,3805.295579,0.823666667,8724.780878301322,33023.87057530733,31076.243770682897,27606889.11720124,27346038.186681803,2,Good,145.01779726998126
PA-706,Cucurbits,Tulare Lake,0.9,61.4859183,485.0643584,17.348,61.54308835049652,150.15674283306274,142.7815403322287,517397.63805778034,517878.7181150093,2,Good,145.01779726998126
PA-706,Dry Beans,Tulare Lake,0.9,1840.102989,1466.264232,1.206,1858.5040374227892,3532.5968411620956,3389.526669085692,3253881.098336189,3286419.942091354,2,Good,145.01779726998126
PA-706,Grain,Tulare Lake,0.9,39095.18905,283.6294651,2.560666667,39486.14133533249,27973.567864927692,26840.638240009455,28394074.11781629,28678015.145753596,2,Good,145.01779726998126
PA-706,Lettuce,Tulare Lake,0.9,249.0466665,703.180068,19.4,249.83453426066606,572.9972589264329,546.0694524587295,3397418.24656208,3408166.0969291716,2,Good,145.01779726998126
PA-706,Other Deciduous,Tulare Lake,0.9,5692.317592,1924.37694,5.1965,5692.324776189547,19935.479202124327,18938.728954976126,56923316.911363676,56923388.75343709,2,Good,145.01779726998126
PA-706,Pasture,Tulare Lake,0.9,3652.762468,221.7503675,4.75,2256.1955670973516,17417.08114629667,10220.079779175217,3847506.743428733,2376482.931739616,2,Good,145.01779726998126
PA-706,Potatoes,Tulare Lake,0.9,398.4454185,444.581011,23.95,402.4298764176696,491.4872672222573,471.58203264478857,4242533.344291902,4284958.717479224,2,Good,145.01779726998126
PA-706,Safflower,Tulare Lake,0.9,183.5472791,565.3467595,1.069333333,185.3827536727938,439.1015834216669,421.3179692133649,110962.4310084642,112072.05639572184,2,Good,145.01779726998126
PA-706,Tomato Processing,Tulare Lake,0.9,529.4935434,97.94091108,55.361,534.7884840799512,1175.5848140290623,1127.9736289323823,2870970.5307351616,2899680.2644866207,2,Good,145.01779726998126
PA-706,Truck Crops,Tulare Lake,0.9,2250.376106,4317.258086,5.3101875,2257.9470960127614,4152.741718907099,3958.3771960735785,51590884.7250086,51764453.07741029,2,Good,145.01779726998126
PA-706,Vineyard,Tulare Lake,0.9,574.5288852,1366.998887,12.39690226,574.2069676506925,2303.2380288498657,2186.850092238206,9736283.393945176,9730828.001587573,2,Good,145.01779726998126
PA-706,Alfalfa,Tulare Lake,0.95,38898.65373,283.723947,8.642,38182.67570753775,175998.16220903542,164602.0327320416,95377256.4375611,93621719.60263528,2,Good,14.539306335592824
PA-706,Almonds & Pistachios,Tulare Lake,0.95,1955.33773,5055.636246,1.283333333,1954.461684614909,7367.25852353173,7041.029016721862,12686361.24960269,12680677.408874923,2,Good,14.539306335592824
PA-706,Citrus & Subtropical,Tulare Lake,0.95,73.96702016,856.220675,18.2172,73.96427074558136,266.9050891215277,255.41683095778984,1153733.3850914165,1153690.4998812594,2,Good,14.539306335592824
PA-706,Corn,Tulare Lake,0.95,131386.8972,75.51262625,25.336,131823.5688474607,299619.5862302346,286962.8504681407,251367821.7668393,252203256.6784534,2,Good,14.539306335592824
PA-706,Cotton,Tulare Lake,0.95,8808.005629,3805.295579,0.823666667,8792.895938888878,33023.87057530733,31469.631474308993,27606889.11720124,27559530.889122956,2,Good,14.539306335592824
PA-706,Cucurbits,Tulare Lake,0.95,61.4859183,485.0643584,17.348,61.49076062487986,150.15674283306274,143.6892292838994,517397.63805778034,517438.38572041295,2,Good,14.539306335592824
PA-706,Dry Beans,Tulare Lake,0.95,1840.102989,1466.264232,1.206,1858.504036757265,3532.5968411620956,3406.8826993712387,3253881.098336189,3286419.9409144977,2,Good,14.539306335592824
PA-706,Grain,Tulare Lake,0.95,39095.18905,283.6294651,2.560666667,39486.14133509442,27973.567864927692,26985.456288139834,28394074.11781629,28678015.145580694,2,Good,14.539306335592824
PA-706,Lettuce,Tulare Lake,0.95,249.0466665,703.180068,19.4,249.1149538850339,572.9972589264329,548.5897525478291,3397418.24656208,3398349.8021262833,2,Good,14.539306335592824
PA-706,Other Deciduous,Tulare Lake,0.95,5692.317592,1924.37694,5.1965,5692.099550926993,19935.479202124327,19071.72246727973,56923316.911363676,56921136.495233014,2,Good,14.539306335592824
PA-706,Pasture,Tulare Lake,0.95,3652.762468,221.7503675,4.75,3534.6394044675817,17417.08114629667,16011.15490253324,3847506.743428733,3723086.0378731703,2,Good,14.539306335592824
PA-706,Potatoes,Tulare Lake,0.95,398.4454185,444.581011,23.95,398.9214615362568,491.4872672222573,471.0459053975069,4242533.344291902,4247602.11497131,2,Good,14.539306335592824
PA-706,Safflower,Tulare Lake,0.95,183.5472791,565.3467595,1.069333333,185.38275305599166,439.1015834216669,421.3179767761057,110962.4310084642,112072.05602283773,2,Good,14.539306335592824
PA-706,Tomato Processing,Tulare Lake,0.95,529.4935434,97.94091108,55.361,530.7471519717209,1175.5848140290623,1127.18688768424,2870970.5307351616,2877767.7302692244,2,Good,14.539306335592824
PA-706,Truck Crops,Tulare Lake,0.95,2250.376106,4317.258086,5.3101875,2251.066342846622,4152.741718907099,3976.839078028855,51590884.7250086,51606708.71527052,2,Good,14.539306335592824
PA-706,Vineyard,Tulare Lake,0.95,574.5288852,1366.998887,12.39690226,574.4831247246283,2303.2380288498657,2203.97873129566,9736283.393945176,9735507.91168843,2,Good,14.539306335592824
PA-706,Alfalfa,Tulare Lake,1.0,38898.65373,283.723947,8.642,38898.63957810616,175998.16220903542,175998.00259477407,95377256.4375611,95377221.73793326,2,Good,0.0001449969291754975
PA-706,Almonds & Pistachios,Tulare Lake,1.0,1955.33773,5055.636246,1.283333333,1955.3376988891964,7367.25852353173,7367.254666386653,12686361.24960269,12686361.047753727,2,Good,0.0001449969291754975
PA-706,Citrus & Subtropical,Tulare Lake,1.0,73.96702016,856.220675,18.2172,73.96702001846614,266.9050891215277,266.9049561462153,1153733.3850914165,1153733.3828837792,2,Good,0.0001449969291754975
PA-706,Corn,Tulare Lake,1.0,131386.8972,75.51262625,25.336,131386.89674404514,299619.5862302346,299619.42812070623,251367821.7668393,251367820.89451197,2,Good,0.0001449969291754975
PA-706,Cotton,Tulare Lake,1.0,8808.005629,3805.295579,0.823666667,8808.005073717484,33023.87057530733,33023.851177953446,27606889.11720124,27606887.37678196,2,Good,0.0001449969291754975
PA-706,Cucurbits,Tulare Lake,1.0,61.4859183,485.0643584,17.348,61.48591827907888,150.15674283306274,150.15666832490183,517397.63805778034,517397.63788173127,2,Good,0.0001449969291754975
PA-706,Dry Beans,Tulare Lake,1.0,1840.102989,1466.264232,1.206,1840.1030842872378,3532.5968411620956,3532.595183283583,3253881.098336189,3253881.266834009,2,Good,0.0001449969291754975
PA-706,Grain,Tulare Lake,1.0,39095.18905,283.6294651,2.560666667,39095.218791892396,27973.567864927692,27973.57464146177,28394074.11781629,28394095.718773276,2,Good,0.0001449969291754975
PA-706,Lettuce,Tulare Lake,1.0,249.0466665,703.180068,19.4,249.04666639629156,572.9972589264329,572.9969744582892,3397418.24656208,3397418.2451473214,2,Good,0.0001449969291754975
PA-706,Other Deciduous,Tulare Lake,1.0,5692.317592,1924.37694,5.1965,5692.317576748447,19935.479202124327,19935.469146221363,56923316.911363676,56923316.758847766,2,Good,0.0001449969291754975
PA-706,Pasture,Tulare Lake,1.0,3652.762468,221.7503675,4.75,3652.760348133428,17417.08114629667,17417.059940695515,3847506.743428733,3847504.5105430745,2,Good,0.0001449969291754975
PA-706,Potatoes,Tulare Lake,1.0,398.4454185,444.581011,23.95,398.4454206729842,491.4872672222573,491.48702684569633,4242533.344291902,4242533.367429218,2,Good,0.0001449969291754975
PA-706,Safflower,Tulare Lake,1.0,183.5472791,565.3467595,1.069333333,183.5348696664205,439.1015834216669,439.07162718090547,110962.4310084642,110954.92895817955,2,Good,0.0001449969291754975
PA-706,Tomato Processing,Tulare Lake,1.0,529.4935434,97.94091108,55.361,529.4935427384693,1175.5848140290623,1175.5842215582009,2870970.5307351616,2870970.5271482714,2,Good,0.0001449969291754975
PA-706,Truck Crops,Tulare Lake,1.0,2250.376106,4317.258086,5.3101875,2250.376107578085,4152.741718907099,4152.739666939019,51590884.7250086,51590884.7611869,2,Good,0.0001449969291754975
PA-706,Vineyard,Tulare Lake,1.0,574.5288852,1366.998887,12.39690226,574.5288839719633,2303.2380288498657,2303.236875519655,9736283.393945176,9736283.37313419,2,Good,0.0001449969291754975
PA-707,Almonds & Pistachios,Tulare Lake,0.5,3.858575744,4617.615517,1.502,5.213755442789026e-21,14.538217415094213,5.2137554427874376e-08,26761.76368197936,3.616082728776765e-17,15,Good,3797.586484415075
PA-707,Citrus & Subtropical,Tulare Lake,0.5,3629.655919,819.7163216,16.76466667,2136.8142780891635,13097.372781079941,7325.02497028588,49879714.89665253,29364680.663049888,15,Good,3797.586484415075
PA-707,Grain,Tulare Lake,0.5,581.0261594,286.2963187,2.73,5.213755442962444e-21,415.73848589112254,5.2137554429599894e-08,454123.6258776109,4.075013642487703e-18,15,Good,3797.586484415075
PA-707,Other Deciduous,Tulare Lake,0.5,112.7414189,1746.7764,4.535,5.2137560707594645e-21,394.839918077947,5.213756070757574e-08,893095.916010949,4.130145158100871e-17,15,Good,3797.586484415075
PA-707,Pasture,Tulare Lake,0.5,152.5861464,285.0002006,5.0,5.213755443481027e-21,727.5603921501702,5.213755443480509e-08,217435.41166390484,7.429606736357173e-18,15,Good,3797.586484415075
PA-707,Almonds & Pistachios,Tulare Lake,0.55,3.858575744,4617.615517,1.502,5.211090093358225e-21,14.538217415094213,5.211090093463747e-08,26761.76368197936,3.6142341334315035e-17,36,Good,3707.072181363236
PA-707,Citrus & Subtropical,Tulare Lake,0.55,3629.655919,819.7163216,16.76466667,2350.4957059078783,13097.372781079941,8057.5274673417325,49879714.89665253,32301148.72948953,36,Good,3707.072181363236
PA-707,Grain,Tulare Lake,0.55,581.0261594,286.2963187,2.73,5.211090093358133e-21,415.73848589112254,5.211090093462806e-08,454123.6258776109,4.07293043468895e-18,36,Good,3707.072181363236
PA-707,Other Deciduous,Tulare Lake,0.55,112.7414189,1746.7764,4.535,5.211089300069727e-21,394.839918077947,5.211089300174945e-08,893095.916010949,4.1280326407712325e-17,36,Good,3707.072181363236
PA-707,Pasture,Tulare Lake,0.55,152.5861464,285.0002006,5.0,5.211090093356303e-21,727.5603921501702,5.2110900934629095e-08,217435.41166390484,7.425808609756097e-18,36,Good,3707.072181363236
PA-707,Almonds & Pistachios,Tulare Lake,0.6,3.858575744,4617.615517,1.502,5.206627978416295e-21,14.538217415094213,5.206627978414663e-08,26761.76368197936,3.61113936288609e-17,3,Good,3564.7118152949156
PA-707,Citrus & Subtropical,Tulare Lake,0.6,3629.655919,819.7163216,16.76466667,2564.177133726773,13097.372781079941,8790.029964398202,49879714.89665253,35237616.795931645,3,Good,3564.7118152949156
PA-707,Grain,Tulare Lake,0.6,581.0261594,286.2963187,2.73,5.2066279784159685e-21,415.73848589112254,5.2066279784135157e-08,454123.6258776109,4.069442894956297e-18,3,Good,3564.7118152949156
PA-707,Other Deciduous,Tulare Lake,0.6,112.7414189,1746.7764,4.535,5.206627978416858e-21,394.839918077947,5.206627978414916e-08,893095.916010949,4.124498546392198e-17,3,Good,3564.7118152949156
PA-707,Pasture,Tulare Lake,0.6,152.5861464,285.0002006,5.0,5.206627978414317e-21,727.5603921501702,5.2066279784137936e-08,217435.41166390484,7.419450091488265e-18,3,Good,3564.7118152949156
PA-707,Almonds & Pistachios,Tulare Lake,0.65,3.858575744,4617.615517,1.502,5.57676953064873e-18,14.538217415094213,1.4639547868104363e-08,26761.76368197936,3.8678569034223485e-14,16,Good,3340.8082647275696
PA-707,Citrus & Subtropical,Tulare Lake,0.65,3629.655919,819.7163216,16.76466667,2777.8585616111486,13097.372781079941,9522.532461641036,49879714.89665253,38174084.86327361,16,Good,3340.8082647275696
PA-707,Grain,Tulare Lake,0.65,581.0261594,286.2963187,2.73,3.07977222208971e-17,415.73848589112254,1.4639547883708182e-08,454123.6258776109,2.407115937459331e-14,16,Good,3340.8082647275696
PA-707,Other Deciduous,Tulare Lake,0.65,112.7414189,1746.7764,4.535,6.185647721625901e-18,394.839918077947,1.4639547875103111e-08,893095.916010949,4.900041858588427e-14,16,Good,3340.8082647275696
PA-707,Pasture,Tulare Lake,0.65,152.5861464,285.0002006,5.0,4.527546511834072e-18,727.5603921501702,1.4639547852451283e-08,217435.41166390484,6.4517583204927044e-15,16,Good,3340.8082647275696
PA-707,Almonds & Pistachios,Tulare Lake,0.7,3.858575744,4617.615517,1.502,1.2676704983872363e-21,14.538217415094213,1.2676704983884123e-08,26761.76368197936,8.792129675621632e-18,3,Good,2988.6540724103183
PA-707,Citrus & Subtropical,Tulare Lake,0.7,3629.655919,819.7163216,16.76466667,2991.5399886892847,13097.372781079941,10255.034956156227,49879714.89665253,41110552.919536024,3,Good,2988.6540724103183
PA-707,Grain,Tulare Lake,0.7,581.0261594,286.2963187,2.73,1.2676704206721247e-21,415.73848589112254,1.2676704206723767e-08,454123.6258776109,9.907971931038353e-19,3,Good,2988.6540724103183
PA-707,Other Deciduous,Tulare Lake,0.7,112.7414189,1746.7764,4.535,1.2676697101288876e-21,394.839918077947,1.2676697101301753e-08,893095.916010949,1.0042011640558597e-17,3,Good,2988.6540724103183
PA-707,Pasture,Tulare Lake,0.7,152.5861464,285.0002006,5.0,1.267670503938348e-21,727.5603921501702,1.2676705039391496e-08,217435.41166390484,1.8064317395856615e-18,3,Good,2988.6540724103183
PA-707,Almonds & Pistachios,Tulare Lake,0.75,3.858575744,4617.615517,1.502,7.093720954891978e-07,14.538217415094213,3.3831909069590347e-06,26761.76368197936,0.004919962608377504,27,Good,1351.44244411027
PA-707,Citrus & Subtropical,Tulare Lake,0.75,3629.655919,819.7163216,16.76466667,3156.9415719252597,13097.372781079941,10822.033566995899,49879714.89665253,43383546.282923035,27,Good,1351.44244411027
PA-707,Grain,Tulare Lake,0.75,581.0261594,286.2963187,2.73,1.5865261432218715e-08,415.73848589112254,2.8511404406828825e-08,454123.6258776109,1.2400113025092449e-05,27,Good,1351.44244411027
PA-707,Other Deciduous,Tulare Lake,0.75,112.7414189,1746.7764,4.535,49.744852262872655,394.839918077947,165.50387549149053,893095.916010949,394060.362482626,27,Good,1351.44244411027
PA-707,Pasture,Tulare Lake,0.75,152.5861464,285.0002006,5.0,6.854580830669035e-09,727.5603921501702,6.874606791621847e-08,217435.41166390484,9.767784558847949e-06,27,Good,1351.44244411027
PA-707,Almonds & Pistachios,Tulare Lake,0.8,3.858575744,4617.615517,1.502,1.723229416258625e-12,14.538217415094213,1.7208770199861677e-07,26761.76368197936,1.1951730759583754e-08,12,Good,7.430155428236831e-10
PA-707,Citrus & Subtropical,Tulare Lake,0.8,3629.655919,819.7163216,16.76466667,1.7283080350974398e-12,13097.372781079941,1.7235432857681542e-07,49879714.89665253,2.375087720932096e-08,12,Good,7.430155428236831e-10
PA-707,Grain,Tulare Lake,0.8,581.0261594,286.2963187,2.73,586.8364268501592,415.73848589112254,419.8958756143861,454123.6258776109,458664.86671349633,12,Good,7.430155428236831e-10
PA-707,Other Deciduous,Tulare Lake,0.8,112.7414189,1746.7764,4.535,113.86883417856703,394.839918077947,398.78832173652944,893095.916010949,902026.8838022064,12,Good,7.430155428236831e-10
PA-707,Pasture,Tulare Lake,0.8,152.5861464,285.0002006,5.0,1.7181817388384173e-20,727.5603921501702,1.7181817388316415e-07,217435.41166390484,2.4484107011810288e-17,12,Good,7.430155428236831e-10
PA-707,Almonds & Pistachios,Tulare Lake,0.85,3.858575744,4617.615517,1.502,2.694582263636533,14.538217415094213,9.64493217363497,26761.76368197936,18688.702398346362,3,Good,1095.7165364247023
PA-707,Citrus & Subtropical,Tulare Lake,0.85,3629.655919,819.7163216,16.76466667,3503.213945471721,13097.372781079941,12009.059416053655,49879714.89665253,48142115.04385485,3,Good,1095.7165364247023
PA-707,Grain,Tulare Lake,0.85,581.0261594,286.2963187,2.73,124.81722776752022,415.73848589112254,84.84430090949654,454123.6258776109,97555.76599909263,3,Good,1095.7165364247023
PA-707,Other Deciduous,Tulare Lake,0.85,112.7414189,1746.7764,4.535,104.89541954077932,394.839918077947,348.9937762664731,893095.916010949,830942.8044649622,3,Good,1095.7165364247023
PA-707,Pasture,Tulare Lake,0.85,152.5861464,285.0002006,5.0,5.177312300718679e-19,727.5603921501702,4.114978228782976e-09,217435.41166390484,7.377675221368357e-16,3,Good,1095.7165364247023
PA-707,Almonds & Pistachios,Tulare Lake,0.9,3.858575744,4617.615517,1.502,3.757095850729945,14.538217415094213,13.448071457937422,26761.76368197936,26057.933796978738,2,Good,314.3806497489932
PA-707,Citrus & Subtropical,Tulare Lake,0.9,3629.655919,819.7163216,16.76466667,3617.18448406212,13097.372781079941,12399.751789162907,49879714.89665253,49708329.05927955,2,Good,314.3806497489932
PA-707,Grain,Tulare Lake,0.9,581.0261594,286.2963187,2.73,586.836426813121,415.73848589112254,398.9010753874847,454123.6258776109,458664.8666845476,2,Good,314.3806497489932
PA-707,Other Deciduous,Tulare Lake,0.9,112.7414189,1746.7764,4.535,112.09401934134526,394.839918077947,372.94397873263085,893095.916010949,887967.4556145556,2,Good,314.3806497489932
PA-707,Pasture,Tulare Lake,0.9,152.5861464,285.0002006,5.0,5.172841498047027e-08,727.5603921501702,3.287330601024679e-07,217435.41166390484,7.371304323077037e-05,2,Good,314.3806497489932
PA-707,Almonds & Pistachios,Tulare Lake,0.95,3.858575744,4617.615517,1.502,3.8550762075129157,14.538217415094213,13.811381900458839,26761.76368197936,26737.49209197379,2,Good,16.63972427812338
PA-707,Citrus & Subtropical,Tulare Lake,0.95,3629.655919,819.7163216,16.76466667,3629.2495022671947,13097.372781079941,12462.540905021711,49879714.89665253,49874129.80781382,2,Good,16.63972427812338
PA-707,Grain,Tulare Lake,0.95,581.0261594,286.2963187,2.73,586.8364266089985,415.73848589112254,398.90120728536783,454123.6258776109,458664.8665250078,2,Good,16.63972427812338
PA-707,Other Deciduous,Tulare Lake,0.95,112.7414189,1746.7764,4.535,112.72194358650944,394.839918077947,375.48554545659175,893095.916010949,892941.6397643738,2,Good,16.63972427812338
PA-707,Pasture,Tulare Lake,0.95,152.5861464,285.0002006,5.0,147.20531555943072,727.5603921501702,666.8083646730921,217435.41166390484,209767.72231912028,2,Good,16.63972427812338
PA-707,Almonds & Pistachios,Tulare Lake,1.0,3.858575744,4617.615517,1.502,3.858575053752232,14.538217415094213,14.538174606715463,26761.76368197936,26761.758894656556,2,Good,0.0008044668383988426
PA-707,Citrus & Subtropical,Tulare Lake,1.0,3629.655919,819.7163216,16.76466667,3629.6558333881776,13097.372781079941,13097.336172543713,49879714.89665253,49879713.72015168,2,Good,0.0008044668383988426
PA-707,Grain,Tulare Lake,1.0,581.0261594,286.2963187,2.73,581.0268706517757,415.73848589112254,415.7378038219519,454123.6258776109,454124.1817841394,2,Good,0.0008044668383988426
PA-707,Other Deciduous,Tulare Lake,1.0,112.7414189,1746.7764,4.535,112.74141419479652,394.839918077947,394.83879789239535,893095.916010949,893095.8787380634,2,Good,0.0008044668383988426
PA-707,Pasture,Tulare Lake,1.0,152.5861464,285.0002006,5.0,152.58557094197502,727.5603921501702,727.5552591940591,217435.41166390484,217434.59163564208,2,Good,0.0008044668383988426
PA-708,Alfalfa,Tulare Lake,0.5,13617.37082,277.7988945,8.566,4.0372206452052956e-21,61612.21555569106,4.037220645207361e-08,32404240.53518306,9.607072511288149e-18,2,Good,1277.9688619175479
PA-708,Almonds & Pistachios,Tulare Lake,0.5,266819.4854,5254.957539,1.2765,145875.18228256877,1005313.8636349537,522142.6177007803,1789812647.201941,978523910.1665328,2,Good,1277.9688619175479
PA-708,Citrus & Subtropical,Tulare Lake,0.5,5028.220857,1062.045455,16.13,4851.6153332446565,18144.001651780334,16631.395543568433,86137411.61063756,83112018.90712325,2,Good,1277.9688619175479
PA-708,Corn,Tulare Lake,0.5,11459.7622,253.0253431,19.8995,4.037270922751693e-13,26133.269616940786,4.037439746352751e-08,57700794.41860702,2.0327973256366117e-09,2,Good,1277.9688619175479
PA-708,Cotton,Tulare Lake,0.5,6101.235793,3766.024208,0.776,4.0372206451999e-21,22875.373797909342,4.037220645201807e-08,17830463.715439565,1.1798514049899517e-17,2,Good,1277.9688619175479
PA-708,Cucurbits,Tulare Lake,0.5,302.5489449,829.3999693,16.1025,299.2735253848413,738.864529795333,694.3222392257946,4040666.113564128,3996921.533172407,2,Good,1277.9688619175479
PA-708,Dry Beans,Tulare Lake,0.5,75.7249257,1204.529622,1.604,4.037220645206232e-21,145.37535938161253,4.0372206452072646e-08,146305.51747155614,7.80017477975218e-18,2,Good,1277.9688619175479
PA-708,Grain,Tulare Lake,0.5,7474.609625,299.3468083,2.38,8.138809231315251e-18,5348.266748150671,4.037220649071154e-08,5325251.27218666,5.798457228881176e-15,2,Good,1277.9688619175479
PA-708,Lettuce,Tulare Lake,0.5,162.0540372,684.769363,16.01225,4.0374112603712146e-13,372.84786991341724,4.037663459160377e-08,1776873.6152882138,4.426899611126222e-09,2,Good,1277.9688619175479
PA-708,Onions & Garlic,Tulare Lake,0.5,986.5654233,2882.549818,7.8,966.9479016354699,1236.787904075948,1151.5850414406762,22181827.05475236,21740748.88342348,2,Good,1277.9688619175479
PA-708,Other Deciduous,Tulare Lake,0.5,9187.34411,2358.861787,3.868333333,8483.525788384688,32175.665617299666,28225.233416124014,83833262.57206555,77411016.33283038,2,Good,1277.9688619175479
PA-708,Pasture,Tulare Lake,0.5,300.5043649,167.5,5.0,4.0372206452050624e-21,1432.8631971367608,4.037220645207142e-08,251672.40560375,3.3811722903592396e-18,2,Good,1277.9688619175479
PA-708,Potatoes,Tulare Lake,0.5,339.9763888,444.581011,23.95,325.2297940785836,419.3650083377822,381.11615550675134,3619971.767239552,3462954.2262777453,2,Good,1277.9688619175479
PA-708,Safflower,Tulare Lake,0.5,15.49429538,565.3467595,1.069333333,4.037220645205916e-21,37.06712335220347,4.037220645207048e-08,9366.985392310376,2.440678061294175e-18,2,Good,1277.9688619175479
PA-708,Tomato Processing,Tulare Lake,0.5,766.0172503,100.1550886,56.328,438.90130210120367,1700.7161993979078,925.7287866163913,4321513.7644717125,2476077.421927621,2,Good,1277.9688619175479
PA-708,Truck Crops,Tulare Lake,0.5,783.1658511,1276.630474,15.81926667,753.0355318636913,1445.2186432370322,1320.1366331747072,15816314.663704086,15207822.082866997,2,Good,1277.9688619175479
PA-708,Vineyard,Tulare Lake,0.5,10844.70239,1575.156004,12.05608017,10458.660478332818,43475.5007096152,39831.496166671845,205943143.93877026,198612128.10064247,2,Good,1277.9688619175479
PA-708,Alfalfa,Tulare Lake,0.55,13617.37082,277.7988945,8.566,1.1827783742863559e-11,61612.21555569106,8.261063963449143e-10,32404240.53518306,2.8145693795674912e-08,2,Good,819.7693429775323
PA-708,Almonds & Pistachios,Tulare Lake,0.55,266819.4854,5254.957539,1.2765,157208.65805190953,1005313.8636349537,562709.4270322121,1789812647.201941,1054548336.3373317,2,Good,819.7693429775323
PA-708,Citrus & Subtropical,Tulare Lake,0.55,5028.220857,1062.045455,16.13,4862.371598797043,18144.001651780334,16668.268150827847,86137411.61063756,83296282.26778877,2,Good,819.7693429775323
PA-708,Corn,Tulare Lake,0.55,11459.7622,253.0253431,19.8995,9175.230083468938,26133.269616940786,19877.36021368125,57700794.41860702,46197997.440964326,2,Good,819.7693429775323
PA-708,Cotton,Tulare Lake,0.55,6101.235793,3766.024208,0.776,5.995010592296753e-06,22875.373797909342,2.1370467658209352e-05,17830463.715439565,0.01752002749381745,2,Good,819.7693429775323
PA-708,Cucurbits,Tulare Lake,0.55,302.5489449,829.3999693,16.1025,299.48011185215216,738.864529795333,694.8015250737463,4040666.113564128,3999680.5807647225,2,Good,819.7693429775323
PA-708,Dry Beans,Tulare Lake,0.55,75.7249257,1204.529622,1.604,1.2274103272214448e-05,145.37535938161253,2.2404306678058766e-05,146305.51747155614,0.02371437164369057,2,Good,819.7693429775323
PA-708,Grain,Tulare Lake,0.55,7474.609625,299.3468083,2.38,6.077291097052412e-05,5348.266748150671,4.132634272888206e-05,5325251.27218666,0.04329738109370095,2,Good,819.7693429775323
PA-708,Lettuce,Tulare Lake,0.55,162.0540372,684.769363,16.01225,152.50083256893242,372.84786991341724,333.3247998556735,1776873.6152882138,1672125.6093533565,2,Good,819.7693429775323
PA-708,Onions & Garlic,Tulare Lake,0.55,986.5654233,2882.549818,7.8,968.3475840234022,1236.787904075948,1153.2519908748575,22181827.05475236,21772219.1862817,2,Good,819.7693429775323
PA-708,Other Deciduous,Tulare Lake,0.55,9187.34411,2358.861787,3.868333333,8533.919982030431,32175.665617299666,28392.898124591724,83833262.57206555,77870856.48004036,2,Good,819.7693429775323
PA-708,Pasture,Tulare Lake,0.55,300.5043649,167.5,5.0,3.5124951562443386e-09,1432.8631971367608,5.461947456696723e-08,251672.40560375,2.9417146933546336e-06,2,Good,819.7693429775323
PA-708,Potatoes,Tulare Lake,0.55,339.9763888,444.581011,23.95,326.318767958683,419.3650083377822,382.3922548442738,3619971.767239552,3474549.310027929,2,Good,819.7693429775323
PA-708,Safflower,Tulare Lake,0.55,15.49429538,565.3467595,1.069333333,4.931557459158953e-06,37.06712335220347,1.2012428820756461e-05,9366.985392310376,0.002981344136559322,2,Good,819.7693429775323
PA-708,Tomato Processing,Tulare Lake,0.55,766.0172503,100.1550886,56.328,464.00265813484566,1700.7161993979078,978.6724614981936,4321513.7644717125,2617687.621389586,2,Good,819.7693429775323
PA-708,Truck Crops,Tulare Lake,0.55,783.1658511,1276.630474,15.81926667,754.9468394523496,1445.2186432370322,1323.487321190659,15816314.663704086,15246421.623690803,2,Good,819.7693429775323
PA-708,Vineyard,Tulare Lake,0.55,10844.70239,1575.156004,12.05608017,10481.92827354976,43475.5007096152,39920.110870002325,205943143.93877026,199053988.3497461,2,Good,819.7693429775323
PA-708,Alfalfa,Tulare Lake,0.6,13617.37082,277.7988945,8.566,5.387506997485739e-19,61612.21555569106,5.387506997197132e-06,32404240.53518306,1.2820248118315528e-15,6,Good,1114.7111626783046
PA-708,Almonds & Pistachios,Tulare Lake,0.6,266819.4854,5254.957539,1.2765,173934.3075006748,1005313.8636349537,622576.8715838187,1789812647.201941,1166743211.7272916,6,Good,1114.7111626783046
PA-708,Citrus & Subtropical,Tulare Lake,0.6,5028.220857,1062.045455,16.13,4880.094657423484,18144.001651780334,16729.023014056722,86137411.61063756,83599892.31979752,6,Good,1114.7111626783046
PA-708,Corn,Tulare Lake,0.6,11459.7622,253.0253431,19.8995,9494.18781539156,26133.269616940786,20568.35517785672,57700794.41860702,47803974.440896526,6,Good,1114.7111626783046
PA-708,Cotton,Tulare Lake,0.6,6101.235793,3766.024208,0.776,5.387506997487054e-19,22875.373797909342,5.387506997197591e-06,17830463.715439565,1.5744637856085177e-15,6,Good,1114.7111626783046
PA-708,Cucurbits,Tulare Lake,0.6,302.5489449,829.3999693,16.1025,299.8215721914962,738.864529795333,695.5937275211393,4040666.113564128,4004240.924621713,6,Good,1114.7111626783046
PA-708,Dry Beans,Tulare Lake,0.6,75.7249257,1204.529622,1.604,5.387506997486846e-19,145.37535938161253,5.387506997197018e-06,146305.51747155614,1.0409016474597118e-15,6,Good,1114.7111626783046
PA-708,Grain,Tulare Lake,0.6,7474.609625,299.3468083,2.38,3.9181604768579524e-05,5348.266748150671,3.320718870515374e-05,5325251.27218666,0.027914754229080293,6,Good,1114.7111626783046
PA-708,Lettuce,Tulare Lake,0.6,162.0540372,684.769363,16.01225,153.59377490051605,372.84786991341724,335.71367636242763,1776873.6152882138,1684109.392204911,6,Good,1114.7111626783046
PA-708,Onions & Garlic,Tulare Lake,0.6,986.5654233,2882.549818,7.8,970.6938155422163,1236.787904075948,1156.046237233266,22181827.05475236,21824971.59433454,6,Good,1114.7111626783046
PA-708,Other Deciduous,Tulare Lake,0.6,9187.34411,2358.861787,3.868333333,8614.256237475869,32175.665617299666,28660.181995331546,83833262.57206555,78603913.85942852,6,Good,1114.7111626783046
PA-708,Pasture,Tulare Lake,0.6,300.5043649,167.5,5.0,5.387506997485086e-19,1432.8631971367608,5.387506997196867e-06,251672.40560375,4.5120371103937595e-16,6,Good,1114.7111626783046
PA-708,Potatoes,Tulare Lake,0.6,339.9763888,444.581011,23.95,328.13382579010147,419.3650083377822,384.519211645772,3619971.767239552,3493875.5289128153,6,Good,1114.7111626783046
PA-708,Safflower,Tulare Lake,0.6,15.49429538,565.3467595,1.069333333,5.387506997486072e-19,37.06712335220347,5.387506997196752e-06,9366.985392310376,3.256985755645377e-16,6,Good,1114.7111626783046
PA-708,Tomato Processing,Tulare Lake,0.6,766.0172503,100.1550886,56.328,503.91529002186303,1700.7161993979078,1062.856023083426,4321513.7644717125,2842856.164276169,6,Good,1114.7111626783046
PA-708,Truck Crops,Tulare Lake,0.6,783.1658511,1276.630474,15.81926667,758.1399836208153,1445.2186432370322,1329.0851857277548,15816314.663704086,15310908.31302243,6,Good,1114.7111626783046
PA-708,Vineyard,Tulare Lake,0.6,10844.70239,1575.156004,12.05608017,10520.264198621462,43475.5007096152,40066.112101759434,205943143.93877026,199781995.50486615,6,Good,1114.7111626783046
PA-708,Alfalfa,Tulare Lake,0.65,13617.37082,277.7988945,8.566,1.4092840552766592e-16,61612.21555569106,2.442855704488396e-08,32404240.53518306,3.3535680355059237e-13,3,Good,995.1224843622244
PA-708,Almonds & Pistachios,Tulare Lake,0.65,266819.4854,5254.957539,1.2765,190631.2703239638,1005313.8636349537,682341.6358086625,1789812647.201941,1278745658.5732644,3,Good,995.1224843622244
PA-708,Citrus & Subtropical,Tulare Lake,0.65,5028.220857,1062.045455,16.13,4900.195996134406,18144.001651780334,16797.930638523365,86137411.61063756,83944244.19607937,3,Good,995.1224843622244
PA-708,Corn,Tulare Lake,0.65,11459.7622,253.0253431,19.8995,9832.600272348574,26133.269616940786,21301.49714752081,57700794.41860702,49507907.49524667,3,Good,995.1224843622244
PA-708,Cotton,Tulare Lake,0.65,6101.235793,3766.024208,0.776,7.283291042216738e-17,22875.373797909342,2.442855686289644e-08,17830463.715439565,2.1284943094024683e-13,3,Good,995.1224843622244
PA-708,Cucurbits,Tulare Lake,0.65,302.5489449,829.3999693,16.1025,300.21079178346224,738.864529795333,696.4967212448365,4040666.113564128,4009439.113022311,3,Good,995.1224843622244
PA-708,Dry Beans,Tulare Lake,0.65,75.7249257,1204.529622,1.604,7.143729410662218e-16,145.37535938161253,2.442855915928184e-08,146305.51747155614,1.3802153233459173e-12,3,Good,995.1224843622244
PA-708,Grain,Tulare Lake,0.65,7474.609625,299.3468083,2.38,3.063499053738148e-16,5348.266748150671,2.442855739965546e-08,5325251.27218666,2.182575820240472e-13,3,Good,995.1224843622244
PA-708,Lettuce,Tulare Lake,0.65,162.0540372,684.769363,16.01225,154.8335760871553,372.84786991341724,338.4235344489703,1776873.6152882138,1697703.4380849497,3,Good,995.1224843622244
PA-708,Onions & Garlic,Tulare Lake,0.65,986.5654233,2882.549818,7.8,973.4159143174935,1236.787904075948,1159.2881106792556,22181827.05475236,21886174.959902715,3,Good,995.1224843622244
PA-708,Other Deciduous,Tulare Lake,0.65,9187.34411,2358.861787,3.868333333,8701.683996629154,32175.665617299666,28951.059741497433,83833262.57206555,79401680.24342702,3,Good,995.1224843622244
PA-708,Pasture,Tulare Lake,0.65,300.5043649,167.5,5.0,1.226626843869417e-16,1432.8631971367608,2.4428556875168335e-08,251672.40560375,1.0272999817406367e-13,3,Good,995.1224843622244
PA-708,Potatoes,Tulare Lake,0.65,339.9763888,444.581011,23.95,330.22333607996245,419.3650083377822,386.96777045415877,3619971.767239552,3516124.039414828,3,Good,995.1224843622244
PA-708,Safflower,Tulare Lake,0.65,15.49429538,565.3467595,1.069333333,3.9599393378965237e-16,37.06712335220347,2.442855765242476e-08,9366.985392310376,2.393958100243211e-13,3,Good,995.1224843622244
PA-708,Tomato Processing,Tulare Lake,0.65,766.0172503,100.1550886,56.328,547.2129252852194,1700.7161993979078,1154.1792081909164,4321513.7644717125,3087121.3249972765,3,Good,995.1224843622244
PA-708,Truck Crops,Tulare Lake,0.65,783.1658511,1276.630474,15.81926667,761.8282487440636,1445.2186432370322,1335.5510288506605,15816314.663704086,15385394.147243273,3,Good,995.1224843622244
PA-708,Vineyard,Tulare Lake,0.65,10844.70239,1575.156004,12.05608017,10563.740803660505,43475.5007096152,40231.691448273894,205943143.93877026,200607625.23701823,3,Good,995.1224843622244
PA-708,Alfalfa,Tulare Lake,0.7,13617.37082,277.7988945,8.566,6.827609229122556e-18,61612.21555569106,5.674205764205518e-08,32404240.53518306,1.6247151866921335e-14,12,Good,861.0738636460744
PA-708,Almonds & Pistachios,Tulare Lake,0.7,266819.4854,5254.957539,1.2765,206686.1345748811,1005313.8636349537,739808.0856573469,1789812647.201941,1386440938.1827126,12,Good,861.0738636460744
PA-708,Citrus & Subtropical,Tulare Lake,0.7,5028.220857,1062.045455,16.13,4922.016651510139,18144.001651780334,16872.73210686256,86137411.61063756,84318049.33057277,12,Good,861.0738636460744
PA-708,Corn,Tulare Lake,0.7,11459.7622,253.0253431,19.8995,10176.11190702872,26133.269616940786,22045.686060314434,57700794.41860702,51237515.3062254,12,Good,861.0738636460744
PA-708,Cotton,Tulare Lake,0.7,6101.235793,3766.024208,0.776,2.01583025981376e-17,22875.373797909342,5.674205772182025e-08,17830463.715439565,5.89113247275778e-14,12,Good,861.0738636460744
PA-708,Cucurbits,Tulare Lake,0.7,302.5489449,829.3999693,16.1025,300.63548921048454,738.864529795333,697.4820301814615,4040666.113564128,4015111.122562632,12,Good,861.0738636460744
PA-708,Dry Beans,Tulare Lake,0.7,75.7249257,1204.529622,1.604,3.9322695061760215e-17,145.37535938161253,5.674205776106858e-08,146305.51747155614,7.597402303409634e-14,12,Good,861.0738636460744
PA-708,Grain,Tulare Lake,0.7,7474.609625,299.3468083,2.38,3310.805663443216,5348.266748150671,2250.514587975086,5325251.27218666,2358768.277642832,12,Good,861.0738636460744
PA-708,Lettuce,Tulare Lake,0.7,162.0540372,684.769363,16.01225,156.1796239826792,372.84786991341724,341.36562429320344,1776873.6152882138,1712462.447066126,12,Good,861.0738636460744
PA-708,Onions & Garlic,Tulare Lake,0.7,986.5654233,2882.549818,7.8,976.4455296864788,1236.787904075948,1162.8962262440068,22181827.05475236,21954292.494300447,12,Good,861.0738636460744
PA-708,Other Deciduous,Tulare Lake,0.7,9187.34411,2358.861787,3.868333333,8792.62993312782,32175.665617299666,29253.642694652568,83833262.57206555,80231549.51609924,12,Good,861.0738636460744
PA-708,Pasture,Tulare Lake,0.7,300.5043649,167.5,5.0,6.693677761221567e-18,1432.8631971367608,5.674205763656092e-08,251672.40560375,5.6059551250230625e-15,12,Good,861.0738636460744
PA-708,Potatoes,Tulare Lake,0.7,339.9763888,444.581011,23.95,332.5288511567882,419.3650083377822,389.6694572918681,3619971.767239552,3540672.5073731844,12,Good,861.0738636460744
PA-708,Safflower,Tulare Lake,0.7,15.49429538,565.3467595,1.069333333,2.008073616923664e-17,37.06712335220347,5.674205767440724e-08,9366.985392310376,1.213969127030275e-14,12,Good,861.0738636460744
PA-708,Tomato Processing,Tulare Lake,0.7,766.0172503,100.1550886,56.328,592.1125093749116,1700.7161993979078,1248.8812227739502,4321513.7644717125,3340423.937421043,12,Good,861.0738636460744
PA-708,Truck Crops,Tulare Lake,0.7,783.1658511,1276.630474,15.81926667,765.9127314427669,1445.2186432370322,1342.711481493751,15816314.663704086,15467881.737209575,12,Good,861.0738636460744
PA-708,Vineyard,Tulare Lake,0.7,10844.70239,1575.156004,12.05608017,10610.931857296346,43475.5007096152,40411.41716709398,205943143.93877026,201503793.11715388,12,Good,861.0738636460744
PA-708,Alfalfa,Tulare Lake,0.75,13617.37082,277.7988945,8.566,5.074042221319935e-19,61612.21555569106,2.0037693284480066e-09,32404240.53518306,1.2074319396798635e-15,9,Good,707.337874076923
PA-708,Almonds & Pistachios,Tulare Lake,0.75,266819.4854,5254.957539,1.2765,222542.5003114885,1005313.8636349537,796564.03401401,1789812647.201941,1492804699.0283418,9,Good,707.337874076923
PA-708,Citrus & Subtropical,Tulare Lake,0.75,5028.220857,1062.045455,16.13,4946.17691618827,18144.001651780334,16955.55378385309,86137411.61063756,84731933.82816896,9,Good,707.337874076923
PA-708,Corn,Tulare Lake,0.75,11459.7622,253.0253431,19.8995,10531.962872503871,26133.269616940786,22816.607089895642,57700794.41860702,53029252.60794222,9,Good,707.337874076923
PA-708,Cotton,Tulare Lake,0.75,6101.235793,3766.024208,0.776,3.4227406457988108e-09,22875.373797909342,2.2390758151233263e-08,17830463.715439565,1.0002736324712288e-05,9,Good,707.337874076923
PA-708,Cucurbits,Tulare Lake,0.75,302.5489449,829.3999693,16.1025,301.1083201145887,738.864529795333,698.5790099227837,4040666.113564128,4021425.9745687796,9,Good,707.337874076923
PA-708,Dry Beans,Tulare Lake,0.75,75.7249257,1204.529622,1.604,1.1963297281829957e-18,145.37535938161253,2.0037693389852938e-09,146305.51747155614,2.3113874108221054e-15,9,Good,707.337874076923
PA-708,Grain,Tulare Lake,0.75,7474.609625,299.3468083,2.38,7549.355765577033,5348.266748150671,5131.6618994876635,5325251.27218666,5378503.816489117,9,Good,707.337874076923
PA-708,Lettuce,Tulare Lake,0.75,162.0540372,684.769363,16.01225,157.67023755497755,372.84786991341724,344.6236947790069,1776873.6152882138,1728806.5750679392,9,Good,707.337874076923
PA-708,Onions & Garlic,Tulare Lake,0.75,986.5654233,2882.549818,7.8,979.8923892273981,1236.787904075948,1167.0012579870954,22181827.05475236,22031791.300170768,9,Good,707.337874076923
PA-708,Other Deciduous,Tulare Lake,0.75,9187.34411,2358.861787,3.868333333,8889.060836771785,32175.665617299666,29574.47448455536,83833262.57206555,81111468.36625387,9,Good,707.337874076923
PA-708,Pasture,Tulare Lake,0.75,300.5043649,167.5,5.0,2.3200702339278138e-18,1432.8631971367608,2.0037693518076153e-09,251672.40560375,1.943058820914544e-15,9,Good,707.337874076923
PA-708,Potatoes,Tulare Lake,0.75,339.9763888,444.581011,23.95,335.12686205742386,419.3650083377822,392.7139013277938,3619971.767239552,3568335.3875645916,9,Good,707.337874076923
PA-708,Safflower,Tulare Lake,0.75,15.49429538,565.3467595,1.069333333,9.592118275620494e-19,37.06712335220347,2.003769330657053e-09,9366.985392310376,5.798858842269636e-16,9,Good,707.337874076923
PA-708,Tomato Processing,Tulare Lake,0.75,766.0172503,100.1550886,56.328,639.5760538650048,1700.7161993979078,1348.991131791523,4321513.7644717125,3608191.224312067,9,Good,707.337874076923
PA-708,Truck Crops,Tulare Lake,0.75,783.1658511,1276.630474,15.81926667,770.5340090290997,1445.2186432370322,1350.8129820618399,15816314.663704086,15561210.09205434,9,Good,707.337874076923
PA-708,Vineyard,Tulare Lake,0.75,10844.70239,1575.156004,12.05608017,10663.177785716354,43475.5007096152,40610.394225511576,205943143.93877026,202495954.11612588,9,Good,707.337874076923
PA-708,Alfalfa,Tulare Lake,0.8,13617.37082,277.7988945,8.566,6.266955299960781e-11,61612.21555569106,6.0371583596635695e-09,32404240.53518306,1.4913005575563042e-07,2,Good,541.3493722205066
PA-708,Almonds & Pistachios,Tulare Lake,0.8,266819.4854,5254.957539,1.2765,237371.8882773544,1005313.8636349537,849644.0393378363,1789812647.201941,1592279540.9492047,2,Good,541.3493722205066
PA-708,Citrus & Subtropical,Tulare Lake,0.8,5028.220857,1062.045455,16.13,4971.297579872159,18144.001651780334,17041.66772021565,86137411.61063756,85162270.72251184,2,Good,541.3493722205066
PA-708,Corn,Tulare Lake,0.8,11459.7622,253.0253431,19.8995,10878.854208241333,26133.269616940786,23568.117839246435,57700794.41860702,54775877.47673604,2,Good,541.3493722205066
PA-708,Cotton,Tulare Lake,0.8,6101.235793,3766.024208,0.776,1835.083244988346,22875.373797909342,6536.266647403769,17830463.715439565,5362911.109273333,2,Good,541.3493722205066
PA-708,Cucurbits,Tulare Lake,0.8,302.5489449,829.3999693,16.1025,301.60276943241433,738.864529795333,699.7261450003616,4040666.113564128,4028029.5494187046,2,Good,541.3493722205066
PA-708,Dry Beans,Tulare Lake,0.8,75.7249257,1204.529622,1.604,16.345081335162487,145.37535938161253,29.810045073412613,146305.51747155614,31579.767966092855,2,Good,541.3493722205066
PA-708,Grain,Tulare Lake,0.8,7474.609625,299.3468083,2.38,7549.355796663193,5348.266748150671,5131.661920636323,5325251.27218666,5378503.83863631,2,Good,541.3493722205066
PA-708,Lettuce,Tulare Lake,0.8,162.0540372,684.769363,16.01225,159.22036540297913,372.84786991341724,348.0118471359762,1776873.6152882138,1745803.2591433763,2,Good,541.3493722205066
PA-708,Onions & Garlic,Tulare Lake,0.8,986.5654233,2882.549818,7.8,983.5812738838225,1236.787904075948,1171.394529213597,22181827.05475236,22114731.77177176,2,Good,541.3493722205066
PA-708,Other Deciduous,Tulare Lake,0.8,9187.34411,2358.861787,3.868333333,8985.116579266707,32175.665617299666,29894.058089360413,83833262.57206555,81987963.92206597,2,Good,541.3493722205066
PA-708,Pasture,Tulare Lake,0.8,300.5043649,167.5,5.0,1.4273887886448545e-18,1432.8631971367608,5.373160986169576e-09,251672.40560375,1.1954381104900655e-15,2,Good,541.3493722205066
PA-708,Potatoes,Tulare Lake,0.8,339.9763888,444.581011,23.95,337.87860957080676,419.3650083377822,395.9384996080379,3619971.767239552,3597635.2114264118,2,Good,541.3493722205066
PA-708,Safflower,Tulare Lake,0.8,15.49429538,565.3467595,1.069333333,2.8377930087879532e-18,37.06712335220347,5.373160994967413e-09,9366.985392310376,1.7155711187763138e-15,2,Good,541.3493722205066
PA-708,Tomato Processing,Tulare Lake,0.8,766.0172503,100.1550886,56.328,686.7196448894721,1700.7161993979078,1448.4261963636598,4321513.7644717125,3874153.482262618,2,Good,541.3493722205066
PA-708,Truck Crops,Tulare Lake,0.8,783.1658511,1276.630474,15.81926667,775.4500359685899,1445.2186432370322,1359.431203886402,15816314.663704086,15660491.015579049,2,Good,541.3493722205066
PA-708,Vineyard,Tulare Lake,0.8,10844.70239,1575.156004,12.05608017,10717.4952358427,43475.5007096152,40817.26061256123,205943143.93877026,203527453.7412398,2,Good,541.3493722205066
PA-708,Alfalfa,Tulare Lake,0.85,13617.37082,277.7988945,8.566,1.2561883628227076e-18,61612.21555569106,5.1695824396967e-08,32404240.53518306,2.989257647784672e-15,3,Good,359.289448548048
PA-708,Almonds & Pistachios,Tulare Lake,0.85,266819.4854,5254.957539,1.2765,251569.97112214268,1005313.8636349537,900464.3641273362,1789812647.201941,1687519617.6007543,3,Good,359.289448548048
PA-708,Citrus & Subtropical,Tulare Lake,0.85,5028.220857,1062.045455,16.13,4997.783848616944,18144.001651780334,17132.46296715578,86137411.61063756,85616001.514731,3,Good,359.289448548048
PA-708,Corn,Tulare Lake,0.85,11459.7622,253.0253431,19.8995,11222.956877063685,26133.269616940786,24313.587177514404,57700794.41860702,56508461.1906121,3,Good,359.289448548048
PA-708,Cotton,Tulare Lake,0.85,6101.235793,3766.024208,0.776,4286.918340753116,22875.373797909342,15269.302603788357,17830463.715439565,12528239.281220453,3,Good,359.289448548048
PA-708,Cucurbits,Tulare Lake,0.85,302.5489449,829.3999693,16.1025,302.1271313966581,738.864529795333,700.9426782317893,4040666.113564128,4035032.6200156356,3,Good,359.289448548048
PA-708,Dry Beans,Tulare Lake,0.85,75.7249257,1204.529622,1.604,58.404859923176716,145.37535938161253,106.51837524111247,146305.51747155614,112842.01568934812,3,Good,359.289448548048
PA-708,Grain,Tulare Lake,0.85,7474.609625,299.3468083,2.38,7549.355796760791,5348.266748150671,5131.661920745269,5325251.27218666,5378503.838705842,3,Good,359.289448548048
PA-708,Lettuce,Tulare Lake,0.85,162.0540372,684.769363,16.01225,160.85503799157127,372.84786991341724,351.5847910527077,1776873.6152882138,1763726.9507865503,3,Good,359.289448548048
PA-708,Onions & Garlic,Tulare Lake,0.85,986.5654233,2882.549818,7.8,987.589011765463,1236.787904075948,1176.1675382259327,22181827.05475236,22204841.303762015,3,Good,359.289448548048
PA-708,Other Deciduous,Tulare Lake,0.85,9187.34411,2358.861787,3.868333333,9082.28531757972,32175.665617299666,30217.3447025589,83833262.57206555,82874615.412993,3,Good,359.289448548048
PA-708,Pasture,Tulare Lake,0.85,300.5043649,167.5,5.0,1.6092945373729234e-19,1432.8631971367608,5.169571780258134e-08,251672.40560375,1.3477841750498233e-16,3,Good,359.289448548048
PA-708,Potatoes,Tulare Lake,0.85,339.9763888,444.581011,23.95,340.8356043200762,419.3650083377822,399.4036141499376,3619971.767239552,3629120.4494042997,3,Good,359.289448548048
PA-708,Safflower,Tulare Lake,0.85,15.49429538,565.3467595,1.069333333,1.303044782048111e-19,37.06712335220347,5.1695717802182746e-08,9366.985392310376,7.87748080156383e-17,3,Good,359.289448548048
PA-708,Tomato Processing,Tulare Lake,0.85,766.0172503,100.1550886,56.328,734.2834640329975,1700.7161993979078,1548.7476043752558,4321513.7644717125,4142486.4722038866,3,Good,359.289448548048
PA-708,Truck Crops,Tulare Lake,0.85,783.1658511,1276.630474,15.81926667,780.7568826778273,1445.2186432370322,1368.7345667336415,15816314.663704086,15767664.684231034,3,Good,359.289448548048
PA-708,Vineyard,Tulare Lake,0.85,10844.70239,1575.156004,12.05608017,10774.759835989698,43475.5007096152,41035.351132448915,205943143.93877026,204614920.355496,3,Good,359.289448548048
PA-708,Alfalfa,Tulare Lake,0.9,13617.37082,277.7988945,8.566,5077.989437417113,61612.21555569106,21826.74407376159,32404240.53518306,12083712.292207597,2,Good,223.34525214897042
PA-708,Almonds & Pistachios,Tulare Lake,0.9,266819.4854,5254.957539,1.2765,261061.88271718868,1005313.8636349537,934439.5166533272,1789812647.201941,1751190917.2941315,2,Good,223.34525214897042
PA-708,Citrus & Subtropical,Tulare Lake,0.9,5028.220857,1062.045455,16.13,5016.88403655344,18144.001651780334,17197.938640424116,86137411.61063756,85943202.884145,2,Good,223.34525214897042
PA-708,Corn,Tulare Lake,0.9,11459.7622,253.0253431,19.8995,11459.155356558758,26133.269616940786,24825.29121286469,57700794.41860702,57697738.91465884,2,Good,223.34525214897042
PA-708,Cotton,Tulare Lake,0.9,6101.235793,3766.024208,0.776,5480.002935190814,22875.373797909342,19518.874966991272,17830463.715439565,16014951.20193958,2,Good,223.34525214897042
PA-708,Cucurbits,Tulare Lake,0.9,302.5489449,829.3999693,16.1025,302.507150885225,738.864529795333,701.8243331464471,4040666.113564128,4040107.937235643,2,Good,223.34525214897042
PA-708,Dry Beans,Tulare Lake,0.9,75.7249257,1204.529622,1.604,76.48217558782137,145.37535938161253,139.48765712621332,146305.51747155614,147768.57386505994,2,Good,223.34525214897042
PA-708,Grain,Tulare Lake,0.9,7474.609625,299.3468083,2.38,7549.3557967159495,5348.266748150671,5131.661920698806,5325251.27218666,5378503.838673895,2,Good,223.34525214897042
PA-708,Lettuce,Tulare Lake,0.9,162.0540372,684.769363,16.01225,162.03402865782905,372.84786991341724,354.16173975980405,1776873.6152882138,1776654.2276612332,2,Good,223.34525214897042
PA-708,Onions & Garlic,Tulare Lake,0.9,986.5654233,2882.549818,7.8,990.555906763629,1236.787904075948,1179.7009570013834,22181827.05475236,22271548.640330523,2,Good,223.34525214897042
PA-708,Other Deciduous,Tulare Lake,0.9,9187.34411,2358.861787,3.868333333,9150.011211625502,32175.665617299666,30442.673087853545,83833262.57206555,83492604.96367154,2,Good,223.34525214897042
PA-708,Pasture,Tulare Lake,0.9,300.5043649,167.5,5.0,6.985337055870285e-20,1432.8631971367608,2.325797327597391e-08,251672.40560375,5.850219784291363e-17,2,Good,223.34525214897042
PA-708,Potatoes,Tulare Lake,0.9,339.9763888,444.581011,23.95,343.0033934819377,419.3650083377822,401.94390866347965,3619971.767239552,3652202.451042604,2,Good,223.34525214897042
PA-708,Safflower,Tulare Lake,0.9,15.49429538,565.3467595,1.069333333,3.5559662790063296e-07,37.06712335220347,8.508767713059531e-07,9366.985392310376,0.00021497385569398236,2,Good,223.34525214897042
PA-708,Tomato Processing,Tulare Lake,0.9,766.0172503,100.1550886,56.328,767.3657325149957,1700.7161993979078,1618.5245863504758,4321513.7644717125,4329121.275204619,2,Good,223.34525214897042
PA-708,Truck Crops,Tulare Lake,0.9,783.1658511,1276.630474,15.81926667,784.6630844100375,1445.2186432370322,1375.582477306884,15816314.663704086,15846551.826270957,2,Good,223.34525214897042
PA-708,Vineyard,Tulare Lake,0.9,10844.70239,1575.156004,12.05608017,10816.05190227516,43475.5007096152,41192.610734081296,205943143.93877026,205399065.24437717,2,Good,223.34525214897042
PA-708,Alfalfa,Tulare Lake,0.95,13617.37082,277.7988945,8.566,13474.881747856336,61612.21555569106,57919.142800897476,32404240.53518306,32065169.929820906,2,Good,16.86262967193075
PA-708,Almonds & Pistachios,Tulare Lake,0.95,266819.4854,5254.957539,1.2765,266871.0274584309,1005313.8636349537,955488.19666373,1789812647.201941,1790158388.9228058,2,Good,16.86262967193075
PA-708,Citrus & Subtropical,Tulare Lake,0.95,5028.220857,1062.045455,16.13,5028.439209363546,18144.001651780334,17259.848990557217,86137411.61063756,86141152.15981983,2,Good,16.86262967193075
PA-708,Corn,Tulare Lake,0.95,11459.7622,253.0253431,19.8995,11480.87701123943,26133.269616940786,24887.02054388456,57700794.41860702,57807109.13624698,2,Good,16.86262967193075
PA-708,Cotton,Tulare Lake,0.95,6101.235793,3766.024208,0.776,6107.28692944957,22875.373797909342,21753.158062703907,17830463.715439565,17848147.76709104,2,Good,16.86262967193075
PA-708,Cucurbits,Tulare Lake,0.95,302.5489449,829.3999693,16.1025,302.57817847279574,738.864529795333,702.9530512329419,4040666.113564128,4041056.540002446,2,Good,16.86262967193075
PA-708,Dry Beans,Tulare Lake,0.95,75.7249257,1204.529622,1.604,76.48217536122596,145.37535938161253,139.4876989070708,146305.51747155614,147768.57342726275,2,Good,16.86262967193075
PA-708,Grain,Tulare Lake,0.95,7474.609625,299.3468083,2.38,7549.35579656328,5348.266748150671,5131.661943327099,5325251.27218666,5378503.838565127,2,Good,16.86262967193075
PA-708,Lettuce,Tulare Lake,0.95,162.0540372,684.769363,16.01225,162.15937329873492,372.84786991341724,354.89505549308234,1776873.6152882138,1778028.5938238516,2,Good,16.86262967193075
PA-708,Onions & Garlic,Tulare Lake,0.95,986.5654233,2882.549818,7.8,987.379285745806,1236.787904075948,1177.9563739919076,22181827.05475236,22200125.847303633,2,Good,16.86262967193075
PA-708,Other Deciduous,Tulare Lake,0.95,9187.34411,2358.861787,3.868333333,9188.368178096725,32175.665617299666,30594.518313912173,83833262.57206555,83842607.05384576,2,Good,16.86262967193075
PA-708,Pasture,Tulare Lake,0.95,300.5043649,167.5,5.0,282.17062230504825,1432.8631971367608,1278.1721217751056,251672.40560375,236317.89618047792,2,Good,16.86262967193075
PA-708,Potatoes,Tulare Lake,0.95,339.9763888,444.581011,23.95,340.58929419802286,419.3650083377822,399.73913754770933,3619971.767239552,3626497.8093704856,2,Good,16.86262967193075
PA-708,Safflower,Tulare Lake,0.95,15.49429538,565.3467595,1.069333333,15.649238136402598,37.06712335220347,35.56590659773991,9366.985392310376,9460.655126898038,2,Good,16.86262967193075
PA-708,Tomato Processing,Tulare Lake,0.95,766.0172503,100.1550886,56.328,769.1895338686851,1700.7161993979078,1623.611013494993,4321513.7644717125,4339410.315889467,2,Good,16.86262967193075
PA-708,Truck Crops,Tulare Lake,0.95,783.1658511,1276.630474,15.81926667,783.7293809290521,1445.2186432370322,1376.1894317899576,15816314.663704086,15827695.350293206,2,Good,16.86262967193075
PA-708,Vineyard,Tulare Lake,0.95,10844.70239,1575.156004,12.05608017,10844.61936324272,43475.5007096152,41354.782998238006,205943143.93877026,205941567.24345762,2,Good,16.86262967193075
PA-708,Alfalfa,Tulare Lake,1.0,13617.37082,277.7988945,8.566,13617.367730760898,61612.21555569106,61612.175352814156,32404240.53518306,32404233.183951445,2,Good,0.00011329373273242649
PA-708,Almonds & Pistachios,Tulare Lake,1.0,266819.4854,5254.957539,1.2765,266819.48331730056,1005313.8636349537,1005313.4573528811,1789812647.201941,1789812633.2312903,2,Good,0.00011329373273242649
PA-708,Citrus & Subtropical,Tulare Lake,1.0,5028.220857,1062.045455,16.13,5028.220853034391,18144.001651780334,18143.99457468461,86137411.61063756,86137411.54270354,2,Good,0.00011329373273242649
PA-708,Corn,Tulare Lake,1.0,11459.7622,253.0253431,19.8995,11459.762239257965,26133.269616940786,26133.259407380003,57700794.41860702,57700794.61627393,2,Good,0.00011329373273242649
PA-708,Cotton,Tulare Lake,1.0,6101.235793,3766.024208,0.776,6101.235579475701,22875.373797909342,22875.363582488735,17830463.715439565,17830463.091428727,2,Good,0.00011329373273242649
PA-708,Cucurbits,Tulare Lake,1.0,302.5489449,829.3999693,16.1025,302.5489449349739,738.864529795333,738.8642432998497,4040666.113564128,4040666.1140312194,2,Good,0.00011329373273242649
PA-708,Dry Beans,Tulare Lake,1.0,75.7249257,1204.529622,1.604,75.72493321473289,145.37535938161253,145.37531556529385,146305.51747155614,146305.5319905124,2,Good,0.00011329373273242649
PA-708,Grain,Tulare Lake,1.0,7474.609625,299.3468083,2.38,7474.616188251914,5348.266748150671,5348.269275933428,5325251.27218666,5325255.94814532,2,Good,0.00011329373273242649
PA-708,Lettuce,Tulare Lake,1.0,162.0540372,684.769363,16.01225,162.05403736782978,372.84786991341724,372.8477258121336,1776873.6152882138,1776873.6171284164,2,Good,0.00011329373273242649
PA-708,Onions & Garlic,Tulare Lake,1.0,986.5654233,2882.549818,7.8,986.5654263639519,1236.787904075948,1236.7874308266864,22181827.05475236,22181827.123641916,2,Good,0.00011329373273242649
PA-708,Other Deciduous,Tulare Lake,1.0,9187.34411,2358.861787,3.868333333,9187.344097615707,32175.665617299666,32175.65293805938,83833262.57206555,83833262.45906056,2,Good,0.00011329373273242649
PA-708,Pasture,Tulare Lake,1.0,300.5043649,167.5,5.0,300.50405227687907,1432.8631971367608,1432.8609358142512,251672.40560375,251672.1437818862,2,Good,0.00011329373273242649
PA-708,Potatoes,Tulare Lake,1.0,339.9763888,444.581011,23.95,339.9763911006695,419.3650083377822,419.3648493484666,3619971.767239552,3619971.791736426,2,Good,0.00011329373273242649
PA-708,Safflower,Tulare Lake,1.0,15.49429538,565.3467595,1.069333333,15.493497431183428,37.06712335220347,37.065197417775515,9366.985392310376,9366.502997033578,2,Good,0.00011329373273242649
PA-708,Tomato Processing,Tulare Lake,1.0,766.0172503,100.1550886,56.328,766.0172566358569,1700.7161993979078,1700.715545863259,4321513.7644717125,4321513.800215676,2,Good,0.00011329373273242649
PA-708,Truck Crops,Tulare Lake,1.0,783.1658511,1276.630474,15.81926667,783.1658527185963,1445.2186432370322,1445.2180876242414,15816314.663704086,15816314.696392216,2,Good,0.00011329373273242649
PA-708,Vineyard,Tulare Lake,1.0,10844.70239,1575.156004,12.05608017,10844.702378819431,43475.5007096152,43475.48374008232,205943143.93877026,205943143.72644895,2,Good,0.00011329373273242649
PA-709,Alfalfa,Tulare Lake,0.5,2791.772247,277.7988945,8.566,3.879757660218168e-21,12631.459900609505,3.879757660220227e-08,6643371.955353457,9.232369603630179e-18,4,Good,1436.2812081948625
PA-709,Almonds & Pistachios,Tulare Lake,0.5,233203.8178,5107.065543,1.249,75076.85489583394,878657.83391148,268728.54539521027,1487542990.7956553,478894600.97544014,4,Good,1436.2812081948625
PA-709,Citrus & Subtropical,Tulare Lake,0.5,45823.47028,938.2138971,16.91,43765.00111576589,165350.9549591821,150026.9486600365,726998383.2140582,694340364.4051389,4,Good,1436.2812081948625
PA-709,Corn,Tulare Lake,0.5,924.2223984,253.0253431,19.8995,675.326849904567,2107.631266851494,1463.0385217447613,4653531.694326983,3400323.2398407795,4,Good,1436.2812081948625
PA-709,Cotton,Tulare Lake,0.5,73.77579845,3766.024208,0.776,3.879757660218618e-21,276.60772735897615,3.8797576602205537e-08,215604.9597115296,1.1338338745176042e-17,4,Good,1436.2812081948625
PA-709,Cucurbits,Tulare Lake,0.5,137.9567952,829.3999693,16.1025,136.211968010646,336.90873604338606,316.0152523513655,1842469.9768323214,1819167.0890950058,4,Good,1436.2812081948625
PA-709,Dry Beans,Tulare Lake,0.5,152.4733083,1204.529622,1.604,3.8797576602190895e-21,292.71553303374066,3.879757660220146e-08,294588.42072434834,7.495945976776149e-18,4,Good,1436.2812081948625
PA-709,Grain,Tulare Lake,0.5,9096.000012,284.3008898,2.484,3.879756867103871e-21,6508.411388154295,3.879756867104395e-08,6423626.2282285085,2.7398975305408228e-18,4,Good,1436.2812081948625
PA-709,Lettuce,Tulare Lake,0.5,408.6194499,684.769363,16.01225,378.3729882289123,940.1363528659273,827.019095253331,4480388.960164049,4148745.6353337434,4,Good,1436.2812081948625
PA-709,Onions & Garlic,Tulare Lake,0.5,1459.03694,2882.549818,7.8,1424.602988903131,1829.0923200571735,1696.6286282968954,32804823.993647758,32030614.873802815,4,Good,1436.2812081948625
PA-709,Other Deciduous,Tulare Lake,0.5,3854.135621,2055.510278,4.123166667,3454.403701362738,13497.84850771412,11493.022266547636,32664614.390914563,29276801.84390736,4,Good,1436.2812081948625
PA-709,Pasture,Tulare Lake,0.5,141.5694386,226.2501003,5.0,3.879757660391501e-21,675.0305889125951,3.879757660393594e-08,160150.49841332348,4.388977799016352e-18,4,Good,1436.2812081948625
PA-709,Potatoes,Tulare Lake,0.5,1863.768758,444.581011,23.95,1767.165923320694,2298.981418966022,2070.82959502361,19844878.95890941,18816279.48643217,4,Good,1436.2812081948625
PA-709,Safflower,Tulare Lake,0.5,8.07133325,565.3467595,1.069333333,3.879757660565765e-21,19.30911331280502,3.879757660566903e-08,4879.4771749871625,2.3454847375075537e-18,4,Good,1436.2812081948625
PA-709,Tomato Processing,Tulare Lake,0.5,259.6436633,100.1550886,56.328,124.67474001349187,576.462454432178,262.96343906452375,1464789.0297109787,703357.0129644342,4,Good,1436.2812081948625
PA-709,Truck Crops,Tulare Lake,0.5,1943.711424,5028.993738,10.58063333,1918.423056858992,3586.8366618540367,3363.1620927041104,103424765.83940431,102079173.3724746,4,Good,1436.2812081948625
PA-709,Vineyard,Tulare Lake,0.5,64237.57906,1435.259758,12.06370409,61259.89109115863,257523.05721014738,233306.46617897163,1112244711.0977926,1060687386.8164729,4,Good,1436.2812081948625
PA-709,Alfalfa,Tulare Lake,0.55,2791.772247,277.7988945,8.566,2.431572438087608e-18,12631.459900609505,8.677190781527987e-09,6643371.955353457,5.786231366100991e-15,5,Good,1372.2140396470732
PA-709,Almonds & Pistachios,Tulare Lake,0.55,233203.8178,5107.065543,1.249,93544.43026547182,878657.83391148,334831.00364204973,1487542990.7956553,596694183.1488985,5,Good,1372.2140396470732
PA-709,Citrus & Subtropical,Tulare Lake,0.55,45823.47028,938.2138971,16.91,43885.37536282016,165350.9549591821,150439.59302244944,726998383.2140582,696250125.5483768,5,Good,1372.2140396470732
PA-709,Corn,Tulare Lake,0.55,924.2223984,253.0253431,19.8995,695.8355202144909,2107.631266851494,1507.4688219395468,4653531.694326983,3503585.990733805,5,Good,1372.2140396470732
PA-709,Cotton,Tulare Lake,0.55,73.77579845,3766.024208,0.776,2.8629548518794764e-18,276.60772735897615,8.677190787755727e-09,215604.9597115296,8.366798848185191e-15,5,Good,1372.2140396470732
PA-709,Cucurbits,Tulare Lake,0.55,137.9567952,829.3999693,16.1025,136.3147697514874,336.90873604338606,316.2537549899474,1842469.9768323214,1820540.0488016428,5,Good,1372.2140396470732
PA-709,Dry Beans,Tulare Lake,0.55,152.4733083,1204.529622,1.604,5.977877733985875e-18,292.71553303374066,8.677190795182916e-09,294588.42072434834,1.1549651414877478e-14,5,Good,1372.2140396470732
PA-709,Grain,Tulare Lake,0.55,9096.000012,284.3008898,2.484,5.149219345906418e-18,6508.411388154295,8.677190787560304e-09,6423626.2282285085,3.636396262272357e-15,5,Good,1372.2140396470732
PA-709,Lettuce,Tulare Lake,0.55,408.6194499,684.769363,16.01225,380.2120601210801,940.1363528659273,831.0387996393914,4480388.960164049,4168910.5036595985,5,Good,1372.2140396470732
PA-709,Onions & Garlic,Tulare Lake,0.55,1459.03694,2882.549818,7.8,1426.8029259330033,1829.0923200571735,1699.2486397172001,32804823.993647758,32080078.012866355,5,Good,1372.2140396470732
PA-709,Other Deciduous,Tulare Lake,0.55,3854.135621,2055.510278,4.123166667,3483.866026361516,13497.84850771412,11591.045307974817,32664614.390914563,29526501.278431978,5,Good,1372.2140396470732
PA-709,Pasture,Tulare Lake,0.55,141.5694386,226.2501003,5.0,3.1266643454024834e-18,675.0305889125951,8.677190783109649e-09,160150.49841332348,3.5370406087587292e-15,5,Good,1372.2140396470732
PA-709,Potatoes,Tulare Lake,0.55,1863.768758,444.581011,23.95,1773.5835137799909,2298.981418966022,2078.3499619684794,19844878.95890941,18884612.161999315,5,Good,1372.2140396470732
PA-709,Safflower,Tulare Lake,0.55,8.07133325,565.3467595,1.069333333,4.3158589752877784e-18,19.30911331280502,8.677190784603719e-09,4879.4771749871625,2.609127229430181e-15,5,Good,1372.2140396470732
PA-709,Tomato Processing,Tulare Lake,0.55,259.6436633,100.1550886,56.328,134.79109648904873,576.462454432178,284.30081570459095,1464789.0297109787,760428.8004970256,5,Good,1372.2140396470732
PA-709,Truck Crops,Tulare Lake,0.55,1943.711424,5028.993738,10.58063333,1919.8452819261033,3586.8366618540367,3365.6553766309135,103424765.83940431,102154849.88119943,5,Good,1372.2140396470732
PA-709,Vineyard,Tulare Lake,0.55,64237.57906,1435.259758,12.06370409,61433.104660178826,257523.05721014738,233966.14488490135,1112244711.0977926,1063686501.6469545,5,Good,1372.2140396470732
PA-709,Alfalfa,Tulare Lake,0.6,2791.772247,277.7988945,8.566,3.922397888655842e-21,12631.459900609505,3.9223978886578574e-08,6643371.955353457,9.33383737130969e-18,2,Good,1294.4154367638323
PA-709,Almonds & Pistachios,Tulare Lake,0.6,233203.8178,5107.065543,1.249,111948.68298320989,878657.83391148,400706.8060952438,1487542990.7956553,714089847.5482794,2,Good,1294.4154367638323
PA-709,Citrus & Subtropical,Tulare Lake,0.6,45823.47028,938.2138971,16.91,44028.35266194699,165350.9549591821,150929.72091848936,726998383.2140582,698518488.5655464,2,Good,1294.4154367638323
PA-709,Corn,Tulare Lake,0.6,924.2223984,253.0253431,19.8995,718.8581822296198,2107.631266851494,1557.3454726703412,4653531.694326983,3619506.8854888487,2,Good,1294.4154367638323
PA-709,Cotton,Tulare Lake,0.6,73.77579845,3766.024208,0.776,3.922397888656353e-21,276.60772735897615,3.9223978886582193e-08,215604.9597115296,1.1462952032020223e-17,2,Good,1294.4154367638323
PA-709,Cucurbits,Tulare Lake,0.6,137.9567952,829.3999693,16.1025,136.43757942919987,336.90873604338606,316.5386766179231,1842469.9768323214,1822180.222768584,2,Good,1294.4154367638323
PA-709,Dry Beans,Tulare Lake,0.6,152.4733083,1204.529622,1.604,3.922397888656756e-21,292.71553303374066,3.922397888657767e-08,294588.42072434834,7.578329691636343e-18,2,Good,1294.4154367638323
PA-709,Grain,Tulare Lake,0.6,9096.000012,284.3008898,2.484,3.9223978886570815e-21,6508.411388154295,3.922397888657566e-08,6423626.2282285085,2.7700107653788064e-18,2,Good,1294.4154367638323
PA-709,Lettuce,Tulare Lake,0.6,408.6194499,684.769363,16.01225,382.4016806637037,940.1363528659273,835.8247068487358,4480388.960164049,4192919.0321535794,2,Good,1294.4154367638323
PA-709,Onions & Garlic,Tulare Lake,0.6,1459.03694,2882.549818,7.8,1429.4635408658462,1829.0923200571735,1702.4172948055732,32804823.993647758,32139898.982571747,2,Good,1294.4154367638323
PA-709,Other Deciduous,Tulare Lake,0.6,3854.135621,2055.510278,4.123166667,3517.459613813129,13497.84850771412,11702.813324131073,32664614.390914563,29811214.035849083,2,Good,1294.4154367638323
PA-709,Pasture,Tulare Lake,0.6,141.5694386,226.2501003,5.0,3.922397888655676e-21,675.0305889125951,3.922397888657739e-08,160150.49841332348,4.4372145786242754e-18,2,Good,1294.4154367638323
PA-709,Potatoes,Tulare Lake,0.6,1863.768758,444.581011,23.95,1781.3048034133108,2298.981418966022,2087.398051301778,19844878.95890941,18966826.25509547,2,Good,1294.4154367638323
PA-709,Safflower,Tulare Lake,0.6,8.07133325,565.3467595,1.069333333,3.92239788865645e-21,19.30911331280502,3.9223978886575556e-08,4879.4771749871625,2.3712626372993563e-18,2,Good,1294.4154367638323
PA-709,Tomato Processing,Tulare Lake,0.6,259.6436633,100.1550886,56.328,146.3999999347797,576.462454432178,308.78626622126694,1464789.0297109787,825920.8452407984,2,Good,1294.4154367638323
PA-709,Truck Crops,Tulare Lake,0.6,1943.711424,5028.993738,10.58063333,1921.5681016201843,3586.8366618540367,3368.6756290870676,103424765.83940431,102246521.01161712,2,Good,1294.4154367638323
PA-709,Vineyard,Tulare Lake,0.6,64237.57906,1435.259758,12.06370409,61638.72412956215,257523.05721014738,234749.24049488202,1112244711.0977926,1067246710.0275774,2,Good,1294.4154367638323
PA-709,Alfalfa,Tulare Lake,0.65,2791.772247,277.7988945,8.566,3.4349406654743204e-10,12631.459900609505,5.453533233392126e-09,6643371.955353457,8.173871815595579e-07,6,Good,694.8648043361402
PA-709,Almonds & Pistachios,Tulare Lake,0.65,233203.8178,5107.065543,1.249,130234.55028995227,878657.83391148,466158.8622465859,1487542990.7956553,830730363.983101,6,Good,694.8648043361402
PA-709,Citrus & Subtropical,Tulare Lake,0.65,45823.47028,938.2138971,16.91,44214.3923135225,165350.9549591821,151567.4670750577,726998383.2140582,701470044.2875959,6,Good,694.8648043361402
PA-709,Corn,Tulare Lake,0.65,924.2223984,253.0253431,19.8995,744.3127591883493,2107.631266851494,1612.4906614328927,4653531.694326983,3747672.6612244276,6,Good,694.8648043361402
PA-709,Cotton,Tulare Lake,0.65,73.77579845,3766.024208,0.776,1.8708245562142148e-09,276.60772735897615,2.038291167700048e-08,215604.9597115296,5.467362760475906e-06,6,Good,694.8648043361402
PA-709,Cucurbits,Tulare Lake,0.65,137.9567952,829.3999693,16.1025,137.53556858854702,336.90873604338606,319.0860333668347,1842469.9768323214,1836844.3214673954,6,Good,694.8648043361402
PA-709,Dry Beans,Tulare Lake,0.65,152.4733083,1204.529622,1.604,0.00029042934487805275,292.71553303374066,0.0005297173544738635,294588.42072434834,0.5611285214018844,6,Good,694.8648043361402
PA-709,Grain,Tulare Lake,0.65,9096.000012,284.3008898,2.484,8.134267372002647e-14,6508.411388154295,2.3130269776963756e-09,6423626.2282285085,5.744447358100947e-11,6,Good,694.8648043361402
PA-709,Lettuce,Tulare Lake,0.65,408.6194499,684.769363,16.01225,385.74158090519575,940.1363528659273,843.0546424735019,4480388.960164049,4229540.030428851,6,Good,694.8648043361402
PA-709,Onions & Garlic,Tulare Lake,0.65,1459.03694,2882.549818,7.8,1432.6632068685656,1829.0923200571735,1706.2279318251312,32804823.993647758,32211839.91647138,6,Good,694.8648043361402
PA-709,Other Deciduous,Tulare Lake,0.65,3854.135621,2055.510278,4.123166667,3555.5862731751276,13497.84850771412,11829.663160645618,32664614.390914563,30134345.53627882,6,Good,694.8648043361402
PA-709,Pasture,Tulare Lake,0.65,141.5694386,226.2501003,5.0,2.2022678526212498e-12,675.0305889125951,6.25821573054864e-10,160150.49841332348,2.4913166127151174e-09,6,Good,694.8648043361402
PA-709,Potatoes,Tulare Lake,0.65,1863.768758,444.581011,23.95,1790.506894831802,2298.981418966022,2098.1813981892205,19844878.95890941,19064807.503887694,6,Good,694.8648043361402
PA-709,Safflower,Tulare Lake,0.65,8.07133325,565.3467595,1.069333333,9.766499208722166e-08,19.30911331280502,2.522081366460485e-07,4879.4771749871625,5.9042798125687585e-05,6,Good,694.8648043361402
PA-709,Tomato Processing,Tulare Lake,0.65,259.6436633,100.1550886,56.328,159.52878694392015,576.462454432178,336.47744870565657,1464789.0297109787,899987.3675659784,6,Good,694.8648043361402
PA-709,Truck Crops,Tulare Lake,0.65,1943.711424,5028.993738,10.58063333,1923.749121546413,3586.8366618540367,3372.499146232922,103424765.83940431,102362572.9483275,6,Good,694.8648043361402
PA-709,Vineyard,Tulare Lake,0.65,64237.57906,1435.259758,12.06370409,61908.59103856104,257523.05721014738,235777.0205586072,1112244711.0977926,1071919333.8503708,6,Good,694.8648043361402
PA-709,Alfalfa,Tulare Lake,0.7,2791.772247,277.7988945,8.566,6.175794537162787e-18,12631.459900609505,2.4205479963851888e-08,6643371.955353457,1.4696077115280648e-14,3,Good,1085.7660840158458
PA-709,Almonds & Pistachios,Tulare Lake,0.7,233203.8178,5107.065543,1.249,148532.06686680668,878657.83391148,531652.6155635628,1487542990.7956553,947445187.9068245,3,Good,1085.7660840158458
PA-709,Citrus & Subtropical,Tulare Lake,0.7,45823.47028,938.2138971,16.91,44395.67918697546,165350.9549591821,152188.9206512952,726998383.2140582,704346196.2484341,3,Good,1085.7660840158458
PA-709,Corn,Tulare Lake,0.7,924.2223984,253.0253431,19.8995,772.5565780581668,2107.631266851494,1673.678507038784,4653531.694326983,3889882.4870272446,3,Good,1085.7660840158458
PA-709,Cotton,Tulare Lake,0.7,73.77579845,3766.024208,0.776,3.2242153338724364e-18,276.60772735897615,2.4205479956594526e-08,215604.9597115296,9.422559047354677e-15,3,Good,1085.7660840158458
PA-709,Cucurbits,Tulare Lake,0.7,137.9567952,829.3999693,16.1025,136.75654056342304,336.90873604338606,317.2786745980711,1842469.9768323214,1826440.0804488861,3,Good,1085.7660840158458
PA-709,Dry Beans,Tulare Lake,0.7,152.4733083,1204.529622,1.604,1.4562139507746613e-17,292.71553303374066,2.4205479991294548e-08,294588.42072434834,2.8135007548430784e-14,3,Good,1085.7660840158458
PA-709,Grain,Tulare Lake,0.7,9096.000012,284.3008898,2.484,3.881559557763579e-17,6508.411388154295,2.4205480049999986e-08,6423626.2282285085,2.741170596832358e-14,3,Good,1085.7660840158458
PA-709,Lettuce,Tulare Lake,0.7,408.6194499,684.769363,16.01225,388.0523666177662,940.1363528659273,848.1755493362665,4480388.960164049,4254877.098447613,3,Good,1085.7660840158458
PA-709,Onions & Garlic,Tulare Lake,0.7,1459.03694,2882.549818,7.8,1436.541207803117,1829.0923200571735,1710.8464307953723,32804823.993647758,32299032.457398523,3,Good,1085.7660840158458
PA-709,Other Deciduous,Tulare Lake,0.7,3854.135621,2055.510278,4.123166667,3597.8009349678796,13497.84850771412,11970.114043075317,32664614.390914563,30492123.721766062,3,Good,1085.7660840158458
PA-709,Pasture,Tulare Lake,0.7,141.5694386,226.2501003,5.0,5.85904324199422e-18,675.0305889125951,2.4205479960284976e-08,160150.49841332348,6.628045605816148e-15,3,Good,1085.7660840158458
PA-709,Potatoes,Tulare Lake,0.7,1863.768758,444.581011,23.95,1801.635515346882,2298.981418966022,2111.222322342761,19844878.95890941,19183301.885850824,3,Good,1085.7660840158458
PA-709,Safflower,Tulare Lake,0.7,8.07133325,565.3467595,1.069333333,1.1661788758201152e-17,19.30911331280502,2.4205479972809083e-08,4879.4771749871625,7.050065993144862e-15,3,Good,1085.7660840158458
PA-709,Tomato Processing,Tulare Lake,0.7,259.6436633,100.1550886,56.328,174.45977370370258,576.462454432178,367.96982341568213,1464789.0297109787,984221.064358413,3,Good,1085.7660840158458
PA-709,Truck Crops,Tulare Lake,0.7,1943.711424,5028.993738,10.58063333,1926.1658428033118,3586.8366618540367,3376.7358683413763,103424765.83940431,102491166.53840862,3,Good,1085.7660840158458
PA-709,Vineyard,Tulare Lake,0.7,64237.57906,1435.259758,12.06370409,62166.415494183275,257523.05721014738,236758.93730170035,1112244711.0977926,1076383448.0239396,3,Good,1085.7660840158458
PA-709,Alfalfa,Tulare Lake,0.75,2791.772247,277.7988945,8.566,6.193441355362757e-24,12631.459900609505,6.193441349439866e-11,6643371.955353457,1.4738069930868267e-20,3,Good,847.3091871668925
PA-709,Almonds & Pistachios,Tulare Lake,0.75,233203.8178,5107.065543,1.249,166693.14100491238,878657.83391148,596657.9896261309,1487542990.7956553,1063289683.0541049,3,Good,847.3091871668925
PA-709,Citrus & Subtropical,Tulare Lake,0.75,45823.47028,938.2138971,16.91,44627.13522209825,165350.9549591821,152982.35471531848,726998383.2140582,708018291.8424871,3,Good,847.3091871668925
PA-709,Corn,Tulare Lake,0.75,924.2223984,253.0253431,19.8995,803.1485477773673,2107.631266851494,1739.9534228702644,4653531.694326983,4043915.4350781073,3,Good,847.3091871668925
PA-709,Cotton,Tulare Lake,0.75,73.77579845,3766.024208,0.776,6.192730812743755e-24,276.60772735897615,6.192730806821152e-11,215604.9597115296,1.8097851943830308e-20,3,Good,847.3091871668925
PA-709,Cucurbits,Tulare Lake,0.75,137.9567952,829.3999693,16.1025,136.96001776898052,336.90873604338606,317.7507468972387,1842469.9768323214,1829157.6025663426,3,Good,847.3091871668925
PA-709,Dry Beans,Tulare Lake,0.75,152.4733083,1204.529622,1.604,4.180552169855827e-09,292.71553303374066,1.6049339619861536e-08,294588.42072434834,8.077100675551982e-06,3,Good,847.3091871668925
PA-709,Grain,Tulare Lake,0.75,9096.000012,284.3008898,2.484,2.548884489719776e-06,6508.411388154295,1.7431352209500175e-06,6423626.2282285085,0.001800030919007082,3,Good,847.3091871668925
PA-709,Lettuce,Tulare Lake,0.75,408.6194499,684.769363,16.01225,391.6310024317323,940.1363528659273,855.9974611407049,4480388.960164049,4294115.760232473,3,Good,847.3091871668925
PA-709,Onions & Garlic,Tulare Lake,0.75,1459.03694,2882.549818,7.8,1441.1846331846991,1829.0923200571735,1716.376510726711,32804823.993647758,32403434.716309417,3,Good,847.3091871668925
PA-709,Other Deciduous,Tulare Lake,0.75,3854.135621,2055.510278,4.123166667,3644.7141979811095,13497.84850771412,12126.19747249672,32664614.390914563,30889723.546172116,3,Good,847.3091871668925
PA-709,Pasture,Tulare Lake,0.75,141.5694386,226.2501003,5.0,6.1927308125923046e-24,675.0305889125951,6.192730806670295e-11,160150.49841332348,7.005529837399547e-21,3,Good,847.3091871668925
PA-709,Potatoes,Tulare Lake,0.75,1863.768758,444.581011,23.95,1814.813213753086,2298.981418966022,2126.664430776305,19844878.95890941,19323614.26564882,3,Good,847.3091871668925
PA-709,Safflower,Tulare Lake,0.75,8.07133325,565.3467595,1.069333333,6.193524622009478e-24,19.30911331280502,6.193524616085215e-11,4879.4771749871625,3.744258982964957e-21,3,Good,847.3091871668925
PA-709,Tomato Processing,Tulare Lake,0.75,259.6436633,100.1550886,56.328,191.02169714518615,576.462454432178,402.90164294933874,1464789.0297109787,1077655.7488782036,3,Good,847.3091871668925
PA-709,Truck Crops,Tulare Lake,0.75,1943.711424,5028.993738,10.58063333,1929.1939068331628,3586.8366618540367,3382.0443273246005,103424765.83940431,102652289.64000031,3,Good,847.3091871668925
PA-709,Vineyard,Tulare Lake,0.75,64237.57906,1435.259758,12.06370409,62498.51498051098,257523.05721014738,238023.7282798307,1112244711.0977926,1082133600.8570855,3,Good,847.3091871668925
PA-709,Alfalfa,Tulare Lake,0.8,2791.772247,277.7988945,8.566,3.3513889049974956e-19,12631.459900609505,7.849255407665185e-10,6643371.955353457,7.975049929974854e-16,6,Good,792.9274608640517
PA-709,Almonds & Pistachios,Tulare Lake,0.8,233203.8178,5107.065543,1.249,183533.77964862305,878657.83391148,656937.0241239001,1487542990.7956553,1170711483.4830267,6,Good,792.9274608640517
PA-709,Citrus & Subtropical,Tulare Lake,0.8,45823.47028,938.2138971,16.91,44875.77139448775,165350.9549591821,153834.68249594598,726998383.2140582,711962953.6987627,6,Good,792.9274608640517
PA-709,Corn,Tulare Lake,0.8,924.2223984,253.0253431,19.8995,833.7860953708441,2107.631266851494,1806.3270793400002,4653531.694326983,4198177.871272595,6,Good,792.9274608640517
PA-709,Cotton,Tulare Lake,0.8,73.77579845,3766.024208,0.776,8.01959072993741e-20,276.60772735897615,7.849237558871875e-10,215604.9597115296,2.343673091390462e-16,6,Good,792.9274608640517
PA-709,Cucurbits,Tulare Lake,0.8,137.9567952,829.3999693,16.1025,137.1806966210475,336.90873604338606,318.26272748392313,1842469.9768323214,1832104.8597773104,6,Good,792.9274608640517
PA-709,Dry Beans,Tulare Lake,0.8,152.4733083,1204.529622,1.604,1.0196156666330341e-19,292.71553303374066,7.849245824822063e-10,294588.42072434834,1.9699642667176857e-16,6,Good,792.9274608640517
PA-709,Grain,Tulare Lake,0.8,9096.000012,284.3008898,2.484,6719.744462520557,6508.411388154295,4567.735009911334,6423626.2282285085,4745506.455529272,6,Good,792.9274608640517
PA-709,Lettuce,Tulare Lake,0.8,408.6194499,684.769363,16.01225,395.49026022967604,940.1363528659273,864.4327353066541,4480388.960164049,4336431.357389107,6,Good,792.9274608640517
PA-709,Onions & Garlic,Tulare Lake,0.8,1459.03694,2882.549818,7.8,1446.3355352419965,1829.0923200571735,1722.5109692117228,32804823.993647758,32519247.024254244,6,Good,792.9274608640517
PA-709,Other Deciduous,Tulare Lake,0.8,3854.135621,2055.510278,4.123166667,3692.4527010475094,13497.84850771412,12285.026528434846,32664614.390914563,31294317.454535633,6,Good,792.9274608640517
PA-709,Pasture,Tulare Lake,0.8,141.5694386,226.2501003,5.0,6.375501486516739e-20,675.0305889125951,7.849245810847443e-10,160150.49841332348,7.212289253936057e-17,6,Good,792.9274608640517
PA-709,Potatoes,Tulare Lake,0.8,1863.768758,444.581011,23.95,1829.2869658806503,2298.981418966022,2143.625302340303,19844878.95890941,19477726.65637319,6,Good,792.9274608640517
PA-709,Safflower,Tulare Lake,0.8,8.07133325,565.3467595,1.069333333,9.148575090972222e-20,19.30911331280502,7.849245864681486e-10,4879.4771749871625,5.5307174115323583e-17,6,Good,792.9274608640517
PA-709,Tomato Processing,Tulare Lake,0.8,259.6436633,100.1550886,56.328,207.9961333753231,576.462454432178,438.70457262963106,1464789.0297109787,1173417.639075788,6,Good,792.9274608640517
PA-709,Truck Crops,Tulare Lake,0.8,1943.711424,5028.993738,10.58063333,1932.563670449443,3586.8366618540367,3387.951815361293,103424765.83940431,102831594.55566043,6,Good,792.9274608640517
PA-709,Vineyard,Tulare Lake,0.8,64237.57906,1435.259758,12.06370409,62854.93392306002,257523.05721014738,239381.13918089974,1112244711.0977926,1088304834.10694,6,Good,792.9274608640517
PA-709,Alfalfa,Tulare Lake,0.85,2791.772247,277.7988945,8.566,3.9933555871811268e-22,12631.459900609505,3.993355587182428e-09,6643371.955353457,9.502690108099328e-19,4,Good,599.658978096829
PA-709,Almonds & Pistachios,Tulare Lake,0.85,233203.8178,5107.065543,1.249,201043.88159610957,878657.83391148,719612.3217585097,1487542990.7956553,1282403606.1327484,4,Good,599.658978096829
PA-709,Citrus & Subtropical,Tulare Lake,0.85,45823.47028,938.2138971,16.91,45172.66918830251,165350.9549591821,154852.45169358084,726998383.2140582,716673295.6864878,4,Good,599.658978096829
PA-709,Corn,Tulare Lake,0.85,924.2223984,253.0253431,19.8995,867.8630712204507,2107.631266851494,1880.1519663269005,4653531.694326983,4369758.096375868,4,Good,599.658978096829
PA-709,Cotton,Tulare Lake,0.85,73.77579845,3766.024208,0.776,7.215435959739334,276.60772735897615,25.700203828566266,215604.9597115296,21086.641040625986,4,Good,599.658978096829
PA-709,Cucurbits,Tulare Lake,0.85,137.9567952,829.3999693,16.1025,137.44699225998156,336.90873604338606,318.88054018631067,1842469.9768323214,1835661.348016879,4,Good,599.658978096829
PA-709,Dry Beans,Tulare Lake,0.85,152.4733083,1204.529622,1.604,2.1584178634007343e-06,292.71553303374066,3.9521189742460455e-06,294588.42072434834,0.004170204718004696,4,Good,599.658978096829
PA-709,Grain,Tulare Lake,0.85,9096.000012,284.3008898,2.484,9186.960103866033,6508.411388154295,6244.8206974442455,6423626.2282285085,6487862.555302154,4,Good,599.658978096829
PA-709,Lettuce,Tulare Lake,0.85,408.6194499,684.769363,16.01225,400.1182602733919,940.1363528659273,874.5482682048593,4480388.960164049,4387175.981289359,4,Good,599.658978096829
PA-709,Onions & Garlic,Tulare Lake,0.85,1459.03694,2882.549818,7.8,1452.7128787431045,1829.0923200571735,1730.10605615592,32804823.993647758,32662634.504972097,4,Good,599.658978096829
PA-709,Other Deciduous,Tulare Lake,0.85,3854.135621,2055.510278,4.123166667,3746.367674223298,13497.84850771412,12464.405095848922,32664614.390914563,31751258.25316448,4,Good,599.658978096829
PA-709,Pasture,Tulare Lake,0.85,141.5694386,226.2501003,5.0,3.9933555871802823e-22,675.0305889125951,3.993355587181733e-09,160150.49841332348,4.517485510665522e-19,4,Good,599.658978096829
PA-709,Potatoes,Tulare Lake,0.85,1863.768758,444.581011,23.95,1847.0032409351652,2298.981418966022,2164.385880743433,19844878.95890941,19666364.507796813,4,Good,599.658978096829
PA-709,Safflower,Tulare Lake,0.85,8.07133325,565.3467595,1.069333333,3.9933555871732486e-22,19.30911331280502,3.9933555871738844e-09,4879.4771749871625,2.4141596977450193e-19,4,Good,599.658978096829
PA-709,Tomato Processing,Tulare Lake,0.85,259.6436633,100.1550886,56.328,227.30229284951656,576.462454432178,479.4250432671534,1464789.0297109787,1282334.029501902,4,Good,599.658978096829
PA-709,Truck Crops,Tulare Lake,0.85,1943.711424,5028.993738,10.58063333,1936.7514384069866,3586.8366618540367,3395.293335994477,103424765.83940431,103054425.43222511,4,Good,599.658978096829
PA-709,Vineyard,Tulare Lake,0.85,64237.57906,1435.259758,12.06370409,63280.10640901678,257523.05721014738,241000.39589925905,1112244711.0977926,1095666503.953931,4,Good,599.658978096829
PA-709,Alfalfa,Tulare Lake,0.9,2791.772247,277.7988945,8.566,3.524074916302249e-18,12631.459900609505,1.2016995867633936e-08,6643371.955353457,8.385977936661873e-15,5,Good,362.904156444237
PA-709,Almonds & Pistachios,Tulare Lake,0.9,233203.8178,5107.065543,1.249,218798.70592734448,878657.83391148,783163.5736443608,1487542990.7956553,1395656745.5362692,5,Good,362.904156444237
PA-709,Citrus & Subtropical,Tulare Lake,0.9,45823.47028,938.2138971,16.91,45517.29225903865,165350.9549591821,156033.8237128362,726998383.2140582,722140808.5944481,5,Good,362.904156444237
PA-709,Corn,Tulare Lake,0.9,924.2223984,253.0253431,19.8995,904.5993881239453,2107.631266851494,1959.7380908675855,4653531.694326983,4554728.310622141,5,Good,362.904156444237
PA-709,Cotton,Tulare Lake,0.9,73.77579845,3766.024208,0.776,51.390746384297415,276.60772735897615,183.0454408765656,215604.9597115296,150186.10488155117,5,Good,362.904156444237
PA-709,Cucurbits,Tulare Lake,0.9,137.9567952,829.3999693,16.1025,137.7597884995815,336.90873604338606,319.606235479292,1842469.9768323214,1839838.8709833517,5,Good,362.904156444237
PA-709,Dry Beans,Tulare Lake,0.9,152.4733083,1204.529622,1.604,116.1633279614779,292.71553303374066,211.85786536141447,294588.42072434834,224435.15990960045,5,Good,362.904156444237
PA-709,Grain,Tulare Lake,0.9,9096.000012,284.3008898,2.484,9186.960103950834,6508.411388154295,6244.820697512541,6423626.2282285085,6487862.555362041,5,Good,362.904156444237
PA-709,Lettuce,Tulare Lake,0.9,408.6194499,684.769363,16.01225,405.51593271782383,940.1363528659273,886.3460929019512,4480388.960164049,4446359.830801498,5,Good,362.904156444237
PA-709,Onions & Garlic,Tulare Lake,0.9,1459.03694,2882.549818,7.8,1460.433621288921,1829.0923200571735,1739.301062029019,32804823.993647758,32836226.820130184,5,Good,362.904156444237
PA-709,Other Deciduous,Tulare Lake,0.9,3854.135621,2055.510278,4.123166667,3805.3698535165836,13497.84850771412,12660.70912370732,32664614.390914563,32251314.19938952,5,Good,362.904156444237
PA-709,Pasture,Tulare Lake,0.9,141.5694386,226.2501003,5.0,3.3435124232021218e-18,675.0305889125951,1.2016995860935312e-08,160150.49841332348,3.782350105518881e-15,5,Good,362.904156444237
PA-709,Potatoes,Tulare Lake,0.9,1863.768758,444.581011,23.95,1868.1604981964317,2298.981418966022,2189.1787278246293,19844878.95890941,19891640.957812477,5,Good,362.904156444237
PA-709,Safflower,Tulare Lake,0.9,8.07133325,565.3467595,1.069333333,6.6493081690372254e-18,19.30911331280502,1.2016995876153595e-08,4879.4771749871625,4.019800252984576e-15,5,Good,362.904156444237
PA-709,Tomato Processing,Tulare Lake,0.9,259.6436633,100.1550886,56.328,248.58013261949978,576.462454432178,524.3041737262834,1464789.0297109787,1402373.7249633216,5,Good,362.904156444237
PA-709,Truck Crops,Tulare Lake,0.9,1943.711424,5028.993738,10.58063333,1941.8444904793446,3586.8366618540367,3404.2218982451036,103424765.83940431,103325426.42110005,5,Good,362.904156444237
PA-709,Vineyard,Tulare Lake,0.9,64237.57906,1435.259758,12.06370409,63773.06752210607,257523.05721014738,242877.8235800886,1112244711.0977926,1104201903.3079185,5,Good,362.904156444237
PA-709,Alfalfa,Tulare Lake,0.95,2791.772247,277.7988945,8.566,2744.3462235764346,12631.459900609505,11796.035308688848,6643371.955353457,6530515.788699956,2,Good,17.04812880674074
PA-709,Almonds & Pistachios,Tulare Lake,0.95,233203.8178,5107.065543,1.249,233158.68749075956,878657.83391148,834563.3954486221,1487542990.7956553,1487255116.970019,2,Good,17.04812880674074
PA-709,Citrus & Subtropical,Tulare Lake,0.95,45823.47028,938.2138971,16.91,45823.41236889896,165350.9549591821,157203.69770317612,726998383.2140582,726997464.4430315,2,Good,17.04812880674074
PA-709,Corn,Tulare Lake,0.95,924.2223984,253.0253431,19.8995,925.5886819399161,2107.631266851494,2005.4198638014304,4653531.694326983,4660411.03826784,2,Good,17.04812880674074
PA-709,Cotton,Tulare Lake,0.95,73.77579845,3766.024208,0.776,73.72249435637892,276.60772735897615,262.587488034929,215604.9597115296,215449.18197412672,2,Good,17.04812880674074
PA-709,Cucurbits,Tulare Lake,0.95,137.9567952,829.3999693,16.1025,137.96718424379566,336.90873604338606,320.37423736475273,1842469.9768323214,1842608.7268029465,2,Good,17.04812880674074
PA-709,Dry Beans,Tulare Lake,0.95,152.4733083,1204.529622,1.604,153.9980424651991,292.71553303374066,280.86056898571826,294588.42072434834,297534.30702247133,2,Good,17.04812880674074
PA-709,Grain,Tulare Lake,0.95,9096.000012,284.3008898,2.484,9186.960103789237,6508.411388154295,6244.820712665236,6423626.2282285085,6487862.5552479215,2,Good,17.04812880674074
PA-709,Lettuce,Tulare Lake,0.95,408.6194499,684.769363,16.01225,408.83176358027913,940.1363528659273,894.3246397533181,4480388.960164049,4482716.915598983,2,Good,17.04812880674074
PA-709,Onions & Garlic,Tulare Lake,0.95,1459.03694,2882.549818,7.8,1460.0980752065286,1829.0923200571735,1741.0929138692622,32804823.993647758,32828682.439400088,2,Good,17.04812880674074
PA-709,Other Deciduous,Tulare Lake,0.95,3854.135621,2055.510278,4.123166667,3854.2402626777543,13497.84850771412,12826.157662393878,32664614.390914563,32665501.251261264,2,Good,17.04812880674074
PA-709,Pasture,Tulare Lake,0.95,141.5694386,226.2501003,5.0,138.1396886666105,675.0305889125951,625.7430271213291,160150.49841332348,156270.59208115702,2,Good,17.04812880674074
PA-709,Potatoes,Tulare Lake,0.95,1863.768758,444.581011,23.95,1866.7346245239241,2298.981418966022,2189.8894079533143,19844878.95890941,19876458.661017258,2,Good,17.04812880674074
PA-709,Safflower,Tulare Lake,0.95,8.07133325,565.3467595,1.069333333,8.152046215155151,19.30911331280502,18.52709562338153,4879.4771749871625,4928.27172466086,2,Good,17.04812880674074
PA-709,Tomato Processing,Tulare Lake,0.95,259.6436633,100.1550886,56.328,260.5141311078688,576.462454432178,549.629660389301,1464789.0297109787,1469699.8050385073,2,Good,17.04812880674074
PA-709,Truck Crops,Tulare Lake,0.95,1943.711424,5028.993738,10.58063333,1944.0661864994265,3586.8366618540367,3412.6159565786315,103424765.83940431,103443642.73027337,2,Good,17.04812880674074
PA-709,Vineyard,Tulare Lake,0.95,64237.57906,1435.259758,12.06370409,64234.165058871724,257523.05721014738,244818.64255287228,1112244711.0977926,1112185599.2079275,2,Good,17.04812880674074
PA-709,Alfalfa,Tulare Lake,1.0,2791.772247,277.7988945,8.566,2791.7715498887846,12631.459900609505,12631.452007890533,6643371.955353457,6643370.29648995,2,Good,9.98620712279212e-05
PA-709,Almonds & Pistachios,Tulare Lake,1.0,233203.8178,5107.065543,1.249,233203.81537754543,878657.83391148,878657.5173740587,1487542990.7956553,1487542975.343484,2,Good,9.98620712279212e-05
PA-709,Citrus & Subtropical,Tulare Lake,1.0,45823.47028,938.2138971,16.91,45823.47022815753,165350.9549591821,165350.8979851496,726998383.2140582,726998382.3915671,2,Good,9.98620712279212e-05
PA-709,Corn,Tulare Lake,1.0,924.2223984,253.0253431,19.8995,924.2223983617829,2107.631266851494,2107.6305352409913,4653531.694326983,4653531.694134557,2,Good,9.98620712279212e-05
PA-709,Cotton,Tulare Lake,1.0,73.77579845,3766.024208,0.776,73.7757949187496,276.60772735897615,276.60761445844287,215604.9597115296,215604.9493916806,2,Good,9.98620712279212e-05
PA-709,Cucurbits,Tulare Lake,1.0,137.9567952,829.3999693,16.1025,137.95679518795967,336.90873604338606,336.9086212224999,1842469.9768323214,1842469.976671518,2,Good,9.98620712279212e-05
PA-709,Dry Beans,Tulare Lake,1.0,152.4733083,1204.529622,1.604,152.47331408559648,292.71553303374066,292.71544024192974,294588.42072434834,294588.43190249975,2,Good,9.98620712279212e-05
PA-709,Grain,Tulare Lake,1.0,9096.000012,284.3008898,2.484,9096.005681663,6508.411388154295,6508.413117889406,6423626.2282285085,6423630.232163854,2,Good,9.98620712279212e-05
PA-709,Lettuce,Tulare Lake,1.0,408.6194499,684.769363,16.01225,408.61944986198,940.1363528659273,940.1360308442183,4480388.960164049,4480388.959747171,2,Good,9.98620712279212e-05
PA-709,Onions & Garlic,Tulare Lake,1.0,1459.03694,2882.549818,7.8,1459.036942789182,1829.0923200571735,1829.091701434452,32804823.993647758,32804824.056359414,2,Good,9.98620712279212e-05
PA-709,Other Deciduous,Tulare Lake,1.0,3854.135621,2055.510278,4.123166667,3854.135613186166,13497.84850771412,13497.843801382713,32664614.390914563,32664614.32469067,2,Good,9.98620712279212e-05
PA-709,Pasture,Tulare Lake,1.0,141.5694386,226.2501003,5.0,141.56939364084272,675.0305889125951,675.0300849668045,160150.49841332348,160150.44755325426,2,Good,9.98620712279212e-05
PA-709,Potatoes,Tulare Lake,1.0,1863.768758,444.581011,23.95,1863.7687658992504,2298.981418966022,2298.9806442388917,19844878.95890941,19844879.04301838,2,Good,9.98620712279212e-05
PA-709,Safflower,Tulare Lake,1.0,8.07133325,565.3467595,1.069333333,8.069060764375767,19.30911331280502,19.3036694605938,4879.4771749871625,4878.103357131985,2,Good,9.98620712279212e-05
PA-709,Tomato Processing,Tulare Lake,1.0,259.6436633,100.1550886,56.328,259.6436634117981,576.462454432178,576.4622556867942,1464789.0297109787,1464789.0303416918,2,Good,9.98620712279212e-05
PA-709,Truck Crops,Tulare Lake,1.0,1943.711424,5028.993738,10.58063333,1943.711424528204,3586.8366618540367,3586.8354435203087,103424765.83940431,103424765.86751,2,Good,9.98620712279212e-05
PA-709,Vineyard,Tulare Lake,1.0,64237.57906,1435.259758,12.06370409,64237.57897349071,257523.05721014738,257522.9684027723,1112244711.0977926,1112244709.5999234,2,Good,9.98620712279212e-05
PA-710,Alfalfa,Tulare Lake,0.5,21706.6746,277.7988945,8.566,3.824893158464025e-21,98212.5207670921,3.8248931584661383e-08,51653752.71445744,9.101812645522445e-18,5,Good,1669.4812971776928
PA-710,Almonds & Pistachios,Tulare Lake,0.5,91062.4337,5441.749301,1.298,19556.772090186092,343102.1048470578,70001.10651566136,643209537.5447652,138137120.00535923,5,Good,1669.4812971776928
PA-710,Citrus & Subtropical,Tulare Lake,0.5,37104.33364,1062.045455,16.13,35256.369744461175,133888.52836787165,120859.25828267563,635626666.008061,603969578.6925695,5,Good,1669.4812971776928
PA-710,Corn,Tulare Lake,0.5,29612.58,253.0253431,19.8995,18726.343574197785,67529.63313612463,40569.04004842598,149101644.60345906,94288597.08685656,5,Good,1669.4812971776928
PA-710,Cotton,Tulare Lake,0.5,4414.428171,3766.024208,0.776,3.824893158464388e-21,16551.0230946169,3.824893158466415e-08,12900878.444615414,1.1178000816765401e-17,5,Good,1669.4812971776928
PA-710,Cucurbits,Tulare Lake,0.5,1450.157811,829.3999693,16.1025,1427.7415020184492,3541.4771302795066,3312.396829561074,19367456.489279047,19068077.4247681,5,Good,1669.4812971776928
PA-710,Dry Beans,Tulare Lake,0.5,543.8399386,1204.529622,1.604,3.8248931584649514e-21,1044.054197336097,3.8248931584660675e-08,1050734.3903352595,7.389944165011304e-18,5,Good,1669.4812971776928
PA-710,Grain,Tulare Lake,0.5,13282.98762,299.3468083,2.38,3.824893158465343e-21,9504.303845719973,3.8248931584659167e-08,9463403.477990285,2.725027550598754e-18,5,Good,1669.4812971776928
PA-710,Lettuce,Tulare Lake,0.5,3607.305843,684.769363,16.01225,3278.59533076114,8299.554413623542,7166.10600743751,39553020.00153877,35948808.42892449,5,Good,1669.4812971776928
PA-710,Onions & Garlic,Tulare Lake,0.5,5320.943579,2882.549818,7.8,5165.912234241891,6670.49391895892,6152.33483009869,119635502.5728308,116149795.09081991,5,Good,1669.4812971776928
PA-710,Other Deciduous,Tulare Lake,0.5,5997.419238,2358.861787,3.868333333,5284.66430780127,21003.99785380937,17582.416478054573,54725632.97011538,48221841.39580758,5,Good,1669.4812971776928
PA-710,Pasture,Tulare Lake,0.5,1877.792604,167.5,5.0,3.8248931584638884e-21,8953.679974074825,3.8248931584659755e-08,1572651.30585,3.2033480202135066e-18,5,Good,1669.4812971776928
PA-710,Potatoes,Tulare Lake,0.5,16533.5371,444.581011,23.95,15465.213966037474,20394.318994526988,18122.702769958978,176044394.51181,164669194.0254366,5,Good,1669.4812971776928
PA-710,Safflower,Tulare Lake,0.5,715.2783217,565.3467595,1.069333333,3.8248931584647325e-21,1711.1658924376964,3.8248931584659074e-08,432417.31401664956,2.3123167245626015e-18,5,Good,1669.4812971776928
PA-710,Tomato Processing,Tulare Lake,0.5,5720.795175,100.1550886,56.328,1819.3176715195284,12701.344550334194,3837.297206436082,32274070.959633924,10263745.831231795,5,Good,1669.4812971776928
PA-710,Truck Crops,Tulare Lake,0.5,21615.41183,5028.993738,10.58063333,21276.32017555642,39888.097922151974,37299.235551741585,1150154739.7604017,1132111693.5932133,5,Good,1669.4812971776928
PA-710,Vineyard,Tulare Lake,0.5,44404.94927,1575.156004,12.05608017,42170.242739381065,178015.71071959235,160604.11039247364,843259181.3250673,800821641.5802662,5,Good,1669.4812971776928
PA-710,Alfalfa,Tulare Lake,0.55,21706.6746,277.7988945,8.566,5.480795916141424e-19,98212.5207670921,5.480795915842898e-06,51653752.71445744,1.304224079218368e-15,4,Good,1571.1245304038357
PA-710,Almonds & Pistachios,Tulare Lake,0.55,91062.4337,5441.749301,1.298,31612.161132629084,343102.1048470578,113151.91732772224,643209537.5447652,223289041.5590656,4,Good,1571.1245304038357
PA-710,Citrus & Subtropical,Tulare Lake,0.55,37104.33364,1062.045455,16.13,35399.11806640082,133888.52836787165,121348.60124781835,635626666.008061,606414970.6738158,4,Good,1571.1245304038357
PA-710,Corn,Tulare Lake,0.55,29612.58,253.0253431,19.8995,20072.1646582219,67529.63313612463,43484.64764398847,149101644.60345906,101064910.97001047,4,Good,1571.1245304038357
PA-710,Cotton,Tulare Lake,0.55,4414.428171,3766.024208,0.776,5.480795916142497e-19,16551.0230946169,5.480795915843234e-06,12900878.444615414,1.6017268637056943e-15,4,Good,1571.1245304038357
PA-710,Cucurbits,Tulare Lake,0.55,1450.157811,829.3999693,16.1025,1429.4883228175993,3541.4771302795066,3316.4495042059243,19367456.489279047,19091406.937987614,4,Good,1571.1245304038357
PA-710,Dry Beans,Tulare Lake,0.55,543.8399386,1204.529622,1.604,5.480795916142614e-19,1044.054197336097,5.4807959158428145e-06,1050734.3903352595,1.0589256777141172e-15,4,Good,1571.1245304038357
PA-710,Grain,Tulare Lake,0.55,13282.98762,299.3468083,2.38,7.149308219648866e-06,9504.303845719973,1.3923062436114008e-05,9463403.477990285,0.005093491781109527,4,Good,1571.1245304038357
PA-710,Lettuce,Tulare Lake,0.55,3607.305843,684.769363,16.01225,3305.132281471697,8299.554413623542,7224.1084753659015,39553020.00153877,36239778.085481696,4,Good,1571.1245304038357
PA-710,Onions & Garlic,Tulare Lake,0.55,5320.943579,2882.549818,7.8,5178.383818369176,6670.49391895892,6167.1878487470385,119635502.5728308,116430204.79875885,4,Good,1571.1245304038357
PA-710,Other Deciduous,Tulare Lake,0.55,5997.419238,2358.861787,3.868333333,5356.447145652642,21003.99785380937,17821.242580824925,54725632.97011538,48876850.00566382,4,Good,1571.1245304038357
PA-710,Pasture,Tulare Lake,0.55,1877.792604,167.5,5.0,5.480795916140909e-19,8953.679974074825,5.4807959158427036e-06,1572651.30585,4.590166579768012e-16,4,Good,1571.1245304038357
PA-710,Potatoes,Tulare Lake,0.55,16533.5371,444.581011,23.95,15555.16286475637,20394.318994526988,18228.10818157311,176044394.51181,165626944.2827589,4,Good,1571.1245304038357
PA-710,Safflower,Tulare Lake,0.55,715.2783217,565.3467595,1.069333333,5.480795916141981e-19,1711.1658924376964,5.4807959158426205e-06,432417.31401664956,3.3133830242454243e-16,4,Good,1571.1245304038357
PA-710,Tomato Processing,Tulare Lake,0.55,5720.795175,100.1550886,56.328,2235.606585039764,12701.344550334194,4715.33204347269,32274070.959633924,12612254.652763061,4,Good,1571.1245304038357
PA-710,Truck Crops,Tulare Lake,0.55,21615.41183,5028.993738,10.58063333,21300.78423798562,39888.097922151974,37342.12318176432,1150154739.7604017,1133413424.8569076,4,Good,1571.1245304038357
PA-710,Vineyard,Tulare Lake,0.55,44404.94927,1575.156004,12.05608017,42341.644086631044,178015.71071959235,161256.8873116093,843259181.3250673,804076588.6556742,4,Good,1571.1245304038357
PA-710,Alfalfa,Tulare Lake,0.6,21706.6746,277.7988945,8.566,3.879156179694869e-21,98212.5207670921,3.879156179696927e-08,51653752.71445744,9.230938305341262e-18,2,Good,1438.235970252676
PA-710,Almonds & Pistachios,Tulare Lake,0.6,91062.4337,5441.749301,1.298,43362.39288301141,343102.1048470578,155210.45441336822,643209537.5447652,306285517.96673745,2,Good,1438.235970252676
PA-710,Citrus & Subtropical,Tulare Lake,0.6,37104.33364,1062.045455,16.13,35585.50951469233,133888.52836787165,121987.55336211249,635626666.008061,609608004.0267237,2,Good,1438.235970252676
PA-710,Corn,Tulare Lake,0.6,29612.58,253.0253431,19.8995,21616.9998361725,67529.63313612463,46831.402436123484,149101644.60345906,108843276.30236962,2,Good,1438.235970252676
PA-710,Cotton,Tulare Lake,0.6,4414.428171,3766.024208,0.776,3.879156179695314e-21,16551.0230946169,3.879156179697252e-08,12900878.444615414,1.1336580957571992e-17,2,Good,1438.235970252676
PA-710,Cucurbits,Tulare Lake,0.6,1450.157811,829.3999693,16.1025,1431.7835190471567,3541.4771302795066,3321.774412529042,19367456.489279047,19122060.231562372,2,Good,1438.235970252676
PA-710,Dry Beans,Tulare Lake,0.6,543.8399386,1204.529622,1.604,3.879156179695786e-21,1044.054197336097,3.879156179696844e-08,1050734.3903352595,7.49478387699992e-18,2,Good,1438.235970252676
PA-710,Grain,Tulare Lake,0.6,13282.98762,299.3468083,2.38,1.6638810830596967e-18,9504.303845719973,3.879156180029737e-08,9463403.477990285,1.1854244300191086e-15,2,Good,1438.235970252676
PA-710,Lettuce,Tulare Lake,0.6,3607.305843,684.769363,16.01225,3339.789107717836,8299.554413623542,7299.858742504453,39553020.00153877,36619779.726973616,2,Good,1438.235970252676
PA-710,Onions & Garlic,Tulare Lake,0.6,5320.943579,2882.549818,7.8,5195.121580334136,6670.49391895892,6187.121653641622,119635502.5728308,116806534.77386427,2,Good,1438.235970252676
PA-710,Other Deciduous,Tulare Lake,0.6,5997.419238,2358.861787,3.868333333,5443.996516711112,21003.99785380937,18112.524937599,54725632.97011538,49675726.08171883,2,Good,1438.235970252676
PA-710,Pasture,Tulare Lake,0.6,1877.792604,167.5,5.0,3.879156179694684e-21,8953.679974074825,3.879156179696738e-08,1572651.30585,3.248793300494298e-18,2,Good,1438.235970252676
PA-710,Potatoes,Tulare Lake,0.6,16533.5371,444.581011,23.95,15674.826493956447,20394.318994526988,18368.334388679596,176044394.51181,166901088.52788916,2,Good,1438.235970252676
PA-710,Safflower,Tulare Lake,0.6,715.2783217,565.3467595,1.069333333,3.87915617969552e-21,1711.1658924376964,3.8791561796966573e-08,432417.31401664956,2.345121115775351e-18,2,Good,1438.235970252676
PA-710,Tomato Processing,Tulare Lake,0.6,5720.795175,100.1550886,56.328,2740.0015960940277,12701.344550334194,5779.199880741964,32274070.959633924,15457817.18043224,2,Good,1438.235970252676
PA-710,Truck Crops,Tulare Lake,0.6,21615.41183,5028.993738,10.58063333,21333.704623736117,39888.097922151974,37399.83546902128,1150154739.7604017,1135165116.5666685,2,Good,1438.235970252676
PA-710,Vineyard,Tulare Lake,0.6,44404.94927,1575.156004,12.05608017,42565.423935454215,178015.71071959235,162109.14617876068,843259181.3250673,808326214.3216845,2,Good,1438.235970252676
PA-710,Alfalfa,Tulare Lake,0.65,21706.6746,277.7988945,8.566,2.7674078279254755e-12,98212.5207670921,2.7654092173271376e-09,51653752.71445744,6.5853937665659905e-09,2,Good,809.242286743521
PA-710,Almonds & Pistachios,Tulare Lake,0.65,91062.4337,5441.749301,1.298,54701.81542858476,343102.1048470578,195798.5495129552,643209537.5447652,386380288.50176793,2,Good,809.242286743521
PA-710,Citrus & Subtropical,Tulare Lake,0.65,37104.33364,1062.045455,16.13,35838.333894177915,133888.52836787165,122854.23836684972,635626666.008061,613939086.1848665,2,Good,809.242286743521
PA-710,Corn,Tulare Lake,0.65,29612.58,253.0253431,19.8995,23406.019723693822,67529.63313612463,50707.16276146021,149101644.60345906,117851130.64865503,2,Good,809.242286743521
PA-710,Cotton,Tulare Lake,0.65,4414.428171,3766.024208,0.776,3.2881995836858475e-07,16551.0230946169,1.18448701352837e-06,12900878.444615414,0.0009609548844727626,2,Good,809.242286743521
PA-710,Cucurbits,Tulare Lake,0.65,1450.157811,829.3999693,16.1025,1434.8839550025473,3541.4771302795066,3328.9196670024494,19367456.489279047,19163467.83424419,2,Good,809.242286743521
PA-710,Dry Beans,Tulare Lake,0.65,543.8399386,1204.529622,1.604,2.425607218904681e-06,1044.054197336097,4.521539287812137e-06,1050734.3903352595,0.004686432057398394,2,Good,809.242286743521
PA-710,Grain,Tulare Lake,0.65,13282.98762,299.3468083,2.38,3.16054609299175e-12,9504.303845719973,3.742417246804212e-09,9463403.477990285,2.2517165373046345e-09,2,Good,809.242286743521
PA-710,Lettuce,Tulare Lake,0.65,3607.305843,684.769363,16.01225,3385.7960741037837,8299.554413623542,7400.417294216173,39553020.00153877,37124232.22999736,2,Good,809.242286743521
PA-710,Onions & Garlic,Tulare Lake,0.65,5320.943579,2882.549818,7.8,5215.992536137828,6670.49391895892,6211.9778846876825,119635502.5728308,117275795.01872094,2,Good,809.242286743521
PA-710,Other Deciduous,Tulare Lake,0.65,5997.419238,2358.861787,3.868333333,5555.00759743166,21003.99785380937,18481.865910082754,54725632.97011538,50688687.06010701,2,Good,809.242286743521
PA-710,Pasture,Tulare Lake,0.65,1877.792604,167.5,5.0,3.696339073966353e-22,8953.679974074825,3.696338917433097e-09,1572651.30585,3.095683974446821e-19,2,Good,809.242286743521
PA-710,Potatoes,Tulare Lake,0.65,16533.5371,444.581011,23.95,15827.045769487782,20394.318994526988,18546.71049726573,176044394.51181,168521876.02374452,2,Good,809.242286743521
PA-710,Safflower,Tulare Lake,0.65,715.2783217,565.3467595,1.069333333,2.5249756237537875e-13,1711.1658924376964,3.916007141094138e-10,432417.31401664956,1.526459203441461e-10,2,Good,809.242286743521
PA-710,Tomato Processing,Tulare Lake,0.65,5720.795175,100.1550886,56.328,3356.5869380677514,12701.344550334194,7079.69909933702,32274070.959633924,18936305.479837246,2,Good,809.242286743521
PA-710,Truck Crops,Tulare Lake,0.65,21615.41183,5028.993738,10.58063333,21377.676258274147,39888.097922151974,37476.921560034774,1150154739.7604017,1137504844.5476425,2,Good,809.242286743521
PA-710,Vineyard,Tulare Lake,0.65,44404.94927,1575.156004,12.05608017,42870.58521412697,178015.71071959235,163271.3437970227,843259181.3250673,814121290.191742,2,Good,809.242286743521
PA-710,Alfalfa,Tulare Lake,0.7,21706.6746,277.7988945,8.566,4.4190042133739416e-18,98212.5207670921,2.173734177148751e-08,51653752.71445744,1.0515574360789612e-14,4,Good,1024.9574991018962
PA-710,Almonds & Pistachios,Tulare Lake,0.7,91062.4337,5441.749301,1.298,65917.91317966243,343102.1048470578,235945.2183876788,643209537.5447652,465603967.8435111,4,Good,1024.9574991018962
PA-710,Citrus & Subtropical,Tulare Lake,0.7,37104.33364,1062.045455,16.13,36123.02929541143,133888.52836787165,123830.17761640195,635626666.008061,618816144.2253,4,Good,1024.9574991018962
PA-710,Corn,Tulare Lake,0.7,29612.58,253.0253431,19.8995,25197.67629631634,67529.63313612463,54588.635242194745,149101644.60345906,126872260.90959865,4,Good,1024.9574991018962
PA-710,Cotton,Tulare Lake,0.7,4414.428171,3766.024208,0.776,4.72776385174766e-18,16551.0230946169,2.173734177912293e-08,12900878.444615414,1.3816581537541873e-14,4,Good,1024.9574991018962
PA-710,Cucurbits,Tulare Lake,0.7,1450.157811,829.3999693,16.1025,1438.4897788282112,3541.4771302795066,3337.3331068589428,19367456.489279047,19211625.100661557,4,Good,1024.9574991018962
PA-710,Dry Beans,Tulare Lake,0.7,543.8399386,1204.529622,1.604,1.1117709897291509e-17,1044.054197336097,2.1737341795320422e-08,1050734.3903352595,2.1480143883744685e-14,4,Good,1024.9574991018962
PA-710,Grain,Tulare Lake,0.7,13282.98762,299.3468083,2.38,2.45372186715531e-17,9504.303845719973,2.1737341828144596e-08,9463403.477990285,1.7481428663454838e-14,4,Good,1024.9574991018962
PA-710,Lettuce,Tulare Lake,0.7,3607.305843,684.769363,16.01225,3439.7726975613446,8299.554413623542,7518.3953203610545,39553020.00153877,37716069.61782941,4,Good,1024.9574991018962
PA-710,Onions & Garlic,Tulare Lake,0.7,5320.943579,2882.549818,7.8,5246.369528594038,6670.49391895892,6248.155314815523,119635502.5728308,117958787.932514,4,Good,1024.9574991018962
PA-710,Other Deciduous,Tulare Lake,0.7,5997.419238,2358.861787,3.868333333,5666.53244910852,21003.99785380937,18852.916231491618,54725632.97011538,51706336.128433555,4,Good,1024.9574991018962
PA-710,Pasture,Tulare Lake,0.7,1877.792604,167.5,5.0,3.7128800410207465e-18,8953.679974074825,2.1737341765692252e-08,1572651.30585,3.1095370343548753e-15,4,Good,1024.9574991018962
PA-710,Potatoes,Tulare Lake,0.7,16533.5371,444.581011,23.95,16034.023392716877,20394.318994526988,18789.254438420714,176044394.51181,170725714.81144467,4,Good,1024.9574991018962
PA-710,Safflower,Tulare Lake,0.7,715.2783217,565.3467595,1.069333333,9.025558715339706e-18,1711.1658924376964,2.173734178036916e-08,432417.31401664956,5.4563485831794335e-15,4,Good,1024.9574991018962
PA-710,Tomato Processing,Tulare Lake,0.7,5720.795175,100.1550886,56.328,4008.325065904508,12701.344550334194,8454.34242657403,32274070.959633924,22613109.480236094,4,Good,1024.9574991018962
PA-710,Truck Crops,Tulare Lake,0.7,21615.41183,5028.993738,10.58063333,21435.12545098684,39888.097922151974,37577.63498011584,1150154739.7604017,1140561712.5737333,4,Good,1024.9574991018962
PA-710,Vineyard,Tulare Lake,0.7,44404.94927,1575.156004,12.05608017,43210.61675616639,178015.71071959235,164566.34377284904,843259181.3250673,820578559.5835252,4,Good,1024.9574991018962
PA-710,Alfalfa,Tulare Lake,0.75,21706.6746,277.7988945,8.566,2.7453350621513716e-19,98212.5207670921,1.0990374367795126e-09,51653752.71445744,6.53286885402044e-16,3,Good,769.0718473821838
PA-710,Almonds & Pistachios,Tulare Lake,0.75,91062.4337,5441.749301,1.298,75075.33239329042,343102.1048470578,268723.0957795167,643209537.5447652,530286396.5704429,3,Good,769.0718473821838
PA-710,Citrus & Subtropical,Tulare Lake,0.75,37104.33364,1062.045455,16.13,36428.112018571745,133888.52836787165,124876.00484996235,635626666.008061,624042453.261342,3,Good,769.0718473821838
PA-710,Corn,Tulare Lake,0.75,29612.58,253.0253431,19.8995,26857.20826429173,67529.63313612463,58183.8709380041,149101644.60345906,135228133.50486547,3,Good,769.0718473821838
PA-710,Cotton,Tulare Lake,0.75,4414.428171,3766.024208,0.776,3.314519956721616e-19,16551.0230946169,1.099037442434129e-09,12900878.444615414,9.68646841845227e-16,3,Good,769.0718473821838
PA-710,Cucurbits,Tulare Lake,0.75,1450.157811,829.3999693,16.1025,1442.3511275972207,3541.4771302795066,3346.2915348173265,19367456.489279047,19263195.00823055,3,Good,769.0718473821838
PA-710,Dry Beans,Tulare Lake,0.75,543.8399386,1204.529622,1.604,8.905128987573355e-18,1044.054197336097,1.0990376610672426e-09,1050734.3903352595,1.7205292611833815e-14,3,Good,769.0718473821838
PA-710,Grain,Tulare Lake,0.75,13282.98762,299.3468083,2.38,11048.325024765012,9504.303845719973,7510.080375514886,9463403.477990285,7871328.383074132,3,Good,769.0718473821838
PA-710,Lettuce,Tulare Lake,0.75,3607.305843,684.769363,16.01225,3496.5451809384217,8299.554413623542,7642.484325885551,39553020.00153877,38338562.765979856,3,Good,769.0718473821838
PA-710,Onions & Garlic,Tulare Lake,0.75,5320.943579,2882.549818,7.8,5277.507159960532,6670.49391895892,6285.238626568099,119635502.5728308,118658882.96681583,3,Good,769.0718473821838
PA-710,Other Deciduous,Tulare Lake,0.75,5997.419238,2358.861787,3.868333333,5778.03197712009,21003.99785380937,19223.882299400855,54725632.97011538,52723754.12176649,3,Good,769.0718473821838
PA-710,Pasture,Tulare Lake,0.75,1877.792604,167.5,5.0,2.604680188688496e-19,8953.679974074825,1.0990374345295005e-09,1572651.30585,2.1814196580266153e-16,3,Good,769.0718473821838
PA-710,Potatoes,Tulare Lake,0.75,16533.5371,444.581011,23.95,16247.245406743874,20394.318994526988,19039.11578478335,176044394.51181,172996042.09404236,3,Good,769.0718473821838
PA-710,Safflower,Tulare Lake,0.75,715.2783217,565.3467595,1.069333333,5.196277675799151e-19,1711.1658924376964,1.09903743865472e-09,432417.31401664956,3.1413791908489585e-16,3,Good,769.0718473821838
PA-710,Tomato Processing,Tulare Lake,0.75,5720.795175,100.1550886,56.328,4637.708680260407,12701.344550334194,9781.835707643617,32274070.959633924,26163799.691855703,3,Good,769.0718473821838
PA-710,Truck Crops,Tulare Lake,0.75,21615.41183,5028.993738,10.58063333,21497.20595563483,39888.097922151974,37686.467491868985,1150154739.7604017,1143865012.4242826,3,Good,769.0718473821838
PA-710,Vineyard,Tulare Lake,0.75,44404.94927,1575.156004,12.05608017,43576.72067193151,178015.71071959235,165960.6396052231,843259181.3250673,827530948.751022,3,Good,769.0718473821838
PA-710,Alfalfa,Tulare Lake,0.8,21706.6746,277.7988945,8.566,1.332147776960492e-18,98212.5207670921,7.534724843167832e-09,51653752.71445744,3.1700125937407042e-15,3,Good,468.4517681082469
PA-710,Almonds & Pistachios,Tulare Lake,0.8,91062.4337,5441.749301,1.298,83526.92383801851,343102.1048470578,298974.54782126215,643209537.5447652,589983288.0744623,3,Good,468.4517681082469
PA-710,Citrus & Subtropical,Tulare Lake,0.8,37104.33364,1062.045455,16.13,36763.49578926863,133888.52836787165,126025.70443788172,635626666.008061,629787843.2761476,3,Good,468.4517681082469
PA-710,Corn,Tulare Lake,0.8,29612.58,253.0253431,19.8995,28478.266798739147,67529.63313612463,61695.75719301888,149101644.60345906,143390289.36850795,3,Good,468.4517681082469
PA-710,Cotton,Tulare Lake,0.8,4414.428171,3766.024208,0.776,2167.0898503252224,16551.0230946169,7718.819922361236,12900878.444615414,6333178.761695047,3,Good,468.4517681082469
PA-710,Cucurbits,Tulare Lake,0.8,1450.157811,829.3999693,16.1025,1446.6394976638057,3541.4771302795066,3356.2406631460553,19367456.489279047,19320467.961590875,3,Good,468.4517681082469
PA-710,Dry Beans,Tulare Lake,0.8,543.8399386,1204.529622,1.604,250.5352833531831,1044.054197336097,456.9244980850253,1050734.3903352595,484050.5809287364,3,Good,468.4517681082469
PA-710,Grain,Tulare Lake,0.8,13282.98762,299.3468083,2.38,13415.817630302288,9504.303845719973,9119.379496986056,9463403.477990285,9558037.608310746,3,Good,468.4517681082469
PA-710,Lettuce,Tulare Lake,0.8,3607.305843,684.769363,16.01225,3558.975084691428,8299.554413623542,7778.938893533457,39553020.00153877,39023087.82132787,3,Good,468.4517681082469
PA-710,Onions & Garlic,Tulare Lake,0.8,5320.943579,2882.549818,7.8,5313.529466635259,6670.49391895892,6328.139334517854,119635502.5728308,119468804.4964994,3,Good,468.4517681082469
PA-710,Other Deciduous,Tulare Lake,0.8,5997.419238,2358.861787,3.868333333,5891.427531865375,21003.99785380937,19601.156569667237,54725632.97011538,53758473.10057554,3,Good,468.4517681082469
PA-710,Pasture,Tulare Lake,0.8,1877.792604,167.5,5.0,1.26399803661604e-18,8953.679974074825,7.534724839193865e-09,1572651.30585,1.0585983556659335e-15,3,Good,468.4517681082469
PA-710,Potatoes,Tulare Lake,0.8,16533.5371,444.581011,23.95,16489.465121659287,20394.318994526988,19322.95769662009,176044394.51181,175575128.63754472,3,Good,468.4517681082469
PA-710,Safflower,Tulare Lake,0.8,715.2783217,565.3467595,1.069333333,2.5181611945894496e-18,1711.1658924376964,7.5347248464578e-09,432417.31401664956,1.522339580259262e-15,3,Good,468.4517681082469
PA-710,Tomato Processing,Tulare Lake,0.8,5720.795175,100.1550886,56.328,5274.409831368925,12701.344550334194,11124.763106587323,32274070.959633924,29755772.04925738,3,Good,468.4517681082469
PA-710,Truck Crops,Tulare Lake,0.8,21615.41183,5028.993738,10.58063333,21569.455894066166,39888.097922151974,37813.12790354174,1150154739.7604017,1147709427.2236743,3,Good,468.4517681082469
PA-710,Vineyard,Tulare Lake,0.8,44404.94927,1575.156004,12.05608017,43979.116017174114,178015.71071959235,167493.15026323576,843259181.3250673,835172519.6789623,3,Good,468.4517681082469
PA-710,Alfalfa,Tulare Lake,0.85,21706.6746,277.7988945,8.566,6014.52729652334,98212.5207670921,25852.26882390761,51653752.71445744,14312321.504509533,6,Good,237.26300321667307
PA-710,Almonds & Pistachios,Tulare Lake,0.85,91062.4337,5441.749301,1.298,88909.53975707295,343102.1048470578,318240.9721817916,643209537.5447652,628002806.7212179,6,Good,237.26300321667307
PA-710,Citrus & Subtropical,Tulare Lake,0.85,37104.33364,1062.045455,16.13,37006.43488699944,133888.52836787165,126858.50257804817,635626666.008061,633949582.7169329,6,Good,237.26300321667307
PA-710,Corn,Tulare Lake,0.85,29612.58,253.0253431,19.8995,29550.417416497083,67529.63313612463,64018.48085625864,149101644.60345906,148788651.15833926,6,Good,237.26300321667307
PA-710,Cotton,Tulare Lake,0.85,4414.428171,3766.024208,0.776,3887.1433304460006,16551.0230946169,13845.369344318493,12900878.444615414,11359922.884762097,6,Good,237.26300321667307
PA-710,Cucurbits,Tulare Lake,0.85,1450.157811,829.3999693,16.1025,1449.773094536108,3541.4771302795066,3363.5106881131987,19367456.489279047,19362318.442013692,6,Good,237.26300321667307
PA-710,Dry Beans,Tulare Lake,0.85,543.8399386,1204.529622,1.604,549.2783432656738,1044.054197336097,1001.7700019946698,1050734.3903352595,1061241.7444392878,6,Good,237.26300321667307
PA-710,Grain,Tulare Lake,0.85,13282.98762,299.3468083,2.38,4.0622246318607273e-10,9504.303845719973,2.4714328019694933e-08,9463403.477990285,2.89411326798546e-07,6,Good,237.26300321667307
PA-710,Lettuce,Tulare Lake,0.85,3607.305843,684.769363,16.01225,3604.2084380532633,8299.554413623542,7877.806540384749,39553020.00153877,39519057.890993334,6,Good,237.26300321667307
PA-710,Onions & Garlic,Tulare Lake,0.85,5320.943579,2882.549818,7.8,5340.833017549052,6670.49391895892,6360.6564543573595,119635502.5728308,120082694.49309438,6,Good,237.26300321667307
PA-710,Other Deciduous,Tulare Lake,0.85,5997.419238,2358.861787,3.868333333,5968.6358774458695,21003.99785380937,19858.033678302287,54725632.97011538,54462988.72884717,6,Good,237.26300321667307
PA-710,Pasture,Tulare Lake,0.85,1877.792604,167.5,5.0,1.0602095888684849e-17,8953.679974074825,2.1646640114338178e-08,1572651.30585,8.879255306773561e-15,6,Good,237.26300321667307
PA-710,Potatoes,Tulare Lake,0.85,16533.5371,444.581011,23.95,16670.026690699447,20394.318994526988,19534.546340291483,176044394.51181,177497696.80317804,6,Good,237.26300321667307
PA-710,Safflower,Tulare Lake,0.85,715.2783217,565.3467595,1.069333333,7.794176285148243e-15,1711.1658924376964,2.1646580349261916e-08,432417.31401664956,4.711923557512271e-12,6,Good,237.26300321667307
PA-710,Tomato Processing,Tulare Lake,0.85,5720.795175,100.1550886,56.328,5706.224092969984,12701.344550334194,12035.543937036813,32274070.959633924,32191867.67827009,6,Good,237.26300321667307
PA-710,Truck Crops,Tulare Lake,0.85,21615.41183,5028.993738,10.58063333,21624.52539085178,39888.097922151974,37909.66951016463,1150154739.7604017,1150639671.7752163,6,Good,237.26300321667307
PA-710,Vineyard,Tulare Lake,0.85,44404.94927,1575.156004,12.05608017,44270.552485298205,178015.71071959235,168603.07734974418,843259181.3250673,840706958.5547799,6,Good,237.26300321667307
PA-710,Alfalfa,Tulare Lake,0.9,21706.6746,277.7988945,8.566,13357.505694209696,98212.5207670921,57414.62479280819,51653752.71445744,31785858.899394237,2,Good,184.7534434799644
PA-710,Almonds & Pistachios,Tulare Lake,0.9,91062.4337,5441.749301,1.298,90028.6623977484,343102.1048470578,322246.7366752639,643209537.5447652,635907607.0534402,2,Good,184.7534434799644
PA-710,Citrus & Subtropical,Tulare Lake,0.9,37104.33364,1062.045455,16.13,37059.94818980538,133888.52836787165,127041.94682207447,635626666.008061,634866308.0401697,2,Good,184.7534434799644
PA-710,Corn,Tulare Lake,0.9,29612.58,253.0253431,19.8995,29776.898181896,67529.63313612463,64509.13228590574,149101644.60345906,149928999.43572775,2,Good,184.7534434799644
PA-710,Cotton,Tulare Lake,0.9,4414.428171,3766.024208,0.776,4170.696015695152,16551.0230946169,14855.337673847624,12900878.444615414,12188587.115630062,2,Good,184.7534434799644
PA-710,Cucurbits,Tulare Lake,0.9,1450.157811,829.3999693,16.1025,1450.4663303694595,3541.4771302795066,3365.1190130357973,19367456.489279047,19371576.89287842,2,Good,184.7534434799644
PA-710,Dry Beans,Tulare Lake,0.9,543.8399386,1204.529622,1.604,549.2783433816646,1044.054197336097,1001.7700022466348,1050734.3903352595,1061241.7446633896,2,Good,184.7534434799644
PA-710,Grain,Tulare Lake,0.9,13282.98762,299.3468083,2.38,13415.81763032041,9504.303845719973,9119.37949705803,9463403.477990285,9558037.608323658,2,Good,184.7534434799644
PA-710,Lettuce,Tulare Lake,0.9,3607.305843,684.769363,16.01225,3614.173441882132,8299.554413623542,7899.587293031802,39553020.00153877,39628321.15086455,2,Good,184.7534434799644
PA-710,Onions & Garlic,Tulare Lake,0.9,5320.943579,2882.549818,7.8,5346.987023950586,6670.49391895892,6367.9855584133375,119635502.5728308,120221060.48734955,2,Good,184.7534434799644
PA-710,Other Deciduous,Tulare Lake,0.9,5997.419238,2358.861787,3.868333333,5985.155322561339,21003.99785380937,19912.994929856697,54725632.97011538,54613726.41357181,2,Good,184.7534434799644
PA-710,Pasture,Tulare Lake,0.9,1877.792604,167.5,5.0,1.5663286106674798e-08,8953.679974074825,1.4699737767201068e-07,1572651.30585,1.3118002114340143e-05,2,Good,184.7534434799644
PA-710,Potatoes,Tulare Lake,0.9,16533.5371,444.581011,23.95,16698.872637225075,20394.318994526988,19568.349074434023,176044394.51181,177804840.22684535,2,Good,184.7534434799644
PA-710,Safflower,Tulare Lake,0.9,715.2783217,565.3467595,1.069333333,722.4311119293609,1711.1658924376964,1641.8636733905648,432417.31401664956,436741.4913960977,2,Good,184.7534434799644
PA-710,Tomato Processing,Tulare Lake,0.9,5720.795175,100.1550886,56.328,5778.003183987979,12701.344550334194,12186.940094982461,32274070.959633924,32596811.992140375,2,Good,184.7534434799644
PA-710,Truck Crops,Tulare Lake,0.9,21615.41183,5028.993738,10.58063333,21636.97406479754,39888.097922151974,37931.49311588243,1150154739.7604017,1151302064.9535215,2,Good,184.7534434799644
PA-710,Vineyard,Tulare Lake,0.9,44404.94927,1575.156004,12.05608017,44334.74385367431,178015.71071959235,168847.54826059632,843259181.3250673,841925965.9319943,2,Good,184.7534434799644
PA-710,Alfalfa,Tulare Lake,0.95,21706.6746,277.7988945,8.566,21509.00842301813,98212.5207670921,92452.26441485038,51653752.71445744,51183381.2727704,2,Good,16.779348367833474
PA-710,Almonds & Pistachios,Tulare Lake,0.95,91062.4337,5441.749301,1.298,91085.59423451596,343102.1048470578,326216.0871945385,643209537.5447652,643373129.4463872,2,Good,16.779348367833474
PA-710,Citrus & Subtropical,Tulare Lake,0.95,37104.33364,1062.045455,16.13,37106.278651672015,133888.52836787165,127392.67448433871,635626666.008061,635659985.6007649,2,Good,16.779348367833474
PA-710,Corn,Tulare Lake,0.95,29612.58,253.0253431,19.8995,29669.20002815956,67529.63313612463,64327.759318453056,149101644.60345906,149386730.85113096,2,Good,16.779348367833474
PA-710,Cotton,Tulare Lake,0.95,4414.428171,3766.024208,0.776,4420.338258971077,16551.0230946169,15744.522564723236,12900878.444615414,12918150.291286914,2,Good,16.779348367833474
PA-710,Cucurbits,Tulare Lake,0.95,1450.157811,829.3999693,16.1025,1450.3038763615841,3541.4771302795066,3370.0846930193848,19367456.489279047,19369407.252508823,2,Good,16.779348367833474
PA-710,Dry Beans,Tulare Lake,0.95,543.8399386,1204.529622,1.604,549.2783431320204,1044.054197336097,1001.7700442273772,1050734.3903352595,1061241.7441810607,2,Good,16.779348367833474
PA-710,Grain,Tulare Lake,0.95,13282.98762,299.3468083,2.38,13415.817630181093,9504.303845719973,9119.379525664855,9463403.477990285,9558037.608224401,2,Good,16.779348367833474
PA-710,Lettuce,Tulare Lake,0.95,3607.305843,684.769363,16.01225,3609.740523422934,8299.554413623542,7901.819714077441,39553020.00153877,39579715.53766929,2,Good,16.779348367833474
PA-710,Onions & Garlic,Tulare Lake,0.95,5320.943579,2882.549818,7.8,5325.427666142834,6670.49391895892,6354.655699485988,119635502.5728308,119736322.28853507,2,Good,16.779348367833474
PA-710,Other Deciduous,Tulare Lake,0.95,5997.419238,2358.861787,3.868333333,5998.191826394555,21003.99785380937,19976.523073308206,54725632.97011538,54732682.733895354,2,Good,16.779348367833474
PA-710,Pasture,Tulare Lake,0.95,1877.792604,167.5,5.0,1774.738797515793,8953.679974074825,8039.184353562019,1572651.30585,1486343.7429194767,2,Good,16.779348367833474
PA-710,Potatoes,Tulare Lake,0.95,16533.5371,444.581011,23.95,16563.979293362372,20394.318994526988,19444.780344734507,176044394.51181,176368534.3172053,2,Good,16.779348367833474
PA-710,Safflower,Tulare Lake,0.95,715.2783217,565.3467595,1.069333333,722.43111180123,1711.1658924376964,1641.863675627448,432417.31401664956,436741.4913186369,2,Good,16.779348367833474
PA-710,Tomato Processing,Tulare Lake,0.95,5720.795175,100.1550886,56.328,5745.345457440402,12701.344550334194,12129.953654472738,32274070.959633924,32412572.257674295,2,Good,16.779348367833474
PA-710,Truck Crops,Tulare Lake,0.95,21615.41183,5028.993738,10.58063333,21620.215689341127,39888.097922151974,37978.13286958048,1150154739.7604017,1150410352.8217578,2,Good,16.779348367833474
PA-710,Vineyard,Tulare Lake,0.95,44404.94927,1575.156004,12.05608017,44404.978729845585,178015.71071959235,169369.953619122,843259181.3250673,843259740.7736351,2,Good,16.779348367833474
PA-710,Alfalfa,Tulare Lake,1.0,21706.6746,277.7988945,8.566,21706.669944949397,98212.5207670921,98212.46625530414,51653752.71445744,51653741.63718112,2,Good,9.065119629927822e-05
PA-710,Almonds & Pistachios,Tulare Lake,1.0,91062.4337,5441.749301,1.298,91062.43299435137,343102.1048470578,343101.99354230956,643209537.5447652,643209532.5604935,2,Good,9.065119629927822e-05
PA-710,Citrus & Subtropical,Tulare Lake,1.0,37104.33364,1062.045455,16.13,37104.333607959765,133888.52836787165,133888.48654731247,635626666.008061,635626665.4591864,2,Good,9.065119629927822e-05
PA-710,Corn,Tulare Lake,1.0,29612.58,253.0253431,19.8995,29612.580022036993,67529.63313612463,67529.61189119017,149101644.60345906,149101644.714417,2,Good,9.065119629927822e-05
PA-710,Cotton,Tulare Lake,1.0,4414.428171,3766.024208,0.776,4414.428007839256,16551.0230946169,16551.01703265034,12900878.444615414,12900877.967788782,2,Good,9.065119629927822e-05
PA-710,Cucurbits,Tulare Lake,1.0,1450.157811,829.3999693,16.1025,1450.1578109759005,3541.4771302795066,3541.476029270088,19367456.489279047,19367456.488957185,2,Good,9.065119629927822e-05
PA-710,Dry Beans,Tulare Lake,1.0,543.8399386,1204.529622,1.604,543.8399670546178,1044.054197336097,1044.0539140302326,1050734.3903352595,1050734.4453114453,2,Good,9.065119629927822e-05
PA-710,Grain,Tulare Lake,1.0,13282.98762,299.3468083,2.38,13282.995441015742,9504.303845719973,9504.306358290949,9463403.477990285,9463409.050037002,2,Good,9.065119629927822e-05
PA-710,Lettuce,Tulare Lake,1.0,3607.305843,684.769363,16.01225,3607.305843778328,8299.554413623542,8299.551830906355,39553020.00153877,39553020.010072894,2,Good,9.065119629927822e-05
PA-710,Onions & Garlic,Tulare Lake,1.0,5320.943579,2882.549818,7.8,5320.943589337712,6670.49391895892,6670.491870880357,119635502.5728308,119635502.80526276,2,Good,9.065119629927822e-05
PA-710,Other Deciduous,Tulare Lake,1.0,5997.419238,2358.861787,3.868333333,5997.419228802026,21003.99785380937,21003.991221862794,54725632.97011538,54725632.88618512,2,Good,9.065119629927822e-05
PA-710,Pasture,Tulare Lake,1.0,1877.792604,167.5,5.0,1877.7908100223503,8953.679974074825,8953.667563085513,1572651.30585,1572649.8033937183,2,Good,9.065119629927822e-05
PA-710,Potatoes,Tulare Lake,1.0,16533.5371,444.581011,23.95,16533.5371710566,20394.318994526988,20394.312760386714,176044394.51181,176044395.26840043,2,Good,9.065119629927822e-05
PA-710,Safflower,Tulare Lake,1.0,715.2783217,565.3467595,1.069333333,715.2778524963347,1711.1658924376964,1711.1641132686439,432417.31401664956,432417.0303623258,2,Good,9.065119629927822e-05
PA-710,Tomato Processing,Tulare Lake,1.0,5720.795175,100.1550886,56.328,5720.795188708531,12701.344550334194,12701.340588118597,32274070.959633924,32274071.036971092,2,Good,9.065119629927822e-05
PA-710,Truck Crops,Tulare Lake,1.0,21615.41183,5028.993738,10.58063333,21615.41183683517,39888.097922151974,39888.08561997878,1150154739.7604017,1150154740.1241007,2,Good,9.065119629927822e-05
PA-710,Vineyard,Tulare Lake,1.0,44404.94927,1575.156004,12.05608017,44404.9492240611,178015.71071959235,178015.65508378792,843259181.3250673,843259180.4526781,2,Good,9.065119629927822e-05
