region,crop,hr,Shortage_%,xland,p,y,xlandsc,xwater,xwatersc,grev,grevsc,iterations,statussc,lambdawater
BANTA-CARBONA I.D.,Alfalfa,San Joaquin River,0.5,692.4817265,281.0,6.7,6.5154305449575926e-21,2863.3879501255306,6.515430544955545e-08,1303735.34648155,1.226660108699166e-17,3,Good,720.9093701748669
BANTA-CARBONA I.D.,Almonds & Pistachios,San Joaquin River,0.5,6944.405664,4883.344789,1.202182209,2519.4528757107755,28639.45369734431,10364.510277029769,40768315.567165144,14790876.982612086,3,Good,720.9093701748669
BANTA-CARBONA I.D.,Citrus & Subtropical,San Joaquin River,0.5,160.6387081,933.0,3.6,107.75777895388646,521.6687197067006,349.06485518743216,539553.29276628,361936.82795031386,3,Good,720.9093701748669
BANTA-CARBONA I.D.,Corn,San Joaquin River,0.5,282.9171526,59.0,27.1,6.515430544959587e-21,683.4795368215509,6.515430544956047e-08,452356.23529214005,1.0417521898335884e-17,3,Good,720.9093701748669
BANTA-CARBONA I.D.,Cucurbits,San Joaquin River,0.5,324.6611668,203.0,12.0,301.686999221372,746.5996259320906,692.0331811115806,790874.6023248,734909.5301032622,3,Good,720.9093701748669
BANTA-CARBONA I.D.,Dry Beans,San Joaquin River,0.5,1248.750059,1752.0,1.3,6.515430544958968e-21,2762.36170131648,6.515430544955618e-08,2844153.1343783997,1.4839544609198545e-17,3,Good,720.9093701748669
BANTA-CARBONA I.D.,Grain,San Joaquin River,0.5,72.81367026,164.0,2.5,7.395034933515291e-07,33.97899734514724,4.3495051658908927e-07,29853.604806599997,0.0003031964322741269,3,Good,720.9093701748669
BANTA-CARBONA I.D.,Other Deciduous,San Joaquin River,0.5,5966.793346,1941.520674,2.07538957,4807.546371661535,20560.59844055851,16524.60687893374,24042667.2585236,19371583.87113692,3,Good,720.9093701748669
BANTA-CARBONA I.D.,Pasture,San Joaquin River,0.5,8.53927993,276.0,5.0,6.515430544957723e-21,39.282284924693066,6.515430544955793e-08,11784.206303399998,8.991294152041657e-18,3,Good,720.9093701748669
BANTA-CARBONA I.D.,Safflower,San Joaquin River,0.5,52.20934812,574.0,1.3,6.5154305449584066e-21,125.59767726324469,6.51543054495537e-08,38958.61556714401,4.861814272647963e-18,3,Good,720.9093701748669
BANTA-CARBONA I.D.,Tomato Processing,San Joaquin River,0.5,750.894725,101.0,43.3,388.62155784996963,1786.8747878138583,922.4755330318318,3283887.9008424995,1699558.658945272,3,Good,720.9093701748669
BANTA-CARBONA I.D.,Truck Crops,San Joaquin River,0.5,43.2080525,555.0,22.8,38.5489810282252,115.26753339094934,102.58127931144482,546754.696335,487798.8059311617,3,Good,720.9093701748669
BANTA-CARBONA I.D.,Vineyard,San Joaquin River,0.5,351.735675,1689.181611,10.69211111,332.90665566283167,1089.8475423605726,1028.9273420049399,6352668.997352641,6012599.633067137,3,Good,720.9093701748669
BANTA-CARBONA I.D.,Alfalfa,San Joaquin River,0.55,692.4817265,281.0,6.7,6.509500938363103e-21,2863.3879501255306,6.509500938361023e-08,1303735.34648155,1.2255437416656215e-17,5,Good,663.8388539128202
BANTA-CARBONA I.D.,Almonds & Pistachios,San Joaquin River,0.55,6944.405664,4883.344789,1.202182209,3069.006237868247,28639.45369734431,12625.259634450782,40768315.567165144,18017123.543290023,5,Good,663.8388539128202
BANTA-CARBONA I.D.,Citrus & Subtropical,San Joaquin River,0.55,160.6387081,933.0,3.6,120.35141086877684,521.6687197067006,389.86000095206134,539553.29276628,404236.31882604765,5,Good,663.8388539128202
BANTA-CARBONA I.D.,Corn,San Joaquin River,0.55,282.9171526,59.0,27.1,6.5095001445557006e-21,683.4795368215509,6.5095001445521e-08,452356.23529214005,1.040803978113011e-17,5,Good,663.8388539128202
BANTA-CARBONA I.D.,Cucurbits,San Joaquin River,0.55,324.6611668,203.0,12.0,305.6772974994793,746.5996259320906,701.1864386860155,790874.6023248,744629.8967087317,5,Good,663.8388539128202
BANTA-CARBONA I.D.,Dry Beans,San Joaquin River,0.55,1248.750059,1752.0,1.3,6.509500855097757e-21,2762.36170131648,6.509500855094373e-08,2844153.1343783997,1.4826039147570652e-17,5,Good,663.8388539128202
BANTA-CARBONA I.D.,Grain,San Joaquin River,0.55,72.81367026,164.0,2.5,1.3946671290861225e-06,33.97899734514724,7.330286733035491e-07,29853.604806599997,0.0005718135229253103,5,Good,663.8388539128202
BANTA-CARBONA I.D.,Other Deciduous,San Joaquin River,0.55,5966.793346,1941.520674,2.07538957,4981.8200203034385,20560.59844055851,17123.624196816963,24042667.2585236,20073804.15986789,5,Good,663.8388539128202
BANTA-CARBONA I.D.,Pasture,San Joaquin River,0.55,8.53927993,276.0,5.0,6.5095009383632666e-21,39.282284924693066,6.509500938361288e-08,11784.206303399998,8.983111294941308e-18,5,Good,663.8388539128202
BANTA-CARBONA I.D.,Safflower,San Joaquin River,0.55,52.20934812,574.0,1.3,6.509500937843475e-21,125.59767726324469,6.509500937840416e-08,38958.61556714401,4.857389599818802e-18,5,Good,663.8388539128202
BANTA-CARBONA I.D.,Tomato Processing,San Joaquin River,0.55,750.894725,101.0,43.3,424.7724669253484,1786.8747878138583,1008.2873683315589,3283887.9008424995,1857657.4296046258,5,Good,663.8388539128202
BANTA-CARBONA I.D.,Truck Crops,San Joaquin River,0.55,43.2080525,555.0,22.8,38.83507929035258,115.26753339094934,103.34260490136026,546754.696335,491419.09334012156,5,Good,663.8388539128202
BANTA-CARBONA I.D.,Vineyard,San Joaquin River,0.55,351.735675,1689.181611,10.69211111,333.59635654523663,1089.8475423605726,1031.0590269190068,6352668.997352641,6025056.263783088,5,Good,663.8388539128202
BANTA-CARBONA I.D.,Alfalfa,San Joaquin River,0.6,692.4817265,281.0,6.7,4.1176487395323993e-22,2863.3879501255306,4.117648739533803e-09,1303735.34648155,7.752297281917649e-19,17,Good,593.9393172785208
BANTA-CARBONA I.D.,Almonds & Pistachios,San Joaquin River,0.6,6944.405664,4883.344789,1.202182209,3621.023242028056,28639.45369734431,14896.143907647724,40768315.567165144,21257833.333717987,17,Good,593.9393172785208
BANTA-CARBONA I.D.,Citrus & Subtropical,San Joaquin River,0.6,160.6387081,933.0,3.6,129.56623199693956,521.6687197067006,419.71000553173207,539553.29276628,435187.0600313206,17,Good,593.9393172785208
BANTA-CARBONA I.D.,Corn,San Joaquin River,0.6,282.9171526,59.0,27.1,4.1176408066980814e-22,683.4795368215509,4.117640806698684e-09,452356.23529214005,6.583695885829563e-19,17,Good,593.9393172785208
BANTA-CARBONA I.D.,Cucurbits,San Joaquin River,0.6,324.6611668,203.0,12.0,309.5178693804888,746.5996259320906,709.9962421029497,790874.6023248,753985.5298108706,17,Good,593.9393172785208
BANTA-CARBONA I.D.,Dry Beans,San Joaquin River,0.6,1248.750059,1752.0,1.3,4.1176487395875704e-22,2762.36170131648,4.1176487395881715e-09,2844153.1343783997,9.37835676928465e-19,17,Good,593.9393172785208
BANTA-CARBONA I.D.,Grain,San Joaquin River,0.6,72.81367026,164.0,2.5,5.059445471794974e-17,33.97899734514724,4.117649070437345e-09,29853.604806599997,2.0743726434359392e-14,17,Good,593.9393172785208
BANTA-CARBONA I.D.,Other Deciduous,San Joaquin River,0.6,5966.793346,1941.520674,2.07538957,5152.705231353884,20560.59844055851,17710.994700482413,24042667.2585236,20762371.038330793,17,Good,593.9393172785208
BANTA-CARBONA I.D.,Pasture,San Joaquin River,0.6,8.53927993,276.0,5.0,4.117648739478598e-22,39.282284924693066,4.117648739480146e-09,11784.206303399998,5.682355260480465e-19,17,Good,593.9393172785208
BANTA-CARBONA I.D.,Safflower,San Joaquin River,0.6,52.20934812,574.0,1.3,4.1176487395868873e-22,125.59767726324469,4.117648739587615e-09,38958.61556714401,3.0725894894797354e-19,17,Good,593.9393172785208
BANTA-CARBONA I.D.,Tomato Processing,San Joaquin River,0.6,750.894725,101.0,43.3,466.0670827575483,1786.8747878138583,1106.308880401562,3283887.9008424995,2038251.1730235857,17,Good,593.9393172785208
BANTA-CARBONA I.D.,Truck Crops,San Joaquin River,0.6,43.2080525,555.0,22.8,39.17930975081874,115.26753339094934,104.25862388818126,546754.696335,495774.98558686033,17,Good,593.9393172785208
BANTA-CARBONA I.D.,Vineyard,San Joaquin River,0.6,351.735675,1689.181611,10.69211111,334.4271645153314,1089.8475423605726,1033.6268368475978,6352668.997352641,6040061.417964206,17,Good,593.9393172785208
BANTA-CARBONA I.D.,Alfalfa,San Joaquin River,0.65,692.4817265,281.0,6.7,6.487307212281694e-21,2863.3879501255306,6.48730721227949e-08,1303735.34648155,1.2213653288562746e-17,3,Good,509.62569406365145
BANTA-CARBONA I.D.,Almonds & Pistachios,San Joaquin River,0.65,6944.405664,4883.344789,1.202182209,4167.437680577677,28639.45369734431,17143.980379834593,40768315.567165144,24465652.30903042,3,Good,509.62569406365145
BANTA-CARBONA I.D.,Citrus & Subtropical,San Joaquin River,0.65,160.6387081,933.0,3.6,137.0405908330286,521.6687197067006,443.92204865495955,539553.29276628,460291.9364899765,3,Good,509.62569406365145
BANTA-CARBONA I.D.,Corn,San Joaquin River,0.65,282.9171526,59.0,27.1,1.8480231723712878e-07,683.4795368215509,5.33186724186033e-07,452356.23529214005,0.00029548042503044523,3,Good,509.62569406365145
BANTA-CARBONA I.D.,Cucurbits,San Joaquin River,0.65,324.6611668,203.0,12.0,313.1937226883133,746.5996259320906,718.4282013310188,790874.6023248,762939.9084687312,3,Good,509.62569406365145
BANTA-CARBONA I.D.,Dry Beans,San Joaquin River,0.65,1248.750059,1752.0,1.3,4.196017000345286e-19,2762.36170131648,6.487307213393354e-08,2844153.1343783997,9.556848319986423e-16,3,Good,509.62569406365145
BANTA-CARBONA I.D.,Grain,San Joaquin River,0.65,72.81367026,164.0,2.5,73.54180680511611,33.97899734514724,34.23298961754115,29853.604806599997,30152.140790097605,3,Good,509.62569406365145
BANTA-CARBONA I.D.,Other Deciduous,San Joaquin River,0.65,5966.793346,1941.520674,2.07538957,5318.622862531299,20560.59844055851,18281.29052663237,24042667.2585236,21430921.492050666,3,Good,509.62569406365145
BANTA-CARBONA I.D.,Pasture,San Joaquin River,0.65,8.53927993,276.0,5.0,6.487307212975873e-21,39.282284924693066,6.487307212973716e-08,11784.206303399998,8.952483953906704e-18,3,Good,509.62569406365145
BANTA-CARBONA I.D.,Safflower,San Joaquin River,0.65,52.20934812,574.0,1.3,6.487307212976275e-21,125.59767726324469,6.487307212973135e-08,38958.61556714401,4.840828642322897e-18,3,Good,509.62569406365145
BANTA-CARBONA I.D.,Tomato Processing,San Joaquin River,0.65,750.894725,101.0,43.3,512.1099094124537,1786.8747878138583,1215.6012761113702,3283887.9008424995,2239610.2668334832,3,Good,509.62569406365145
BANTA-CARBONA I.D.,Truck Crops,San Joaquin River,0.65,43.2080525,555.0,22.8,39.58581651977239,115.26753339094934,105.34036420217991,546754.696335,500918.9222411999,3,Good,509.62569406365145
BANTA-CARBONA I.D.,Vineyard,San Joaquin River,0.65,351.735675,1689.181611,10.69211111,335.40961508916786,1089.8475423605726,1036.6633344993372,6352668.997352641,6057805.376696405,3,Good,509.62569406365145
BANTA-CARBONA I.D.,Alfalfa,San Joaquin River,0.7,692.4817265,281.0,6.7,9.641133745472e-22,2863.3879501255306,9.641133745682923e-09,1303735.34648155,1.8151362502600133e-18,2,Good,412.85052640328365
BANTA-CARBONA I.D.,Almonds & Pistachios,San Joaquin River,0.7,6944.405664,4883.344789,1.202182209,4685.3512156659235,28639.45369734431,19274.570004512665,40768315.567165144,27506151.87898522,2,Good,412.85052640328365
BANTA-CARBONA I.D.,Citrus & Subtropical,San Joaquin River,0.7,160.6387081,933.0,3.6,143.23541277868054,521.6687197067006,463.9892274683029,539553.29276628,481099.1044410322,2,Good,412.85052640328365
BANTA-CARBONA I.D.,Corn,San Joaquin River,0.7,282.9171526,59.0,27.1,77.90535499085452,683.4795368215509,187.7211966606117,452356.23529214005,124562.8720948773,2,Good,412.85052640328365
BANTA-CARBONA I.D.,Cucurbits,San Joaquin River,0.7,324.6611668,203.0,12.0,316.58826475346785,746.5996259320906,726.2148667557592,790874.6023248,771209.0129394477,2,Good,412.85052640328365
BANTA-CARBONA I.D.,Dry Beans,San Joaquin River,0.7,1248.750059,1752.0,1.3,9.641125807386025e-22,2762.36170131648,9.641125807588608e-09,2844153.1343783997,2.195862813890241e-18,2,Good,412.85052640328365
BANTA-CARBONA I.D.,Grain,San Joaquin River,0.7,72.81367026,164.0,2.5,73.54180758887537,33.97899734514724,34.23295483138149,29853.604806599997,30152.1411114389,2,Good,412.85052640328365
BANTA-CARBONA I.D.,Other Deciduous,San Joaquin River,0.7,5966.793346,1941.520674,2.07538957,5473.523769684505,20560.59844055851,18813.719420201498,24042667.2585236,22055081.028466426,2,Good,412.85052640328365
BANTA-CARBONA I.D.,Pasture,San Joaquin River,0.7,8.53927993,276.0,5.0,9.641132912819557e-22,39.282284924693066,9.641132913016732e-09,11784.206303399998,1.3304763419690989e-18,2,Good,412.85052640328365
BANTA-CARBONA I.D.,Safflower,San Joaquin River,0.7,52.20934812,574.0,1.3,9.641132912788913e-22,125.59767726324469,9.641132913014887e-09,38958.61556714401,7.194213379523087e-19,2,Good,412.85052640328365
BANTA-CARBONA I.D.,Tomato Processing,San Joaquin River,0.7,750.894725,101.0,43.3,560.6448272822986,1786.8747878138583,1330.809177737395,3283887.9008424995,2451868.023153676,2,Good,412.85052640328365
BANTA-CARBONA I.D.,Truck Crops,San Joaquin River,0.7,43.2080525,555.0,22.8,40.04118920550793,115.26753339094934,106.55213969288155,546754.696335,506681.20820649737,2,Good,412.85052640328365
BANTA-CARBONA I.D.,Vineyard,San Joaquin River,0.7,351.735675,1689.181611,10.69211111,336.51185143780145,1089.8475423605726,1040.0700585114548,6352668.997352641,6077712.7764212685,2,Good,412.85052640328365
BANTA-CARBONA I.D.,Alfalfa,San Joaquin River,0.75,692.4817265,281.0,6.7,2.9647643328397257e-18,2863.3879501255306,1.6065292964539352e-08,1303735.34648155,5.581761809437352e-15,4,Good,298.7744837876296
BANTA-CARBONA I.D.,Almonds & Pistachios,San Joaquin River,0.75,6944.405664,4883.344789,1.202182209,5192.9758154067795,28639.45369734431,21362.833068127708,40768315.567165144,30486248.50254144,4,Good,298.7744837876296
BANTA-CARBONA I.D.,Citrus & Subtropical,San Joaquin River,0.75,160.6387081,933.0,3.6,148.75579339459676,521.6687197067006,481.8716567398124,539553.29276628,499640.9588537716,4,Good,298.7744837876296
BANTA-CARBONA I.D.,Corn,San Joaquin River,0.75,282.9171526,59.0,27.1,191.61432623425736,683.4795368215509,461.7502235770376,452356.23529214005,306372.1462159541,4,Good,298.7744837876296
BANTA-CARBONA I.D.,Cucurbits,San Joaquin River,0.75,324.6611668,203.0,12.0,319.8485280231443,746.5996259320906,733.6935130667584,790874.6023248,779151.0142643795,4,Good,298.7744837876296
BANTA-CARBONA I.D.,Dry Beans,San Joaquin River,0.75,1248.750059,1752.0,1.3,5.5455020905758506e-18,2762.36170131648,1.6065292985317252e-08,2844153.1343783997,1.2630435561495557e-14,4,Good,298.7744837876296
BANTA-CARBONA I.D.,Grain,San Joaquin River,0.75,72.81367026,164.0,2.5,2.5844543346948173e-17,33.97899734514724,1.606529308816198e-08,29853.604806599997,1.059626277224875e-14,4,Good,298.7744837876296
BANTA-CARBONA I.D.,Other Deciduous,San Joaquin River,0.75,5966.793346,1941.520674,2.07538957,5623.5498952462585,20560.59844055851,19329.39260460967,24042667.2585236,22659598.062625952,4,Good,298.7744837876296
BANTA-CARBONA I.D.,Pasture,San Joaquin River,0.75,8.53927993,276.0,5.0,2.6589078989027396e-18,39.282284924693066,1.6065292965423423e-08,11784.206303399998,3.669292900485781e-15,4,Good,298.7744837876296
BANTA-CARBONA I.D.,Safflower,San Joaquin River,0.75,52.20934812,574.0,1.3,5.096211787082385e-18,125.59767726324469,1.606529297585485e-08,38958.61556714401,3.802793235520876e-15,4,Good,298.7744837876296
BANTA-CARBONA I.D.,Tomato Processing,San Joaquin River,0.75,750.894725,101.0,43.3,612.8937744618026,1786.8747878138583,1454.8331141993708,3283887.9008424995,2680368.343853801,4,Good,298.7744837876296
BANTA-CARBONA I.D.,Truck Crops,San Joaquin River,0.75,43.2080525,555.0,22.8,40.56335856738775,115.26753339094934,107.94166543324668,546754.696335,513288.7393117246,4,Good,298.7744837876296
BANTA-CARBONA I.D.,Vineyard,San Joaquin River,0.75,351.735675,1689.181611,10.69211111,337.7779136047427,1089.8475423605726,1043.983125313376,6352668.997352641,6100579.0207300065,4,Good,298.7744837876296
BANTA-CARBONA I.D.,Alfalfa,San Joaquin River,0.8,692.4817265,281.0,6.7,2.653118409598956e-21,2863.3879501255306,2.6531184095988308e-08,1303735.34648155,4.995026029751955e-18,2,Good,198.85339240645754
BANTA-CARBONA I.D.,Almonds & Pistachios,San Joaquin River,0.8,6944.405664,4883.344789,1.202182209,5572.2394014011725,28639.45369734431,22923.0453557388,40768315.567165144,32712779.944549393,2,Good,198.85339240645754
BANTA-CARBONA I.D.,Citrus & Subtropical,San Joaquin River,0.8,160.6387081,933.0,3.6,152.6235135865182,521.6687197067006,494.40054516680425,539553.29276628,512631.85743439733,2,Good,198.85339240645754
BANTA-CARBONA I.D.,Corn,San Joaquin River,0.8,282.9171526,59.0,27.1,233.94743613008657,683.4795368215509,563.7641144185219,452356.23529214005,374058.55562839546,2,Good,198.85339240645754
BANTA-CARBONA I.D.,Cucurbits,San Joaquin River,0.8,324.6611668,203.0,12.0,322.2491540363923,746.5996259320906,739.2002563625382,790874.6023248,784998.9392326517,2,Good,198.85339240645754
BANTA-CARBONA I.D.,Dry Beans,San Joaquin River,0.8,1248.750059,1752.0,1.3,361.47295737518294,2762.36170131648,797.615774902035,2844153.1343783997,823290.8077177167,2,Good,198.85339240645754
BANTA-CARBONA I.D.,Grain,San Joaquin River,0.8,72.81367026,164.0,2.5,73.54180764831574,33.97899734514724,34.23298997183037,29853.604806599997,30152.141135809452,2,Good,198.85339240645754
BANTA-CARBONA I.D.,Other Deciduous,San Joaquin River,0.8,5966.793346,1941.520674,2.07538957,5734.678647242388,20560.59844055851,19711.36685878566,24042667.2585236,23107381.56243311,2,Good,198.85339240645754
BANTA-CARBONA I.D.,Pasture,San Joaquin River,0.8,8.53927993,276.0,5.0,2.6531184095994004e-21,39.282284924693066,2.653118409599202e-08,11784.206303399998,3.661303405247172e-18,2,Good,198.85339240645754
BANTA-CARBONA I.D.,Safflower,San Joaquin River,0.8,52.20934812,574.0,1.3,2.6531184095990073e-21,125.59767726324469,2.6531184095985645e-08,38958.61556714401,1.9797569572427793e-18,2,Good,198.85339240645754
BANTA-CARBONA I.D.,Tomato Processing,San Joaquin River,0.8,750.894725,101.0,43.3,654.9418656998564,1786.8747878138583,1554.6431597201556,3283887.9008424995,2864257.2612651815,2,Good,198.85339240645754
BANTA-CARBONA I.D.,Truck Crops,San Joaquin River,0.8,43.2080525,555.0,22.8,41.008422540095545,115.26753339094934,109.12600885646187,546754.696335,518920.57882236905,2,Good,198.85339240645754
BANTA-CARBONA I.D.,Vineyard,San Joaquin River,0.8,351.735675,1689.181611,10.69211111,338.8587901640698,1089.8475423605726,1047.3238318747963,6352668.997352641,6120100.643063033,2,Good,198.85339240645754
BANTA-CARBONA I.D.,Alfalfa,San Joaquin River,0.85,692.4817265,281.0,6.7,58.194787601952314,2863.3879501255306,240.0318448372165,1303735.34648155,109563.32661819563,2,Good,100.95243625900356
BANTA-CARBONA I.D.,Almonds & Pistachios,San Joaquin River,0.85,6944.405664,4883.344789,1.202182209,5899.522680998561,28639.45369734431,24269.421367621988,40768315.567165144,34634152.14946715,2,Good,100.95243625900356
BANTA-CARBONA I.D.,Citrus & Subtropical,San Joaquin River,0.85,160.6387081,933.0,3.6,155.82446024424294,521.6687197067006,504.7695226564107,539553.29276628,523383.1970683632,2,Good,100.95243625900356
BANTA-CARBONA I.D.,Corn,San Joaquin River,0.85,282.9171526,59.0,27.1,261.57795829126763,683.4795368215509,630.3478612632372,452356.23529214005,418236.99751190783,2,Good,100.95243625900356
BANTA-CARBONA I.D.,Cucurbits,San Joaquin River,0.85,324.6611668,203.0,12.0,324.30036126559696,746.5996259320906,743.9054756055291,790874.6023248,789995.6800429942,2,Good,100.95243625900356
BANTA-CARBONA I.D.,Dry Beans,San Joaquin River,0.85,1248.750059,1752.0,1.3,717.896060565436,2762.36170131648,1584.0886875768858,2844153.1343783997,1635080.0675438368,2,Good,100.95243625900356
BANTA-CARBONA I.D.,Grain,San Joaquin River,0.85,72.81367026,164.0,2.5,73.54180765822908,33.97899734514724,34.232990002307986,29853.604806599997,30152.141139873922,2,Good,100.95243625900356
BANTA-CARBONA I.D.,Other Deciduous,San Joaquin River,0.85,5966.793346,1941.520674,2.07538957,5830.01442013471,20560.59844055851,20039.057128809054,24042667.2585236,23491528.646565136,2,Good,100.95243625900356
BANTA-CARBONA I.D.,Pasture,San Joaquin River,0.85,8.53927993,276.0,5.0,4.813872391512536,39.282284924693066,22.08935148069624,11784.206303399998,6643.143900287299,2,Good,100.95243625900356
BANTA-CARBONA I.D.,Safflower,San Joaquin River,0.85,52.20934812,574.0,1.3,41.1720140692009,125.59767726324469,98.79804478464426,38958.61556714401,30722.556898437713,2,Good,100.95243625900356
BANTA-CARBONA I.D.,Tomato Processing,San Joaquin River,0.85,750.894725,101.0,43.3,693.2670716350037,1786.8747878138583,1645.6161489138146,3283887.9008424995,3031864.8843813613,2,Good,100.95243625900356
BANTA-CARBONA I.D.,Truck Crops,San Joaquin River,0.85,43.2080525,555.0,22.8,41.43390568528558,115.26753339094934,110.2582464776033,546754.696335,524304.6425416038,2,Good,100.95243625900356
BANTA-CARBONA I.D.,Vineyard,San Joaquin River,0.85,351.735675,1689.181611,10.69211111,339.89359750287343,1089.8475423605726,1050.5221505486422,6352668.997352641,6138790.21300629,2,Good,100.95243625900356
BANTA-CARBONA I.D.,Alfalfa,San Joaquin River,0.9,692.4817265,281.0,6.7,415.9635580764547,2863.3879501255306,1715.6948985355152,1303735.34648155,783134.5907905413,2,Good,39.76153364709968
BANTA-CARBONA I.D.,Almonds & Pistachios,San Joaquin River,0.9,6944.405664,4883.344789,1.202182209,6086.08511930941,28639.45369734431,25036.90081838953,40768315.567165144,35729398.70130173,2,Good,39.76153364709968
BANTA-CARBONA I.D.,Citrus & Subtropical,San Joaquin River,0.9,160.6387081,933.0,3.6,157.60155041869336,521.6687197067006,510.52613471865413,539553.29276628,529352.0875463072,2,Good,39.76153364709968
BANTA-CARBONA I.D.,Corn,San Joaquin River,0.9,282.9171526,59.0,27.1,275.1697483489621,683.4795368215509,663.1012165598836,452356.23529214005,439968.91063515557,2,Good,39.76153364709968
BANTA-CARBONA I.D.,Cucurbits,San Joaquin River,0.9,324.6611668,203.0,12.0,325.4621467261801,746.5996259320906,746.5704698347038,790874.6023248,792825.7894249747,2,Good,39.76153364709968
BANTA-CARBONA I.D.,Dry Beans,San Joaquin River,0.9,1248.750059,1752.0,1.3,913.3772330852811,2762.36170131648,2015.4317900891574,2844153.1343783997,2080307.9860750362,2,Good,39.76153364709968
BANTA-CARBONA I.D.,Grain,San Joaquin River,0.9,72.81367026,164.0,2.5,73.5418076626397,33.97899734514724,34.23299005200035,29853.604806599997,30152.141141682278,2,Good,39.76153364709968
BANTA-CARBONA I.D.,Other Deciduous,San Joaquin River,0.9,5966.793346,1941.520674,2.07538957,5884.15177109989,20560.59844055851,20225.139253305275,24042667.2585236,23709670.325024012,2,Good,39.76153364709968
BANTA-CARBONA I.D.,Pasture,San Joaquin River,0.9,8.53927993,276.0,5.0,7.527323845190083,39.282284924693066,34.54052967349693,11784.206303399998,10387.706906362315,2,Good,39.76153364709968
BANTA-CARBONA I.D.,Safflower,San Joaquin River,0.9,52.20934812,574.0,1.3,52.73144202030878,125.59767726324469,126.53651975205837,38958.61556714401,39348.202035554415,2,Good,39.76153364709968
BANTA-CARBONA I.D.,Tomato Processing,San Joaquin River,0.9,750.894725,101.0,43.3,715.9448753167405,1786.8747878138583,1699.4467165722604,3283887.9008424995,3131041.723222701,2,Good,39.76153364709968
BANTA-CARBONA I.D.,Truck Crops,San Joaquin River,0.9,43.2080525,555.0,22.8,41.69474683579384,115.26753339094934,110.95236136605162,546754.696335,527605.3264601353,2,Good,39.76153364709968
BANTA-CARBONA I.D.,Vineyard,San Joaquin River,0.9,351.735675,1689.181611,10.69211111,340.5286871039304,1089.8475423605726,1052.485046336049,6352668.997352641,6150260.513876895,2,Good,39.76153364709968
BANTA-CARBONA I.D.,Alfalfa,San Joaquin River,0.95,692.4817265,281.0,6.7,604.4552351575728,2863.3879501255306,2493.1529294855804,1303735.34648155,1138007.8712311625,2,Good,6.850974544770842e-09
BANTA-CARBONA I.D.,Almonds & Pistachios,San Joaquin River,0.95,6944.405664,4883.344789,1.202182209,6200.92416641932,28639.45369734431,25509.325008459466,40768315.567165144,36403580.87592322,2,Good,6.850974544770842e-09
BANTA-CARBONA I.D.,Citrus & Subtropical,San Joaquin River,0.95,160.6387081,933.0,3.6,158.68018397230028,521.6687197067006,514.0202033926112,539553.29276628,532975.0019261623,2,Good,6.850974544770842e-09
BANTA-CARBONA I.D.,Corn,San Joaquin River,0.95,282.9171526,59.0,27.1,282.96185908451497,683.4795368215509,681.8785646138114,452356.23529214005,452427.716490231,2,Good,6.850974544770842e-09
BANTA-CARBONA I.D.,Cucurbits,San Joaquin River,0.95,324.6611668,203.0,12.0,326.1748122548731,746.5996259320906,748.2052379675127,790874.6023248,794561.8426528708,2,Good,6.850974544770842e-09
BANTA-CARBONA I.D.,Dry Beans,San Joaquin River,0.95,1248.750059,1752.0,1.3,1031.285211097461,2762.36170131648,2275.604124883187,2844153.1343783997,2348855.1967955767,2,Good,6.850974544770842e-09
BANTA-CARBONA I.D.,Grain,San Joaquin River,0.95,72.81367026,164.0,2.5,73.54180766501679,33.97899734514724,34.232990158555516,29853.604806599997,30152.141142656885,2,Good,6.850974544770842e-09
BANTA-CARBONA I.D.,Other Deciduous,San Joaquin River,0.95,5966.793346,1941.520674,2.07538957,5917.407243485469,20560.59844055851,20339.44571362331,24042667.2585236,23843670.31643104,2,Good,6.850974544770842e-09
BANTA-CARBONA I.D.,Pasture,San Joaquin River,0.95,8.53927993,276.0,5.0,8.624667047649014,39.282284924693066,39.575893756250395,11784.206303399998,11902.04052575564,2,Good,6.850974544770842e-09
BANTA-CARBONA I.D.,Safflower,San Joaquin River,0.95,52.20934812,574.0,1.3,52.73144207784968,125.59767726324469,126.53651999466729,38958.61556714401,39348.202078491435,2,Good,6.850974544770842e-09
BANTA-CARBONA I.D.,Tomato Processing,San Joaquin River,0.95,750.894725,101.0,43.3,730.1997228344742,1786.8747878138583,1733.283614904777,3283887.9008424995,3193382.4478720054,2,Good,6.850974544770842e-09
BANTA-CARBONA I.D.,Truck Crops,San Joaquin River,0.95,43.2080525,555.0,22.8,41.86220439721009,115.26753339094934,111.39797679302644,546754.696335,529724.3344422965,2,Good,6.850974544770842e-09
BANTA-CARBONA I.D.,Vineyard,San Joaquin River,0.95,351.735675,1689.181611,10.69211111,340.9366867400151,1089.8475423605726,1053.7460665455928,6352668.997352641,6157629.3616319215,2,Good,6.850974544770842e-09
BANTA-CARBONA I.D.,Alfalfa,San Joaquin River,1.0,692.4817265,281.0,6.7,604.455235178881,2863.3879501255306,2493.152929573469,1303735.34648155,1138007.8712712794,2,Good,2.019332849913712e-09
BANTA-CARBONA I.D.,Almonds & Pistachios,San Joaquin River,1.0,6944.405664,4883.344789,1.202182209,6200.924166432989,28639.45369734431,25509.325008515705,40768315.567165144,36403580.87600347,2,Good,2.019332849913712e-09
BANTA-CARBONA I.D.,Citrus & Subtropical,San Joaquin River,1.0,160.6387081,933.0,3.6,158.680183972428,521.6687197067006,514.0202033930249,539553.29276628,532975.0019265913,2,Good,2.019332849913712e-09
BANTA-CARBONA I.D.,Corn,San Joaquin River,1.0,282.9171526,59.0,27.1,282.9618590854197,683.4795368215509,681.8785646159914,452356.23529214005,452427.71649167757,2,Good,2.019332849913712e-09
BANTA-CARBONA I.D.,Cucurbits,San Joaquin River,1.0,324.6611668,203.0,12.0,326.17481225495777,746.5996259320906,748.205237967707,790874.6023248,794561.8426530771,2,Good,2.019332849913712e-09
BANTA-CARBONA I.D.,Dry Beans,San Joaquin River,1.0,1248.750059,1752.0,1.3,1031.2852111113941,2762.36170131648,2275.604124913932,2844153.1343783997,2348855.196827311,2,Good,2.019332849913712e-09
BANTA-CARBONA I.D.,Grain,San Joaquin River,1.0,72.81367026,164.0,2.5,73.54180766501679,33.97899734514724,34.232990158555516,29853.604806599997,30152.141142656885,2,Good,2.019332849913712e-09
BANTA-CARBONA I.D.,Other Deciduous,San Joaquin River,1.0,5966.793346,1941.520674,2.07538957,5917.407243489424,20560.59844055851,20339.445713636906,24042667.2585236,23843670.31644698,2,Good,2.019332849913712e-09
BANTA-CARBONA I.D.,Pasture,San Joaquin River,1.0,8.53927993,276.0,5.0,8.624667016856087,39.282284924693066,39.57589361495131,11784.206303399998,11902.0404832614,2,Good,2.019332849913712e-09
BANTA-CARBONA I.D.,Safflower,San Joaquin River,1.0,52.20934812,574.0,1.3,52.73144207784968,125.59767726324469,126.53651999466727,38958.61556714401,39348.202078491435,2,Good,2.019332849913712e-09
BANTA-CARBONA I.D.,Tomato Processing,San Joaquin River,1.0,750.894725,101.0,43.3,730.1997228361844,1786.8747878138583,1733.2836149088364,3283887.9008424995,3193382.4478794844,2,Good,2.019332849913712e-09
BANTA-CARBONA I.D.,Truck Crops,San Joaquin River,1.0,43.2080525,555.0,22.8,41.86220439723034,115.26753339094934,111.39797679308035,546754.696335,529724.3344425528,2,Good,2.019332849913712e-09
BANTA-CARBONA I.D.,Vineyard,San Joaquin River,1.0,351.735675,1689.181611,10.69211111,340.93668674006443,1089.8475423605726,1053.7460665457452,6352668.997352641,6157629.361632813,2,Good,2.019332849913712e-09
BROADVIEW W.D.,Grain,San Joaquin River,0.5,2599.513597,303.0,2.9,986.7702952012489,1213.080803312567,459.33189112809487,2284192.5976839,867075.0583933374,2,Good,1321.2826145749686
BROADVIEW W.D.,Onions & Garlic,San Joaquin River,0.5,248.9715926,2366.0,7.7,224.45694067572296,368.68262090906615,331.5498288543235,4535814.26830532,4089201.436618456,2,Good,1321.2826145749686
BROADVIEW W.D.,Grain,San Joaquin River,0.55,2599.513597,303.0,2.9,1156.6722180952358,1213.080803312567,538.4195693076272,2284192.5976839,1016367.8780402837,2,Good,1321.25246469857
BROADVIEW W.D.,Onions & Garlic,San Joaquin River,0.55,248.9715926,2366.0,7.7,224.45727499466048,368.68262090906615,331.55032268193133,4535814.26830532,4089207.5273077236,2,Good,1321.25246469857
BROADVIEW W.D.,Grain,San Joaquin River,0.6,2599.513597,303.0,2.9,1326.5740430287908,1213.080803312567,617.5072018884536,2284192.5976839,1165660.6116093984,2,Good,1321.2195307669372
BROADVIEW W.D.,Onions & Garlic,San Joaquin River,0.6,248.9715926,2366.0,7.7,224.45764018360168,368.68262090906615,331.5508621075186,4535814.26830532,4089214.1803928926,2,Good,1321.2195307669372
BROADVIEW W.D.,Grain,San Joaquin River,0.65,2599.513597,303.0,2.9,1496.475760956532,1213.080803312567,696.5947846596054,2284192.5976839,1314953.2511525045,2,Good,1321.1835556988012
BROADVIEW W.D.,Onions & Garlic,San Joaquin River,0.65,248.9715926,2366.0,7.7,224.45803909252967,368.68262090906615,331.5514513416405,4535814.26830532,4089221.4477955243,2,Good,1321.1835556988012
BROADVIEW W.D.,Grain,San Joaquin River,0.7,2599.513597,303.0,2.9,1666.3773619996432,1213.080803312567,775.6823130224622,2284192.5976839,1464245.7879890865,2,Good,1321.1442586704013
BROADVIEW W.D.,Onions & Garlic,San Joaquin River,0.7,248.9715926,2366.0,7.7,224.45847483491153,368.68262090906615,331.55209498308807,4535814.26830532,4089229.386237385,2,Good,1321.1442586704013
BROADVIEW W.D.,Grain,San Joaquin River,0.75,2599.513597,303.0,2.9,1836.278835370121,1213.080803312567,854.7697819555253,2284192.5976839,1613538.2126397253,2,Good,1321.1013329215448
BROADVIEW W.D.,Onions & Garlic,San Joaquin River,0.75,248.9715926,2366.0,7.7,224.45895081212888,368.68262090906615,331.55279805439073,4535814.26830532,4089238.0576855266,2,Good,1321.1013329215448
BROADVIEW W.D.,Grain,San Joaquin River,0.8,2599.513597,303.0,2.9,2006.1801692109343,1213.080803312567,933.857185959207,2284192.5976839,1762830.5146856478,2,Good,1321.0544433293014
BROADVIEW W.D.,Onions & Garlic,San Joaquin River,0.8,248.9715926,2366.0,7.7,224.45947073933866,368.68262090906615,331.55356604556994,4535814.26830532,4089247.5298234196,2,Good,1321.0544433293014
BROADVIEW W.D.,Grain,San Joaquin River,0.85,2599.513597,303.0,2.9,2176.0813507200924,1213.080803312567,1012.9445190292006,2284192.5976839,1912122.682877745,2,Good,1321.0032243565379
BROADVIEW W.D.,Onions & Garlic,San Joaquin River,0.85,248.9715926,2366.0,7.7,224.46003867487224,368.68262090906615,331.55440497710185,4535814.26830532,4089257.8765865574,2,Good,1321.0032243565379
BROADVIEW W.D.,Grain,San Joaquin River,0.9,2599.513597,303.0,2.9,2345.982365990606,1213.080803312567,1092.0317747018403,2284192.5976839,2061414.7049959453,2,Good,1320.9472758514391
BROADVIEW W.D.,Onions & Garlic,San Joaquin River,0.9,248.9715926,2366.0,7.7,224.46065905037767,368.68262090906615,331.55532132661824,4535814.26830532,4089269.178711591,2,Good,1320.9472758514391
BROADVIEW W.D.,Grain,San Joaquin River,0.95,2599.513597,303.0,2.9,2515.8831993789545,1213.080803312567,1171.1189457296257,2284192.5976839,2210706.567294287,2,Good,1320.8861606632022
BROADVIEW W.D.,Onions & Garlic,San Joaquin River,0.95,248.9715926,2366.0,7.7,224.46133670297172,368.68262090906615,331.55632230079596,4535814.26830532,4089281.5243220795,2,Good,1320.8861606632022
BROADVIEW W.D.,Grain,San Joaquin River,1.0,2599.513597,303.0,2.9,2614.4558820036723,1213.080803312567,1217.0035631743508,2284192.5976839,2297322.3835166264,2,Good,-2.0442108512489467e-06
BROADVIEW W.D.,Onions & Garlic,San Joaquin River,1.0,248.9715926,2366.0,7.7,234.0293360666532,368.68262090906615,345.689406825119,4535814.26830532,4263593.250329502,2,Good,-2.0442108512489467e-06
Byron Bethany (CVP),Alfalfa,San Joaquin River,0.5,68.96354348,281.0,6.7,6.5038607228556614e-21,285.1618632547267,6.503860722853533e-08,129837.663309796,1.2244818582920354e-17,4,Good,597.7584837961265
Byron Bethany (CVP),Almonds & Pistachios,San Joaquin River,0.5,1444.741029,4883.0,1.2,745.5872483944655,5960.2784433349225,3068.230016330535,8465604.533528399,4368843.04069221,4,Good,597.7584837961265
Byron Bethany (CVP),Citrus & Subtropical,San Joaquin River,0.5,3.822909039,933.0,3.6,3.0736571394432177,12.41476657474627,9.956642599075641,12840.3868801932,10323.79959996188,4,Good,597.7584837961265
Byron Bethany (CVP),Grain,San Joaquin River,0.5,241.5843527,164.0,2.5,1.914435783181652e-05,112.73699086601182,8.988093518284409e-06,99049.58460700001,0.007849186711044773,4,Good,597.7584837961265
Byron Bethany (CVP),Other Deciduous,San Joaquin River,0.5,74.72139195,1769.0,2.2,63.823469234687295,257.4777515687622,219.37546881228803,290800.71319101,248388.17756755603,4,Good,597.7584837961265
Byron Bethany (CVP),Vineyard,San Joaquin River,0.5,11.85939473,1689.181611,10.69211111,11.274290010785005,36.746150928177606,34.84587971140756,214191.54946008333,203624.02141516205,4,Good,597.7584837961265
Byron Bethany (CVP),Alfalfa,San Joaquin River,0.55,68.96354348,281.0,6.7,5.906409474950306e-19,285.1618632547267,4.866246276200344e-09,129837.663309796,1.1119997118488941e-15,4,Good,561.5134193829826
Byron Bethany (CVP),Almonds & Pistachios,San Joaquin River,0.55,1444.741029,4883.0,1.2,798.0054948794605,5960.2784433349225,3283.940836983171,8465604.533528399,4675992.997795686,4,Good,561.5134193829826
Byron Bethany (CVP),Citrus & Subtropical,San Joaquin River,0.55,3.822909039,933.0,3.6,3.1595549727630083,12.41476657474627,10.234895439851256,12840.3868801932,10612.313242516393,4,Good,561.5134193829826
Byron Bethany (CVP),Grain,San Joaquin River,0.55,241.5843527,164.0,2.5,244.00019802191207,112.73699086601182,113.5796982833118,99049.58460700001,100040.08118898395,4,Good,561.5134193829826
Byron Bethany (CVP),Other Deciduous,San Joaquin River,0.55,74.72139195,1769.0,2.2,64.87888938651983,257.4777515687622,223.00318271342695,290800.71319101,252495.66171445788,4,Good,561.5134193829826
Byron Bethany (CVP),Vineyard,San Joaquin River,0.55,11.85939473,1689.181611,10.69211111,11.288631294845853,36.746150928177606,34.89020480571159,214191.54946008333,203883.03816299568,4,Good,561.5134193829826
Byron Bethany (CVP),Alfalfa,San Joaquin River,0.6,68.96354348,281.0,6.7,1.3026267725140359e-18,285.1618632547267,6.534284000113611e-09,129837.663309796,2.4524554246121755e-15,3,Good,499.821757992958
Byron Bethany (CVP),Almonds & Pistachios,San Joaquin River,0.6,1444.741029,4883.0,1.2,877.5620411557721,5960.2784433349225,3611.3308021434405,8465604.533528399,5142162.536356362,3,Good,499.821757992958
Byron Bethany (CVP),Citrus & Subtropical,San Joaquin River,0.6,3.822909039,933.0,3.6,3.278406187868355,12.41476657474627,10.619895787598656,12840.3868801932,11011.510703812231,3,Good,499.821757992958
Byron Bethany (CVP),Grain,San Joaquin River,0.6,241.5843527,164.0,2.5,244.00019845464388,112.73699086601182,113.5796984864596,99049.58460700001,100040.08136640399,3,Good,499.821757992958
Byron Bethany (CVP),Other Deciduous,San Joaquin River,0.6,74.72139195,1769.0,2.2,66.44740196227758,257.4777515687622,228.394509536672,290800.71319101,258599.9989567919,3,Good,499.821757992958
Byron Bethany (CVP),Vineyard,San Joaquin River,0.6,11.85939473,1689.181611,10.69211111,11.312738518553218,36.746150928177606,34.96471392641007,214191.54946008333,204318.43674079995,3,Good,499.821757992958
Byron Bethany (CVP),Alfalfa,San Joaquin River,0.65,68.96354348,281.0,6.7,5.408024412895776e-19,285.1618632547267,8.979219035033092e-09,129837.663309796,1.0181687562158878e-15,3,Good,428.9927907953733
Byron Bethany (CVP),Almonds & Pistachios,San Joaquin River,0.65,1444.741029,4883.0,1.2,957.1523018206557,5960.2784433349225,3938.8595082757693,8465604.533528399,5608529.627748313,3,Good,428.9927907953733
Byron Bethany (CVP),Citrus & Subtropical,San Joaquin River,0.65,3.822909039,933.0,3.6,3.3869943930852386,12.41476657474627,10.97165068425705,12840.3868801932,11376.2367674947,3,Good,428.9927907953733
Byron Bethany (CVP),Grain,San Joaquin River,0.65,241.5843527,164.0,2.5,244.00019854703672,112.73699086601182,113.57969853199124,99049.58460700001,100040.08140428505,3,Good,428.9927907953733
Byron Bethany (CVP),Other Deciduous,San Joaquin River,0.65,74.72139195,1769.0,2.2,67.98242277587393,257.4777515687622,233.67071772007608,290800.71319101,264573.99295914616,3,Good,428.9927907953733
Byron Bethany (CVP),Vineyard,San Joaquin River,0.65,11.85939473,1689.181611,10.69211111,11.33995932647114,36.746150928177606,35.04884632181514,214191.54946008333,204810.0695060663,3,Good,428.9927907953733
Byron Bethany (CVP),Alfalfa,San Joaquin River,0.7,68.96354348,281.0,6.7,4.44706182593546e-18,285.1618632547267,1.286009217442572e-08,129837.663309796,8.372483299688691e-15,6,Good,347.67596009623736
Byron Bethany (CVP),Almonds & Pistachios,San Joaquin River,0.7,1444.741029,4883.0,1.2,1036.7693976850085,5960.2784433349225,4266.498646239918,8465604.533528399,6075053.962675075,6,Good,347.67596009623736
Byron Bethany (CVP),Citrus & Subtropical,San Joaquin River,0.7,3.822909039,933.0,3.6,3.4879882463162533,12.41476657474627,11.298804839951773,12840.3868801932,11715.454921727032,6,Good,347.67596009623736
Byron Bethany (CVP),Grain,San Joaquin River,0.7,241.5843527,164.0,2.5,244.00019858699866,112.73699086601182,113.57969855462187,99049.58460700001,100040.08142066945,6,Good,347.67596009623736
Byron Bethany (CVP),Other Deciduous,San Joaquin River,0.7,74.72139195,1769.0,2.2,69.48937093953847,257.4777515687622,238.8504339592426,290800.71319101,270438.73382249585,6,Good,347.67596009623736
Byron Bethany (CVP),Vineyard,San Joaquin River,0.7,11.85939473,1689.181611,10.69211111,11.370629430452201,36.746150928177606,35.14363959011105,214191.54946008333,205363.99972285784,6,Good,347.67596009623736
Byron Bethany (CVP),Alfalfa,San Joaquin River,0.75,68.96354348,281.0,6.7,1.987279220401722e-21,285.1618632547267,1.9872792204018578e-08,129837.663309796,3.7414505882503224e-18,3,Good,254.32070188899655
Byron Bethany (CVP),Almonds & Pistachios,San Joaquin River,0.75,1444.741029,4883.0,1.2,1116.407964890307,5960.2784433349225,4594.226142763566,8465604.533528399,6541704.111071243,3,Good,254.32070188899655
Byron Bethany (CVP),Citrus & Subtropical,San Joaquin River,0.75,3.822909039,933.0,3.6,3.583183371987332,12.41476657474627,11.607174907494088,12840.3868801932,12035.196309831052,3,Good,254.32070188899655
Byron Bethany (CVP),Grain,San Joaquin River,0.75,241.5843527,164.0,2.5,244.00019860913042,112.73699086601182,113.57969857227602,99049.58460700001,100040.08142974347,3,Good,254.32070188899655
Byron Bethany (CVP),Other Deciduous,San Joaquin River,0.75,74.72139195,1769.0,2.2,70.97265684211729,257.4777515687622,243.94881774425755,290800.71319101,276211.3858981521,3,Good,254.32070188899655
Byron Bethany (CVP),Vineyard,San Joaquin River,0.75,11.85939473,1689.181611,10.69211111,11.405103795929284,36.746150928177606,35.250190838417524,214191.54946008333,205986.63839256248,3,Good,254.32070188899655
Byron Bethany (CVP),Alfalfa,San Joaquin River,0.8,68.96354348,281.0,6.7,6.247557666764564e-08,285.1618632547267,3.4478791004090195e-07,129837.663309796,0.00011762276819217645,2,Good,147.1406234704404
Byron Bethany (CVP),Almonds & Pistachios,San Joaquin River,0.8,1444.741029,4883.0,1.2,1196.0637045367444,5960.2784433349225,4922.024307110153,8465604.533528399,7008454.883103507,2,Good,147.1406234704404
Byron Bethany (CVP),Citrus & Subtropical,San Joaquin River,0.8,3.822909039,933.0,3.6,3.673844018978226,12.41476657474627,11.900856264274333,12840.3868801932,12339.707290944067,2,Good,147.1406234704404
Byron Bethany (CVP),Grain,San Joaquin River,0.8,241.5843527,164.0,2.5,244.00019859745035,112.73699086601182,113.57969861228565,99049.58460700001,100040.08142495464,2,Good,147.1406234704404
Byron Bethany (CVP),Other Deciduous,San Joaquin River,0.8,74.72139195,1769.0,2.2,72.43590218380727,257.4777515687622,248.97831770242954,290800.71319101,281906.0441189412,2,Good,147.1406234704404
Byron Bethany (CVP),Vineyard,San Joaquin River,0.8,11.85939473,1689.181611,10.69211111,11.443753307225807,36.746150928177606,35.36964640863998,214191.54946008333,206684.68402633636,2,Good,147.1406234704404
Byron Bethany (CVP),Alfalfa,San Joaquin River,0.85,68.96354348,281.0,6.7,26.83911716452207,285.1618632547267,110.70137164280996,129837.663309796,50530.0058856457,2,Good,66.88092090528556
Byron Bethany (CVP),Almonds & Pistachios,San Joaquin River,0.85,1444.741029,4883.0,1.2,1249.265895490251,5960.2784433349225,5140.961204932576,8465604.533528399,7320198.441214674,2,Good,66.88092090528556
Byron Bethany (CVP),Citrus & Subtropical,San Joaquin River,0.85,3.822909039,933.0,3.6,3.7323293850970907,12.41476657474627,12.090310678924785,12840.3868801932,12536.14793866411,2,Good,66.88092090528556
Byron Bethany (CVP),Grain,San Joaquin River,0.85,241.5843527,164.0,2.5,244.00019862979588,112.73699086601182,113.57969863474314,99049.58460700001,100040.08143821631,2,Good,66.88092090528556
Byron Bethany (CVP),Other Deciduous,San Joaquin River,0.85,74.72139195,1769.0,2.2,73.40340858433365,257.4777515687622,252.3038525481004,290800.71319101,285671.3855285097,2,Good,66.88092090528556
Byron Bethany (CVP),Vineyard,San Joaquin River,0.85,11.85939473,1689.181611,10.69211111,11.472077675415925,36.746150928177606,35.45718962609848,214191.54946008333,207196.24810260176,2,Good,66.88092090528556
Byron Bethany (CVP),Alfalfa,San Joaquin River,0.9,68.96354348,281.0,6.7,60.19707543046344,285.1618632547267,248.2905372444864,129837.663309796,113333.03391293352,2,Good,3.679101711976426e-07
Byron Bethany (CVP),Almonds & Pistachios,San Joaquin River,0.9,1444.741029,4883.0,1.2,1290.1367807422746,5960.2784433349225,5309.152489438612,8465604.533528399,7559685.4804374315,2,Good,3.679101711976426e-07
Byron Bethany (CVP),Citrus & Subtropical,San Joaquin River,0.9,3.822909039,933.0,3.6,3.7762997069844695,12.41476657474627,12.23274598504341,12840.3868801932,12683.835455819437,2,Good,3.679101711976426e-07
Byron Bethany (CVP),Grain,San Joaquin River,0.9,241.5843527,164.0,2.5,244.00019863400075,112.73699086601182,113.57969876987946,99049.58460700001,100040.0814399403,2,Good,3.679101711976426e-07
Byron Bethany (CVP),Other Deciduous,San Joaquin River,0.9,74.72139195,1769.0,2.2,74.14192711178059,257.4777515687622,254.84230530286058,290800.71319101,288545.5519336277,2,Good,3.679101711976426e-07
Byron Bethany (CVP),Vineyard,San Joaquin River,0.9,11.85939473,1689.181611,10.69211111,11.495287605555445,36.746150928177606,35.52892559426963,214191.54946008333,207615.440735331,2,Good,3.679101711976426e-07
Byron Bethany (CVP),Alfalfa,San Joaquin River,0.95,68.96354348,281.0,6.7,60.19707558093994,285.1618632547267,248.29053786513794,129837.663309796,113333.03419623562,2,Good,2.5306260326523328e-08
Byron Bethany (CVP),Almonds & Pistachios,San Joaquin River,0.95,1444.741029,4883.0,1.2,1290.1367809444068,5960.2784433349225,5309.152490270418,8465604.533528399,7559685.481621846,2,Good,2.5306260326523328e-08
Byron Bethany (CVP),Citrus & Subtropical,San Joaquin River,0.95,3.822909039,933.0,3.6,3.7762997072063933,12.41476657474627,12.232745985721914,12840.3868801932,12683.835456564835,2,Good,2.5306260326523328e-08
Byron Bethany (CVP),Grain,San Joaquin River,0.95,241.5843527,164.0,2.5,244.0001986340007,112.73699086601182,113.57969876987228,99049.58460700001,100040.08143994029,2,Good,2.5306260326523328e-08
Byron Bethany (CVP),Other Deciduous,San Joaquin River,0.95,74.72139195,1769.0,2.2,74.14192711542381,257.4777515687622,254.84230531536713,290800.71319101,288545.5519478064,2,Good,2.5306260326523328e-08
Byron Bethany (CVP),Vineyard,San Joaquin River,0.95,11.85939473,1689.181611,10.69211111,11.495287605673452,36.746150928177606,35.52892559462323,214191.54946008333,207615.44073746234,2,Good,2.5306260326523328e-08
Byron Bethany (CVP),Alfalfa,San Joaquin River,1.0,68.96354348,281.0,6.7,60.197075586321375,285.1618632547267,248.29053788733341,129837.663309796,113333.03420636726,2,Good,1.3061597766478912e-08
Byron Bethany (CVP),Almonds & Pistachios,San Joaquin River,1.0,1444.741029,4883.0,1.2,1290.1367809516319,5960.2784433349225,5309.152490300148,8465604.533528399,7559685.481664182,2,Good,1.3061597766478912e-08
Byron Bethany (CVP),Citrus & Subtropical,San Joaquin River,1.0,3.822909039,933.0,3.6,3.776299707226221,12.41476657474627,12.232745985785847,12840.3868801932,12683.835456631432,2,Good,1.3061597766478912e-08
Byron Bethany (CVP),Grain,San Joaquin River,1.0,241.5843527,164.0,2.5,244.0001986340007,112.73699086601182,113.57969876987578,99049.58460700001,100040.08143994029,2,Good,1.3061597766478912e-08
Byron Bethany (CVP),Other Deciduous,San Joaquin River,1.0,74.72139195,1769.0,2.2,74.14192711555442,257.4777515687622,254.84230531581653,290800.71319101,288545.5519483147,2,Good,1.3061597766478912e-08
Byron Bethany (CVP),Vineyard,San Joaquin River,1.0,11.85939473,1689.181611,10.69211111,11.495287605677671,36.746150928177606,35.52892559463588,214191.54946008333,207615.44073753853,2,Good,1.3061597766478912e-08
CENTRAL CALIFORNIA I.D.,Alfalfa,San Joaquin River,0.5,19802.72127,275.42882,7.145726841,1.2329476340964989e-21,81883.56644557975,1.2329476340967012e-08,38974510.25272828,2.426612461539286e-18,2,Good,357.12594205500545
CENTRAL CALIFORNIA I.D.,Almonds & Pistachios,San Joaquin River,0.5,28538.44605,4767.847432,1.096167772,20708.075921716765,116389.67104976428,84243.57097044871,149152212.7826499,108227874.10301788,2,Good,357.12594205500545
CENTRAL CALIFORNIA I.D.,Citrus & Subtropical,San Joaquin River,0.5,96.91437253,883.0,6.0,92.1261572321407,314.7261157468393,298.42860571959324,513452.34566393995,488084.38101588143,2,Good,357.12594205500545
CENTRAL CALIFORNIA I.D.,Corn,San Joaquin River,0.5,26028.98387,63.79287272,25.8602491,18305.13303666675,62881.58097135896,44111.52045838129,42940003.74108541,30197970.270421334,2,Good,357.12594205500545
CENTRAL CALIFORNIA I.D.,Cotton,San Joaquin River,0.5,24444.64851,3677.344642,0.8,10719.739320087829,88833.01471059621,38858.65177920016,71913117.77905743,31536140.761889365,2,Good,357.12594205500545
CENTRAL CALIFORNIA I.D.,Cucurbits,San Joaquin River,0.5,2718.97765,437.2073532,16.16521809,2705.1881460965224,6252.634758927733,6205.371669563414,19216516.512873635,19119058.474016454,2,Good,357.12594205500545
CENTRAL CALIFORNIA I.D.,Dry Beans,San Joaquin River,0.5,945.675192,1536.60837,1.3,27.384241745806243,2091.929376450111,60.42527597643442,1889072.1399271244,54702.511594522075,2,Good,357.12594205500545
CENTRAL CALIFORNIA I.D.,Grain,San Joaquin River,0.5,5671.416352,232.9810303,3.79451607,5728.130572778271,2646.605238820064,2666.3885823748683,5013817.120281912,5063955.342103921,2,Good,357.12594205500545
CENTRAL CALIFORNIA I.D.,Lettuce,San Joaquin River,0.5,384.1177091,825.6667179,12.01770726,365.9244521398157,1277.610982187625,1214.0557705512383,3811454.4122350886,3630929.620300102,2,Good,357.12594205500545
CENTRAL CALIFORNIA I.D.,Onions & Garlic,San Joaquin River,0.5,388.6026678,1496.923068,5.92805482,367.66187594052616,575.4513941152303,543.0806981300611,3448398.678110282,3262573.3996179653,2,Good,357.12594205500545
CENTRAL CALIFORNIA I.D.,Other Deciduous,San Joaquin River,0.5,6308.455812,2039.881954,2.411512797,6022.5311154017945,21737.91167369507,20700.779858190785,31032564.89211097,29626043.7138913,2,Good,357.12594205500545
CENTRAL CALIFORNIA I.D.,Pasture,San Joaquin River,0.5,4288.844844,206.6887348,5.0,1.2329476340963392e-21,19729.488497961538,1.2329476340966226e-08,4432279.572799317,1.2741819328301283e-18,2,Good,357.12594205500545
CENTRAL CALIFORNIA I.D.,Rice,San Joaquin River,0.5,2000.559108,579.0,4.7,8.175776890546562e-08,9670.541879118597,4.180375705158744e-07,5444121.5006004,0.00022248741652244362,2,Good,357.12594205500545
CENTRAL CALIFORNIA I.D.,Tomato Processing,San Joaquin River,0.5,8520.581878,96.28659996,49.55284439,7411.401807742503,20276.095208022478,17592.531074110317,40654038.48760269,35361835.45363401,2,Good,357.12594205500545
CENTRAL CALIFORNIA I.D.,Truck Crops,San Joaquin River,0.5,531.3190118,883.1369862,18.44217052,504.3229542337144,1417.4170875649327,1342.0353122998545,8653573.029010959,8213889.241198049,2,Good,357.12594205500545
CENTRAL CALIFORNIA I.D.,Vineyard,San Joaquin River,0.5,107.2820422,1492.427601,10.07028874,103.04612835267613,332.41174649427654,318.4886127869721,1612360.7867282275,1548698.4883292872,2,Good,357.12594205500545
CENTRAL CALIFORNIA I.D.,Alfalfa,San Joaquin River,0.55,19802.72127,275.42882,7.145726841,4.620228296270684e-18,81883.56644557975,1.4480863079434755e-08,38974510.25272828,9.093252015607809e-15,8,Good,321.3475736419295
CENTRAL CALIFORNIA I.D.,Almonds & Pistachios,San Joaquin River,0.55,28538.44605,4767.847432,1.096167772,21464.39293883814,116389.67104976428,87320.38247862138,149152212.7826499,112180659.63560039,8,Good,321.3475736419295
CENTRAL CALIFORNIA I.D.,Citrus & Subtropical,San Joaquin River,0.55,96.91437253,883.0,6.0,92.60963555167442,314.7261157468393,299.9947598427182,513452.34566393995,490645.84915277106,8,Good,321.3475736419295
CENTRAL CALIFORNIA I.D.,Corn,San Joaquin River,0.55,26028.98387,63.79287272,25.8602491,20470.34439879523,62881.58097135896,49329.224427313166,42940003.74108541,33769918.54371509,8,Good,321.3475736419295
CENTRAL CALIFORNIA I.D.,Cotton,San Joaquin River,0.55,24444.64851,3677.344642,0.8,13062.227472389182,88833.01471059621,47350.08321135976,71913117.77905743,38427449.76654045,8,Good,321.3475736419295
CENTRAL CALIFORNIA I.D.,Cucurbits,San Joaquin River,0.55,2718.97765,437.2073532,16.16521809,2707.181702545223,6252.634758927733,6209.944644915651,19216516.512873635,19133148.038311254,8,Good,321.3475736419295
CENTRAL CALIFORNIA I.D.,Dry Beans,San Joaquin River,0.55,945.675192,1536.60837,1.3,221.35613592407415,2091.929376450111,488.4380484978342,1889072.1399271244,442178.99857532704,8,Good,321.3475736419295
CENTRAL CALIFORNIA I.D.,Grain,San Joaquin River,0.55,5671.416352,232.9810303,3.79451607,5728.130572779203,2646.605238820064,2666.388582377543,5013817.120281912,5063955.342104745,8,Good,321.3475736419295
CENTRAL CALIFORNIA I.D.,Lettuce,San Joaquin River,0.55,384.1177091,825.6667179,12.01770726,367.45109150284276,1277.610982187625,1219.1208196843459,3811454.4122350886,3646077.8839657754,8,Good,321.3475736419295
CENTRAL CALIFORNIA I.D.,Onions & Garlic,San Joaquin River,0.55,388.6026678,1496.923068,5.92805482,368.8582856563803,575.4513941152303,544.8479388126245,3448398.678110282,3273190.1504138014,8,Good,321.3475736419295
CENTRAL CALIFORNIA I.D.,Other Deciduous,San Joaquin River,0.55,6308.455812,2039.881954,2.411512797,6057.996560047263,21737.91167369507,20822.682484864596,31032564.89211097,29800505.380135287,8,Good,321.3475736419295
CENTRAL CALIFORNIA I.D.,Pasture,San Joaquin River,0.55,4288.844844,206.6887348,5.0,1.7693841106470832e-16,19729.488497961538,1.4480864400656175e-08,4432279.572799317,1.8285588160243439e-13,8,Good,321.3475736419295
CENTRAL CALIFORNIA I.D.,Rice,San Joaquin River,0.55,2000.559108,579.0,4.7,844.8036908295227,9670.541879118597,4073.503794059487,5444121.5006004,2298964.2838543802,8,Good,321.3475736419295
CENTRAL CALIFORNIA I.D.,Tomato Processing,San Joaquin River,0.55,8520.581878,96.28659996,49.55284439,7575.146682656618,20276.095208022478,17981.214197073336,40654038.48760269,36143107.26607843,8,Good,321.3475736419295
CENTRAL CALIFORNIA I.D.,Truck Crops,San Joaquin River,0.55,531.3190118,883.1369862,18.44217052,505.84702825549664,1417.4170875649327,1346.090969770604,8653573.029010959,8238711.778235506,8,Good,321.3475736419295
CENTRAL CALIFORNIA I.D.,Vineyard,San Joaquin River,0.55,107.2820422,1492.427601,10.07028874,103.19384548114853,332.41174649427654,318.94516777177296,1612360.7867282275,1550918.5551791796,8,Good,321.3475736419295
CENTRAL CALIFORNIA I.D.,Alfalfa,San Joaquin River,0.6,19802.72127,275.42882,7.145726841,1.797118794556043e-21,81883.56644557975,1.7971187945561334e-08,38974510.25272828,3.53697978822257e-18,2,Good,275.01098915852793
CENTRAL CALIFORNIA I.D.,Almonds & Pistachios,San Joaquin River,0.6,28538.44605,4767.847432,1.096167772,22374.862631932734,116389.67104976428,91024.31028404563,149152212.7826499,116939102.65519147,2,Good,275.01098915852793
CENTRAL CALIFORNIA I.D.,Citrus & Subtropical,San Joaquin River,0.6,96.91437253,883.0,6.0,93.20942053862926,314.7261157468393,301.93767164000303,513452.34566393995,493823.5100136578,2,Good,275.01098915852793
CENTRAL CALIFORNIA I.D.,Corn,San Joaquin River,0.6,26028.98387,63.79287272,25.8602491,22600.45641085054,62881.58097135896,54462.346345095764,42940003.74108541,37283963.4339579,2,Good,275.01098915852793
CENTRAL CALIFORNIA I.D.,Cotton,San Joaquin River,0.6,24444.64851,3677.344642,0.8,15675.32431332591,88833.01471059621,56822.46096004147,71913117.77905743,46114855.9001771,2,Good,275.01098915852793
CENTRAL CALIFORNIA I.D.,Cucurbits,San Joaquin River,0.6,2718.97765,437.2073532,16.16521809,2709.7208599802652,6252.634758927733,6215.769162388133,19216516.512873635,19151093.666065596,2,Good,275.01098915852793
CENTRAL CALIFORNIA I.D.,Dry Beans,San Joaquin River,0.6,945.675192,1536.60837,1.3,441.81116629333036,2091.929376450111,974.8877435146493,1889072.1399271244,882557.9569115313,2,Good,275.01098915852793
CENTRAL CALIFORNIA I.D.,Grain,San Joaquin River,0.6,5671.416352,232.9810303,3.79451607,5728.130572780305,2646.605238820064,2666.388582381708,5013817.120281912,5063955.342105718,2,Good,275.01098915852793
CENTRAL CALIFORNIA I.D.,Lettuce,San Joaquin River,0.6,384.1177091,825.6667179,12.01770726,369.39284541094804,1277.610982187625,1225.5631263538562,3811454.4122350886,3665345.171896507,2,Good,275.01098915852793
CENTRAL CALIFORNIA I.D.,Onions & Garlic,San Joaquin River,0.6,388.6026678,1496.923068,5.92805482,370.3945233777749,575.4513941152303,547.1171462291102,3448398.678110282,3286822.4812408425,2,Good,275.01098915852793
CENTRAL CALIFORNIA I.D.,Other Deciduous,San Joaquin River,0.6,6308.455812,2039.881954,2.411512797,6101.760137438299,21737.91167369507,20973.107640674,31032564.89211097,30015787.23290104,2,Good,275.01098915852793
CENTRAL CALIFORNIA I.D.,Pasture,San Joaquin River,0.6,4288.844844,206.6887348,5.0,3.634398929051933e-20,19729.488497961538,1.7971082191783687e-08,4432279.572799317,3.7559465820210944e-17,2,Good,275.01098915852793
CENTRAL CALIFORNIA I.D.,Rice,San Joaquin River,0.6,2000.559108,579.0,4.7,1333.8548155326328,9670.541879118597,6431.627502067851,5444121.5006004,3629819.109508954,2,Good,275.01098915852793
CENTRAL CALIFORNIA I.D.,Tomato Processing,San Joaquin River,0.6,8520.581878,96.28659996,49.55284439,7781.08282643924,20276.095208022478,18470.047227927145,40654038.48760269,37125685.22087092,2,Good,275.01098915852793
CENTRAL CALIFORNIA I.D.,Truck Crops,San Joaquin River,0.6,531.3190118,883.1369862,18.44217052,507.8051417918272,1417.4170875649327,1351.301633872274,8653573.029010959,8270603.500740083,2,Good,275.01098915852793
CENTRAL CALIFORNIA I.D.,Vineyard,San Joaquin River,0.6,107.2820422,1492.427601,10.07028874,103.38285785121289,332.41174649427654,319.5293555416941,1612360.7867282275,1553759.255518666,2,Good,275.01098915852793
CENTRAL CALIFORNIA I.D.,Alfalfa,San Joaquin River,0.65,19802.72127,275.42882,7.145726841,8.134275371251746e-19,81883.56644557975,2.4053501962737755e-08,38974510.25272828,1.6009385504791602e-15,2,Good,216.95959502086114
CENTRAL CALIFORNIA I.D.,Almonds & Pistachios,San Joaquin River,0.65,28538.44605,4767.847432,1.096167772,23421.712176276797,116389.67104976428,95283.05186009822,149152212.7826499,122410315.96918428,2,Good,216.95959502086114
CENTRAL CALIFORNIA I.D.,Citrus & Subtropical,San Joaquin River,0.65,96.91437253,883.0,6.0,93.9226620856245,314.7261157468393,304.24810862565147,513452.34566393995,497602.2637296386,2,Good,216.95959502086114
CENTRAL CALIFORNIA I.D.,Corn,San Joaquin River,0.65,26028.98387,63.79287272,25.8602491,24643.799731452178,62881.58097135896,59386.37396673285,42940003.74108541,40654866.05040938,2,Good,216.95959502086114
CENTRAL CALIFORNIA I.D.,Cotton,San Joaquin River,0.65,24444.64851,3677.344642,0.8,18458.198471854324,88833.01471059621,66910.27509829716,71913117.77905743,54301725.80115688,2,Good,216.95959502086114
CENTRAL CALIFORNIA I.D.,Cucurbits,San Joaquin River,0.65,2718.97765,437.2073532,16.16521809,2712.83646846848,6252.634758927733,6222.915988273276,19216516.512873635,19173113.391737644,2,Good,216.95959502086114
CENTRAL CALIFORNIA I.D.,Dry Beans,San Joaquin River,0.65,945.675192,1536.60837,1.3,680.7864639296284,2091.929376450111,1502.203724726629,1889072.1399271244,1359932.8322540612,2,Good,216.95959502086114
CENTRAL CALIFORNIA I.D.,Grain,San Joaquin River,0.65,5671.416352,232.9810303,3.79451607,5728.130572781539,2646.605238820064,2666.3885823887026,5013817.120281912,5063955.34210681,2,Good,216.95959502086114
CENTRAL CALIFORNIA I.D.,Lettuce,San Joaquin River,0.65,384.1177091,825.6667179,12.01770726,371.7713819773871,1277.610982187625,1233.454580531509,3811454.4122350886,3688946.4885659665,2,Good,216.95959502086114
CENTRAL CALIFORNIA I.D.,Onions & Garlic,San Joaquin River,0.65,388.6026678,1496.923068,5.92805482,372.29848200761353,575.4513941152303,549.9295215448843,3448398.678110282,3303717.909312611,2,Good,216.95959502086114
CENTRAL CALIFORNIA I.D.,Other Deciduous,San Joaquin River,0.65,6308.455812,2039.881954,2.411512797,6153.484776741468,21737.91167369507,21150.89673814529,31032564.89211097,30270231.152860545,2,Good,216.95959502086114
CENTRAL CALIFORNIA I.D.,Pasture,San Joaquin River,0.65,4288.844844,206.6887348,5.0,3.792759449126206e-20,19729.488497961538,2.4053501955178797e-08,4432279.572799317,3.919603259703202e-17,2,Good,216.95959502086114
CENTRAL CALIFORNIA I.D.,Rice,San Joaquin River,0.65,2000.559108,579.0,4.7,1587.2408167817593,9670.541879118597,7653.412928260092,5444121.5006004,4319358.434708202,2,Good,216.95959502086114
CENTRAL CALIFORNIA I.D.,Tomato Processing,San Joaquin River,0.65,8520.581878,96.28659996,49.55284439,8029.9396822586095,20276.095208022478,19060.76165454622,40654038.48760269,38313049.69189448,2,Good,216.95959502086114
CENTRAL CALIFORNIA I.D.,Truck Crops,San Joaquin River,0.65,531.3190118,883.1369862,18.44217052,510.2337249998324,1417.4170875649327,1357.764247561199,8653573.029010959,8310157.745329045,2,Good,216.95959502086114
CENTRAL CALIFORNIA I.D.,Vineyard,San Joaquin River,0.65,107.2820422,1492.427601,10.07028874,103.6160976886929,332.41174649427654,320.25023884071686,1612360.7867282275,1557264.6582882605,2,Good,216.95959502086114
CENTRAL CALIFORNIA I.D.,Alfalfa,San Joaquin River,0.7,19802.72127,275.42882,7.145726841,1370.5265717461557,81883.56644557975,5652.912140209171,38974510.25272828,2697386.9496955806,2,Good,166.53572474794566
CENTRAL CALIFORNIA I.D.,Almonds & Pistachios,San Joaquin River,0.7,28538.44605,4767.847432,1.096167772,24260.627973172075,116389.67104976428,98695.88764176416,149152212.7826499,126794792.51797839,2,Good,166.53572474794566
CENTRAL CALIFORNIA I.D.,Citrus & Subtropical,San Joaquin River,0.7,96.91437253,883.0,6.0,94.51212121909813,314.7261157468393,306.15757145174086,513452.34566393995,500725.2182187819,2,Good,166.53572474794566
CENTRAL CALIFORNIA I.D.,Corn,San Joaquin River,0.7,26028.98387,63.79287272,25.8602491,26069.893876198534,62881.58097135896,62822.960902021914,42940003.74108541,43007492.96110208,2,Good,166.53572474794566
CENTRAL CALIFORNIA I.D.,Cotton,San Joaquin River,0.7,24444.64851,3677.344642,0.8,20550.743915029987,88833.01471059621,74495.67361229796,71913117.77905743,60457734.420039706,2,Good,166.53572474794566
CENTRAL CALIFORNIA I.D.,Cucurbits,San Joaquin River,0.7,2718.97765,437.2073532,16.16521809,2715.490954292778,6252.634758927733,6229.005055062923,19216516.512873635,19191874.108904928,2,Good,166.53572474794566
CENTRAL CALIFORNIA I.D.,Dry Beans,San Joaquin River,0.7,945.675192,1536.60837,1.3,863.0107904818877,2091.929376450111,1904.2946542872864,1889072.1399271244,1723942.4852712206,2,Good,166.53572474794566
CENTRAL CALIFORNIA I.D.,Grain,San Joaquin River,0.7,5671.416352,232.9810303,3.79451607,5728.130572762559,2646.605238820064,2666.388582434538,5013817.120281912,5063955.34209003,2,Good,166.53572474794566
CENTRAL CALIFORNIA I.D.,Lettuce,San Joaquin River,0.7,384.1177091,825.6667179,12.01770726,373.79445271464596,1277.610982187625,1240.1666783712808,3811454.4122350886,3709020.652565996,2,Good,166.53572474794566
CENTRAL CALIFORNIA I.D.,Onions & Garlic,San Joaquin River,0.7,388.6026678,1496.923068,5.92805482,373.9371135288513,575.4513941152303,552.3499769424067,3448398.678110282,3318258.8665421023,2,Good,166.53572474794566
CENTRAL CALIFORNIA I.D.,Other Deciduous,San Joaquin River,0.7,6308.455812,2039.881954,2.411512797,6195.9880482494,21737.91167369507,21296.98994218689,31032564.89211097,30479313.307115782,2,Good,166.53572474794566
CENTRAL CALIFORNIA I.D.,Pasture,San Joaquin River,0.7,4288.844844,206.6887348,5.0,2.517398004053894e-08,19729.488497961538,2.3324915637960397e-07,4432279.572799317,2.6015890422297226e-05,2,Good,166.53572474794566
CENTRAL CALIFORNIA I.D.,Rice,San Joaquin River,0.7,2000.559108,579.0,4.7,1724.2296622594058,9670.541879118597,8313.950503908482,5444121.5006004,4692146.179906521,2,Good,166.53572474794566
CENTRAL CALIFORNIA I.D.,Tomato Processing,San Joaquin River,0.7,8520.581878,96.28659996,49.55284439,8238.79523092561,20276.095208022478,19556.524510977073,40654038.48760269,39309556.92994835,2,Good,166.53572474794566
CENTRAL CALIFORNIA I.D.,Truck Crops,San Joaquin River,0.7,531.3190118,883.1369862,18.44217052,512.3254231452365,1417.4170875649327,1363.3303888224186,8653573.029010959,8344225.155404547,2,Good,166.53572474794566
CENTRAL CALIFORNIA I.D.,Vineyard,San Joaquin River,0.7,107.2820422,1492.427601,10.07028874,103.81595139599021,332.41174649427654,320.86793439857087,1612360.7867282275,1560268.2950024807,2,Good,166.53572474794566
CENTRAL CALIFORNIA I.D.,Alfalfa,San Joaquin River,0.75,19802.72127,275.42882,7.145726841,5568.701071715833,81883.56644557975,22968.819825910534,38974510.25272828,10959978.381494824,2,Good,149.5180940334463
CENTRAL CALIFORNIA I.D.,Almonds & Pistachios,San Joaquin River,0.75,28538.44605,4767.847432,1.096167772,24529.691978710933,116389.67104976428,99790.48053059711,149152212.7826499,128201018.06144254,2,Good,149.5180940334463
CENTRAL CALIFORNIA I.D.,Citrus & Subtropical,San Joaquin River,0.75,96.91437253,883.0,6.0,94.70449232954617,314.7261157468393,306.7807282182359,513452.34566393995,501744.4003619356,2,Good,149.5180940334463
CENTRAL CALIFORNIA I.D.,Corn,San Joaquin River,0.75,26028.98387,63.79287272,25.8602491,26289.273971142567,62881.58097135896,63351.620788083026,42940003.74108541,43369404.21144766,2,Good,149.5180940334463
CENTRAL CALIFORNIA I.D.,Cotton,San Joaquin River,0.75,24444.64851,3677.344642,0.8,21199.745281481148,88833.01471059621,76848.27915144691,71913117.77905743,62367015.778095596,2,Good,149.5180940334463
CENTRAL CALIFORNIA I.D.,Cucurbits,San Joaquin River,0.75,2718.97765,437.2073532,16.16521809,2716.3729445154677,6252.634758927733,6231.028233015049,19216516.512873635,19198107.62085693,2,Good,149.5180940334463
CENTRAL CALIFORNIA I.D.,Dry Beans,San Joaquin River,0.75,945.675192,1536.60837,1.3,919.9302878653308,2091.929376450111,2029.8915712035816,1889072.1399271244,1837644.3541954898,2,Good,149.5180940334463
CENTRAL CALIFORNIA I.D.,Grain,San Joaquin River,0.75,5671.416352,232.9810303,3.79451607,5728.130572782805,2646.605238820064,2666.388582401633,5013817.120281912,5063955.342107929,2,Good,149.5180940334463
CENTRAL CALIFORNIA I.D.,Lettuce,San Joaquin River,0.75,384.1177091,825.6667179,12.01770726,374.46596044449984,1277.610982187625,1242.3945912995646,3811454.4122350886,3715683.7692075027,2,Good,149.5180940334463
CENTRAL CALIFORNIA I.D.,Onions & Garlic,San Joaquin River,0.75,388.6026678,1496.923068,5.92805482,374.4849223761637,575.4513941152303,553.1591562841429,3448398.678110282,3323120.035703971,2,Good,149.5180940334463
CENTRAL CALIFORNIA I.D.,Other Deciduous,San Joaquin River,0.75,6308.455812,2039.881954,2.411512797,6209.813424474282,21737.91167369507,21344.51083729478,31032564.89211097,30547323.11770055,2,Good,149.5180940334463
CENTRAL CALIFORNIA I.D.,Pasture,San Joaquin River,0.75,4288.844844,206.6887348,5.0,2.879309091781509e-08,19729.488497961538,1.8817031624971085e-07,4432279.572799317,2.9756037663922854e-05,2,Good,149.5180940334463
CENTRAL CALIFORNIA I.D.,Rice,San Joaquin River,0.75,2000.559108,579.0,4.7,1761.486614423104,9670.541879118597,8493.597370517806,5444121.5006004,4793533.523829593,2,Good,149.5180940334463
CENTRAL CALIFORNIA I.D.,Tomato Processing,San Joaquin River,0.75,8520.581878,96.28659996,49.55284439,8307.569863937957,20276.095208022478,19719.775660952175,40654038.48760269,39637699.61051737,2,Good,149.5180940334463
CENTRAL CALIFORNIA I.D.,Truck Crops,San Joaquin River,0.75,531.3190118,883.1369862,18.44217052,513.0250138425836,1417.4170875649327,1365.1920439162475,8653573.029010959,8355619.363131841,2,Good,149.5180940334463
CENTRAL CALIFORNIA I.D.,Vineyard,San Joaquin River,0.75,107.2820422,1492.427601,10.07028874,103.88258484703691,332.41174649427654,321.073880912979,1612360.7867282275,1561269.740923428,2,Good,149.5180940334463
CENTRAL CALIFORNIA I.D.,Alfalfa,San Joaquin River,0.8,19802.72127,275.42882,7.145726841,9818.919881360633,81883.56644557975,40499.39092359449,38974510.25272828,19325000.254715376,2,Good,130.1252742050432
CENTRAL CALIFORNIA I.D.,Almonds & Pistachios,San Joaquin River,0.8,28538.44605,4767.847432,1.096167772,24827.70137139491,116389.67104976428,101002.82761287612,149152212.7826499,129758522.63863479,2,Good,130.1252742050432
CENTRAL CALIFORNIA I.D.,Citrus & Subtropical,San Joaquin River,0.8,96.91437253,883.0,6.0,94.91941516623456,314.7261157468393,307.47693794311766,513452.34566393995,502883.0615507107,2,Good,130.1252742050432
CENTRAL CALIFORNIA I.D.,Corn,San Joaquin River,0.8,26028.98387,63.79287272,25.8602491,26289.27397136046,62881.58097135896,63351.62078865127,42940003.74108541,43369404.21180712,2,Good,130.1252742050432
CENTRAL CALIFORNIA I.D.,Cotton,San Joaquin River,0.8,24444.64851,3677.344642,0.8,21907.17658249421,88833.01471059621,79412.69100544741,71913117.77905743,64448190.741586365,2,Good,130.1252742050432
CENTRAL CALIFORNIA I.D.,Cucurbits,San Joaquin River,0.8,2718.97765,437.2073532,16.16521809,2717.367502012767,6252.634758927733,6233.30962666285,19216516.512873635,19205136.707899943,2,Good,130.1252742050432
CENTRAL CALIFORNIA I.D.,Dry Beans,San Joaquin River,0.8,945.675192,1536.60837,1.3,955.131952946888,2091.929376450111,2107.566547472822,1889072.1399271244,1907962.8793584246,2,Good,130.1252742050432
CENTRAL CALIFORNIA I.D.,Grain,San Joaquin River,0.8,5671.416352,232.9810303,3.79451607,5728.130572770318,2646.605238820064,2666.3885824383688,5013817.120281912,5063955.34209689,2,Good,130.1252742050432
CENTRAL CALIFORNIA I.D.,Lettuce,San Joaquin River,0.8,384.1177091,825.6667179,12.01770726,375.22276663620295,1277.610982187625,1244.9055056051293,3811454.4122350886,3723193.2701501492,2,Good,130.1252742050432
CENTRAL CALIFORNIA I.D.,Onions & Garlic,San Joaquin River,0.8,388.6026678,1496.923068,5.92805482,375.1046508094568,575.4513941152303,554.0745695735347,3448398.678110282,3328619.4079091437,2,Good,130.1252742050432
CENTRAL CALIFORNIA I.D.,Other Deciduous,San Joaquin River,0.8,6308.455812,2039.881954,2.411512797,6225.233824872417,21737.91167369507,21397.51418557594,31032564.89211097,30623179.17348954,2,Good,130.1252742050432
CENTRAL CALIFORNIA I.D.,Pasture,San Joaquin River,0.8,4288.844844,206.6887348,5.0,3.946215172040311e-07,19729.488497961538,1.8537660080506675e-06,4432279.572799317,0.00040781911057878806,2,Good,130.1252742050432
CENTRAL CALIFORNIA I.D.,Rice,San Joaquin River,0.8,2000.559108,579.0,4.7,1799.968456050345,9670.541879118597,8679.150451792308,5444121.5006004,4898254.159449804,2,Good,130.1252742050432
CENTRAL CALIFORNIA I.D.,Tomato Processing,San Joaquin River,0.8,8520.581878,96.28659996,49.55284439,8384.76047614863,20276.095208022478,19903.003919184914,40654038.48760269,40005997.241433494,2,Good,130.1252742050432
CENTRAL CALIFORNIA I.D.,Truck Crops,San Joaquin River,0.8,531.3190118,883.1369862,18.44217052,513.8166419203285,1417.4170875649327,1367.2986164014253,8653573.029010959,8368512.580258353,2,Good,130.1252742050432
CENTRAL CALIFORNIA I.D.,Vineyard,San Joaquin River,0.8,107.2820422,1492.427601,10.07028874,103.95785908681164,332.41174649427654,321.30653393032736,1612360.7867282275,1562401.050786427,2,Good,130.1252742050432
CENTRAL CALIFORNIA I.D.,Alfalfa,San Joaquin River,0.85,19802.72127,275.42882,7.145726841,12290.668490143918,81883.56644557975,50694.43420543674,38974510.25272828,24189745.366344724,2,Good,117.82779296851727
CENTRAL CALIFORNIA I.D.,Almonds & Pistachios,San Joaquin River,0.85,28538.44605,4767.847432,1.096167772,25013.52307899614,116389.67104976428,101758.77829948952,149152212.7826499,130729693.90784879,2,Good,117.82779296851727
CENTRAL CALIFORNIA I.D.,Citrus & Subtropical,San Joaquin River,0.85,96.91437253,883.0,6.0,95.0544100643898,314.7261157468393,307.91423324861415,513452.34566393995,503598.2645211372,2,Good,117.82779296851727
CENTRAL CALIFORNIA I.D.,Corn,San Joaquin River,0.85,26028.98387,63.79287272,25.8602491,26289.273971498398,62881.58097135896,63351.62078895013,42940003.74108541,43369404.21203467,2,Good,117.82779296851727
CENTRAL CALIFORNIA I.D.,Cotton,San Joaquin River,0.85,24444.64851,3677.344642,0.8,22342.526433512547,88833.01471059621,80990.81783832404,71913117.77905743,65728935.89521659,2,Good,117.82779296851727
CENTRAL CALIFORNIA I.D.,Cucurbits,San Joaquin River,0.85,2718.97765,437.2073532,16.16521809,2717.9971513351284,6252.634758927733,6234.753965375825,19216516.512873635,19209586.787362892,2,Good,117.82779296851727
CENTRAL CALIFORNIA I.D.,Dry Beans,San Joaquin River,0.85,945.675192,1536.60837,1.3,955.131953273047,2091.929376450111,2107.5665481590554,1889072.1399271244,1907962.880009957,2,Good,117.82779296851727
CENTRAL CALIFORNIA I.D.,Grain,San Joaquin River,0.85,5671.416352,232.9810303,3.79451607,5728.1305727833405,2646.605238820064,2666.3885824112717,5013817.120281912,5063955.342108402,2,Good,117.82779296851727
CENTRAL CALIFORNIA I.D.,Lettuce,San Joaquin River,0.85,384.1177091,825.6667179,12.01770726,375.70167634886747,1277.610982187625,1246.4944212503835,3811454.4122350886,3727945.309679059,2,Good,117.82779296851727
CENTRAL CALIFORNIA I.D.,Onions & Garlic,San Joaquin River,0.85,388.6026678,1496.923068,5.92805482,375.498095149125,575.4513941152303,554.6557340281737,3448398.678110282,3332110.770818469,2,Good,117.82779296851727
CENTRAL CALIFORNIA I.D.,Other Deciduous,San Joaquin River,0.85,6308.455812,2039.881954,2.411512797,6234.905864604923,21737.91167369507,21430.759138774734,31032564.89211097,30670757.885234993,2,Good,117.82779296851727
CENTRAL CALIFORNIA I.D.,Pasture,San Joaquin River,0.85,4288.844844,206.6887348,5.0,1966.2683201809102,19729.488497961538,9022.588962110467,4432279.572799317,2032027.556877568,2,Good,117.82779296851727
CENTRAL CALIFORNIA I.D.,Rice,San Joaquin River,0.85,2000.559108,579.0,4.7,1822.678483284721,9670.541879118597,8788.6544502695,5444121.5006004,4960054.956562712,2,Good,117.82779296851727
CENTRAL CALIFORNIA I.D.,Tomato Processing,San Joaquin River,0.85,8520.581878,96.28659996,49.55284439,8433.434136782958,20276.095208022478,20018.541156153653,40654038.48760269,40238232.656936005,2,Good,117.82779296851727
CENTRAL CALIFORNIA I.D.,Truck Crops,San Joaquin River,0.85,531.3190118,883.1369862,18.44217052,514.3193243504628,1417.4170875649327,1368.636286138473,8653573.029010959,8376699.75034442,2,Good,117.82779296851727
CENTRAL CALIFORNIA I.D.,Vineyard,San Joaquin River,0.85,107.2820422,1492.427601,10.07028874,104.00558938160157,332.41174649427654,321.4540557454512,1612360.7867282275,1563118.3978286728,2,Good,117.82779296851727
CENTRAL CALIFORNIA I.D.,Alfalfa,San Joaquin River,0.9,19802.72127,275.42882,7.145726841,14391.128113181376,81883.56644557975,59358.048576499685,38974510.25272828,28323742.103325266,2,Good,106.70897136111712
CENTRAL CALIFORNIA I.D.,Almonds & Pistachios,San Joaquin River,0.9,28538.44605,4767.847432,1.096167772,25178.969770349995,116389.67104976428,102431.84035207557,149152212.7826499,131594377.99295144,2,Good,106.70897136111712
CENTRAL CALIFORNIA I.D.,Citrus & Subtropical,San Joaquin River,0.9,96.91437253,883.0,6.0,95.17523350369466,314.7261157468393,308.30562231809927,513452.34566393995,504238.3871025743,2,Good,106.70897136111712
CENTRAL CALIFORNIA I.D.,Corn,San Joaquin River,0.9,26028.98387,63.79287272,25.8602491,26289.273971518916,62881.58097135896,63351.62078900395,42940003.74108541,43369404.21206852,2,Good,106.70897136111712
CENTRAL CALIFORNIA I.D.,Cotton,San Joaquin River,0.9,24444.64851,3677.344642,0.8,22726.569175154953,88833.01471059621,82382.95832982707,71913117.77905743,66858741.90983875,2,Good,106.70897136111712
CENTRAL CALIFORNIA I.D.,Cucurbits,San Joaquin River,0.9,2718.97765,437.2073532,16.16521809,2718.563951997571,6252.634758927733,6236.054136971631,19216516.512873635,19213592.680640217,2,Good,106.70897136111712
CENTRAL CALIFORNIA I.D.,Dry Beans,San Joaquin River,0.9,945.675192,1536.60837,1.3,955.1319533421641,2091.929376450111,2107.566548315914,1889072.1399271244,1907962.8801480245,2,Good,106.70897136111712
CENTRAL CALIFORNIA I.D.,Grain,San Joaquin River,0.9,5671.416352,232.9810303,3.79451607,5728.130572783523,2646.605238820064,2666.3885824155986,5013817.120281912,5063955.342108564,2,Good,106.70897136111712
CENTRAL CALIFORNIA I.D.,Lettuce,San Joaquin River,0.9,384.1177091,825.6667179,12.01770726,376.1326382371067,1277.610982187625,1247.924256742883,3811454.4122350886,3732221.5811227346,2,Good,106.70897136111712
CENTRAL CALIFORNIA I.D.,Onions & Garlic,San Joaquin River,0.9,388.6026678,1496.923068,5.92805482,375.85299513942294,575.4513941152303,555.1799638952247,3448398.678110282,3335260.0972611653,2,Good,106.70897136111712
CENTRAL CALIFORNIA I.D.,Other Deciduous,San Joaquin River,0.9,6308.455812,2039.881954,2.411512797,6243.553759198104,21737.91167369507,21460.48387722933,31032564.89211097,30713298.62073995,2,Good,106.70897136111712
CENTRAL CALIFORNIA I.D.,Pasture,San Joaquin River,0.9,4288.844844,206.6887348,5.0,4331.733335578323,19729.488497961538,19876.96642372393,4432279.572799317,4476602.413108337,2,Good,106.70897136111712
CENTRAL CALIFORNIA I.D.,Rice,San Joaquin River,0.9,2000.559108,579.0,4.7,1842.1580227291192,9670.541879118597,8882.581570495951,5444121.5006004,5013064.627252753,2,Good,106.70897136111712
CENTRAL CALIFORNIA I.D.,Tomato Processing,San Joaquin River,0.9,8520.581878,96.28659996,49.55284439,8477.121513775128,20276.095208022478,20122.242393417073,40654038.48760269,40446677.142429166,2,Good,106.70897136111712
CENTRAL CALIFORNIA I.D.,Truck Crops,San Joaquin River,0.9,531.3190118,883.1369862,18.44217052,514.7728304888591,1417.4170875649327,1369.8430946919016,8653573.029010959,8384085.987991783,2,Good,106.70897136111712
CENTRAL CALIFORNIA I.D.,Vineyard,San Joaquin River,0.9,107.2820422,1492.427601,10.07028874,104.04860476906939,332.41174649427654,321.5870050542593,1612360.7867282275,1563764.8836948697,2,Good,106.70897136111712
CENTRAL CALIFORNIA I.D.,Alfalfa,San Joaquin River,0.95,19802.72127,275.42882,7.145726841,18524.181492558975,81883.56644557975,76405.35587116348,38974510.25272828,36458166.11067916,2,Good,82.88941109959711
CENTRAL CALIFORNIA I.D.,Almonds & Pistachios,San Joaquin River,0.95,28538.44605,4767.847432,1.096167772,25525.531487721913,116389.67104976428,103841.70560192603,149152212.7826499,133405634.53162962,2,Good,82.88941109959711
CENTRAL CALIFORNIA I.D.,Citrus & Subtropical,San Joaquin River,0.95,96.91437253,883.0,6.0,95.43023510422586,314.7261157468393,309.13166104117533,513452.34566393995,505589.3855821886,2,Good,82.88941109959711
CENTRAL CALIFORNIA I.D.,Corn,San Joaquin River,0.95,26028.98387,63.79287272,25.8602491,26289.273971542385,62881.58097135896,63351.62078907251,42940003.74108541,43369404.21210724,2,Good,82.88941109959711
CENTRAL CALIFORNIA I.D.,Cotton,San Joaquin River,0.95,24444.64851,3677.344642,0.8,23520.59233691089,88833.01471059621,85261.26242156846,71913117.77905743,69194659.36544442,2,Good,82.88941109959711
CENTRAL CALIFORNIA I.D.,Cucurbits,San Joaquin River,0.95,2718.97765,437.2073532,16.16521809,2719.7702983609074,6252.634758927733,6238.821348414256,19216516.512873635,19222118.59655251,2,Good,82.88941109959711
CENTRAL CALIFORNIA I.D.,Dry Beans,San Joaquin River,0.95,945.675192,1536.60837,1.3,955.1319533973776,2091.929376450111,2107.5665484497,1889072.1399271244,1907962.8802583185,2,Good,82.88941109959711
CENTRAL CALIFORNIA I.D.,Grain,San Joaquin River,0.95,5671.416352,232.9810303,3.79451607,5728.1305727839,2646.605238820064,2666.3885824274,5013817.120281912,5063955.342108897,2,Good,82.88941109959711
CENTRAL CALIFORNIA I.D.,Lettuce,San Joaquin River,0.95,384.1177091,825.6667179,12.01770726,377.04941789301193,1277.610982187625,1250.9659273133084,3811454.4122350886,3741318.438106326,2,Good,82.88941109959711
CENTRAL CALIFORNIA I.D.,Onions & Garlic,San Joaquin River,0.95,388.6026678,1496.923068,5.92805482,376.6106376920832,575.4513941152303,556.2990928518838,3448398.678110282,3341983.297572333,2,Good,82.88941109959711
CENTRAL CALIFORNIA I.D.,Other Deciduous,San Joaquin River,0.95,6308.455812,2039.881954,2.411512797,6261.778570517007,21737.91167369507,21523.126609981402,31032564.89211097,30802950.138758756,2,Good,82.88941109959711
CENTRAL CALIFORNIA I.D.,Pasture,San Joaquin River,0.95,4288.844844,206.6887348,5.0,4331.733335700545,19729.488497961538,19876.9664242966,4432279.572799317,4476602.4132346455,2,Good,82.88941109959711
CENTRAL CALIFORNIA I.D.,Rice,San Joaquin River,0.95,2000.559108,579.0,4.7,1880.9465648692867,9670.541879118597,9069.613510931064,5444121.5006004,5118619.88697879,2,Good,82.88941109959711
CENTRAL CALIFORNIA I.D.,Tomato Processing,San Joaquin River,0.95,8520.581878,96.28659996,49.55284439,8569.705279529788,20276.095208022478,20342.00956005538,40654038.48760269,40888419.740553305,2,Good,82.88941109959711
CENTRAL CALIFORNIA I.D.,Truck Crops,San Joaquin River,0.95,531.3190118,883.1369862,18.44217052,515.7411986913439,1417.4170875649327,1372.4199838064765,8653573.029010959,8399857.764971465,2,Good,82.88941109959711
CENTRAL CALIFORNIA I.D.,Vineyard,San Joaquin River,0.95,107.2820422,1492.427601,10.07028874,104.14031137224013,332.41174649427654,321.8704461747974,1612360.7867282275,1565143.1584536678,2,Good,82.88941109959711
CENTRAL CALIFORNIA I.D.,Alfalfa,San Joaquin River,1.0,19802.72127,275.42882,7.145726841,20000.748682677582,81883.56644557975,82495.64610486027,38974510.25272828,39364255.74883927,2,Good,1.4180146161370312e-09
CENTRAL CALIFORNIA I.D.,Almonds & Pistachios,San Joaquin River,1.0,28538.44605,4767.847432,1.096167772,26655.578981152466,116389.67104976428,108438.9089623728,149152212.7826499,139311670.33678007,2,Good,1.4180146161370312e-09
CENTRAL CALIFORNIA I.D.,Citrus & Subtropical,San Joaquin River,1.0,96.91437253,883.0,6.0,96.2794200172686,314.7261157468393,311.88246595602465,513452.34566393995,510088.3672514891,2,Good,1.4180146161370312e-09
CENTRAL CALIFORNIA I.D.,Corn,San Joaquin River,1.0,26028.98387,63.79287272,25.8602491,26289.273971568833,62881.58097135896,63351.620789289685,42940003.74108541,43369404.21215087,2,Good,1.4180146161370312e-09
CENTRAL CALIFORNIA I.D.,Cotton,San Joaquin River,1.0,24444.64851,3677.344642,0.8,24689.09524193607,88833.01471059621,89497.04149560476,71913117.77905743,72632249.68300904,2,Good,1.4180146161370312e-09
CENTRAL CALIFORNIA I.D.,Cucurbits,San Joaquin River,1.0,2718.97765,437.2073532,16.16521809,2723.886723840901,6252.634758927733,6248.263926792788,19216516.512873635,19251211.648571644,2,Good,1.4180146161370312e-09
CENTRAL CALIFORNIA I.D.,Dry Beans,San Joaquin River,1.0,945.675192,1536.60837,1.3,955.1319534415957,2091.929376450111,2107.5665486989406,1889072.1399271244,1907962.8803466482,2,Good,1.4180146161370312e-09
CENTRAL CALIFORNIA I.D.,Grain,San Joaquin River,1.0,5671.416352,232.9810303,3.79451607,5728.130572785098,2646.605238820064,2666.3885825707193,5013817.120281912,5063955.342109956,2,Good,1.4180146161370312e-09
CENTRAL CALIFORNIA I.D.,Lettuce,San Joaquin River,1.0,384.1177091,825.6667179,12.01770726,380.17316674118257,1277.610982187625,1261.3298300036747,3811454.4122350886,3772314.2137449197,2,Good,1.4180146161370312e-09
CENTRAL CALIFORNIA I.D.,Onions & Garlic,San Joaquin River,1.0,388.6026678,1496.923068,5.92805482,379.2194157255626,575.4513941152303,560.1525712033966,3448398.678110282,3365133.1816764832,2,Good,1.4180146161370312e-09
CENTRAL CALIFORNIA I.D.,Other Deciduous,San Joaquin River,1.0,6308.455812,2039.881954,2.411512797,6322.216632657438,21737.91167369507,21730.865681273062,31032564.89211097,31100257.140855636,2,Good,1.4180146161370312e-09
CENTRAL CALIFORNIA I.D.,Pasture,San Joaquin River,1.0,4288.844844,206.6887348,5.0,4331.733335740511,19729.488497961538,19876.96642462842,4432279.572799317,4476602.413275949,2,Good,1.4180146161370312e-09
CENTRAL CALIFORNIA I.D.,Rice,San Joaquin River,1.0,2000.559108,579.0,4.7,1992.4903867774683,9670.541879118597,9607.459387777824,5444121.5006004,5422164.089537525,2,Good,1.4180146161370312e-09
CENTRAL CALIFORNIA I.D.,Tomato Processing,San Joaquin River,1.0,8520.581878,96.28659996,49.55284439,8605.78778278578,20276.095208022478,20427.65901992659,40654038.48760269,41060579.28283593,2,Good,1.4180146161370312e-09
CENTRAL CALIFORNIA I.D.,Truck Crops,San Joaquin River,1.0,531.3190118,883.1369862,18.44217052,519.0778485513682,1417.4170875649327,1381.299020655316,8653573.029010959,8454201.657425342,2,Good,1.4180146161370312e-09
CENTRAL CALIFORNIA I.D.,Vineyard,San Joaquin River,1.0,107.2820422,1492.427601,10.07028874,104.45482016850075,332.41174649427654,322.8425107087232,1612360.7867282275,1569869.9667784602,2,Good,1.4180146161370312e-09
CITY OF TRACY,Alfalfa,San Joaquin River,0.5,239.8092865,281.0,6.7,16.214425368328808,991.6030922041971,66.87847139629716,451488.94369355,30526.898640952648,2,Good,102.63258873754737
CITY OF TRACY,Almonds & Pistachios,San Joaquin River,0.5,138.3210303,4883.0,1.2,117.39496147709299,570.6433461833709,483.1020720907276,810505.9091458799,687887.5162711741,2,Good,102.63258873754737
CITY OF TRACY,Dry Beans,San Joaquin River,0.5,216.6351777,1752.0,1.3,123.56454485986575,479.21897078074136,272.65395160025315,493408.28072952,281430.6073728302,2,Good,102.63258873754737
CITY OF TRACY,Grain,San Joaquin River,0.5,244.8236702,164.0,2.5,247.27190932111412,114.24864053755783,115.10264786335118,100377.704782,101381.48282165678,2,Good,102.63258873754737
CITY OF TRACY,Other Deciduous,San Joaquin River,0.5,84.02201911,1769.0,2.2,82.06873437205287,289.52619856421677,282.08850589123847,326996.893972298,319395.1004291554,2,Good,102.63258873754737
CITY OF TRACY,Pasture,San Joaquin River,0.5,12.1251035,276.0,5.0,6.686741271782147,55.77774406423437,30.68335971145399,16732.64283,9227.702955059362,2,Good,102.63258873754737
CITY OF TRACY,Alfalfa,San Joaquin River,0.55,239.8092865,281.0,6.7,41.32223257502024,991.6030922041971,170.43883359320932,451488.94369355,77797.36726899061,2,Good,91.66352720392703
CITY OF TRACY,Almonds & Pistachios,San Joaquin River,0.55,138.3210303,4883.0,1.2,118.08279079229403,570.6433461833709,485.93261748359896,810505.9091458799,691917.9209265261,2,Good,91.66352720392703
CITY OF TRACY,Dry Beans,San Joaquin River,0.55,216.6351777,1752.0,1.3,129.8976078793978,479.21897078074136,286.62830532310807,493408.28072952,295854.79170611646,2,Good,91.66352720392703
CITY OF TRACY,Grain,San Joaquin River,0.55,244.8236702,164.0,2.5,247.27190932627855,114.24864053755783,115.10264786573522,100377.704782,101381.4828237742,2,Good,91.66352720392703
CITY OF TRACY,Other Deciduous,San Joaquin River,0.55,84.02201911,1769.0,2.2,82.21549406016563,289.52619856421677,282.59295160373534,326996.893972298,319966.2597833526,2,Good,91.66352720392703
CITY OF TRACY,Pasture,San Joaquin River,0.55,12.1251035,276.0,5.0,7.597937494292669,55.77774406423437,34.86455354705944,16732.64283,10485.153742123883,2,Good,91.66352720392703
CITY OF TRACY,Alfalfa,San Joaquin River,0.6,239.8092865,281.0,6.7,66.35872894845834,991.6030922041971,273.7050651374837,451488.94369355,124933.5789912625,2,Good,80.09320233017218
CITY OF TRACY,Almonds & Pistachios,San Joaquin River,0.6,138.3210303,4883.0,1.2,118.79917403176353,570.6433461833709,488.8806675785734,810505.9091458799,696115.6401565215,2,Good,80.09320233017218
CITY OF TRACY,Dry Beans,San Joaquin River,0.6,216.6351777,1752.0,1.3,136.46049867976274,479.21897078074136,301.10979038112777,493408.28072952,310802.4317930276,2,Good,80.09320233017218
CITY OF TRACY,Grain,San Joaquin River,0.6,244.8236702,164.0,2.5,247.27190933148623,114.24864053755783,115.10264786813491,100377.704782,101381.48282590935,2,Good,80.09320233017218
CITY OF TRACY,Other Deciduous,San Joaquin River,0.6,84.02201911,1769.0,2.2,82.36819066473585,289.52619856421677,283.11780381963024,326996.893972298,320560.524429019,2,Good,80.09320233017218
CITY OF TRACY,Pasture,San Joaquin River,0.6,12.1251035,276.0,5.0,8.432660441297095,55.77774406423437,38.6948354931785,16732.64283,11637.071408989992,2,Good,80.09320233017218
CITY OF TRACY,Alfalfa,San Joaquin River,0.65,239.8092865,281.0,6.7,91.30844821647729,991.6030922041971,376.6133734113884,451488.94369355,171906.41545716178,2,Good,67.89847910487131
CITY OF TRACY,Almonds & Pistachios,San Joaquin River,0.65,138.3210303,4883.0,1.2,119.54431002621617,570.6433461833709,491.9470406009689,810505.9091458799,700481.8390296162,2,Good,67.89847910487131
CITY OF TRACY,Dry Beans,San Joaquin River,0.65,216.6351777,1752.0,1.3,143.25180686697627,479.21897078074136,316.0952946397372,493408.28072952,326270.31532022514,2,Good,67.89847910487131
CITY OF TRACY,Grain,San Joaquin River,0.65,244.8236702,164.0,2.5,247.27190933672594,114.24864053755783,115.10264787054268,100377.704782,101381.48282805763,2,Good,67.89847910487131
CITY OF TRACY,Other Deciduous,San Joaquin River,0.65,84.02201911,1769.0,2.2,82.52685003112188,289.52619856421677,283.6631513752503,326996.893972298,321177.99495112017,2,Good,67.89847910487131
CITY OF TRACY,Pasture,San Joaquin River,0.65,12.1251035,276.0,5.0,9.205292810172285,55.77774406423437,42.24020323957902,16732.64283,12703.304078037752,2,Good,67.89847910487131
CITY OF TRACY,Alfalfa,San Joaquin River,0.7,239.8092865,281.0,6.7,116.15989996682332,991.6030922041971,479.11636474946357,451488.94369355,218694.24366753828,2,Good,55.05442287792821
CITY OF TRACY,Almonds & Pistachios,San Joaquin River,0.7,138.3210303,4883.0,1.2,120.3184205128733,570.6433461833709,495.1326490499932,810505.9091458799,705017.8168372323,2,Good,55.05442287792821
CITY OF TRACY,Dry Beans,San Joaquin River,0.7,216.6351777,1752.0,1.3,150.27029730017168,479.21897078074136,331.5820926823935,493408.28072952,342255.629130871,2,Good,55.05442287792821
CITY OF TRACY,Grain,San Joaquin River,0.7,244.8236702,164.0,2.5,247.2719093383328,114.24864053755783,115.10264788066151,100377.704782,101381.48282871644,2,Good,55.05442287792821
CITY OF TRACY,Other Deciduous,San Joaquin River,0.7,84.02201911,1769.0,2.2,82.69150248493476,289.52619856421677,284.2290985172995,326996.893972298,321818.7893708691,2,Good,55.05442287792821
CITY OF TRACY,Pasture,San Joaquin River,0.7,12.1251035,276.0,5.0,9.926535331974948,55.77774406423437,45.549759096211254,16732.64283,13698.618758125429,2,Good,55.05442287792821
CITY OF TRACY,Alfalfa,San Joaquin River,0.75,239.8092865,281.0,6.7,140.90440514699378,991.6030922041971,581.1782412860098,451488.94369355,265280.7235702452,2,Good,41.53452484887697
CITY OF TRACY,Almonds & Pistachios,San Joaquin River,0.75,138.3210303,4883.0,1.2,121.12173019323693,570.6433461833709,498.43841761045843,810505.9091458799,709724.890240291,2,Good,41.53452484887697
CITY OF TRACY,Dry Beans,San Joaquin River,0.75,216.6351777,1752.0,1.3,157.51473338465038,479.21897078074136,347.5674558714286,493408.28072952,358755.5567568797,2,Good,41.53452484887697
CITY OF TRACY,Grain,San Joaquin River,0.75,244.8236702,164.0,2.5,247.2719093392268,114.24864053755783,115.1026478962542,100377.704782,101381.48282908299,2,Good,41.53452484887697
CITY OF TRACY,Other Deciduous,San Joaquin River,0.75,84.02201911,1769.0,2.2,82.86217860562131,289.52619856421677,284.81575035094653,326996.893972298,322483.026697357,2,Good,41.53452484887697
CITY OF TRACY,Pasture,San Joaquin River,0.75,12.1251035,276.0,5.0,10.604559563999286,55.77774406423437,48.660999774399976,16732.64283,14634.292198319015,2,Good,41.53452484887697
CITY OF TRACY,Alfalfa,San Joaquin River,0.8,239.8092865,281.0,6.7,165.53535028216098,991.6030922041971,682.7717248997419,451488.94369355,311653.4039762245,2,Good,27.310825905782583
CITY OF TRACY,Almonds & Pistachios,San Joaquin River,0.8,138.3210303,4883.0,1.2,121.9544538767035,570.6433461833709,501.8652302642537,810505.9091458799,714604.3179359317,2,Good,27.310825905782583
CITY OF TRACY,Dry Beans,San Joaquin River,0.8,216.6351777,1752.0,1.3,164.98376931294885,479.21897078074136,364.0484145885754,493408.28072952,375767.0329871723,2,Good,27.310825905782583
CITY OF TRACY,Grain,San Joaquin River,0.8,244.8236702,164.0,2.5,247.27190934012114,114.24864053755783,115.10264791903256,100377.704782,101381.48282944967,2,Good,27.310825905782583
CITY OF TRACY,Other Deciduous,San Joaquin River,0.8,84.02201911,1769.0,2.2,83.03890652457528,289.52619856421677,285.42320357335757,326996.893972298,323170.8164123421,2,Good,27.310825905782583
CITY OF TRACY,Pasture,San Joaquin River,0.8,12.1251035,276.0,5.0,11.245743588946041,55.77774406423437,51.603192297770136,16732.64283,15519.126152745537,2,Good,27.310825905782583
CITY OF TRACY,Alfalfa,San Joaquin River,0.85,239.8092865,281.0,6.7,190.0476909060512,991.6030922041971,783.8760090513553,451488.94369355,357802.7876688226,2,Good,12.353979093597946
CITY OF TRACY,Almonds & Pistachios,San Joaquin River,0.85,138.3210303,4883.0,1.2,122.81678790977897,570.6433461833709,505.4138950201423,810505.9091458799,719657.2504361408,2,Good,12.353979093597946
CITY OF TRACY,Dry Beans,San Joaquin River,0.85,216.6351777,1752.0,1.3,172.67588406854395,479.21897078074136,381.021612609921,493408.28072952,393286.5935545157,2,Good,12.353979093597946
CITY OF TRACY,Grain,San Joaquin River,0.85,244.8236702,164.0,2.5,247.27190934101407,114.24864053755783,115.10264795559067,100377.704782,101381.48282981577,2,Good,12.353979093597946
CITY OF TRACY,Other Deciduous,San Joaquin River,0.85,84.02201911,1769.0,2.2,83.22171015401688,289.52619856421677,286.05154038901645,326996.893972298,323882.2515774029,2,Good,12.353979093597946
CITY OF TRACY,Pasture,San Joaquin River,0.85,12.1251035,276.0,5.0,11.855159077729171,55.77774406423437,54.39960898110965,16732.64283,16360.119527266255,2,Good,12.353979093597946
CITY OF TRACY,Alfalfa,San Joaquin River,0.9,239.8092865,281.0,6.7,209.3253477990217,991.6030922041971,863.3891706355167,451488.94369355,394096.8323012182,2,Good,3.420596120402171e-07
CITY OF TRACY,Almonds & Pistachios,San Joaquin River,0.9,138.3210303,4883.0,1.2,123.51905646090962,570.6433461833709,508.3038605991796,810505.9091458799,723772.263238346,2,Good,3.420596120402171e-07
CITY OF TRACY,Dry Beans,San Joaquin River,0.9,216.6351777,1752.0,1.3,178.90902432796992,479.21897078074136,394.7754797125247,493408.28072952,407483.19380938425,2,Good,3.420596120402171e-07
CITY OF TRACY,Grain,San Joaquin River,0.9,244.8236702,164.0,2.5,247.27190934171787,114.24864053755783,115.10264800522914,100377.704782,101381.48283010433,2,Good,3.420596120402171e-07
CITY OF TRACY,Other Deciduous,San Joaquin River,0.9,84.02201911,1769.0,2.2,83.3704278556404,289.52619856421677,286.5627163159253,326996.893972298,324461.0311285813,2,Good,3.420596120402171e-07
CITY OF TRACY,Pasture,San Joaquin River,0.9,12.1251035,276.0,5.0,12.24635358921173,55.77774406423437,56.19467801806553,16732.64283,16899.967953112187,2,Good,3.420596120402171e-07
CITY OF TRACY,Alfalfa,San Joaquin River,0.95,239.8092865,281.0,6.7,209.3253482300032,991.6030922041971,863.3891724131507,451488.94369355,394096.83311262704,2,Good,5.986026064373237e-08
CITY OF TRACY,Almonds & Pistachios,San Joaquin River,0.95,138.3210303,4883.0,1.2,123.51905647685014,570.6433461833709,508.3038606647739,810505.9091458799,723772.263331751,2,Good,5.986026064373237e-08
CITY OF TRACY,Dry Beans,San Joaquin River,0.95,216.6351777,1752.0,1.3,178.9090244691419,479.21897078074136,394.7754800240263,493408.28072952,407483.1941309176,2,Good,5.986026064373237e-08
CITY OF TRACY,Grain,San Joaquin River,0.95,244.8236702,164.0,2.5,247.27190934171782,114.24864053755783,115.10264800522496,100377.704782,101381.4828301043,2,Good,5.986026064373237e-08
CITY OF TRACY,Other Deciduous,San Joaquin River,0.95,84.02201911,1769.0,2.2,83.3704278590153,289.52619856421677,286.5627163275159,326996.893972298,324461.03114171576,2,Good,5.986026064373237e-08
CITY OF TRACY,Pasture,San Joaquin River,0.95,12.1251035,276.0,5.0,12.246353636133627,55.77774406423437,56.19467823337101,16732.64283,16899.968017864405,2,Good,5.986026064373237e-08
CITY OF TRACY,Alfalfa,San Joaquin River,1.0,239.8092865,281.0,6.7,209.32534827132918,991.6030922041971,863.3891725836056,451488.94369355,394096.83319043147,2,Good,3.2786388039048673e-08
CITY OF TRACY,Almonds & Pistachios,San Joaquin River,1.0,138.3210303,4883.0,1.2,123.51905647837863,570.6433461833709,508.30386067106423,810505.9091458799,723772.2633407074,2,Good,3.2786388039048673e-08
CITY OF TRACY,Dry Beans,San Joaquin River,1.0,216.6351777,1752.0,1.3,178.90902448267303,479.21897078074136,394.7754800538843,493408.28072952,407483.19416173606,2,Good,3.2786388039048673e-08
CITY OF TRACY,Grain,San Joaquin River,1.0,244.8236702,164.0,2.5,247.27190934171784,114.24864053755783,115.10264800522546,100377.704782,101381.48283010432,2,Good,3.2786388039048673e-08
CITY OF TRACY,Other Deciduous,San Joaquin River,1.0,84.02201911,1769.0,2.2,83.37042785933816,289.52619856421677,286.5627163286283,326996.893972298,324461.0311429723,2,Good,3.2786388039048673e-08
CITY OF TRACY,Pasture,San Joaquin River,1.0,12.1251035,276.0,5.0,12.246344073780332,55.77774406423437,56.19463435473012,16732.64283,16899.954821816857,2,Good,3.2786388039048673e-08
COLUMBIA CANAL CO.,Corn,San Joaquin River,0.5,29.13194869,71.0,27.3,6.182541732834451e-21,70.37781419178042,6.182541732831021e-08,56466.456145827004,1.1983620640753015e-17,8,Good,641.152917395702
COLUMBIA CANAL CO.,Cotton,San Joaquin River,0.5,195.569537,2718.0,0.7,6.18254181557969e-21,710.7089942470803,6.182541815577147e-08,372090.6010962,1.1762904058321917e-17,8,Good,641.152917395702
COLUMBIA CANAL CO.,Pasture,San Joaquin River,0.5,27.51344268,149.0,5.0,6.1825418155724555e-21,126.56698263491297,6.182541815571025e-08,20497.5147966,4.605993652601479e-18,8,Good,641.152917395702
COLUMBIA CANAL CO.,Truck Crops,San Joaquin River,0.5,1.6301472,941.0,19.4,1.5037961068393944,4.348796947239466,4.0016967274731545,29758.989194879996,27452.399448795877,8,Good,641.152917395702
COLUMBIA CANAL CO.,Vineyard,San Joaquin River,0.5,31.56846022,1652.208451,11.31279551,30.014362413668074,97.81438515406349,92.76653871878538,590049.1314686832,561001.3396393376,8,Good,641.152917395702
COLUMBIA CANAL CO.,Almonds & Pistachios,San Joaquin River,0.5,4087.135164,4951.401467,1.214490545,2154.6886078960097,16127.121367327929,8480.769693060542,24577702.297127858,12957069.688894926,8,Good,641.152917395702
COLUMBIA CANAL CO.,Grain,Tulare Lake,0.5,174.3007144,298.1934098,2.9,74.43766773944502,122.54457280738447,52.20361418290528,150728.44063678468,64370.78368627524,8,Good,641.152917395702
COLUMBIA CANAL CO.,Corn,San Joaquin River,0.55,29.13194869,71.0,27.3,6.149457308762128e-08,70.37781419178042,1.639786930935439e-07,56466.456145827004,0.00011919493101573632,2,Good,583.51612503484
COLUMBIA CANAL CO.,Cotton,San Joaquin River,0.55,195.569537,2718.0,0.7,4.349917399235604e-22,710.7089942470803,4.349917399236732e-09,372090.6010962,8.2761528437856605e-19,2,Good,583.51612503484
COLUMBIA CANAL CO.,Pasture,San Joaquin River,0.55,27.51344268,149.0,5.0,4.349925332123977e-22,126.56698263491297,4.349925332125663e-09,20497.5147966,3.240694372432363e-19,2,Good,583.51612503484
COLUMBIA CANAL CO.,Truck Crops,San Joaquin River,0.55,1.6301472,941.0,19.4,1.5107930761486776,4.348796947239466,4.020316046045176,29758.989194879996,27580.131922324566,2,Good,583.51612503484
COLUMBIA CANAL CO.,Vineyard,San Joaquin River,0.55,31.56846022,1652.208451,11.31279551,30.07318134381329,97.81438515406349,92.94833257894284,590049.1314686832,562100.7299296538,2,Good,583.51612503484
COLUMBIA CANAL CO.,Almonds & Pistachios,San Joaquin River,0.55,4087.135164,4951.401467,1.214490545,2368.243740031254,16127.121367327929,9321.314301516953,24577702.297127858,14241268.583973072,2,Good,583.51612503484
COLUMBIA CANAL CO.,Grain,Tulare Lake,0.55,174.3007144,298.1934098,2.9,106.13441573621927,122.54457280738447,74.4327469176726,150728.44063678468,91780.89164399059,2,Good,583.51612503484
COLUMBIA CANAL CO.,Corn,San Joaquin River,0.6,29.13194869,71.0,27.3,6.378052774283932,70.37781419178042,15.369765743227562,56466.456145827004,12362.579692394545,7,Good,518.9129726229366
COLUMBIA CANAL CO.,Cotton,San Joaquin River,0.6,195.569537,2718.0,0.7,6.1655739912949156e-21,710.7089942470803,6.165573991295205e-08,372090.6010962,1.1730621075837706e-17,7,Good,518.9129726229366
COLUMBIA CANAL CO.,Pasture,San Joaquin River,0.6,27.51344268,149.0,5.0,6.165574701835581e-21,126.56698263491297,6.165574701837093e-08,20497.5147966,4.593353152867508e-18,7,Good,518.9129726229366
COLUMBIA CANAL CO.,Truck Crops,San Joaquin River,0.6,1.6301472,941.0,19.4,1.518549629204686,4.348796947239466,4.040956785086977,29758.989194879996,27721.730900983224,7,Good,518.9129726229366
COLUMBIA CANAL CO.,Vineyard,San Joaquin River,0.6,31.56846022,1652.208451,11.31279551,30.138122747195133,97.81438515406349,93.14904951836094,590049.1314686832,563314.555957112,7,Good,518.9129726229366
COLUMBIA CANAL CO.,Almonds & Pistachios,San Joaquin River,0.6,4087.135164,4951.401467,1.214490545,2578.5146666589876,16127.121367327929,10148.932406263626,24577702.297127858,15505718.13825203,7,Good,518.9129726229366
COLUMBIA CANAL CO.,Grain,Tulare Lake,0.6,174.3007144,298.1934098,2.9,134.3174210491008,122.54457280738447,94.19766947405924,150728.44063678468,116152.45235670361,7,Good,518.9129726229366
COLUMBIA CANAL CO.,Corn,San Joaquin River,0.65,29.13194869,71.0,27.3,15.454103342647253,70.37781419178042,37.2411385779977,56466.456145827004,29954.68850905317,6,Good,445.90451241742676
COLUMBIA CANAL CO.,Cotton,San Joaquin River,0.65,195.569537,2718.0,0.7,3.00672722396835e-18,710.7089942470803,8.331974962005973e-09,372090.6010962,5.720599216322182e-15,6,Good,445.90451241742676
COLUMBIA CANAL CO.,Pasture,San Joaquin River,0.65,27.51344268,149.0,5.0,2.3730450848705303e-18,126.56698263491297,8.33197494884697e-09,20497.5147966,1.767918588228545e-15,6,Good,445.90451241742676
COLUMBIA CANAL CO.,Truck Crops,San Joaquin River,0.65,1.6301472,941.0,19.4,1.5272083844875184,4.348796947239466,4.063998225266812,29758.989194879996,27879.79994217344,6,Good,445.90451241742676
COLUMBIA CANAL CO.,Vineyard,San Joaquin River,0.65,31.56846022,1652.208451,11.31279551,30.2102974506823,97.81438515406349,93.37212258240967,590049.1314686832,564663.5802937387,6,Good,445.90451241742676
COLUMBIA CANAL CO.,Almonds & Pistachios,San Joaquin River,0.65,4087.135164,4951.401467,1.214490545,2787.5449105899866,16127.121367327929,10971.667232556027,24577702.297127858,16762706.933651727,6,Good,445.90451241742676
COLUMBIA CANAL CO.,Grain,Tulare Lake,0.65,174.3007144,298.1934098,2.9,160.15752716183775,122.54457280738447,112.31950167300069,150728.44063678468,138497.96547562108,6,Good,445.90451241742676
COLUMBIA CANAL CO.,Corn,San Joaquin River,0.7,29.13194869,71.0,27.3,20.346576588156587,70.37781419178042,49.03097005867247,56466.456145827004,39437.76940082391,6,Good,361.10660852462064
COLUMBIA CANAL CO.,Cotton,San Joaquin River,0.7,195.569537,2718.0,0.7,3.2742658125016047e-14,710.7089942470803,1.2113578031015545e-08,372090.6010962,6.229618134865552e-11,6,Good,361.10660852462064
COLUMBIA CANAL CO.,Pasture,San Joaquin River,0.7,27.51344268,149.0,5.0,3.559783977297795e-18,126.56698263491297,1.211326432620018e-08,20497.5147966,2.6520390630868575e-15,6,Good,361.10660852462064
COLUMBIA CANAL CO.,Truck Crops,San Joaquin River,0.7,1.6301472,941.0,19.4,1.5371265279801039,4.348796947239466,4.0903910373483825,29758.989194879996,28060.859618887986,6,Good,361.10660852462064
COLUMBIA CANAL CO.,Vineyard,San Joaquin River,0.7,31.56846022,1652.208451,11.31279551,30.29256401659725,97.81438515406349,93.62638701023388,590049.1314686832,566201.2326033143,6,Good,361.10660852462064
COLUMBIA CANAL CO.,Almonds & Pistachios,San Joaquin River,0.7,4087.135164,4951.401467,1.214490545,3000.9013510527557,16127.121367327929,11811.429798459094,24577702.297127858,18045711.010212976,6,Good,361.10660852462064
COLUMBIA CANAL CO.,Grain,Tulare Lake,0.7,174.3007144,298.1934098,2.9,176.04372290045555,122.54457280738447,123.46059270252064,150728.44063678468,152235.72621616223,6,Good,361.10660852462064
COLUMBIA CANAL CO.,Corn,San Joaquin River,0.75,29.13194869,71.0,27.3,23.51905198448742,70.37781419178042,56.675968496143845,56466.456145827004,45586.978461531966,2,Good,274.53697009416504
COLUMBIA CANAL CO.,Cotton,San Joaquin River,0.75,195.569537,2718.0,0.7,26.950850059203248,710.7089942470803,97.69581765426986,372090.6010962,51276.68732264009,2,Good,274.53697009416504
COLUMBIA CANAL CO.,Pasture,San Joaquin River,0.75,27.51344268,149.0,5.0,3.6407672863127844e-17,126.56698263491297,1.8011937044673546e-08,20497.5147966,2.7123716283030244e-14,2,Good,274.53697009416504
COLUMBIA CANAL CO.,Truck Crops,San Joaquin River,0.75,1.6301472,941.0,19.4,1.5471023197590843,4.348796947239466,4.116937257779536,29758.989194879996,28242.971688129983,2,Good,274.53697009416504
COLUMBIA CANAL CO.,Vineyard,San Joaquin River,0.75,31.56846022,1652.208451,11.31279551,30.37488210468686,97.81438515406349,93.8808106819204,590049.1314686832,567739.8479188203,2,Good,274.53697009416504
COLUMBIA CANAL CO.,Almonds & Pistachios,San Joaquin River,0.75,4087.135164,4951.401467,1.214490545,3193.3200300369126,16127.121367327929,12568.782157926165,24577702.297127858,19202807.318192873,2,Good,274.53697009416504
COLUMBIA CANAL CO.,Grain,Tulare Lake,0.75,174.3007144,298.1934098,2.9,176.0437231951913,122.54457280738447,123.46059291538548,150728.44063678468,152235.72647103816,2,Good,274.53697009416504
COLUMBIA CANAL CO.,Corn,San Joaquin River,0.8,29.13194869,71.0,27.3,25.525538090510636,70.37781419178042,61.51117799169325,56466.456145827004,49476.15048083677,2,Good,201.14414206180618
COLUMBIA CANAL CO.,Cotton,San Joaquin River,0.8,195.569537,2718.0,0.7,103.9209133920276,710.7089942470803,376.7094017778448,372090.6010962,197719.9298196717,2,Good,201.14414206180618
COLUMBIA CANAL CO.,Pasture,San Joaquin River,0.8,27.51344268,149.0,5.0,2.619797386583562e-21,126.56698263491297,2.619797386583643e-08,20497.5147966,1.951749053004754e-18,2,Good,201.14414206180618
COLUMBIA CANAL CO.,Truck Crops,San Joaquin River,0.8,1.6301472,941.0,19.4,1.5554446070747272,4.348796947239466,4.13913662253323,29758.989194879996,28395.263479991972,2,Good,201.14414206180618
COLUMBIA CANAL CO.,Vineyard,San Joaquin River,0.8,31.56846022,1652.208451,11.31279551,30.44340006579173,97.81438515406349,94.09258177556204,590049.1314686832,569020.5237312668,2,Good,201.14414206180618
COLUMBIA CANAL CO.,Almonds & Pistachios,San Joaquin River,0.8,4087.135164,4951.401467,1.214490545,3340.3975607478487,16127.121367327929,13147.673539455955,24577702.297127858,20087247.79284366,2,Good,201.14414206180618
COLUMBIA CANAL CO.,Grain,Tulare Lake,0.8,174.3007144,298.1934098,2.9,176.04372323694014,122.54457280738447,123.46059295332776,150728.44063678468,152235.72650714093,2,Good,201.14414206180618
COLUMBIA CANAL CO.,Corn,San Joaquin River,0.85,29.13194869,71.0,27.3,27.497222796953665,70.37781419178042,66.26252346140784,56466.456145827004,53297.866947335286,2,Good,110.59881879038565
COLUMBIA CANAL CO.,Cotton,San Joaquin River,0.85,195.569537,2718.0,0.7,161.52467966147805,710.7089942470803,585.5208875980962,372090.6010962,307316.8555239281,2,Good,110.59881879038565
COLUMBIA CANAL CO.,Pasture,San Joaquin River,0.85,27.51344268,149.0,5.0,1.3681804605595558e-08,126.56698263491297,1.539651933223963e-07,20497.5147966,1.019294443116869e-05,2,Good,110.59881879038565
COLUMBIA CANAL CO.,Truck Crops,San Joaquin River,0.85,1.6301472,941.0,19.4,1.5655951038550389,4.348796947239466,4.166147779860799,29758.989194879996,28580.564858915273,2,Good,110.59881879038565
COLUMBIA CANAL CO.,Vineyard,San Joaquin River,0.85,31.56846022,1652.208451,11.31279551,30.526384662468303,97.81438515406349,94.34906548111198,590049.1314686832,570571.5968229873,2,Good,110.59881879038565
COLUMBIA CANAL CO.,Almonds & Pistachios,San Joaquin River,0.85,4087.135164,4951.401467,1.214490545,3505.3198930173676,16127.121367327929,13796.801358742121,24577702.297127858,21078996.737280633,2,Good,110.59881879038565
COLUMBIA CANAL CO.,Grain,Tulare Lake,0.85,174.3007144,298.1934098,2.9,176.0437232483479,122.54457280738447,123.46059299675622,150728.44063678468,152235.7265170059,2,Good,110.59881879038565
COLUMBIA CANAL CO.,Corn,San Joaquin River,0.9,29.13194869,71.0,27.3,29.133928625192475,70.37781419178042,70.20664034578463,56466.456145827004,56470.29385421057,2,Good,18.26356634945078
COLUMBIA CANAL CO.,Cotton,San Joaquin River,0.9,195.569537,2718.0,0.7,197.52523412887206,710.7089942470803,716.0215433691828,372090.6010962,375811.51045359194,2,Good,18.26356634945078
COLUMBIA CANAL CO.,Pasture,San Joaquin River,0.9,27.51344268,149.0,5.0,27.788577346640388,126.56698263491297,127.51307081989269,20497.5147966,20702.490123247087,2,Good,18.26356634945078
COLUMBIA CANAL CO.,Truck Crops,San Joaquin River,0.9,1.6301472,941.0,19.4,1.5757899335429582,4.348796947239466,4.193277041710595,29758.989194879996,28766.675552800116,2,Good,18.26356634945078
COLUMBIA CANAL CO.,Vineyard,San Joaquin River,0.9,31.56846022,1652.208451,11.31279551,30.609316485280864,97.81438515406349,94.60538613347228,590049.1314686832,572121.6835133311,2,Good,18.26356634945078
COLUMBIA CANAL CO.,Almonds & Pistachios,San Joaquin River,0.9,4087.135164,4951.401467,1.214490545,3657.946633168087,16127.121367327929,14397.534210649093,24577702.297127858,21996806.995929927,2,Good,18.26356634945078
COLUMBIA CANAL CO.,Grain,Tulare Lake,0.9,174.3007144,298.1934098,2.9,176.0437232680234,122.54457280738447,123.46059309636293,150728.44063678468,152235.72653402053,2,Good,18.26356634945078
COLUMBIA CANAL CO.,Corn,San Joaquin River,0.95,29.13194869,71.0,27.3,29.42292986244175,70.37781419178042,70.90307260397553,56466.456145827004,57030.46495237084,2,Good,1.2034085125706508e-08
COLUMBIA CANAL CO.,Cotton,San Joaquin River,0.95,195.569537,2718.0,0.7,197.52523426309017,710.7089942470803,716.0215439296334,372090.6010962,375811.51070895535,2,Good,1.2034085125706508e-08
COLUMBIA CANAL CO.,Pasture,San Joaquin River,0.95,27.51344268,149.0,5.0,27.788577357590867,126.56698263491297,127.5130709331877,20497.5147966,20702.490131405197,2,Good,1.2034085125706508e-08
COLUMBIA CANAL CO.,Truck Crops,San Joaquin River,0.95,1.6301472,941.0,19.4,1.5777881384897618,4.348796947239466,4.198594531812163,29758.989194879996,28803.153583385996,2,Good,1.2034085125706508e-08
COLUMBIA CANAL CO.,Vineyard,San Joaquin River,0.95,31.56846022,1652.208451,11.31279551,30.62552339027862,97.81438515406349,94.65547750186454,590049.1314686832,572424.6083361155,2,Good,1.2034085125706508e-08
COLUMBIA CANAL CO.,Almonds & Pistachios,San Joaquin River,0.95,4087.135164,4951.401467,1.214490545,3686.518119740393,16127.121367327929,14509.990459148117,24577702.297127858,22168619.638033323,2,Good,1.2034085125706508e-08
COLUMBIA CANAL CO.,Grain,Tulare Lake,0.95,174.3007144,298.1934098,2.9,176.04372327146922,122.54457280738447,123.46059315616863,150728.44063678468,152235.72653700033,2,Good,1.2034085125706508e-08
COLUMBIA CANAL CO.,Corn,San Joaquin River,1.0,29.13194869,71.0,27.3,29.42301295845449,70.37781419178042,70.90327284788845,56466.456145827004,57030.626017372335,2,Good,5.546024998910368e-09
COLUMBIA CANAL CO.,Cotton,San Joaquin River,1.0,195.569537,2718.0,0.7,197.52523426309017,710.7089942470803,716.0215439296334,372090.6010962,375811.51070895535,2,Good,5.546024998910368e-09
COLUMBIA CANAL CO.,Pasture,San Joaquin River,1.0,27.51344268,149.0,5.0,27.788577357590867,126.56698263491297,127.51307093318773,20497.5147966,20702.490131405197,2,Good,5.546024998910368e-09
COLUMBIA CANAL CO.,Truck Crops,San Joaquin River,1.0,1.6301472,941.0,19.4,1.5777881384904706,4.348796947239466,4.19859453181405,29758.989194879996,28803.153583398933,2,Good,5.546024998910368e-09
COLUMBIA CANAL CO.,Vineyard,San Joaquin River,1.0,31.56846022,1652.208451,11.31279551,30.625523390284364,97.81438515406349,94.6554775018823,590049.1314686832,572424.6083362228,2,Good,5.546024998910368e-09
COLUMBIA CANAL CO.,Almonds & Pistachios,San Joaquin River,1.0,4087.135164,4951.401467,1.214490545,3686.518119750453,16127.121367327929,14509.99045918771,24577702.297127858,22168619.638093814,2,Good,5.546024998910368e-09
COLUMBIA CANAL CO.,Grain,Tulare Lake,1.0,174.3007144,298.1934098,2.9,176.04372327146922,122.54457280738447,123.46059315616863,150728.44063678468,152235.72653700033,2,Good,5.546024998910368e-09
DEL PUERTO WATER DISTRICT,Alfalfa,San Joaquin River,0.5,221.5665338,282.0,6.8,1.241125077051393e-18,916.169941755136,3.1384994746184506e-09,424875.98521487997,2.379981447753751e-15,3,Good,641.9290226306917
DEL PUERTO WATER DISTRICT,Almonds & Pistachios,San Joaquin River,0.5,12950.42778,4814.53711,1.102171091,5337.242864535629,53382.043727976044,21945.270970012774,68720714.85894491,28321778.342575442,3,Good,641.9290226306917
DEL PUERTO WATER DISTRICT,Citrus & Subtropical,San Joaquin River,0.5,726.9274325,913.5,3.9,594.1648740209127,2360.6720168334946,1924.7062966307722,2589788.017396125,2116801.488430605,3,Good,641.9290226306917
DEL PUERTO WATER DISTRICT,Corn,San Joaquin River,0.5,354.5718744,68.49940443,26.84994044,1.251167567083598e-18,856.5851107214244,3.1384994782438216e-09,652130.3391241422,2.301153556536448e-15,3,Good,641.9290226306917
DEL PUERTO WATER DISTRICT,Cucurbits,San Joaquin River,0.5,397.8931947,507.0,13.6,393.21864864633994,915.0059837829193,901.995621192792,2743553.1560954396,2711321.226146243,3,Good,641.9290226306917
DEL PUERTO WATER DISTRICT,Dry Beans,San Joaquin River,0.5,857.710369,1674.192022,1.3,1.3776106072246591e-18,1897.3422720355811,3.138499476401618e-09,1866763.414056419,2.9983000944495295e-15,3,Good,641.9290226306917
DEL PUERTO WATER DISTRICT,Grain,San Joaquin River,0.5,2251.452928,196.1962307,4.091278634,2273.9674799848426,1050.6559110406804,1058.5095518182052,1807226.5109362276,1825298.7942706184,3,Good,641.9290226306917
DEL PUERTO WATER DISTRICT,Lettuce,San Joaquin River,0.5,151.2744347,898.0,10.5,138.34904664254785,503.15274333428215,459.01129986297826,1426366.6447863,1304493.1607925836,3,Good,641.9290226306917
DEL PUERTO WATER DISTRICT,Onions & Garlic,San Joaquin River,0.5,183.5599741,1186.0,5.6,167.51750466528247,271.81965475842924,247.44345099947984,1219131.92398256,1112584.25898494,3,Good,641.9290226306917
DEL PUERTO WATER DISTRICT,Other Deciduous,San Joaquin River,0.5,1666.210439,3913.054303,3.386026932,1595.1649296093624,5741.489903737268,5482.9368935839475,22076800.544201907,21135468.342898652,3,Good,641.9290226306917
DEL PUERTO WATER DISTRICT,Pasture,San Joaquin River,0.5,15.9755367,233.7674522,5.0,1.1695002592392035e-18,73.49045699621313,3.1384994734991243e-09,18672.80255943298,1.3669554797479407e-15,3,Good,641.9290226306917
DEL PUERTO WATER DISTRICT,Tomato Processing,San Joaquin River,0.5,1717.722813,99.84747344,50.20848406,1211.9446918683518,4087.5977481429222,2876.8072768090174,8611271.307535792,6075709.34752803,3,Good,641.9290226306917
DEL PUERTO WATER DISTRICT,Truck Crops,San Joaquin River,0.5,48.43551713,837.0086212,18.74292924,44.73719685595062,129.2130115813522,119.04851336986529,759856.0711440248,701836.8472400258,3,Good,641.9290226306917
DEL PUERTO WATER DISTRICT,Vineyard,San Joaquin River,0.5,772.4922471,1659.744887,10.99858551,735.6388342008863,2393.5552655969036,2273.6670998397735,14101727.056795271,13428973.677372158,3,Good,641.9290226306917
DEL PUERTO WATER DISTRICT,Alfalfa,San Joaquin River,0.55,221.5665338,282.0,6.8,3.0147928170733765e-18,916.169941755136,4.023013526207448e-09,424875.98521487997,5.781166706019906e-15,13,Good,598.2849847452446
DEL PUERTO WATER DISTRICT,Almonds & Pistachios,San Joaquin River,0.55,12950.42778,4814.53711,1.102171091,6197.024617866864,53382.043727976044,25480.456463873878,68720714.85894491,32884161.74143483,13,Good,598.2849847452446
DEL PUERTO WATER DISTRICT,Citrus & Subtropical,San Joaquin River,0.55,726.9274325,913.5,3.9,612.9394018715382,2360.6720168334946,1985.5235100855582,2589788.017396125,2183688.5600776356,13,Good,598.2849847452446
DEL PUERTO WATER DISTRICT,Corn,San Joaquin River,0.55,354.5718744,68.49940443,26.84994044,2.367733353134388e-18,856.5851107214244,4.023013525825549e-09,652130.3391241422,4.354746853928894e-15,13,Good,598.2849847452446
DEL PUERTO WATER DISTRICT,Cucurbits,San Joaquin River,0.55,397.8931947,507.0,13.6,393.63409502194224,915.0059837829193,902.9486045095808,2743553.1560954396,2714185.8119952963,13,Good,598.2849847452446
DEL PUERTO WATER DISTRICT,Dry Beans,San Joaquin River,0.55,857.710369,1674.192022,1.3,7.718820227193835e-18,1897.3422720355811,4.023013573408174e-09,1866763.414056419,1.6799623416706187e-14,13,Good,598.2849847452446
DEL PUERTO WATER DISTRICT,Grain,San Joaquin River,0.55,2251.452928,196.1962307,4.091278634,2273.967479987358,1050.6559110406804,1058.5095518202816,1807226.5109362276,1825298.7942726372,13,Good,598.2849847452446
DEL PUERTO WATER DISTRICT,Lettuce,San Joaquin River,0.55,151.2744347,898.0,10.5,139.2468229138251,503.15274333428215,461.98992142478346,1426366.6447863,1312958.293254457,13,Good,598.2849847452446
DEL PUERTO WATER DISTRICT,Onions & Garlic,San Joaquin River,0.55,183.5599741,1186.0,5.6,168.5477390394673,271.81965475842924,248.96523076536016,1219131.92398256,1119426.6636045258,13,Good,598.2849847452446
DEL PUERTO WATER DISTRICT,Other Deciduous,San Joaquin River,0.55,1666.210439,3913.054303,3.386026932,1598.80201920742,5741.489903737268,5495.43838002823,22076800.544201907,21183658.715337984,13,Good,598.2849847452446
DEL PUERTO WATER DISTRICT,Pasture,San Joaquin River,0.55,15.9755367,233.7674522,5.0,1.2051089100311447e-18,73.49045699621313,4.0230135082964164e-09,18672.80255943298,1.4085761976074989e-15,13,Good,598.2849847452446
DEL PUERTO WATER DISTRICT,Tomato Processing,San Joaquin River,0.55,1717.722813,99.84747344,50.20848406,1258.7130524120855,4087.5977481429222,2987.8218807260846,8611271.307535792,6310168.037953971,13,Good,598.2849847452446
DEL PUERTO WATER DISTRICT,Truck Crops,San Joaquin River,0.55,48.43551713,837.0086212,18.74292924,44.92436030474627,129.2130115813522,119.54656715827039,759856.0711440248,704773.0661820455,13,Good,598.2849847452446
DEL PUERTO WATER DISTRICT,Vineyard,San Joaquin River,0.55,772.4922471,1659.744887,10.99858551,736.7613657744856,2393.5552655969036,2277.1365511376443,14101727.056795271,13449465.318450704,13,Good,598.2849847452446
DEL PUERTO WATER DISTRICT,Alfalfa,San Joaquin River,0.6,221.5665338,282.0,6.8,5.227397041146137e-22,916.169941755136,5.2273970411477474e-09,424875.98521487997,1.0024056566101831e-18,2,Good,547.0100514450921
DEL PUERTO WATER DISTRICT,Almonds & Pistachios,San Joaquin River,0.6,12950.42778,4814.53711,1.102171091,7052.979697908944,53382.043727976044,28999.907732335494,68720714.85894491,37426239.11423627,2,Good,547.0100514450921
DEL PUERTO WATER DISTRICT,Citrus & Subtropical,San Joaquin River,0.6,726.9274325,913.5,3.9,631.0845579327774,2360.6720168334946,2044.3019698228013,2589788.017396125,2248333.40031921,2,Good,547.0100514450921
DEL PUERTO WATER DISTRICT,Corn,San Joaquin River,0.6,354.5718744,68.49940443,26.84994044,9.161125724186895e-08,856.5851107214244,2.3718340237423966e-07,652130.3391241422,0.00016849187588221474,2,Good,547.0100514450921
DEL PUERTO WATER DISTRICT,Cucurbits,San Joaquin River,0.6,397.8931947,507.0,13.6,394.11134833085293,915.0059837829193,904.0433653934732,2743553.1560954396,2717476.569010897,2,Good,547.0100514450921
DEL PUERTO WATER DISTRICT,Dry Beans,San Joaquin River,0.6,857.710369,1674.192022,1.3,1.2885853758047382e-21,1897.3422720355811,5.227397041154727e-09,1866763.414056419,2.8045411625896136e-18,2,Good,547.0100514450921
DEL PUERTO WATER DISTRICT,Grain,San Joaquin River,0.6,2251.452928,196.1962307,4.091278634,2273.9674799898853,1050.6559110406804,1058.5095518226935,1807226.5109362276,1825298.7942746659,2,Good,547.0100514450921
DEL PUERTO WATER DISTRICT,Lettuce,San Joaquin River,0.6,151.2744347,898.0,10.5,140.2750437860741,503.15274333428215,465.4013290978928,1426366.6447863,1322653.3878588926,2,Good,547.0100514450921
DEL PUERTO WATER DISTRICT,Onions & Garlic,San Joaquin River,0.6,183.5599741,1186.0,5.6,169.74035727144644,271.81965475842924,250.7268709702759,1219131.92398256,1127347.5568540385,2,Good,547.0100514450921
DEL PUERTO WATER DISTRICT,Other Deciduous,San Joaquin River,0.6,1666.210439,3913.054303,3.386026932,1602.9984440642766,5741.489903737268,5509.862426246721,22076800.544201907,21239260.116214547,2,Good,547.0100514450921
DEL PUERTO WATER DISTRICT,Pasture,San Joaquin River,0.6,15.9755367,233.7674522,5.0,5.227397041145759e-22,73.49045699621313,5.227397041147627e-09,18672.80255943298,6.109976439732313e-19,2,Good,547.0100514450921
DEL PUERTO WATER DISTRICT,Tomato Processing,San Joaquin River,0.6,1717.722813,99.84747344,50.20848406,1311.5466694779866,4087.5977481429222,3113.233654923363,8611271.307535792,6575033.013414321,2,Good,547.0100514450921
DEL PUERTO WATER DISTRICT,Truck Crops,San Joaquin River,0.6,48.43551713,837.0086212,18.74292924,45.14201801613943,129.2130115813522,120.12576811053883,759856.0711440248,708187.6789132259,2,Good,547.0100514450921
DEL PUERTO WATER DISTRICT,Vineyard,San Joaquin River,0.6,772.4922471,1659.744887,10.99858551,738.064332408508,2393.5552655969036,2281.1636799828543,14101727.056795271,13473250.773781903,2,Good,547.0100514450921
DEL PUERTO WATER DISTRICT,Alfalfa,San Joaquin River,0.65,221.5665338,282.0,6.8,6.798048254413026e-22,916.169941755136,6.79804825441491e-09,424875.98521487997,1.3035937332662417e-18,2,Good,491.1884138695283
DEL PUERTO WATER DISTRICT,Almonds & Pistachios,San Joaquin River,0.65,12950.42778,4814.53711,1.102171091,7847.713095007818,53382.043727976044,32267.632321774625,68720714.85894491,41643447.078227736,2,Good,491.1884138695283
DEL PUERTO WATER DISTRICT,Citrus & Subtropical,San Joaquin River,0.65,726.9274325,913.5,3.9,647.5386217257819,2360.6720168334946,2097.6023946257797,2589788.017396125,2306953.470691357,2,Good,491.1884138695283
DEL PUERTO WATER DISTRICT,Corn,San Joaquin River,0.65,354.5718744,68.49940443,26.84994044,103.76766868087067,856.5851107214244,250.05825584970137,652130.3391241422,190850.00772124925,2,Good,491.1884138695283
DEL PUERTO WATER DISTRICT,Cucurbits,San Joaquin River,0.65,397.8931947,507.0,13.6,394.61822632573023,915.0059837829193,905.2060816942285,2743553.1560954396,2720971.594161175,2,Good,491.1884138695283
DEL PUERTO WATER DISTRICT,Dry Beans,San Joaquin River,0.65,857.710369,1674.192022,1.3,6.798048254414455e-22,1897.3422720355811,6.798048254415019e-09,1866763.414056419,1.479560959852522e-18,2,Good,491.1884138695283
DEL PUERTO WATER DISTRICT,Grain,San Joaquin River,0.65,2251.452928,196.1962307,4.091278634,2273.9674799922227,1050.6559110406804,1058.5095518253963,1807226.5109362276,1825298.7942765423,2,Good,491.1884138695283
DEL PUERTO WATER DISTRICT,Lettuce,San Joaquin River,0.65,151.2744347,898.0,10.5,141.36354385714176,503.15274333428215,469.0127297173351,1426366.6447863,1332916.8550289897,2,Good,491.1884138695283
DEL PUERTO WATER DISTRICT,Onions & Garlic,San Joaquin River,0.65,183.5599741,1186.0,5.6,171.0175956020867,271.81965475842924,252.61350521294798,1219131.92398256,1135830.462950819,2,Good,491.1884138695283
DEL PUERTO WATER DISTRICT,Other Deciduous,San Joaquin River,0.65,1666.210439,3913.054303,3.386026932,1607.4764016392896,5741.489903737268,5525.254163077709,22076800.544201907,21298591.743189763,2,Good,491.1884138695283
DEL PUERTO WATER DISTRICT,Pasture,San Joaquin River,0.65,15.9755367,233.7674522,5.0,6.798048254412542e-22,73.49045699621313,6.798048254414764e-09,18672.80255943298,7.945812101833388e-19,2,Good,491.1884138695283
DEL PUERTO WATER DISTRICT,Tomato Processing,San Joaquin River,0.65,1717.722813,99.84747344,50.20848406,1366.6733639756565,4087.5977481429222,3244.0885338157036,8611271.307535792,6851393.62236379,2,Good,491.1884138695283
DEL PUERTO WATER DISTRICT,Truck Crops,San Joaquin River,0.65,48.43551713,837.0086212,18.74292924,45.3762948883902,129.2130115813522,120.7491937025022,759856.0711440248,711863.0129295964,2,Good,491.1884138695283
DEL PUERTO WATER DISTRICT,Vineyard,San Joaquin River,0.65,772.4922471,1659.744887,10.99858551,739.4638766885837,2393.5552655969036,2285.489305055405,14101727.056795271,13498799.239175074,2,Good,491.1884138695283
DEL PUERTO WATER DISTRICT,Alfalfa,San Joaquin River,0.7,221.5665338,282.0,6.8,6.465441466384128e-21,916.169941755136,6.465441466381555e-08,424875.98521487997,1.2398130555938204e-17,2,Good,426.6486230706863
DEL PUERTO WATER DISTRICT,Almonds & Pistachios,San Joaquin River,0.7,12950.42778,4814.53711,1.102171091,8636.354485237254,53382.043727976044,35510.30825883109,68720714.85894491,45828328.15123883,2,Good,426.6486230706863
DEL PUERTO WATER DISTRICT,Citrus & Subtropical,San Joaquin River,0.7,726.9274325,913.5,3.9,663.5601136980541,2360.6720168334946,2149.5015691883254,2589788.017396125,2364032.439066373,2,Good,426.6486230706863
DEL PUERTO WATER DISTRICT,Corn,San Joaquin River,0.7,354.5718744,68.49940443,26.84994044,211.3611258830074,856.5851107214244,509.3358573909277,652130.3391241422,388736.4245485855,2,Good,426.6486230706863
DEL PUERTO WATER DISTRICT,Cucurbits,San Joaquin River,0.7,397.8931947,507.0,13.6,395.1886100546222,915.0059837829193,906.5144724636071,2743553.1560954396,2724904.504048631,2,Good,426.6486230706863
DEL PUERTO WATER DISTRICT,Dry Beans,San Joaquin River,0.7,857.710369,1674.192022,1.3,2.3791104973443719e-07,1897.3422720355811,6.106454430104498e-07,1866763.414056419,0.0005178014158343519,2,Good,426.6486230706863
DEL PUERTO WATER DISTRICT,Grain,San Joaquin River,0.7,2251.452928,196.1962307,4.091278634,2273.9674799211593,1050.6559110406804,1058.5095518511728,1807226.5109362276,1825298.7942195002,2,Good,426.6486230706863
DEL PUERTO WATER DISTRICT,Lettuce,San Joaquin River,0.7,151.2744347,898.0,10.5,142.58419308739792,503.15274333428215,473.0625718513357,1426366.6447863,1344426.356621075,2,Good,426.6486230706863
DEL PUERTO WATER DISTRICT,Onions & Garlic,San Joaquin River,0.7,183.5599741,1186.0,5.6,172.4677889959926,271.81965475842924,254.75561489186705,1219131.92398256,1145462.0673957844,2,Good,426.6486230706863
DEL PUERTO WATER DISTRICT,Other Deciduous,San Joaquin River,0.7,1666.210439,3913.054303,3.386026932,1612.540901394024,5741.489903737268,5542.66197598382,22076800.544201907,21365694.882339783,2,Good,426.6486230706863
DEL PUERTO WATER DISTRICT,Pasture,San Joaquin River,0.7,15.9755367,233.7674522,5.0,6.465441466383697e-21,73.49045699621313,6.465441466381481e-08,18672.80255943298,7.557048894723745e-18,2,Good,426.6486230706863
DEL PUERTO WATER DISTRICT,Tomato Processing,San Joaquin River,0.7,1717.722813,99.84747344,50.20848406,1427.565293348819,4087.5977481429222,3388.6284181587093,8611271.307535792,7156656.450745176,2,Good,426.6486230706863
DEL PUERTO WATER DISTRICT,Truck Crops,San Joaquin River,0.7,48.43551713,837.0086212,18.74292924,45.64376004945892,129.2130115813522,121.46093549206691,759856.0711440248,716059.0046005865,2,Good,426.6486230706863
DEL PUERTO WATER DISTRICT,Vineyard,San Joaquin River,0.7,772.4922471,1659.744887,10.99858551,741.0580562434237,2393.5552655969036,2290.4164968785826,14101727.056795271,13527900.741547778,2,Good,426.6486230706863
DEL PUERTO WATER DISTRICT,Alfalfa,San Joaquin River,0.75,221.5665338,282.0,6.8,1.2543795686335632e-21,916.169941755136,1.254379568633767e-08,424875.98521487997,2.4053982608117204e-18,2,Good,353.2554773560395
DEL PUERTO WATER DISTRICT,Almonds & Pistachios,San Joaquin River,0.75,12950.42778,4814.53711,1.102171091,9407.838230545665,53382.043727976044,38682.43669090197,68720714.85894491,49922163.14883843,2,Good,353.2554773560395
DEL PUERTO WATER DISTRICT,Citrus & Subtropical,San Joaquin River,0.75,726.9274325,913.5,3.9,678.9878895026599,2360.6720168334946,2199.4774908565155,2589788.017396125,2418996.2045366513,2,Good,353.2554773560395
DEL PUERTO WATER DISTRICT,Corn,San Joaquin River,0.75,354.5718744,68.49940443,26.84994044,269.2720803447313,856.5851107214244,648.8890770485962,652130.3391241422,495246.53744468826,2,Good,353.2554773560395
DEL PUERTO WATER DISTRICT,Cucurbits,San Joaquin River,0.75,397.8931947,507.0,13.6,395.8179667779072,915.0059837829193,907.9581399720723,2743553.1560954396,2729244.044527026,2,Good,353.2554773560395
DEL PUERTO WATER DISTRICT,Dry Beans,San Joaquin River,0.75,857.710369,1674.192022,1.3,80.21902379795995,1897.3422720355811,177.0089782052051,1866763.414056419,174592.66455172448,2,Good,353.2554773560395
DEL PUERTO WATER DISTRICT,Grain,San Joaquin River,0.75,2251.452928,196.1962307,4.091278634,2273.967479996681,1050.6559110406804,1058.509551833417,1807226.5109362276,1825298.7942801209,2,Good,353.2554773560395
DEL PUERTO WATER DISTRICT,Lettuce,San Joaquin River,0.75,151.2744347,898.0,10.5,143.92603567444806,503.15274333428215,477.5145064143595,1426366.6447863,1357078.5903743708,2,Good,353.2554773560395
DEL PUERTO WATER DISTRICT,Onions & Garlic,San Joaquin River,0.75,183.5599741,1186.0,5.6,174.08365643298913,271.81965475842924,257.14244489302473,1219131.92398256,1156194.0125653406,2,Good,353.2554773560395
DEL PUERTO WATER DISTRICT,Other Deciduous,San Joaquin River,0.75,1666.210439,3913.054303,3.386026932,1618.1598127603359,5741.489903737268,5561.975424877947,22076800.544201907,21440143.813042715,2,Good,353.2554773560395
DEL PUERTO WATER DISTRICT,Pasture,San Joaquin River,0.75,15.9755367,233.7674522,5.0,1.2543795686334699e-21,73.49045699621313,1.2543795686337404e-08,18672.80255943298,1.4661655792559067e-18,2,Good,353.2554773560395
DEL PUERTO WATER DISTRICT,Tomato Processing,San Joaquin River,0.75,1717.722813,99.84747344,50.20848406,1493.440902292832,4087.5977481429222,3544.9981208182503,8611271.307535792,7486903.413103024,2,Good,353.2554773560395
DEL PUERTO WATER DISTRICT,Truck Crops,San Joaquin River,0.75,48.43551713,837.0086212,18.74292924,45.94360106816708,129.2130115813522,122.25883137219975,759856.0711440248,720762.908511262,2,Good,353.2554773560395
DEL PUERTO WATER DISTRICT,Vineyard,San Joaquin River,0.75,772.4922471,1659.744887,10.99858551,742.840690896859,2393.5552655969036,2295.926153975111,14101727.056795271,13560442.462735401,2,Good,353.2554773560395
DEL PUERTO WATER DISTRICT,Alfalfa,San Joaquin River,0.8,221.5665338,282.0,6.8,6.411525147624045e-21,916.169941755136,6.41152514762106e-08,424875.98521487997,1.2294740623083868e-17,3,Good,279.1680546265554
DEL PUERTO WATER DISTRICT,Almonds & Pistachios,San Joaquin River,0.8,12950.42778,4814.53711,1.102171091,10085.13122535835,53382.043727976044,41467.27872892951,68720714.85894491,53516180.239483394,3,Good,279.1680546265554
DEL PUERTO WATER DISTRICT,Citrus & Subtropical,San Joaquin River,0.8,726.9274325,913.5,3.9,692.3638683016453,2360.6720168334946,2242.806929831586,2589788.017396125,2466650.135404857,3,Good,279.1680546265554
DEL PUERTO WATER DISTRICT,Corn,San Joaquin River,0.8,354.5718744,68.49940443,26.84994044,306.8558286000777,856.5851107214244,739.4580053187385,652130.3391241422,564370.7524907631,3,Good,279.1680546265554
DEL PUERTO WATER DISTRICT,Cucurbits,San Joaquin River,0.8,397.8931947,507.0,13.6,396.4337056701709,915.0059837829193,909.3705699498578,2743553.1560954396,2733489.6873369627,3,Good,279.1680546265554
DEL PUERTO WATER DISTRICT,Dry Beans,San Joaquin River,0.8,857.710369,1674.192022,1.3,364.27733156009793,1897.3422720355811,803.8038259214388,1866763.414056419,792831.2629813742,3,Good,279.1680546265554
DEL PUERTO WATER DISTRICT,Grain,San Joaquin River,0.8,2251.452928,196.1962307,4.091278634,2273.9674799629192,1050.6559110406804,1058.5095518706312,1807226.5109362276,1825298.7942530205,3,Good,279.1680546265554
DEL PUERTO WATER DISTRICT,Lettuce,San Joaquin River,0.8,151.2744347,898.0,10.5,145.23394405054253,503.15274333428215,481.8538549398386,1426366.6447863,1369410.8584525655,3,Good,279.1680546265554
DEL PUERTO WATER DISTRICT,Onions & Garlic,San Joaquin River,0.8,183.5599741,1186.0,5.6,175.68036486906158,271.81965475842924,259.5009748609588,1219131.92398256,1166798.7113143592,3,Good,279.1680546265554
DEL PUERTO WATER DISTRICT,Other Deciduous,San Joaquin River,0.8,1666.210439,3913.054303,3.386026932,1623.6877980212814,5741.489903737268,5580.976340619987,22076800.544201907,21513387.99946759,3,Good,279.1680546265554
DEL PUERTO WATER DISTRICT,Pasture,San Joaquin River,0.8,15.9755367,233.7674522,5.0,6.411525148317449e-21,73.49045699621313,6.411525148314841e-08,18672.80255943298,7.494029493191986e-18,3,Good,279.1680546265554
DEL PUERTO WATER DISTRICT,Tomato Processing,San Joaquin River,0.8,1717.722813,99.84747344,50.20848406,1556.6480233074233,4087.5977481429222,3695.033602608715,8611271.307535792,7803772.737714416,3,Good,279.1680546265554
DEL PUERTO WATER DISTRICT,Truck Crops,San Joaquin River,0.8,48.43551713,837.0086212,18.74292924,46.241755419895235,129.2130115813522,123.05223903631655,759856.0711440248,725440.3520015542,3,Good,279.1680546265554
DEL PUERTO WATER DISTRICT,Vineyard,San Joaquin River,0.8,772.4922471,1659.744887,10.99858551,744.6086570290117,2393.5552655969036,2301.3904746183334,14101727.056795271,13592716.41232502,3,Good,279.1680546265554
DEL PUERTO WATER DISTRICT,Alfalfa,San Joaquin River,0.85,221.5665338,282.0,6.8,5.290536886541915e-08,916.169941755136,2.618702996140218e-07,424875.98521487997,0.00010145133533632776,2,Good,193.82840902105008
DEL PUERTO WATER DISTRICT,Almonds & Pistachios,San Joaquin River,0.85,12950.42778,4814.53711,1.102171091,10769.21492465393,53382.043727976044,44280.04227144555,68720714.85894491,57146231.820601426,2,Good,193.82840902105008
DEL PUERTO WATER DISTRICT,Citrus & Subtropical,San Joaquin River,0.85,726.9274325,913.5,3.9,705.737969398551,2360.6720168334946,2286.1302861856757,2589788.017396125,2514297.376677748,2,Good,193.82840902105008
DEL PUERTO WATER DISTRICT,Corn,San Joaquin River,0.85,354.5718744,68.49940443,26.84994044,338.21416648784714,856.5851107214244,815.025003924447,652130.3391241422,622045.1621029895,2,Good,193.82840902105008
DEL PUERTO WATER DISTRICT,Cucurbits,San Joaquin River,0.85,397.8931947,507.0,13.6,397.12011936303594,915.0059837829193,910.9451192039157,2743553.1560954396,2738222.6470320052,2,Good,193.82840902105008
DEL PUERTO WATER DISTRICT,Dry Beans,San Joaquin River,0.85,857.710369,1674.192022,1.3,634.2903940985377,1897.3422720355811,1399.6068415891007,1866763.414056419,1380501.09266031,2,Good,193.82840902105008
DEL PUERTO WATER DISTRICT,Grain,San Joaquin River,0.85,2251.452928,196.1962307,4.091278634,2273.967480000315,1050.6559110406804,1058.5095518506387,1807226.5109362276,1825298.7942830378,2,Good,193.82840902105008
DEL PUERTO WATER DISTRICT,Lettuce,San Joaquin River,0.85,151.2744347,898.0,10.5,146.68648587065658,503.15274333428215,486.67306490025044,1426366.6447863,1383106.875274421,2,Good,193.82840902105008
DEL PUERTO WATER DISTRICT,Onions & Garlic,San Joaquin River,0.85,183.5599741,1186.0,5.6,177.4785502899404,271.81965475842924,262.15711041240974,1219131.92398256,1178741.539605668,2,Good,193.82840902105008
DEL PUERTO WATER DISTRICT,Other Deciduous,San Joaquin River,0.85,1666.210439,3913.054303,3.386026932,1629.8852832683194,5741.489903737268,5602.2784767293015,22076800.544201907,21595502.864716306,2,Good,193.82840902105008
DEL PUERTO WATER DISTRICT,Pasture,San Joaquin River,0.85,15.9755367,233.7674522,5.0,4.440548320032949e-19,73.49045699621313,2.7284043903220952e-08,18672.80255943298,5.190278335725464e-16,2,Good,193.82840902105008
DEL PUERTO WATER DISTRICT,Tomato Processing,San Joaquin River,0.85,1717.722813,99.84747344,50.20848406,1625.7609202953895,4087.5977481429222,3859.087693742302,8611271.307535792,8150248.841023379,2,Good,193.82840902105008
DEL PUERTO WATER DISTRICT,Truck Crops,San Joaquin River,0.85,48.43551713,837.0086212,18.74292924,46.57973497656707,129.2130115813522,123.95162399687254,759856.0711440248,730742.5730425802,2,Good,193.82840902105008
DEL PUERTO WATER DISTRICT,Vineyard,San Joaquin River,0.85,772.4922471,1659.744887,10.99858551,746.6072952402,2393.5552655969036,2307.5677421934906,14101727.056795271,13629201.245208798,2,Good,193.82840902105008
DEL PUERTO WATER DISTRICT,Alfalfa,San Joaquin River,0.9,221.5665338,282.0,6.8,139.14233362157535,916.169941755136,573.9103518530356,424875.98521487997,266819.33895273285,2,Good,113.27216078410062
DEL PUERTO WATER DISTRICT,Almonds & Pistachios,San Joaquin River,0.9,12950.42778,4814.53711,1.102171091,11341.343174056956,53382.043727976044,46632.4758748636,68720714.85894491,60182198.119003706,2,Good,113.27216078410062
DEL PUERTO WATER DISTRICT,Citrus & Subtropical,San Joaquin River,0.9,726.9274325,913.5,3.9,716.8323081427569,2360.6720168334946,2322.06870089884,2589788.017396125,2553822.622604793,2,Good,113.27216078410062
DEL PUERTO WATER DISTRICT,Corn,San Joaquin River,0.9,354.5718744,68.49940443,26.84994044,358.1175964049196,856.5851107214244,862.9880837116114,652130.3391241422,658651.648512883,2,Good,113.27216078410062
DEL PUERTO WATER DISTRICT,Cucurbits,San Joaquin River,0.9,397.8931947,507.0,13.6,397.7470264811409,915.0059837829193,912.3831676982524,2743553.1560954396,2742545.2969927625,2,Good,113.27216078410062
DEL PUERTO WATER DISTRICT,Dry Beans,San Joaquin River,0.9,857.710369,1674.192022,1.3,849.7678688562979,1897.3422720355811,1875.0732063485173,1866763.414056419,1849476.962568503,2,Good,113.27216078410062
DEL PUERTO WATER DISTRICT,Grain,San Joaquin River,0.9,2251.452928,196.1962307,4.091278634,2273.9674800017465,1050.6559110406804,1058.5095518712671,1807226.5109362276,1825298.7942841868,2,Good,113.27216078410062
DEL PUERTO WATER DISTRICT,Lettuce,San Joaquin River,0.9,151.2744347,898.0,10.5,148.00824441056272,503.15274333428215,491.0583651501432,1426366.6447863,1395569.7365471958,2,Good,113.27216078410062
DEL PUERTO WATER DISTRICT,Onions & Garlic,San Joaquin River,0.9,183.5599741,1186.0,5.6,179.13741036307331,271.81965475842924,264.6074457721285,1219131.92398256,1189759.0246673876,2,Good,113.27216078410062
DEL PUERTO WATER DISTRICT,Other Deciduous,San Joaquin River,0.9,1666.210439,3913.054303,3.386026932,1635.5770530835507,5741.489903737268,5621.842356404997,22076800.544201907,21670917.148538575,2,Good,113.27216078410062
DEL PUERTO WATER DISTRICT,Pasture,San Joaquin River,0.9,15.9755367,233.7674522,5.0,13.45801971793529,73.49045699621313,61.75463390604016,18672.80255943298,15730.234905595478,2,Good,113.27216078410062
DEL PUERTO WATER DISTRICT,Tomato Processing,San Joaquin River,0.9,1717.722813,99.84747344,50.20848406,1687.7230263633364,4087.5977481429222,4006.1678689737128,8611271.307535792,8460876.66880749,2,Good,113.27216078410062
DEL PUERTO WATER DISTRICT,Truck Crops,San Joaquin River,0.9,48.43551713,837.0086212,18.74292924,46.89357770051224,129.2130115813522,124.78677938098879,759856.0711440248,735666.1356120487,2,Good,113.27216078410062
DEL PUERTO WATER DISTRICT,Vineyard,San Joaquin River,0.9,772.4922471,1659.744887,10.99858551,748.4580971622308,2393.5552655969036,2313.288086550014,14101727.056795271,13662987.349391269,2,Good,113.27216078410062
DEL PUERTO WATER DISTRICT,Alfalfa,San Joaquin River,0.95,221.5665338,282.0,6.8,223.78220134481836,916.169941755136,923.0183121651748,424875.98521487997,429124.74929882365,2,Good,4.401743037787696e-08
DEL PUERTO WATER DISTRICT,Almonds & Pistachios,San Joaquin River,0.95,12950.42778,4814.53711,1.102171091,12051.945920014343,53382.043727976044,49554.278425111435,68720714.85894491,63952971.52606724,2,Good,4.401743037787696e-08
DEL PUERTO WATER DISTRICT,Citrus & Subtropical,San Joaquin River,0.95,726.9274325,913.5,3.9,730.5117811894462,2360.6720168334946,2366.3812632450285,2589788.017396125,2602557.7972545805,2,Good,4.401743037787696e-08
DEL PUERTO WATER DISTRICT,Corn,San Joaquin River,0.95,354.5718744,68.49940443,26.84994044,358.11759669500856,856.5851107214244,862.9880845783906,652130.3391241422,658651.649046416,2,Good,4.401743037787696e-08
DEL PUERTO WATER DISTRICT,Cucurbits,San Joaquin River,0.95,397.8931947,507.0,13.6,398.59640007616605,915.0059837829193,914.331527538459,2743553.1560954396,2748401.89780518,2,Good,4.401743037787696e-08
DEL PUERTO WATER DISTRICT,Dry Beans,San Joaquin River,0.95,857.710369,1674.192022,1.3,866.2874813142208,1897.3422720355811,1911.5249056589764,1866763.414056419,1885431.0669671653,2,Good,4.401743037787696e-08
DEL PUERTO WATER DISTRICT,Grain,San Joaquin River,0.95,2251.452928,196.1962307,4.091278634,2273.9674800034354,1050.6559110406804,1058.50955202912,1807226.5109362276,1825298.7942855426,2,Good,4.401743037787696e-08
DEL PUERTO WATER DISTRICT,Lettuce,San Joaquin River,0.95,151.2744347,898.0,10.5,149.79196513284717,503.15274333428215,496.9763532190208,1426366.6447863,1412388.439237616,2,Good,4.401743037787696e-08
DEL PUERTO WATER DISTRICT,Onions & Garlic,San Joaquin River,0.95,183.5599741,1186.0,5.6,181.40980168649077,271.81965475842924,267.96404061517006,1219131.92398256,1204851.338880997,2,Good,4.401743037787696e-08
DEL PUERTO WATER DISTRICT,Other Deciduous,San Joaquin River,0.95,1666.210439,3913.054303,3.386026932,1643.3355355741887,5741.489903737268,5648.509987737412,22076800.544201907,21773714.770292938,2,Good,4.401743037787696e-08
DEL PUERTO WATER DISTRICT,Pasture,San Joaquin River,0.95,15.9755367,233.7674522,5.0,16.13529220917551,73.49045699621313,74.03979829464139,18672.80255943298,18859.530751207345,2,Good,4.401743037787696e-08
DEL PUERTO WATER DISTRICT,Tomato Processing,San Joaquin River,0.95,1717.722813,99.84747344,50.20848406,1734.9000584012363,4087.5977481429222,4118.152541473298,8611271.307535792,8697384.107195143,2,Good,4.401743037787696e-08
DEL PUERTO WATER DISTRICT,Truck Crops,San Joaquin River,0.95,48.43551713,837.0086212,18.74292924,47.32665418253637,129.2130115813522,125.93922365143925,759856.0711440248,742460.236586598,2,Good,4.401743037787696e-08
DEL PUERTO WATER DISTRICT,Vineyard,San Joaquin River,0.95,772.4922471,1659.744887,10.99858551,751.0041711850616,2393.5552655969036,2321.157335152813,14101727.056795271,13709465.538746752,2,Good,4.401743037787696e-08
DEL PUERTO WATER DISTRICT,Alfalfa,San Joaquin River,1.0,221.5665338,282.0,6.8,223.78220134481828,916.169941755136,923.0183121651714,424875.98521487997,429124.74929882353,2,Good,2.219346817343078e-09
DEL PUERTO WATER DISTRICT,Almonds & Pistachios,San Joaquin River,1.0,12950.42778,4814.53711,1.102171091,12051.945920259375,53382.043727976044,49554.27842611894,68720714.85894491,63952971.52736749,2,Good,2.219346817343078e-09
DEL PUERTO WATER DISTRICT,Citrus & Subtropical,San Joaquin River,1.0,726.9274325,913.5,3.9,730.5117811941393,2360.6720168334946,2366.3812632602267,2589788.017396125,2602557.7972713006,2,Good,2.219346817343078e-09
DEL PUERTO WATER DISTRICT,Corn,San Joaquin River,1.0,354.5718744,68.49940443,26.84994044,358.11759669500884,856.5851107214244,862.988084578388,652130.3391241422,658651.6490464166,2,Good,2.219346817343078e-09
DEL PUERTO WATER DISTRICT,Cucurbits,San Joaquin River,1.0,397.8931947,507.0,13.6,398.5964000764731,915.0059837829193,914.3315275391282,2743553.1560954396,2748401.8978072973,2,Good,2.219346817343078e-09
DEL PUERTO WATER DISTRICT,Dry Beans,San Joaquin River,1.0,857.710369,1674.192022,1.3,866.2874813142208,1897.3422720355811,1911.5249056589735,1866763.414056419,1885431.0669671653,2,Good,2.219346817343078e-09
DEL PUERTO WATER DISTRICT,Grain,San Joaquin River,1.0,2251.452928,196.1962307,4.091278634,2273.967480003435,1050.6559110406804,1058.5095520291172,1807226.5109362276,1825298.794285542,2,Good,2.219346817343078e-09
DEL PUERTO WATER DISTRICT,Lettuce,San Joaquin River,1.0,151.2744347,898.0,10.5,149.79196513349083,503.15274333428215,496.97635322113643,1426366.6447863,1412388.439243685,2,Good,2.219346817343078e-09
DEL PUERTO WATER DISTRICT,Onions & Garlic,San Joaquin River,1.0,183.5599741,1186.0,5.6,181.40980168731917,271.81965475842924,267.9640406163763,1219131.92398256,1204851.338886499,2,Good,2.219346817343078e-09
DEL PUERTO WATER DISTRICT,Other Deciduous,San Joaquin River,1.0,1666.210439,3913.054303,3.386026932,1643.335535577001,5741.489903737268,5648.509987747073,22076800.544201907,21773714.7703302,2,Good,2.219346817343078e-09
DEL PUERTO WATER DISTRICT,Pasture,San Joaquin River,1.0,15.9755367,233.7674522,5.0,16.135292209175855,73.49045699621313,74.03979829463871,18672.80255943298,18859.53075120775,2,Good,2.219346817343078e-09
DEL PUERTO WATER DISTRICT,Tomato Processing,San Joaquin River,1.0,1717.722813,99.84747344,50.20848406,1734.9000584012374,4087.5977481429222,4118.152541473291,8611271.307535792,8697384.107195148,2,Good,2.219346817343078e-09
DEL PUERTO WATER DISTRICT,Truck Crops,San Joaquin River,1.0,48.43551713,837.0086212,18.74292924,47.32665418269485,129.2130115813522,125.93922365190535,759856.0711440248,742460.2365890841,2,Good,2.219346817343078e-09
DEL PUERTO WATER DISTRICT,Vineyard,San Joaquin River,1.0,772.4922471,1659.744887,10.99858551,751.0041711859894,2393.5552655969036,2321.157335155677,14101727.056795271,13709465.538763689,2,Good,2.219346817343078e-09
EAGLE FIELD W.D.,Cotton,San Joaquin River,0.5,714.320309,3810.565698,0.8,358.05529988503173,2595.8739595505285,1297.9369927398914,2177571.5734881284,1091514.5949832043,2,Good,616.6366531299824
EAGLE FIELD W.D.,Cotton,San Joaquin River,0.55,714.320309,3810.565698,0.8,393.86082987432525,2595.8739595505285,1427.7306920153549,2177571.5734881284,1200666.054483934,2,Good,616.6351477110904
EAGLE FIELD W.D.,Cotton,San Joaquin River,0.6,714.320309,3810.565698,0.8,429.66635986361877,2595.8739595505285,1557.5243912908181,2177571.5734881284,1309817.5139846639,2,Good,616.6335271297154
EAGLE FIELD W.D.,Cotton,San Joaquin River,0.65,714.320309,3810.565698,0.8,465.4718898529123,2595.8739595505285,1687.3180905662816,2177571.5734881284,1418968.9734853937,2,Good,616.6317825759262
EAGLE FIELD W.D.,Cotton,San Joaquin River,0.7,714.320309,3810.565698,0.8,501.2774198422058,2595.8739595505285,1817.1117898417447,2177571.5734881284,1528120.4329861233,2,Good,616.62990456576
EAGLE FIELD W.D.,Cotton,San Joaquin River,0.75,714.320309,3810.565698,0.8,537.0829498314994,2595.8739595505285,1946.9054891172082,2177571.5734881284,1637271.8924868533,2,Good,616.6278828895541
EAGLE FIELD W.D.,Cotton,San Joaquin River,0.8,714.320309,3810.565698,0.8,572.8884798207929,2595.8739595505285,2076.6991883926717,2177571.5734881284,1746423.351987583,2,Good,616.625706556184
EAGLE FIELD W.D.,Cotton,San Joaquin River,0.85,714.320309,3810.565698,0.8,608.6940098100864,2595.8739595505285,2206.4928876681347,2177571.5734881284,1855574.811488313,2,Good,616.623363732523
EAGLE FIELD W.D.,Cotton,San Joaquin River,0.9,714.320309,3810.565698,0.8,644.4995397693234,2595.8739595505285,2336.286586887534,2177571.5734881284,1964726.2708974166,2,Good,616.6208414291709
EAGLE FIELD W.D.,Cotton,San Joaquin River,0.95,714.320309,3810.565698,0.8,680.3050697630644,2595.8739595505285,2466.0802861714174,2177571.5734881284,2073877.7304117042,2,Good,616.618126065252
EAGLE FIELD W.D.,Cotton,San Joaquin River,1.0,714.320309,3810.565698,0.8,714.3203161236481,2595.8739595505285,2589.3842757631223,2177571.5734881284,2177571.5952042323,2,Good,6.727847192487923e-06
FIREBAUGH CANAL W.D.,Alfalfa,San Joaquin River,0.5,758.348669,264.0,7.7,6.078558870936419e-21,3135.745475600408,6.078558870934449e-08,1541571.1743432,1.2356494472839552e-17,3,Good,500.8074686189149
FIREBAUGH CANAL W.D.,Almonds & Pistachios,San Joaquin River,0.5,8134.667215,4653.159559,1.382801469,5506.700034951254,31721.068539893367,21419.648384767424,52341669.16192825,35432287.98246509,3,Good,500.8074686189149
FIREBAUGH CANAL W.D.,Corn,San Joaquin River,0.5,96.84837588,71.0,20.6,6.078558870938054e-21,233.96914071862415,6.07855887093479e-08,141650.43456208802,8.890500204633998e-18,3,Good,500.8074686189149
FIREBAUGH CANAL W.D.,Cotton,San Joaquin River,0.5,4267.500545,3438.0,0.8,6.078558870938775e-21,15508.299844703406,6.078558870935629e-08,11737333.498968,1.6718468318630006e-17,3,Good,500.8074686189149
FIREBAUGH CANAL W.D.,Cucurbits,San Joaquin River,0.5,1230.088879,485.0,17.3,1219.4627297518489,2828.7457535393314,2797.2987706541467,10321060.7392495,10231902.033982888,3,Good,500.8074686189149
FIREBAUGH CANAL W.D.,Grain,San Joaquin River,0.5,1721.821751,303.0,2.9,1739.0399856285048,803.4998990867485,809.5060514823215,1512964.7726037,1528094.435371767,3,Good,500.8074686189149
FIREBAUGH CANAL W.D.,Onions & Garlic,San Joaquin River,0.5,248.9715926,2366.0,7.7,231.79313686091794,368.68262090906615,342.3862707759495,4535814.26830532,4222853.725959576,3,Good,500.8074686189149
FIREBAUGH CANAL W.D.,Other Deciduous,San Joaquin River,0.5,463.8898093,1850.0,7.8,447.2196408957301,1598.4887588035072,1537.1934420060309,6693929.948199,6453379.418125385,3,Good,500.8074686189149
FIREBAUGH CANAL W.D.,Pasture,San Joaquin River,0.5,532.7035162,170.0,5.0,6.078558870935745e-21,2450.5358151145947,6.078558870934224e-08,452797.98877,5.166775040295383e-18,3,Good,500.8074686189149
FIREBAUGH CANAL W.D.,Tomato Processing,San Joaquin River,0.5,3626.49182,93.0,51.2,2728.3318642851186,8629.820646790658,6476.273227186574,17267903.450112004,12991225.004980022,3,Good,500.8074686189149
FIREBAUGH CANAL W.D.,Truck Crops,San Joaquin River,0.5,222.6026133,941.0,19.4,208.20411507975393,593.8442645955944,554.0443326841976,4063699.7468368197,3800849.4024269395,3,Good,500.8074686189149
FIREBAUGH CANAL W.D.,Alfalfa,San Joaquin River,0.55,758.348669,264.0,7.7,9.667143846900667e-22,3135.745475600408,9.66714384690287e-09,1541571.1743432,1.9651370011979674e-18,2,Good,412.23839943975173
FIREBAUGH CANAL W.D.,Almonds & Pistachios,San Joaquin River,0.55,8134.667215,4653.159559,1.382801469,5925.850784038882,31721.068539893367,23050.03711270588,52341669.16192825,38129269.832842976,2,Good,412.23839943975173
FIREBAUGH CANAL W.D.,Corn,San Joaquin River,0.55,96.84837588,71.0,20.6,2.973560016797521e-07,233.96914071862415,7.367210065133683e-07,141650.43456208802,0.0004349128880568055,2,Good,412.23839943975173
FIREBAUGH CANAL W.D.,Cotton,San Joaquin River,0.55,4267.500545,3438.0,0.8,358.25683110690164,15508.299844703406,1298.6675358442808,11737333.498968,985349.5882764223,2,Good,412.23839943975173
FIREBAUGH CANAL W.D.,Cucurbits,San Joaquin River,0.55,1230.088879,485.0,17.3,1221.3728740315057,2828.7457535393314,2801.6804086074912,10321060.7392495,10247929.099561349,2,Good,412.23839943975173
FIREBAUGH CANAL W.D.,Grain,San Joaquin River,0.55,1721.821751,303.0,2.9,1739.0399858574865,803.4998990867485,809.5060515371121,1512964.7726037,1528094.4355729732,2,Good,412.23839943975173
FIREBAUGH CANAL W.D.,Onions & Garlic,San Joaquin River,0.55,248.9715926,2366.0,7.7,232.6909128485402,368.68262090906615,343.71239356033414,4535814.26830532,4239209.588457275,2,Good,412.23839943975173
FIREBAUGH CANAL W.D.,Other Deciduous,San Joaquin River,0.55,463.8898093,1850.0,7.8,448.96885638812734,1598.4887588035072,1543.2058849175921,6693929.948199,6478620.597680678,2,Good,412.23839943975173
FIREBAUGH CANAL W.D.,Pasture,San Joaquin River,0.55,532.7035162,170.0,5.0,9.667143839960362e-22,2450.5358151145947,9.667143839963196e-09,452797.98877,8.217072263966308e-19,2,Good,412.23839943975173
FIREBAUGH CANAL W.D.,Tomato Processing,San Joaquin River,0.55,3626.49182,93.0,51.2,2917.5119564369893,8629.820646790658,6925.332222464474,17267903.450112004,13892024.93177037,2,Good,412.23839943975173
FIREBAUGH CANAL W.D.,Truck Crops,San Joaquin River,0.55,222.6026133,941.0,19.4,209.63195589756407,593.8442645955944,557.8439074501507,4063699.7468368197,3826915.207692391,2,Good,412.23839943975173
FIREBAUGH CANAL W.D.,Alfalfa,San Joaquin River,0.6,758.348669,264.0,7.7,6.049603786257622e-21,3135.745475600408,6.049603786255448e-08,1541571.1743432,1.2297634576704493e-17,2,Good,374.8698386165076
FIREBAUGH CANAL W.D.,Almonds & Pistachios,San Joaquin River,0.6,8134.667215,4653.159559,1.382801469,6087.6877443691,31721.068539893367,23679.541310217133,52341669.16192825,39170592.902600095,2,Good,374.8698386165076
FIREBAUGH CANAL W.D.,Corn,San Joaquin River,0.6,96.84837588,71.0,20.6,35.2876380822762,233.96914071862415,85.03578572181969,141650.43456208802,51611.69945913718,2,Good,374.8698386165076
FIREBAUGH CANAL W.D.,Cotton,San Joaquin River,0.6,4267.500545,3438.0,0.8,1045.7941154029156,15508.299844703406,3790.9643276289244,11737333.498968,2876352.135004179,2,Good,374.8698386165076
FIREBAUGH CANAL W.D.,Cucurbits,San Joaquin River,0.6,1230.088879,485.0,17.3,1222.161329690022,2828.7457535393314,2803.489029779269,10321060.7392495,10254544.63676413,2,Good,374.8698386165076
FIREBAUGH CANAL W.D.,Grain,San Joaquin River,0.6,1721.821751,303.0,2.9,1739.0399857521395,803.4998990867485,809.5060515398843,1512964.7726037,1528094.4354804049,2,Good,374.8698386165076
FIREBAUGH CANAL W.D.,Onions & Garlic,San Joaquin River,0.6,248.9715926,2366.0,7.7,233.0673416564695,368.68262090906615,344.2684241222303,4535814.26830532,4246067.443765893,2,Good,374.8698386165076
FIREBAUGH CANAL W.D.,Other Deciduous,San Joaquin River,0.6,463.8898093,1850.0,7.8,449.6919226384929,1598.4887588035072,1545.6912246038469,6693929.948199,6489054.443673452,2,Good,374.8698386165076
FIREBAUGH CANAL W.D.,Pasture,San Joaquin River,0.6,532.7035162,170.0,5.0,6.049603786256835e-21,2450.5358151145947,6.049603786255157e-08,452797.98877,5.142163218318309e-18,2,Good,374.8698386165076
FIREBAUGH CANAL W.D.,Tomato Processing,San Joaquin River,0.6,3626.49182,93.0,51.2,2993.495421053246,8629.820646790658,7105.695060353209,17267903.450112004,14253827.796887137,2,Good,374.8698386165076
FIREBAUGH CANAL W.D.,Truck Crops,San Joaquin River,0.6,222.6026133,941.0,19.4,210.22774562291445,593.8442645955944,559.4293416859759,4063699.7468368197,3837791.587444552,2,Good,374.8698386165076
FIREBAUGH CANAL W.D.,Alfalfa,San Joaquin River,0.65,758.348669,264.0,7.7,4.4546307145241225e-18,3135.745475600408,1.3948822558148983e-08,1541571.1743432,9.055373316484637e-15,6,Good,329.59733018573337
FIREBAUGH CANAL W.D.,Almonds & Pistachios,San Joaquin River,0.65,8134.667215,4653.159559,1.382801469,6273.548612869854,31721.068539893367,24402.492338279604,52341669.16192825,40366495.307959296,6,Good,329.59733018573337
FIREBAUGH CANAL W.D.,Corn,San Joaquin River,0.65,96.84837588,71.0,20.6,58.94667071909589,233.96914071862415,142.0490780711306,141650.43456208802,86215.40059374965,6,Good,329.59733018573337
FIREBAUGH CANAL W.D.,Cotton,San Joaquin River,0.65,4267.500545,3438.0,0.8,1706.235834074257,15508.299844703406,6185.040713207191,11737333.498968,4692831.038037837,6,Good,329.59733018573337
FIREBAUGH CANAL W.D.,Cucurbits,San Joaquin River,0.65,1230.088879,485.0,17.3,1223.1032086386617,2828.7457535393314,2805.649585161467,10321060.7392495,10262447.472082691,6,Good,329.59733018573337
FIREBAUGH CANAL W.D.,Grain,San Joaquin River,0.65,1721.821751,303.0,2.9,1739.0399858596504,803.4998990867485,809.5060515425661,1512964.7726037,1528094.4355748747,6,Good,329.59733018573337
FIREBAUGH CANAL W.D.,Onions & Garlic,San Joaquin River,0.65,248.9715926,2366.0,7.7,233.52153836700052,368.68262090906615,344.9393271036024,4535814.26830532,4254342.090277689,6,Good,329.59733018573337
FIREBAUGH CANAL W.D.,Other Deciduous,San Joaquin River,0.65,463.8898093,1850.0,7.8,450.55646947621136,1598.4887588035072,1548.6628644557584,6693929.948199,6501529.85454173,6,Good,329.59733018573337
FIREBAUGH CANAL W.D.,Pasture,San Joaquin River,0.65,532.7035162,170.0,5.0,4.003041370232297e-18,2450.5358151145947,1.3948822551432301e-08,452797.98877,3.4025851646974525e-15,6,Good,329.59733018573337
FIREBAUGH CANAL W.D.,Tomato Processing,San Joaquin River,0.65,3626.49182,93.0,51.2,3082.7582507013876,8629.820646790658,7317.579282085883,17267903.450112004,14678861.686539728,6,Good,329.59733018573337
FIREBAUGH CANAL W.D.,Truck Crops,San Joaquin River,0.65,222.6026133,941.0,19.4,210.9443810487868,593.8442645955944,561.3363538782678,4063699.7468368197,3850874.053798022,6,Good,329.59733018573337
FIREBAUGH CANAL W.D.,Alfalfa,San Joaquin River,0.7,758.348669,264.0,7.7,6.010930405264898e-21,3135.745475600408,6.010930405262457e-08,1541571.1743432,1.2219019327822484e-17,3,Good,275.47556087279906
FIREBAUGH CANAL W.D.,Almonds & Pistachios,San Joaquin River,0.7,8134.667215,4653.159559,1.382801469,6482.6476355980585,31721.068539893367,25215.833816161998,52341669.16192825,41711921.19699146,3,Good,275.47556087279906
FIREBAUGH CANAL W.D.,Corn,San Joaquin River,0.7,96.84837588,71.0,20.6,73.77569309861802,233.96914071862415,177.78390303173654,141650.43456208802,107904.32872603873,3,Good,275.47556087279906
FIREBAUGH CANAL W.D.,Cotton,San Joaquin River,0.7,4267.500545,3438.0,0.8,2338.263602055572,15508.299844703406,8476.117596508897,11737333.498968,6431160.211093646,3,Good,275.47556087279906
FIREBAUGH CANAL W.D.,Cucurbits,San Joaquin River,0.7,1230.088879,485.0,17.3,1224.210586392159,2828.7457535393314,2808.189774718316,10321060.7392495,10271738.92512341,3,Good,275.47556087279906
FIREBAUGH CANAL W.D.,Grain,San Joaquin River,0.7,1721.821751,303.0,2.9,1739.0399858084947,803.4998990867485,809.5060515661337,1512964.7726037,1528094.4355299242,3,Good,275.47556087279906
FIREBAUGH CANAL W.D.,Onions & Garlic,San Joaquin River,0.7,248.9715926,2366.0,7.7,234.0618765000832,368.68262090906615,345.7374713985007,4535814.26830532,4264186.078453816,3,Good,275.47556087279906
FIREBAUGH CANAL W.D.,Other Deciduous,San Joaquin River,0.7,463.8898093,1850.0,7.8,451.57400030500725,1598.4887588035072,1552.1603444320397,6693929.948199,6516212.824401255,3,Good,275.47556087279906
FIREBAUGH CANAL W.D.,Pasture,San Joaquin River,0.7,532.7035162,170.0,5.0,6.010930405263964e-21,2450.5358151145947,6.01093040526208e-08,452797.98877,5.109290844474369e-18,3,Good,275.47556087279906
FIREBAUGH CANAL W.D.,Tomato Processing,San Joaquin River,0.7,3626.49182,93.0,51.2,3185.713360064701,8629.820646790658,7561.965028273499,17267903.450112004,15169092.735284083,3,Good,275.47556087279906
FIREBAUGH CANAL W.D.,Truck Crops,San Joaquin River,0.7,222.6026133,941.0,19.4,211.79377519626053,593.8442645955944,563.5966455345356,4063699.7468368197,3866380.0837178137,3,Good,275.47556087279906
FIREBAUGH CANAL W.D.,Alfalfa,San Joaquin River,0.75,758.348669,264.0,7.7,8.873530982853569e-18,3135.745475600408,2.4740209867021362e-08,1541571.1743432,1.8038113781944735e-14,3,Good,211.6826192848006
FIREBAUGH CANAL W.D.,Almonds & Pistachios,San Joaquin River,0.75,8134.667215,4653.159559,1.382801469,6713.008788685485,31721.068539893367,26111.879518508154,52341669.16192825,43194156.049872585,3,Good,211.6826192848006
FIREBAUGH CANAL W.D.,Corn,San Joaquin River,0.75,96.84837588,71.0,20.6,84.99234719040247,233.96914071862415,204.81368013250656,141650.43456208802,124309.80700068266,3,Good,211.6826192848006
FIREBAUGH CANAL W.D.,Cotton,San Joaquin River,0.75,4267.500545,3438.0,0.8,2940.612218656108,15508.299844703406,10659.608672443614,11737333.498968,8087859.846191759,3,Good,211.6826192848006
FIREBAUGH CANAL W.D.,Cucurbits,San Joaquin River,0.75,1230.088879,485.0,17.3,1225.490748692278,2828.7457535393314,2811.126310862042,10321060.7392495,10282480.126902558,3,Good,211.6826192848006
FIREBAUGH CANAL W.D.,Grain,San Joaquin River,0.75,1721.821751,303.0,2.9,1739.0399858676965,803.4998990867485,809.506051557668,1512964.7726037,1528094.4355819449,3,Good,211.6826192848006
FIREBAUGH CANAL W.D.,Onions & Garlic,San Joaquin River,0.75,248.9715926,2366.0,7.7,234.69511829110652,368.68262090906615,346.672845454912,4535814.26830532,4275722.604051037,3,Good,211.6826192848006
FIREBAUGH CANAL W.D.,Other Deciduous,San Joaquin River,0.75,463.8898093,1850.0,7.8,452.75171980907606,1598.4887588035072,1556.208428451582,6693929.948199,6533207.316844967,3,Good,211.6826192848006
FIREBAUGH CANAL W.D.,Pasture,San Joaquin River,0.75,532.7035162,170.0,5.0,6.751496042502089e-18,2450.5358151145947,2.4740209840927523e-08,452797.98877,5.7387716361267755e-15,3,Good,211.6826192848006
FIREBAUGH CANAL W.D.,Tomato Processing,San Joaquin River,0.75,3626.49182,93.0,51.2,3302.202246525283,8629.820646790658,7838.476059213048,17267903.450112004,15723766.217054788,3,Good,211.6826192848006
FIREBAUGH CANAL W.D.,Truck Crops,San Joaquin River,0.75,222.6026133,941.0,19.4,212.78490441485025,593.8442645955944,566.2341031005294,4063699.7468368197,3884473.5440548565,3,Good,211.6826192848006
FIREBAUGH CANAL W.D.,Alfalfa,San Joaquin River,0.8,758.348669,264.0,7.7,48.65878914980163,3135.745475600408,200.6993995470162,1541571.1743432,98913.58658371675,2,Good,141.97881903485057
FIREBAUGH CANAL W.D.,Almonds & Pistachios,San Joaquin River,0.8,8134.667215,4653.159559,1.382801469,6947.365236895717,31721.068539893367,27023.46589250826,52341669.16192825,44702098.213206,2,Good,141.97881903485057
FIREBAUGH CANAL W.D.,Corn,San Joaquin River,0.8,96.84837588,71.0,20.6,93.71049513761747,233.96914071862415,225.82258301786075,141650.43456208802,137060.97018827932,2,Good,141.97881903485057
FIREBAUGH CANAL W.D.,Cotton,San Joaquin River,0.8,4267.500545,3438.0,0.8,3481.3044349400434,15508.299844703406,12619.597616704435,11737333.498968,9574979.717859095,2,Good,141.97881903485057
FIREBAUGH CANAL W.D.,Cucurbits,San Joaquin River,0.8,1230.088879,485.0,17.3,1226.8597211560254,2828.7457535393314,2814.2665667744104,10321060.7392495,10293966.490359632,2,Good,141.97881903485057
FIREBAUGH CANAL W.D.,Grain,San Joaquin River,0.8,1721.821751,303.0,2.9,1739.039985855602,803.4998990867485,809.5060515917367,1512964.7726037,1528094.4355713173,2,Good,141.97881903485057
FIREBAUGH CANAL W.D.,Onions & Garlic,San Joaquin River,0.8,248.9715926,2366.0,7.7,235.3825725440987,368.68262090906615,347.68829790192314,4535814.26830532,4288246.783122899,2,Good,141.97881903485057
FIREBAUGH CANAL W.D.,Other Deciduous,San Joaquin River,0.8,463.8898093,1850.0,7.8,454.01280116617636,1598.4887588035072,1560.5430457935927,6693929.948199,6551404.720827925,2,Good,141.97881903485057
FIREBAUGH CANAL W.D.,Pasture,San Joaquin River,0.8,532.7035162,170.0,5.0,8.188632360239903e-20,2450.5358151145947,6.243734450767082e-08,452797.98877,6.960337506203917e-17,2,Good,141.97881903485057
FIREBAUGH CANAL W.D.,Tomato Processing,San Joaquin River,0.8,3626.49182,93.0,51.2,3423.9573988594634,8629.820646790658,8127.487687075581,17267903.450112004,16303515.550409222,2,Good,141.97881903485057
FIREBAUGH CANAL W.D.,Truck Crops,San Joaquin River,0.8,222.6026133,941.0,19.4,213.85570328204025,593.8442645955944,569.0835667290504,4063699.7468368197,3904021.4056949574,2,Good,141.97881903485057
FIREBAUGH CANAL W.D.,Alfalfa,San Joaquin River,0.85,758.348669,264.0,7.7,390.38388929936536,3135.745475600408,1610.1882829148917,1541571.1743432,793572.3701677499,2,Good,93.49905722027674
FIREBAUGH CANAL W.D.,Almonds & Pistachios,San Joaquin River,0.85,8134.667215,4653.159559,1.382801469,7100.948977307135,31721.068539893367,27620.867184826326,52341669.16192825,45690316.79877304,2,Good,93.49905722027674
FIREBAUGH CANAL W.D.,Corn,San Joaquin River,0.85,96.84837588,71.0,20.6,97.81686028454446,233.96914071862415,235.71805933368853,141650.43456208802,143066.93985217475,2,Good,93.49905722027674
FIREBAUGH CANAL W.D.,Cotton,San Joaquin River,0.85,4267.500545,3438.0,0.8,3805.59204851417,15508.299844703406,13795.128016843239,11737333.498968,10466900.370233374,2,Good,93.49905722027674
FIREBAUGH CANAL W.D.,Cucurbits,San Joaquin River,0.85,1230.088879,485.0,17.3,1227.7942031961463,2828.7457535393314,2816.4101546203815,10321060.7392495,10301807.261917265,2,Good,93.49905722027674
FIREBAUGH CANAL W.D.,Grain,San Joaquin River,0.85,1721.821751,303.0,2.9,1739.039985868342,803.4998990867485,809.5060516102416,1512964.7726037,1528094.435582512,2,Good,93.49905722027674
FIREBAUGH CANAL W.D.,Onions & Garlic,San Joaquin River,0.85,248.9715926,2366.0,7.7,235.85798934415547,368.68262090906615,348.3905455660907,4535814.26830532,4296908.021469694,2,Good,93.49905722027674
FIREBAUGH CANAL W.D.,Other Deciduous,San Joaquin River,0.85,463.8898093,1850.0,7.8,454.8746028102305,1598.4887588035072,1563.5052498682037,6693929.948199,6563840.518551626,2,Good,93.49905722027674
FIREBAUGH CANAL W.D.,Pasture,San Joaquin River,0.85,532.7035162,170.0,5.0,6.682325263896204e-07,2450.5358151145947,3.1564221238957804e-06,452797.98877,0.0005679976474311773,2,Good,93.49905722027674
FIREBAUGH CANAL W.D.,Tomato Processing,San Joaquin River,0.85,3626.49182,93.0,51.2,3505.4957932117613,8629.820646790658,8321.036326551966,17267903.450112004,16691768.768957123,2,Good,93.49905722027674
FIREBAUGH CANAL W.D.,Truck Crops,San Joaquin River,0.85,222.6026133,941.0,19.4,214.5931167153616,593.8442645955944,571.0458705826104,4063699.7468368197,3917483.1828856114,2,Good,93.49905722027674
FIREBAUGH CANAL W.D.,Alfalfa,San Joaquin River,0.9,758.348669,264.0,7.7,478.5433400446988,3135.745475600408,1973.8132133907695,1541571.1743432,972782.9016428638,2,Good,78.96652792026985
FIREBAUGH CANAL W.D.,Almonds & Pistachios,San Joaquin River,0.9,8134.667215,4653.159559,1.382801469,7145.61044123595,31721.068539893367,27794.588805317246,52341669.16192825,45977686.337988965,2,Good,78.96652792026985
FIREBAUGH CANAL W.D.,Corn,San Joaquin River,0.9,96.84837588,71.0,20.6,97.81686044240575,233.96914071862415,235.7180597013289,141650.43456208802,143066.94008306268,2,Good,78.96652792026985
FIREBAUGH CANAL W.D.,Cotton,San Joaquin River,0.9,4267.500545,3438.0,0.8,3896.13978118826,15508.299844703406,14123.360141540656,11737333.498968,10715942.85418019,2,Good,78.96652792026985
FIREBAUGH CANAL W.D.,Cucurbits,San Joaquin River,0.9,1230.088879,485.0,17.3,1228.0715843195628,2828.7457535393314,2817.0464330733175,10321060.7392495,10304134.628233291,2,Good,78.96652792026985
FIREBAUGH CANAL W.D.,Grain,San Joaquin River,0.9,1721.821751,303.0,2.9,1739.0399858736425,803.4998990867485,809.5060515996583,1512964.7726037,1528094.4355871696,2,Good,78.96652792026985
FIREBAUGH CANAL W.D.,Onions & Garlic,San Joaquin River,0.9,248.9715926,2366.0,7.7,236.00007231577482,368.68262090906615,348.6004191471024,4535814.26830532,4299496.517463249,2,Good,78.96652792026985
FIREBAUGH CANAL W.D.,Other Deciduous,San Joaquin River,0.9,463.8898093,1850.0,7.8,455.13055958012313,1598.4887588035072,1564.3850302404146,6693929.948199,6567533.974741177,2,Good,78.96652792026985
FIREBAUGH CANAL W.D.,Pasture,San Joaquin River,0.9,532.7035162,170.0,5.0,538.0305565513645,2450.5358151145947,2468.853569532537,452797.98877,457325.97306865983,2,Good,78.96652792026985
FIREBAUGH CANAL W.D.,Tomato Processing,San Joaquin River,0.9,3626.49182,93.0,51.2,3529.4631979697683,8629.820646790658,8377.928035274395,17267903.450112004,16805891.96345285,2,Good,78.96652792026985
FIREBAUGH CANAL W.D.,Truck Crops,San Joaquin River,0.9,222.6026133,941.0,19.4,214.81301162535337,593.8442645955944,571.6310248472271,4063699.7468368197,3921497.452425475,2,Good,78.96652792026985
FIREBAUGH CANAL W.D.,Alfalfa,San Joaquin River,0.95,758.348669,264.0,7.7,765.9321629073099,3135.745475600408,3159.1851713928972,1541571.1743432,1556986.9007579796,2,Good,18.39354876355352
FIREBAUGH CANAL W.D.,Almonds & Pistachios,San Joaquin River,0.95,8134.667215,4653.159559,1.382801469,7325.430454662634,31721.068539893367,28494.04245927777,52341669.16192825,47134719.49038609,2,Good,18.39354876355352
FIREBAUGH CANAL W.D.,Corn,San Joaquin River,0.95,96.84837588,71.0,20.6,97.81686056081669,233.96914071862415,235.718060098521,141650.43456208802,143066.9402562505,2,Good,18.39354876355352
FIREBAUGH CANAL W.D.,Cotton,San Joaquin River,0.95,4267.500545,3438.0,0.8,4245.787518136246,15508.299844703406,15390.820035016222,11737333.498968,11677613.98988193,2,Good,18.39354876355352
FIREBAUGH CANAL W.D.,Cucurbits,San Joaquin River,0.95,1230.088879,485.0,17.3,1229.2144480187342,2828.7457535393314,2819.66802320985,10321060.7392495,10313723.82610119,2,Good,18.39354876355352
FIREBAUGH CANAL W.D.,Grain,San Joaquin River,0.95,1721.821751,303.0,2.9,1739.039985870536,803.4998990867485,809.5060517043078,1512964.7726037,1528094.43558444,2,Good,18.39354876355352
FIREBAUGH CANAL W.D.,Onions & Garlic,San Joaquin River,0.95,248.9715926,2366.0,7.7,236.5901669321371,368.68262090906615,349.4720598335159,4535814.26830532,4310246.97920306,2,Good,18.39354876355352
FIREBAUGH CANAL W.D.,Other Deciduous,San Joaquin River,0.95,463.8898093,1850.0,7.8,456.1858635550119,1598.4887588035072,1568.0123450181106,6693929.948199,6582762.011098822,2,Good,18.39354876355352
FIREBAUGH CANAL W.D.,Pasture,San Joaquin River,0.95,532.7035162,170.0,5.0,538.0305567085229,2450.5358151145947,2468.8535703640828,452797.98877,457325.9732022445,2,Good,18.39354876355352
FIREBAUGH CANAL W.D.,Tomato Processing,San Joaquin River,0.95,3626.49182,93.0,51.2,3627.118308699338,8629.820646790658,8609.733112883843,17267903.450112004,17270886.538702767,2,Good,18.39354876355352
FIREBAUGH CANAL W.D.,Truck Crops,San Joaquin River,0.95,222.6026133,941.0,19.4,215.72389087235703,593.8442645955944,574.0549323731734,4063699.7468368197,3938125.917431226,2,Good,18.39354876355352
FIREBAUGH CANAL W.D.,Alfalfa,San Joaquin River,1.0,758.348669,264.0,7.7,765.9321632603106,3135.745475600408,3159.1851728863644,1541571.1743432,1556986.9014755595,2,Good,3.0618160840845227e-09
FIREBAUGH CANAL W.D.,Almonds & Pistachios,San Joaquin River,1.0,8134.667215,4653.159559,1.382801469,7378.124107646369,31721.068539893367,28699.007231652937,52341669.16192825,47473771.31371358,2,Good,3.0618160840845227e-09
FIREBAUGH CANAL W.D.,Corn,San Joaquin River,1.0,96.84837588,71.0,20.6,97.81686057967379,233.96914071862415,235.71806018357498,141650.43456208802,143066.9402838309,2,Good,3.0618160840845227e-09
FIREBAUGH CANAL W.D.,Cotton,San Joaquin River,1.0,4267.500545,3438.0,0.8,4310.175593161105,15508.299844703406,15624.224384872557,11737333.498968,11854706.951430304,2,Good,3.0618160840845227e-09
FIREBAUGH CANAL W.D.,Cucurbits,San Joaquin River,1.0,1230.088879,485.0,17.3,1229.5573272376914,2828.7457535393314,2820.4545465011456,10321060.7392495,10316600.75418785,2,Good,3.0618160840845227e-09
FIREBAUGH CANAL W.D.,Grain,San Joaquin River,1.0,1721.821751,303.0,2.9,1739.039985876255,803.4998990867485,809.5060517412891,1512964.7726037,1528094.4355894653,2,Good,3.0618160840845227e-09
FIREBAUGH CANAL W.D.,Onions & Garlic,San Joaquin River,1.0,248.9715926,2366.0,7.7,236.76868154246245,368.68262090906615,349.73574740773097,4535814.26830532,4313499.194076889,2,Good,3.0618160840845227e-09
FIREBAUGH CANAL W.D.,Other Deciduous,San Joaquin River,1.0,463.8898093,1850.0,7.8,456.5026951312365,1598.4887588035072,1569.101365734017,6693929.948199,6587333.890743743,2,Good,3.0618160840845227e-09
FIREBAUGH CANAL W.D.,Pasture,San Joaquin River,1.0,532.7035162,170.0,5.0,538.0305567201306,2450.5358151145947,2468.8535704555834,452797.98877,457325.973212111,2,Good,3.0618160840845227e-09
FIREBAUGH CANAL W.D.,Tomato Processing,San Joaquin River,1.0,3626.49182,93.0,51.2,3656.0822641440786,8629.820646790658,8678.485192471444,17267903.450112004,17408801.308948446,2,Good,3.0618160840845227e-09
FIREBAUGH CANAL W.D.,Truck Crops,San Joaquin River,1.0,222.6026133,941.0,19.4,215.9986980026403,593.8442645955944,574.7862116773966,4063699.7468368197,3943142.6315173996,2,Good,3.0618160840845227e-09
FRESNO SLOUGH W.D.,Almonds & Pistachios,Tulare Lake,0.5,180.5327118,4738.0,1.1,109.37450388712278,747.5927123898848,451.7915974681371,940900.38735924,570038.0393589066,2,Good,486.781531256409
FRESNO SLOUGH W.D.,Cotton,Tulare Lake,0.5,171.3936328,3438.0,0.8,6.935949363674694e-22,642.6064407115458,6.935949363675853e-09,471401.04765312,1.907663512985088e-18,2,Good,486.781531256409
FRESNO SLOUGH W.D.,Grain,Tulare Lake,0.5,199.5809002,303.0,2.9,201.57671118232534,142.80503540084712,143.87250245421967,175371.73700574,177125.45611590927,2,Good,486.781531256409
FRESNO SLOUGH W.D.,Onions & Garlic,Tulare Lake,0.5,160.0698856,2366.0,7.7,150.4449227462381,200.66839323711048,188.130744609913,2916185.18983792,2740835.691575515,2,Good,486.781531256409
FRESNO SLOUGH W.D.,Tomato Processing,Tulare Lake,0.5,116.6653386,93.0,51.2,95.97519664427705,259.02110061823765,212.55200658439995,555513.6762777601,456995.4963413896,2,Good,486.781531256409
FRESNO SLOUGH W.D.,Almonds & Pistachios,Tulare Lake,0.55,180.5327118,4738.0,1.1,121.51071704343202,747.5927123898848,501.9224683812445,940900.38735924,633289.555086959,2,Good,417.9413864782461
FRESNO SLOUGH W.D.,Cotton,Tulare Lake,0.55,171.3936328,3438.0,0.8,10.573469448775533,642.6064407115458,39.54401895945126,471401.04765312,29081.27037191223,2,Good,417.9413864782461
FRESNO SLOUGH W.D.,Grain,Tulare Lake,0.55,199.5809002,303.0,2.9,201.57671110297935,142.80503540084712,143.87250245776434,175371.73700574,177125.45604618793,2,Good,417.9413864782461
FRESNO SLOUGH W.D.,Onions & Garlic,Tulare Lake,0.55,160.0698856,2366.0,7.7,150.8217075518242,200.66839323711048,188.6019124890326,2916185.18983792,2747700.032520644,2,Good,417.9413864782461
FRESNO SLOUGH W.D.,Tomato Processing,Tulare Lake,0.55,116.6653386,93.0,51.2,100.25966744224702,259.02110061823765,222.04063388506998,555513.6762777601,477396.43249300343,2,Good,417.9413864782461
FRESNO SLOUGH W.D.,Almonds & Pistachios,Tulare Lake,0.6,180.5327118,4738.0,1.1,125.24353566019306,747.5927123898848,517.341565391591,940900.38735924,652744.2591537943,2,Good,394.3338014591622
FRESNO SLOUGH W.D.,Cotton,Tulare Lake,0.6,171.3936328,3438.0,0.8,32.2065446805557,642.6064407115458,120.4501718176248,471401.04765312,88580.8804894004,2,Good,394.3338014591622
FRESNO SLOUGH W.D.,Grain,Tulare Lake,0.6,199.5809002,303.0,2.9,201.57671111488892,142.80503540084712,143.8725024664643,175371.73700574,177125.45605665288,2,Good,394.3338014591622
FRESNO SLOUGH W.D.,Onions & Garlic,Tulare Lake,0.6,160.0698856,2366.0,7.7,150.95042314015257,200.66839323711048,188.76287079247157,2916185.18983792,2750044.9988519275,2,Good,394.3338014591622
FRESNO SLOUGH W.D.,Tomato Processing,Tulare Lake,0.6,116.6653386,93.0,51.2,101.68132277072263,259.02110061823765,225.189110817847,555513.6762777601,484165.7865050729,2,Good,394.3338014591622
FRESNO SLOUGH W.D.,Almonds & Pistachios,Tulare Lake,0.65,180.5327118,4738.0,1.1,129.37603519325708,747.5927123898848,534.4116182753926,940900.38735924,674282.0202202173,2,Good,366.7350344767938
FRESNO SLOUGH W.D.,Cotton,Tulare Lake,0.65,171.3936328,3438.0,0.8,53.26594409585615,642.6064407115458,199.2108181835798,471401.04765312,146502.65264124275,2,Good,366.7350344767938
FRESNO SLOUGH W.D.,Grain,Tulare Lake,0.65,199.5809002,303.0,2.9,201.57671112671423,142.80503540084712,143.87250247469487,175371.73700574,177125.4560670438,2,Good,366.7350344767938
FRESNO SLOUGH W.D.,Onions & Garlic,Tulare Lake,0.65,160.0698856,2366.0,7.7,151.10058046568443,200.66839323711048,188.95064189790094,2916185.18983792,2752780.595039932,2,Good,366.7350344767938
FRESNO SLOUGH W.D.,Tomato Processing,Tulare Lake,0.65,116.6653386,93.0,51.2,103.31417925318735,259.02110061823765,228.80532556828965,555513.6762777601,491940.7959319769,2,Good,366.7350344767938
FRESNO SLOUGH W.D.,Almonds & Pistachios,Tulare Lake,0.7,180.5327118,4738.0,1.1,133.9000214241563,747.5927123898848,553.0987792998638,940900.38735924,697860.1316584179,2,Good,334.6545992312579
FRESNO SLOUGH W.D.,Cotton,Tulare Lake,0.7,171.3936328,3438.0,0.8,73.7504421460145,642.6064407115458,275.8213745969825,471401.04765312,202843.2160783983,2,Good,334.6545992312579
FRESNO SLOUGH W.D.,Grain,Tulare Lake,0.7,199.5809002,303.0,2.9,201.5767111391094,142.80503540084712,143.87250248353388,175371.73700574,177125.4560779354,2,Good,334.6545992312579
FRESNO SLOUGH W.D.,Onions & Garlic,Tulare Lake,0.7,160.0698856,2366.0,7.7,151.2746906405175,200.66839323711048,189.16836594113045,2916185.18983792,2755952.569027076,2,Good,334.6545992312579
FRESNO SLOUGH W.D.,Tomato Processing,Tulare Lake,0.7,116.6653386,93.0,51.2,105.17417212338833,259.02110061823765,232.92456919174575,555513.6762777601,500797.33798272593,2,Good,334.6545992312579
FRESNO SLOUGH W.D.,Almonds & Pistachios,Tulare Lake,0.75,180.5327118,4738.0,1.1,138.80019264159998,747.5927123898848,573.3398419191088,940900.38735924,723398.8440094908,2,Good,297.56250957069057
FRESNO SLOUGH W.D.,Cotton,Tulare Lake,0.75,171.3936328,3438.0,0.8,93.66737587598095,642.6064407115458,350.309281079762,471401.04765312,257622.750609298,2,Good,297.56250957069057
FRESNO SLOUGH W.D.,Grain,Tulare Lake,0.75,199.5809002,303.0,2.9,201.57671115167344,142.80503540084712,143.87250249257238,175371.73700574,177125.45608897542,2,Good,297.56250957069057
FRESNO SLOUGH W.D.,Onions & Garlic,Tulare Lake,0.75,160.0698856,2366.0,7.7,151.4754264695741,200.66839323711048,189.41938525340697,2916185.18983792,2759609.614507995,2,Good,297.56250957069057
FRESNO SLOUGH W.D.,Tomato Processing,Tulare Lake,0.75,116.6653386,93.0,51.2,107.27594211970401,259.02110061823765,237.5792658813537,555513.6762777601,510805.1259971827,2,Good,297.56250957069057
FRESNO SLOUGH W.D.,Almonds & Pistachios,Tulare Lake,0.8,180.5327118,4738.0,1.1,144.05541656258546,747.5927123898848,595.047515287678,940900.38735924,750788.020040883,2,Good,254.88378760577157
FRESNO SLOUGH W.D.,Cotton,Tulare Lake,0.8,171.3936328,3438.0,0.8,113.03136236357393,642.6064407115458,422.729204409505,471401.04765312,310881.4590447738,2,Good,254.88378760577157
FRESNO SLOUGH W.D.,Grain,Tulare Lake,0.8,199.5809002,303.0,2.9,201.57671119622557,142.80503540084712,143.8725024786633,175371.73700574,177125.4561281234,2,Good,254.88378760577157
FRESNO SLOUGH W.D.,Onions & Garlic,Tulare Lake,0.8,160.0698856,2366.0,7.7,151.70563905843167,200.66839323711048,189.70726508241503,2916185.18983792,2763803.67349432,2,Good,254.88378760577157
FRESNO SLOUGH W.D.,Tomato Processing,Tulare Lake,0.8,116.6653386,93.0,51.2,109.63261044487004,259.02110061823765,242.7984745337218,555513.6762777601,522026.63789429324,2,Good,254.88378760577157
FRESNO SLOUGH W.D.,Almonds & Pistachios,Tulare Lake,0.85,180.5327118,4738.0,1.1,149.64021480396,747.5927123898848,618.1165563734863,940900.38735924,779894.8715152787,2,Good,205.99194698558114
FRESNO SLOUGH W.D.,Cotton,Tulare Lake,0.85,171.3936328,3438.0,0.8,131.86276322267636,642.6064407115458,493.1572957049128,471401.04765312,362675.3439676491,2,Good,205.99194698558114
FRESNO SLOUGH W.D.,Grain,Tulare Lake,0.85,199.5809002,303.0,2.9,201.57671117633296,142.80503540084712,143.8725025101666,175371.73700574,177125.45611064378,2,Good,205.99194698558114
FRESNO SLOUGH W.D.,Onions & Garlic,Tulare Lake,0.85,160.0698856,2366.0,7.7,151.96837707865328,200.66839323711048,190.03581792263,2916185.18983792,2768590.287294321,2,Good,205.99194698558114
FRESNO SLOUGH W.D.,Tomato Processing,Tulare Lake,0.85,116.6653386,93.0,51.2,112.25559153491051,259.02110061823765,248.60747433877702,555513.6762777601,534516.2246526299,2,Good,205.99194698558114
FRESNO SLOUGH W.D.,Almonds & Pistachios,Tulare Lake,0.9,180.5327118,4738.0,1.1,155.52627191206162,747.5927123898848,642.4300028263343,940900.38735924,810571.8239512828,2,Good,150.20165704626243
FRESNO SLOUGH W.D.,Cotton,Tulare Lake,0.9,171.3936328,3438.0,0.8,150.18610474186906,642.6064407115458,561.6852813900213,471401.04765312,413071.8624820367,2,Good,150.20165704626243
FRESNO SLOUGH W.D.,Grain,Tulare Lake,0.9,199.5809002,303.0,2.9,201.57671118821364,142.80503540084712,143.87250251867613,175371.73700574,177125.45612108332,2,Good,150.20165704626243
FRESNO SLOUGH W.D.,Onions & Garlic,Tulare Lake,0.9,160.0698856,2366.0,7.7,152.26690709005024,200.66839323711048,190.40912845048496,2916185.18983792,2774028.9667479536,2,Good,150.20165704626243
FRESNO SLOUGH W.D.,Tomato Processing,Tulare Lake,0.9,116.6653386,93.0,51.2,115.1544361393258,259.02110061823765,255.02741677285465,555513.6762777601,548319.3631210137,2,Good,150.20165704626243
FRESNO SLOUGH W.D.,Almonds & Pistachios,Tulare Lake,0.95,180.5327118,4738.0,1.1,161.75996547022783,747.5927123898848,668.1794258839171,940900.38735924,843060.5880377335,2,Good,85.94195255831488
FRESNO SLOUGH W.D.,Cotton,Tulare Lake,0.95,171.3936328,3438.0,0.8,168.24193379680727,642.6064407115458,629.2127896237613,471401.04765312,462732.61471473874,2,Good,85.94195255831488
FRESNO SLOUGH W.D.,Grain,Tulare Lake,0.95,199.5809002,303.0,2.9,201.5767111962105,142.80503540084712,143.87250253938487,175371.73700574,177125.45612811015,2,Good,85.94195255831488
FRESNO SLOUGH W.D.,Onions & Garlic,Tulare Lake,0.95,160.0698856,2366.0,7.7,152.60908192559245,200.66839323711048,190.83701666611995,2916185.18983792,2780262.7763368282,2,Good,85.94195255831488
FRESNO SLOUGH W.D.,Tomato Processing,Tulare Lake,0.95,116.6653386,93.0,51.2,117.831992654716,259.02110061823765,260.9572823210826,555513.6762777601,561068.8162246958,2,Good,85.94195255831488
FRESNO SLOUGH W.D.,Almonds & Pistachios,Tulare Lake,1.0,180.5327118,4738.0,1.1,169.33565801320523,747.5927123898848,699.4722238179144,940900.38735924,882543.582433223,2,Good,1.8327637665637e-07
FRESNO SLOUGH W.D.,Cotton,Tulare Lake,1.0,171.3936328,3438.0,0.8,173.10757082271687,642.6064407115458,647.4099239661372,471401.04765312,476115.06279080047,2,Good,1.8327637665637e-07
FRESNO SLOUGH W.D.,Grain,Tulare Lake,1.0,199.5809002,303.0,2.9,201.5767112027146,142.80503540084712,143.87250266869296,175371.73700574,177125.4561338253,2,Good,1.8327637665637e-07
FRESNO SLOUGH W.D.,Onions & Garlic,Tulare Lake,1.0,160.0698856,2366.0,7.7,153.0639411571874,200.66839323711048,191.40581643396868,2916185.18983792,2788549.4927898715,2,Good,1.8327637665637e-07
FRESNO SLOUGH W.D.,Tomato Processing,Tulare Lake,1.0,116.6653386,93.0,51.2,117.83199312198704,259.02110061823765,260.9572835992299,555513.6762777601,561068.8184496536,2,Good,1.8327637665637e-07
GRASSLANDS W.D.,Alfalfa,San Joaquin River,0.5,689.7245575,282.0,6.8,424.94740772293477,2851.9871518243785,1752.7499354449276,1322615.8114619998,814879.1490494997,2,Good,112.65246782426213
GRASSLANDS W.D.,Corn,San Joaquin River,0.5,235.961025,62.0,26.2,238.32063746186637,570.0415495943967,574.3026098561245,383295.08901,387128.0434930557,2,Good,112.65246782426213
GRASSLANDS W.D.,Cotton,San Joaquin River,0.5,274.9930646,3927.0,0.8,248.44664151049517,999.3378691017119,900.6097294800869,863918.2117473602,780519.9689693718,2,Good,112.65246782426213
GRASSLANDS W.D.,Cucurbits,San Joaquin River,0.5,40.80997137,372.0,15.4,40.82845074114455,93.84771717373538,93.65548647413969,233792.163984456,233898.0286058689,2,Good,112.65246782426213
GRASSLANDS W.D.,Grain,San Joaquin River,0.5,926.2253268,206.2919153,4.233904617,935.4875893936718,432.2293850586806,435.4602947882121,808983.9959827935,817073.8440878524,2,Good,112.65246782426213
GRASSLANDS W.D.,Pasture,San Joaquin River,0.5,815.9913879,200.0,5.0,43.18799889346725,3753.7130130811324,198.17618902186535,815991.3879,43187.99889346725,2,Good,112.65246782426213
GRASSLANDS W.D.,Rice,San Joaquin River,0.5,158.8750946,579.0,4.7,144.85035033082374,767.9894334210439,698.4444529777461,432346.79493498005,394181.25835527066,2,Good,112.65246782426213
GRASSLANDS W.D.,Tomato Processing,San Joaquin River,0.5,70.38321942,97.0,48.5,69.47705858307546,167.48819252494914,164.91850590625583,331117.85576139,326854.8221040785,2,Good,112.65246782426213
GRASSLANDS W.D.,Alfalfa,San Joaquin River,0.55,689.7245575,282.0,6.8,424.97108499805057,2851.9871518243785,1752.8475953628677,1322615.8114619998,814924.5525922617,2,Good,112.6490416567827
GRASSLANDS W.D.,Corn,San Joaquin River,0.55,235.961025,62.0,26.2,238.32063752150788,570.0415495943967,574.3026099680143,383295.08901,387128.0435899374,2,Good,112.6490416567827
GRASSLANDS W.D.,Cotton,San Joaquin River,0.55,274.9930646,3927.0,0.8,248.44786370540413,999.3378691017119,900.6141598581992,863918.2117473602,780523.8086168977,2,Good,112.6490416567827
GRASSLANDS W.D.,Cucurbits,San Joaquin River,0.55,40.80997137,372.0,15.4,40.828454027328874,93.84771717373538,93.65549397536472,233792.163984456,233898.04743176166,2,Good,112.6490416567827
GRASSLANDS W.D.,Grain,San Joaquin River,0.55,926.2253268,206.2919153,4.233904617,935.4875894038433,432.2293850586806,435.4602947615722,808983.9959827935,817073.8440967365,2,Good,112.6490416567827
GRASSLANDS W.D.,Pasture,San Joaquin River,0.55,815.9913879,200.0,5.0,148.16946776571552,3753.7130130811324,679.9032414709576,815991.3879,148169.46776571553,2,Good,112.6490416567827
GRASSLANDS W.D.,Rice,San Joaquin River,0.55,158.8750946,579.0,4.7,144.8508277305504,767.9894334210439,698.4467548893555,432346.79493498005,394182.5575031469,2,Good,112.6490416567827
GRASSLANDS W.D.,Tomato Processing,San Joaquin River,0.55,70.38321942,97.0,48.5,69.47717158846815,167.48819252494914,164.9187741134713,331117.85576139,326855.3537379484,2,Good,112.6490416567827
GRASSLANDS W.D.,Alfalfa,San Joaquin River,0.6,689.7245575,282.0,6.8,425.0015528952349,2851.9871518243785,1752.9732641017524,1322615.8114619998,814982.9778319024,2,Good,112.64463277090236
GRASSLANDS W.D.,Corn,San Joaquin River,0.6,235.961025,62.0,26.2,238.32063752151942,570.0415495943967,574.3026099680438,383295.08901,387128.0435899561,2,Good,112.64463277090236
GRASSLANDS W.D.,Cotton,San Joaquin River,0.6,274.9930646,3927.0,0.8,248.44943642831817,999.3378691017119,900.6198609196015,863918.2117473602,780528.7494832044,2,Good,112.64463277090236
GRASSLANDS W.D.,Cucurbits,San Joaquin River,0.6,40.80997137,372.0,15.4,40.82845824943518,93.84771717373538,93.65550366036388,233792.163984456,233898.07161936426,2,Good,112.64463277090236
GRASSLANDS W.D.,Grain,San Joaquin River,0.6,926.2253268,206.2919153,4.233904617,935.4875894038432,432.2293850586806,435.46029476157383,808983.9959827935,817073.8440967364,2,Good,112.64463277090236
GRASSLANDS W.D.,Pasture,San Joaquin River,0.6,815.9913879,200.0,5.0,253.14439474091472,3753.7130130811324,1161.6002752367433,815991.3879,253144.39474091472,2,Good,112.64463277090236
GRASSLANDS W.D.,Rice,San Joaquin River,0.6,158.8750946,579.0,4.7,144.8514420405025,767.9894334210439,698.4497169904317,432346.79493498005,394184.22922481946,2,Good,112.64463277090236
GRASSLANDS W.D.,Tomato Processing,San Joaquin River,0.6,70.38321942,97.0,48.5,69.47731695369363,167.48819252494914,164.91911916860764,331117.85576139,326856.0376086517,2,Good,112.64463277090236
GRASSLANDS W.D.,Alfalfa,San Joaquin River,0.65,689.7245575,282.0,6.8,425.0407578870698,2851.9871518243785,1753.1349701050278,1322615.8114619998,815058.157324245,2,Good,112.63895942142224
GRASSLANDS W.D.,Corn,San Joaquin River,0.65,235.961025,62.0,26.2,238.3206375215374,570.0415495943967,574.3026099680892,383295.08901,387128.04358998535,2,Good,112.63895942142224
GRASSLANDS W.D.,Cotton,San Joaquin River,0.65,274.9930646,3927.0,0.8,248.45146018696605,999.3378691017119,900.6271969685723,863918.2117473602,780535.1073233726,2,Good,112.63895942142224
GRASSLANDS W.D.,Cucurbits,San Joaquin River,0.65,40.80997137,372.0,15.4,40.82846368242403,93.84771717373538,93.6555161229806,233792.163984456,233898.10274387078,2,Good,112.63895942142224
GRASSLANDS W.D.,Grain,San Joaquin River,0.65,926.2253268,206.2919153,4.233904617,935.4875894038435,432.2293850586806,435.460294761576,808983.9959827935,817073.8440967366,2,Good,112.63895942142224
GRASSLANDS W.D.,Pasture,San Joaquin River,0.65,815.9913879,200.0,5.0,358.1109046162818,3753.7130130811324,1643.2586855698787,815991.3879,358110.9046162818,2,Good,112.63895942142224
GRASSLANDS W.D.,Rice,San Joaquin River,0.65,158.8750946,579.0,4.7,144.85223251639664,767.9894334210439,698.45352853457,432346.79493498005,394186.3803468702,2,Good,112.63895942142224
GRASSLANDS W.D.,Tomato Processing,San Joaquin River,0.65,70.38321942,97.0,48.5,69.4775040089001,167.48819252494914,164.91956318373965,331117.85576139,326856.9176098705,2,Good,112.63895942142224
GRASSLANDS W.D.,Alfalfa,San Joaquin River,0.7,689.7245575,282.0,6.8,425.0912027648972,2851.9871518243785,1753.3430364556991,1322615.8114619998,815154.8904219669,2,Good,112.63165929436197
GRASSLANDS W.D.,Corn,San Joaquin River,0.7,235.961025,62.0,26.2,238.32063752156103,570.0415495943967,574.302609968149,383295.08901,387128.0435900237,2,Good,112.63165929436197
GRASSLANDS W.D.,Cotton,San Joaquin River,0.7,274.9930646,3927.0,0.8,248.4540642064217,999.3378691017119,900.6366364411438,863918.2117473602,780543.2881108945,2,Good,112.63165929436197
GRASSLANDS W.D.,Cucurbits,San Joaquin River,0.7,40.80997137,372.0,15.4,40.82847067324808,93.84771717373538,93.65553215908214,233792.163984456,233898.14279290359,2,Good,112.63165929436197
GRASSLANDS W.D.,Grain,San Joaquin River,0.7,926.2253268,206.2919153,4.233904617,935.4875894038436,432.2293850586806,435.4602947615788,808983.9959827935,817073.8440967366,2,Good,112.63165929436197
GRASSLANDS W.D.,Pasture,San Joaquin River,0.7,815.9913879,200.0,5.0,463.06658624213554,3753.7130130811324,2124.8674084602917,815991.3879,463066.58624213556,2,Good,112.63165929436197
GRASSLANDS W.D.,Rice,San Joaquin River,0.7,158.8750946,579.0,4.7,144.85324962460473,767.9894334210439,698.4584328622755,432346.79493498005,394189.14820343687,2,Good,112.63165929436197
GRASSLANDS W.D.,Tomato Processing,San Joaquin River,0.7,70.38321942,97.0,48.5,69.47774469937058,167.48819252494914,164.92013451352534,331117.85576139,326858.04993818887,2,Good,112.63165929436197
GRASSLANDS W.D.,Alfalfa,San Joaquin River,0.75,689.7245575,282.0,6.8,425.1561054540194,2851.9871518243785,1753.610735898259,1322615.8114619998,815279.3478186275,2,Good,112.62226648381969
GRASSLANDS W.D.,Corn,San Joaquin River,0.75,235.961025,62.0,26.2,238.32063752159152,570.0415495943967,574.3026099682262,383295.08901,387128.04359007324,2,Good,112.62226648381969
GRASSLANDS W.D.,Cotton,San Joaquin River,0.75,274.9930646,3927.0,0.8,248.4574146510964,999.3378691017119,900.648781677056,863918.2117473602,780553.8138678846,2,Good,112.62226648381969
GRASSLANDS W.D.,Cucurbits,San Joaquin River,0.75,40.80997137,372.0,15.4,40.828479668054264,93.84771717373538,93.65555279207538,233792.163984456,233898.19432234927,2,Good,112.62226648381969
GRASSLANDS W.D.,Grain,San Joaquin River,0.75,926.2253268,206.2919153,4.233904617,935.4875894038437,432.2293850586806,435.46029476158236,808983.9959827935,817073.8440967367,2,Good,112.62226648381969
GRASSLANDS W.D.,Pasture,San Joaquin River,0.75,815.9913879,200.0,5.0,568.008339505135,3753.7130130811324,2606.4122184596426,815991.3879,568008.3395051351,2,Good,112.62226648381969
GRASSLANDS W.D.,Rice,San Joaquin River,0.75,158.8750946,579.0,4.7,144.85455825320196,767.9894334210439,698.464742853125,432346.79493498005,394192.7093744385,2,Good,112.62226648381969
GRASSLANDS W.D.,Tomato Processing,San Joaquin River,0.75,70.38321942,97.0,48.5,69.47805438549024,167.48819252494914,164.92086961909072,331117.85576139,326859.5068565388,2,Good,112.62226648381969
GRASSLANDS W.D.,Alfalfa,San Joaquin River,0.8,689.7245575,282.0,6.8,425.23960220755305,2851.9871518243785,1753.9551289377284,1322615.8114619998,815439.4611932037,2,Good,112.61018201447492
GRASSLANDS W.D.,Corn,San Joaquin River,0.8,235.961025,62.0,26.2,238.32063752163023,570.0415495943967,574.3026099683241,383295.08901,387128.0435901361,2,Good,112.61018201447492
GRASSLANDS W.D.,Cotton,San Joaquin River,0.8,274.9930646,3927.0,0.8,248.4617251304713,999.3378691017119,900.6644070026429,863918.2117473602,780567.3556698888,2,Good,112.61018201447492
GRASSLANDS W.D.,Cucurbits,San Joaquin River,0.8,40.80997137,372.0,15.4,40.82849124040625,93.84771717373538,93.65557933764569,233792.163984456,233898.26061803935,2,Good,112.61018201447492
GRASSLANDS W.D.,Grain,San Joaquin River,0.8,926.2253268,206.2919153,4.233904617,935.487589403844,432.2293850586806,435.4602947615871,808983.9959827935,817073.8440967371,2,Good,112.61018201447492
GRASSLANDS W.D.,Pasture,San Joaquin River,0.8,815.9913879,200.0,5.0,672.932179560525,3753.7130130811324,3087.874830364465,815991.3879,672932.179560525,2,Good,112.61018201447492
GRASSLANDS W.D.,Rice,San Joaquin River,0.8,158.8750946,579.0,4.7,144.85624181078902,767.9894334210439,698.4728606896077,432346.79493498005,394197.29083970014,2,Good,112.61018201447492
GRASSLANDS W.D.,Tomato Processing,San Joaquin River,0.8,70.38321942,97.0,48.5,69.47845281436332,167.48819252494914,164.92181537436812,331117.85576139,326861.38126517227,2,Good,112.61018201447492
GRASSLANDS W.D.,Alfalfa,San Joaquin River,0.85,689.7245575,282.0,6.8,425.34700786578117,2851.9871518243785,1754.3981373126405,1322615.8114619998,815645.422283422,2,Good,112.59463605690868
GRASSLANDS W.D.,Corn,San Joaquin River,0.85,235.961025,62.0,26.2,238.32063752167326,570.0415495943967,574.3026099684337,383295.08901,387128.043590206,2,Good,112.59463605690868
GRASSLANDS W.D.,Cotton,San Joaquin River,0.85,274.9930646,3927.0,0.8,248.46727016186895,999.3378691017119,900.6845075328719,863918.2117473602,780584.7759405276,2,Good,112.59463605690868
GRASSLANDS W.D.,Cucurbits,San Joaquin River,0.85,40.80997137,372.0,15.4,40.828506127457985,93.84771717373538,93.65561348673445,233792.163984456,233898.34590298132,2,Good,112.59463605690868
GRASSLANDS W.D.,Grain,San Joaquin River,0.85,926.2253268,206.2919153,4.233904617,935.4875894038444,432.2293850586806,435.4602947615929,808983.9959827935,817073.8440967373,2,Good,112.59463605690868
GRASSLANDS W.D.,Pasture,San Joaquin River,0.85,815.9913879,200.0,5.0,777.8329860780343,3753.7130130811324,3569.231748584197,815991.3879,777832.9860780343,2,Good,112.59463605690868
GRASSLANDS W.D.,Rice,San Joaquin River,0.85,158.8750946,579.0,4.7,144.85840747717896,767.9894334210439,698.4833031750708,432346.79493498005,394203.1842676471,2,Good,112.59463605690868
GRASSLANDS W.D.,Tomato Processing,San Joaquin River,0.85,70.38321942,97.0,48.5,69.47896536513674,167.48819252494914,164.9230320221352,331117.85576139,326863.79256028583,2,Good,112.59463605690868
GRASSLANDS W.D.,Alfalfa,San Joaquin River,0.9,689.7245575,282.0,6.8,486.2148083004598,2851.9871518243785,2005.455165405294,1322615.8114619998,932365.5163969618,2,Good,103.57187309530735
GRASSLANDS W.D.,Corn,San Joaquin River,0.9,235.961025,62.0,26.2,238.32063754519078,570.0415495943967,574.3026100288517,383295.08901,387128.0436284079,2,Good,103.57187309530735
GRASSLANDS W.D.,Cotton,San Joaquin River,0.9,274.9930646,3927.0,0.8,251.658139658926,999.3378691017119,912.2512894291796,863918.2117473602,790609.211552482,2,Good,103.57187309530735
GRASSLANDS W.D.,Cucurbits,San Joaquin River,0.9,40.80997137,372.0,15.4,40.83712819435646,93.84771717373538,93.67539146169035,233792.163984456,233947.7399998293,2,Good,103.57187309530735
GRASSLANDS W.D.,Grain,San Joaquin River,0.9,926.2253268,206.2919153,4.233904617,935.4875894040102,432.2293850586806,435.4602947653053,808983.9959827935,817073.8440968823,2,Good,103.57187309530735
GRASSLANDS W.D.,Pasture,San Joaquin River,0.9,815.9913879,200.0,5.0,824.1513098007032,3753.7130130811324,3781.7720169081977,815991.3879,824151.3098007032,2,Good,103.57187309530735
GRASSLANDS W.D.,Rice,San Joaquin River,0.9,158.8750946,579.0,4.7,146.09107988378253,767.9894334210439,704.4270458251099,432346.79493498005,397557.6556877374,2,Good,103.57187309530735
GRASSLANDS W.D.,Tomato Processing,San Joaquin River,0.9,70.38321942,97.0,48.5,69.77559843900835,167.48819252494914,165.62715342033297,331117.85576139,328259.30285631475,2,Good,103.57187309530735
GRASSLANDS W.D.,Alfalfa,San Joaquin River,0.95,689.7245575,282.0,6.8,594.8778581721868,2851.9871518243785,2453.6498130095297,1322615.8114619998,1140737.7808309854,2,Good,86.36038362401274
GRASSLANDS W.D.,Corn,San Joaquin River,0.95,235.961025,62.0,26.2,238.3206375434571,570.0415495943967,574.3026100642022,383295.08901,387128.0436255917,2,Good,86.36038362401274
GRASSLANDS W.D.,Cotton,San Joaquin River,0.95,274.9930646,3927.0,0.8,257.5979423172521,999.3378691017119,933.7828506622178,863918.2117473602,809269.6955838792,2,Good,86.36038362401274
GRASSLANDS W.D.,Cucurbits,San Joaquin River,0.95,40.80997137,372.0,15.4,40.85347497318357,93.84771717373538,93.71288902770824,233792.163984456,234041.38742637407,2,Good,86.36038362401274
GRASSLANDS W.D.,Grain,San Joaquin River,0.95,926.2253268,206.2919153,4.233904617,935.487589396351,432.2293850586806,435.4602948004518,808983.9959827935,817073.8440901926,2,Good,86.36038362401274
GRASSLANDS W.D.,Pasture,San Joaquin River,0.95,815.9913879,200.0,5.0,824.1513099125284,3753.7130130811324,3781.7720174605074,815991.3879,824151.3099125284,2,Good,86.36038362401274
GRASSLANDS W.D.,Rice,San Joaquin River,0.95,158.8750946,579.0,4.7,148.31759294141668,767.9894334210439,715.1629238975121,432346.79493498005,403616.6656714772,2,Good,86.36038362401274
GRASSLANDS W.D.,Tomato Processing,San Joaquin River,0.95,70.38321942,97.0,48.5,70.33680189478679,167.48819252494914,166.95928866646227,331117.85576139,330899.48451402446,2,Good,86.36038362401274
GRASSLANDS W.D.,Alfalfa,San Joaquin River,1.0,689.7245575,282.0,6.8,693.381996186164,2851.9871518243785,2859.9427293793287,1322615.8114619998,1329629.315886588,2,Good,1.685359669194662e-07
GRASSLANDS W.D.,Corn,San Joaquin River,1.0,235.961025,62.0,26.2,238.32063749630814,570.0415495943967,574.3026100752242,383295.08901,387128.0435490029,2,Good,1.685359669194662e-07
GRASSLANDS W.D.,Cotton,San Joaquin River,1.0,274.9930646,3927.0,0.8,260.07506052114945,999.3378691017119,942.7623111070658,863918.2117473602,817051.8101332432,2,Good,1.685359669194662e-07
GRASSLANDS W.D.,Cucurbits,San Joaquin River,1.0,40.80997137,372.0,15.4,40.816714608405356,93.84771717373538,93.62856558803463,233792.163984456,233830.7946486326,2,Good,1.685359669194662e-07
GRASSLANDS W.D.,Grain,San Joaquin River,1.0,926.2253268,206.2919153,4.233904617,935.4875893855569,432.2293850586806,435.460294909813,808983.9959827935,817073.8440807648,2,Good,1.685359669194662e-07
GRASSLANDS W.D.,Pasture,San Joaquin River,1.0,815.9913879,200.0,5.0,824.1513099810121,3753.7130130811324,3781.7720178949103,815991.3879,824151.3099810121,2,Good,1.685359669194662e-07
GRASSLANDS W.D.,Rice,San Joaquin River,1.0,158.8750946,579.0,4.7,151.51842573871966,767.9894334210439,730.5968108173475,432346.79493498005,412327.09196277783,2,Good,1.685359669194662e-07
GRASSLANDS W.D.,Tomato Processing,San Joaquin River,1.0,70.38321942,97.0,48.5,69.21194537058877,167.48819252494914,164.28920382333243,331117.85576139,325607.59699593484,2,Good,1.685359669194662e-07
HENRY MILLER RECLAMATION DIST. 2131,Alfalfa,San Joaquin River,0.5,3708.141917,281.5865269,6.820673657,1.0659130540662802e-21,15333.03836934271,1.0659130540664942e-08,7121893.728545332,2.0472030641887762e-18,3,Good,390.04316023932415
HENRY MILLER RECLAMATION DIST. 2131,Almonds & Pistachios,San Joaquin River,0.5,482.3624499,5084.931574,1.008661116,342.2063540326165,1862.4996888363683,1318.0251149692535,2474023.8641579705,1755167.0668367762,3,Good,390.04316023932415
HENRY MILLER RECLAMATION DIST. 2131,Citrus & Subtropical,San Joaquin River,0.5,5.731683796,872.0,7.8,5.458195608117368,18.61344742489847,17.680990457598117,38984.6205068736,37124.46324817109,3,Good,390.04316023932415
HENRY MILLER RECLAMATION DIST. 2131,Corn,San Joaquin River,0.5,3153.419258,62.0,26.2,1778.5277285767822,7618.122528290985,4285.877744133856,5122414.242695199,2889040.442300125,3,Good,390.04316023932415
HENRY MILLER RECLAMATION DIST. 2131,Cotton,San Joaquin River,0.5,11606.96075,3922.445125,0.8,4529.16831120381,42180.247125593174,16418.064749464324,36422133.28792308,14212331.330068694,3,Good,390.04316023932415
HENRY MILLER RECLAMATION DIST. 2131,Cucurbits,San Joaquin River,0.5,1109.713777,372.0,15.4,1102.4774944620544,2551.9279036851144,2528.948908922013,6357328.2856776,6315873.070274218,3,Good,390.04316023932415
HENRY MILLER RECLAMATION DIST. 2131,Grain,San Joaquin River,0.5,3404.89204,189.1543272,4.470285142,3438.940994763916,1588.9161633324456,1600.7932932810443,2879087.4273993834,2907878.330730603,3,Good,390.04316023932415
HENRY MILLER RECLAMATION DIST. 2131,Lettuce,San Joaquin River,0.5,369.5729814,674.0,15.2,350.6242234615753,1229.233874331838,1163.2930220951746,3786201.27984672,3592075.0445191464,3,Good,390.04316023932415
HENRY MILLER RECLAMATION DIST. 2131,Onions & Garlic,San Joaquin River,0.5,772.3914929,2039.0,6.5,725.969562545443,1143.774343877649,1072.3441363907518,10236890.65115015,9621637.597196028,3,Good,390.04316023932415
HENRY MILLER RECLAMATION DIST. 2131,Other Deciduous,San Joaquin River,0.5,96.43715622,3553.0,6.1,93.84566329190983,332.3067397864645,322.5684316701137,2090111.417902926,2033945.2142245492,3,Good,390.04316023932415
HENRY MILLER RECLAMATION DIST. 2131,Pasture,San Joaquin River,0.5,539.0958288,200.0,5.0,1.0659130540661476e-21,2479.94164873749,1.0659130540664285e-08,539095.8288,1.0659130540661476e-18,3,Good,390.04316023932415
HENRY MILLER RECLAMATION DIST. 2131,Tomato Processing,San Joaquin River,0.5,10615.20198,97.0,48.5,8961.691382778568,25260.580683415705,21272.47155367636,49939217.71491,42160277.11028177,3,Good,390.04316023932415
HENRY MILLER RECLAMATION DIST. 2131,Truck Crops,San Joaquin River,0.5,621.5500005,910.0,18.1,587.8418889115999,1658.1292442370166,1564.2844854526668,10237550.0582355,9682343.752262961,3,Good,390.04316023932415
HENRY MILLER RECLAMATION DIST. 2131,Vineyard,San Joaquin River,0.5,45.41249677,1501.721891,10.6898472,43.57163143399805,140.7099180293325,134.66850890282004,729014.8737141341,699463.1356265524,3,Good,390.04316023932415
HENRY MILLER RECLAMATION DIST. 2131,Alfalfa,San Joaquin River,0.55,3708.141917,281.5865269,6.820673657,1.280717755267865e-09,15333.03836934271,6.809238778309728e-07,7121893.728545332,2.459759079732887e-06,2,Good,355.79371374015943
HENRY MILLER RECLAMATION DIST. 2131,Almonds & Pistachios,San Joaquin River,0.55,482.3624499,5084.931574,1.008661116,354.44154473961794,1862.4996888363683,1365.1495726371672,2474023.8641579705,1817921.026640075,2,Good,355.79371374015943
HENRY MILLER RECLAMATION DIST. 2131,Citrus & Subtropical,San Joaquin River,0.55,5.731683796,872.0,7.8,5.478253382212302,18.61344742489847,17.74596516457987,38984.6205068736,37260.888204455194,2,Good,355.79371374015943
HENRY MILLER RECLAMATION DIST. 2131,Corn,San Joaquin River,0.55,3153.419258,62.0,26.2,2150.1637174267057,7618.122528290985,5181.4423108312185,5122414.242695199,3492725.9425879405,2,Good,355.79371374015943
HENRY MILLER RECLAMATION DIST. 2131,Cotton,San Joaquin River,0.55,11606.96075,3922.445125,0.8,5557.873854083381,42180.247125593174,20147.083645074046,36422133.28792308,17440364.163451456,2,Good,355.79371374015943
HENRY MILLER RECLAMATION DIST. 2131,Cucurbits,San Joaquin River,0.55,1109.713777,372.0,15.4,1103.4934857580367,2551.9279036851144,2531.2794696803917,6357328.2856776,6321693.481210641,2,Good,355.79371374015943
HENRY MILLER RECLAMATION DIST. 2131,Grain,San Joaquin River,0.55,3404.89204,189.1543272,4.470285142,3438.9409941225067,1588.9161633324456,1600.7932935856984,2879087.4273993834,2907878.330188244,2,Good,355.79371374015943
HENRY MILLER RECLAMATION DIST. 2131,Lettuce,San Joaquin River,0.55,369.5729814,674.0,15.2,351.9985820560012,1229.233874331838,1167.8528382072916,3786201.27984672,3606155.073447321,2,Good,355.79371374015943
HENRY MILLER RECLAMATION DIST. 2131,Onions & Garlic,San Joaquin River,0.55,772.3914929,2039.0,6.5,727.4608998917424,1143.774343877649,1074.5470211859838,10236890.65115015,9641403.036715208,2,Good,355.79371374015943
HENRY MILLER RECLAMATION DIST. 2131,Other Deciduous,San Joaquin River,0.55,96.43715622,3553.0,6.1,93.93289798981255,332.3067397864645,322.8682773633872,2090111.417902926,2035835.8780026042,2,Good,355.79371374015943
HENRY MILLER RECLAMATION DIST. 2131,Pasture,San Joaquin River,0.55,539.0958288,200.0,5.0,7.543219194278483e-10,2479.94164873749,6.472483938931469e-07,539095.8288,7.543219194278483e-07,2,Good,355.79371374015943
HENRY MILLER RECLAMATION DIST. 2131,Tomato Processing,San Joaquin River,0.55,10615.20198,97.0,48.5,9165.610839490126,25260.580683415705,21756.517551522596,49939217.71491,43119616.1943813,2,Good,355.79371374015943
HENRY MILLER RECLAMATION DIST. 2131,Truck Crops,San Joaquin River,0.55,621.5500005,910.0,18.1,589.539149520478,1658.1292442370166,1568.801004028611,10237550.0582355,9710299.331751792,2,Good,355.79371374015943
HENRY MILLER RECLAMATION DIST. 2131,Vineyard,San Joaquin River,0.55,45.41249677,1501.721891,10.6898472,43.62778713937232,140.7099180293325,134.84207209923247,729014.8737141341,700364.6131354658,2,Good,355.79371374015943
HENRY MILLER RECLAMATION DIST. 2131,Alfalfa,San Joaquin River,0.6,3708.141917,281.5865269,6.820673657,3.4649906069135023e-18,15333.03836934271,1.485368545445983e-08,7121893.728545332,6.654894938004542e-15,3,Good,315.77710448718875
HENRY MILLER RECLAMATION DIST. 2131,Almonds & Pistachios,San Joaquin River,0.6,482.3624499,5084.931574,1.008661116,367.81853447048263,1862.4996888363683,1416.6717259084742,2474023.8641579705,1886531.242529841,3,Good,315.77710448718875
HENRY MILLER RECLAMATION DIST. 2131,Citrus & Subtropical,San Joaquin River,0.6,5.731683796,872.0,7.8,5.501024765419717,18.61344742489847,17.819728971141288,38984.6205068736,37415.77004447875,3,Good,315.77710448718875
HENRY MILLER RECLAMATION DIST. 2131,Corn,San Joaquin River,0.6,3153.419258,62.0,26.2,2454.5649991748637,7618.122528290985,5914.985373832409,5122414.242695199,3987195.3846596484,3,Good,315.77710448718875
HENRY MILLER RECLAMATION DIST. 2131,Cotton,San Joaquin River,0.6,11606.96075,3922.445125,0.8,6611.24218643783,42180.247125593174,23965.504223545275,36422133.28792308,20745787.74750993,3,Good,315.77710448718875
HENRY MILLER RECLAMATION DIST. 2131,Cucurbits,San Joaquin River,0.6,1109.713777,372.0,15.4,1104.6574603668944,2551.9279036851144,2533.949484833639,6357328.2856776,6328361.658949865,3,Good,315.77710448718875
HENRY MILLER RECLAMATION DIST. 2131,Grain,San Joaquin River,0.6,3404.89204,189.1543272,4.470285142,3438.9409947661684,1588.9161633324456,1600.7932932864567,2879087.4273993834,2907878.3307325076,3,Good,315.77710448718875
HENRY MILLER RECLAMATION DIST. 2131,Lettuce,San Joaquin River,0.6,369.5729814,674.0,15.2,353.57888873123665,1229.233874331838,1173.0959428930992,3786201.27984672,3622344.999273773,3,Good,315.77710448718875
HENRY MILLER RECLAMATION DIST. 2131,Onions & Garlic,San Joaquin River,0.6,772.3914929,2039.0,6.5,729.1945091177978,1143.774343877649,1077.1077693703876,10236890.65115015,9664379.426592734,3,Good,315.77710448718875
HENRY MILLER RECLAMATION DIST. 2131,Other Deciduous,San Joaquin River,0.6,96.43715622,3553.0,6.1,94.03405896108107,332.3067397864645,323.21598952027585,2090111.417902926,2038028.3700811984,3,Good,315.77710448718875
HENRY MILLER RECLAMATION DIST. 2131,Pasture,San Joaquin River,0.6,539.0958288,200.0,5.0,3.1137850473726207e-18,2479.94164873749,1.4853685449567057e-08,539095.8288,3.113785047372621e-15,3,Good,315.77710448718875
HENRY MILLER RECLAMATION DIST. 2131,Tomato Processing,San Joaquin River,0.6,10615.20198,97.0,48.5,9397.349604277213,25260.580683415705,22306.59856476685,49939217.71491,44209831.21332215,3,Good,315.77710448718875
HENRY MILLER RECLAMATION DIST. 2131,Truck Crops,San Joaquin River,0.6,621.5500005,910.0,18.1,591.5079926808141,1658.1292442370166,1574.0402197056608,10237550.0582355,9742728.14744569,3,Good,315.77710448718875
HENRY MILLER RECLAMATION DIST. 2131,Vineyard,San Joaquin River,0.6,45.41249677,1501.721891,10.6898472,43.69272928190548,140.7099180293325,135.04279066054428,729014.8737141341,701407.1408801373,3,Good,315.77710448718875
HENRY MILLER RECLAMATION DIST. 2131,Alfalfa,San Joaquin River,0.65,3708.141917,281.5865269,6.820673657,1.8443638967542833e-21,15333.03836934271,1.8443638967543686e-08,7121893.728545332,3.542303386294522e-18,3,Good,269.61132339527074
HENRY MILLER RECLAMATION DIST. 2131,Almonds & Pistachios,San Joaquin River,0.65,482.3624499,5084.931574,1.008661116,382.18026771637,1862.4996888363683,1471.9866693351155,2474023.8641579705,1960192.181080017,3,Good,269.61132339527074
HENRY MILLER RECLAMATION DIST. 2131,Citrus & Subtropical,San Joaquin River,0.65,5.731683796,872.0,7.8,5.526458748790222,18.61344742489847,17.902118476827837,38984.6205068736,37588.761825771566,3,Good,269.61132339527074
HENRY MILLER RECLAMATION DIST. 2131,Corn,San Joaquin River,0.65,3153.419258,62.0,26.2,2715.3556152455176,7618.122528290985,6543.435905886728,5122414.242695199,4410823.661404818,3,Good,269.61132339527074
HENRY MILLER RECLAMATION DIST. 2131,Cotton,San Joaquin River,0.65,11606.96075,3922.445125,0.8,7674.00134339755,42180.247125593174,27817.966188556267,36422133.28792308,24080679.32692254,3,Good,269.61132339527074
HENRY MILLER RECLAMATION DIST. 2131,Cucurbits,San Joaquin River,0.65,1109.713777,372.0,15.4,1105.9706475036517,2551.9279036851144,2536.961775967156,6357328.2856776,6335884.64541892,3,Good,269.61132339527074
HENRY MILLER RECLAMATION DIST. 2131,Grain,San Joaquin River,0.65,3404.89204,189.1543272,4.470285142,3438.940994767379,1588.9161633324456,1600.7932932907802,2879087.4273993834,2907878.330733531,3,Good,269.61132339527074
HENRY MILLER RECLAMATION DIST. 2131,Lettuce,San Joaquin River,0.65,369.5729814,674.0,15.2,355.3690750752192,1229.233874331838,1179.0353821681892,3786201.27984672,3640685.100330605,3,Good,269.61132339527074
HENRY MILLER RECLAMATION DIST. 2131,Onions & Garlic,San Joaquin River,0.65,772.3914929,2039.0,6.5,731.1827949239182,1143.774343877649,1080.0447060390475,10236890.65115015,9690731.17252415,3,Good,269.61132339527074
HENRY MILLER RECLAMATION DIST. 2131,Other Deciduous,San Joaquin River,0.65,96.43715622,3553.0,6.1,94.14975969466407,332.3067397864645,323.61367869675547,2090111.417902926,2040535.9867903627,3,Good,269.61132339527074
HENRY MILLER RECLAMATION DIST. 2131,Pasture,San Joaquin River,0.65,539.0958288,200.0,5.0,1.8442835221581532e-21,2479.94164873749,1.8442835221583765e-08,539095.8288,1.8442835221581532e-18,3,Good,269.61132339527074
HENRY MILLER RECLAMATION DIST. 2131,Tomato Processing,San Joaquin River,0.65,10615.20198,97.0,48.5,9656.472314022018,25260.580683415705,22921.681168769708,49939217.71491,45428874.001316585,3,Good,269.61132339527074
HENRY MILLER RECLAMATION DIST. 2131,Truck Crops,San Joaquin River,0.65,621.5500005,910.0,18.1,593.7606415409359,1658.1292442370166,1580.0346609524859,10237550.0582355,9779831.526820755,3,Good,269.61132339527074
HENRY MILLER RECLAMATION DIST. 2131,Vineyard,San Joaquin River,0.65,45.41249677,1501.721891,10.6898472,43.766773864315965,140.7099180293325,135.27164308913444,729014.8737141341,702595.7917083133,3,Good,269.61132339527074
HENRY MILLER RECLAMATION DIST. 2131,Alfalfa,San Joaquin River,0.7,3708.141917,281.5865269,6.820673657,8.315178152586606e-08,15333.03836934271,4.103818333239696e-07,7121893.728545332,0.0001597021270009923,7,Good,216.75496826496507
HENRY MILLER RECLAMATION DIST. 2131,Almonds & Pistachios,San Joaquin River,0.7,482.3624499,5084.931574,1.008661116,397.40853135829894,1862.4996888363683,1530.6390985344565,2474023.8641579705,2038297.530423922,7,Good,216.75496826496507
HENRY MILLER RECLAMATION DIST. 2131,Citrus & Subtropical,San Joaquin River,0.7,5.731683796,872.0,7.8,5.554549847580121,18.61344742489847,17.993115341091382,38984.6205068736,37779.82624330095,7,Good,216.75496826496507
HENRY MILLER RECLAMATION DIST. 2131,Corn,San Joaquin River,0.7,3153.419258,62.0,26.2,2945.813323057975,7618.122528290985,7098.790509066519,5122414.242695199,4785179.161975374,7,Good,216.75496826496507
HENRY MILLER RECLAMATION DIST. 2131,Cotton,San Joaquin River,0.7,11606.96075,3922.445125,0.8,8737.401160633743,42180.247125593174,31672.75052300811,36422133.28792308,27417581.270157736,7,Good,216.75496826496507
HENRY MILLER RECLAMATION DIST. 2131,Cucurbits,San Joaquin River,0.7,1109.713777,372.0,15.4,1107.4368848715428,2551.9279036851144,2540.325145706428,6357328.2856776,6344284.426052094,7,Good,216.75496826496507
HENRY MILLER RECLAMATION DIST. 2131,Grain,San Joaquin River,0.7,3404.89204,189.1543272,4.470285142,3438.9409947535414,1588.9161633324456,1600.7932933263123,2879087.4273993834,2907878.3307218305,7,Good,216.75496826496507
HENRY MILLER RECLAMATION DIST. 2131,Lettuce,San Joaquin River,0.7,369.5729814,674.0,15.2,357.3769092035203,1229.233874331838,1185.69692832071,3786201.27984672,3661254.9594082246,7,Good,216.75496826496507
HENRY MILLER RECLAMATION DIST. 2131,Onions & Garlic,San Joaquin River,0.7,772.3914929,2039.0,6.5,733.4439088278252,1143.774343877649,1083.3846425788959,10236890.65115015,9720698.845649581,7,Good,216.75496826496507
HENRY MILLER RECLAMATION DIST. 2131,Other Deciduous,San Joaquin River,0.7,96.43715622,3553.0,6.1,94.28092453174943,332.3067397864645,324.06452147887575,2090111.417902926,2043378.7616539649,7,Good,216.75496826496507
HENRY MILLER RECLAMATION DIST. 2131,Pasture,San Joaquin River,0.7,539.0958288,200.0,5.0,1.288058975893937e-19,2479.94164873749,5.904664028356319e-08,539095.8288,1.288058975893937e-16,7,Good,216.75496826496507
HENRY MILLER RECLAMATION DIST. 2131,Tomato Processing,San Joaquin River,0.7,10615.20198,97.0,48.5,9943.005448763024,25260.580683415705,23601.828218920833,49939217.71491,46776869.133705646,7,Good,216.75496826496507
HENRY MILLER RECLAMATION DIST. 2131,Truck Crops,San Joaquin River,0.7,621.5500005,910.0,18.1,596.3154261312243,1658.1292442370166,1586.8331045484715,10237550.0582355,9821911.383807395,7,Good,216.75496826496507
HENRY MILLER RECLAMATION DIST. 2131,Vineyard,San Joaquin River,0.7,45.41249677,1501.721891,10.6898472,43.85042078138475,140.7099180293325,135.5301738597359,729014.8737141341,703938.5905196695,7,Good,216.75496826496507
HENRY MILLER RECLAMATION DIST. 2131,Alfalfa,San Joaquin River,0.75,3708.141917,281.5865269,6.820673657,121.30199890174427,15333.03836934271,500.32560944800747,7121893.728545332,232973.80860149677,2,Good,162.73550373424433
HENRY MILLER RECLAMATION DIST. 2131,Almonds & Pistachios,San Joaquin River,0.75,482.3624499,5084.931574,1.008661116,411.82324177767816,1862.4996888363683,1586.1580861990822,2474023.8641579705,2112230.1874536388,2,Good,162.73550373424433
HENRY MILLER RECLAMATION DIST. 2131,Citrus & Subtropical,San Joaquin River,0.75,5.731683796,872.0,7.8,5.582208295294957,18.61344742489847,18.082710627966318,38984.6205068736,37967.94794127817,2,Good,162.73550373424433
HENRY MILLER RECLAMATION DIST. 2131,Corn,San Joaquin River,0.75,3153.419258,62.0,26.2,3134.6970157008664,7618.122528290985,7553.960479961225,5122414.242695199,5092001.832304487,2,Good,162.73550373424433
HENRY MILLER RECLAMATION DIST. 2131,Cotton,San Joaquin River,0.75,11606.96075,3922.445125,0.8,9693.916324155833,42180.247125593174,35140.08200847307,36422133.28792308,30419083.862274375,2,Good,162.73550373424433
HENRY MILLER RECLAMATION DIST. 2131,Cucurbits,San Joaquin River,0.75,1109.713777,372.0,15.4,1108.896568318375,2551.9279036851144,2543.673481475432,6357328.2856776,6352646.660582308,2,Good,162.73550373424433
HENRY MILLER RECLAMATION DIST. 2131,Grain,San Joaquin River,0.75,3404.89204,189.1543272,4.470285142,3438.9409947697495,1588.9161633324456,1600.79329330709,2879087.4273993834,2907878.330735536,2,Good,162.73550373424433
HENRY MILLER RECLAMATION DIST. 2131,Lettuce,San Joaquin River,0.75,369.5729814,674.0,15.2,359.3850509691643,1229.233874331838,1192.3594950724394,3786201.27984672,3681827.970168894,2,Good,162.73550373424433
HENRY MILLER RECLAMATION DIST. 2131,Onions & Garlic,San Joaquin River,0.75,772.3914929,2039.0,6.5,735.7384912753889,1143.774343877649,1086.7740161009244,10236890.65115015,9751110.094118368,2,Good,162.73550373424433
HENRY MILLER RECLAMATION DIST. 2131,Other Deciduous,San Joaquin River,0.75,96.43715622,3553.0,6.1,94.41358842781858,332.3067397864645,324.520516788795,2090111.417902926,2046254.0260726404,2,Good,162.73550373424433
HENRY MILLER RECLAMATION DIST. 2131,Pasture,San Joaquin River,0.75,539.0958288,200.0,5.0,2.359442606083452e-08,2479.94164873749,1.5313329588013535e-07,539095.8288,2.359442606083452e-05,2,Good,162.73550373424433
HENRY MILLER RECLAMATION DIST. 2131,Tomato Processing,San Joaquin River,0.75,10615.20198,97.0,48.5,10225.462033097534,25260.580683415705,24272.29871366433,49939217.71491,48105686.13470735,2,Good,162.73550373424433
HENRY MILLER RECLAMATION DIST. 2131,Truck Crops,San Joaquin River,0.75,621.5500005,910.0,18.1,598.9005394525454,1658.1292442370166,1593.7122547443134,10237550.0582355,9864490.785322877,2,Good,162.73550373424433
HENRY MILLER RECLAMATION DIST. 2131,Vineyard,San Joaquin River,0.75,45.41249677,1501.721891,10.6898472,43.93471113681157,140.7099180293325,135.79069326031225,729014.8737141341,705291.7185612309,2,Good,162.73550373424433
HENRY MILLER RECLAMATION DIST. 2131,Alfalfa,San Joaquin River,0.8,3708.141917,281.5865269,6.820673657,1013.7523498783995,15333.03836934271,4181.351229480015,7121893.728545332,1947022.7042276028,2,Good,143.93436700186913
HENRY MILLER RECLAMATION DIST. 2131,Almonds & Pistachios,San Joaquin River,0.8,482.3624499,5084.931574,1.008661116,416.59702069033926,1862.4996888363683,1604.5445376386547,2474023.8641579705,2136714.769440869,2,Good,143.93436700186913
HENRY MILLER RECLAMATION DIST. 2131,Citrus & Subtropical,San Joaquin River,0.8,5.731683796,872.0,7.8,5.591597200506784,18.61344742489847,18.113124583823303,38984.6205068736,38031.80751896694,2,Good,143.93436700186913
HENRY MILLER RECLAMATION DIST. 2131,Corn,San Joaquin River,0.8,3153.419258,62.0,26.2,3184.953480110125,7618.122528290985,7675.067988677078,5122414.242695199,5173638.433090886,2,Good,143.93436700186913
HENRY MILLER RECLAMATION DIST. 2131,Cotton,San Joaquin River,0.8,11606.96075,3922.445125,0.8,10001.326703418328,42180.247125593174,36254.433069139784,36422133.28792308,31383724.137084436,2,Good,143.93436700186913
HENRY MILLER RECLAMATION DIST. 2131,Cucurbits,San Joaquin River,0.8,1109.713777,372.0,15.4,1109.3956433870349,2551.9279036851144,2544.8182988495637,6357328.2856776,6355505.761835646,2,Good,143.93436700186913
HENRY MILLER RECLAMATION DIST. 2131,Grain,San Joaquin River,0.8,3404.89204,189.1543272,4.470285142,3438.940994759587,1588.9161633324456,1600.79329333349,2879087.4273993834,2907878.3307269425,2,Good,143.93436700186913
HENRY MILLER RECLAMATION DIST. 2131,Lettuce,San Joaquin River,0.8,369.5729814,674.0,15.2,360.0737437860554,1229.233874331838,1194.6444243692947,3786201.27984672,3688883.4903393798,2,Good,143.93436700186913
HENRY MILLER RECLAMATION DIST. 2131,Onions & Garlic,San Joaquin River,0.8,772.3914929,2039.0,6.5,736.5330904982912,1143.774343877649,1087.947734512688,10236890.65115015,9761641.314919103,2,Good,143.93436700186913
HENRY MILLER RECLAMATION DIST. 2131,Other Deciduous,San Joaquin River,0.8,96.43715622,3553.0,6.1,94.45942631822895,332.3067397864645,324.67807185356173,2090111.417902926,2047247.4844228714,2,Good,143.93436700186913
HENRY MILLER RECLAMATION DIST. 2131,Pasture,San Joaquin River,0.8,539.0958288,200.0,5.0,8.705665018768243e-08,2479.94164873749,4.7314517232065177e-07,539095.8288,8.705665018768244e-05,2,Good,143.93436700186913
HENRY MILLER RECLAMATION DIST. 2131,Tomato Processing,San Joaquin River,0.8,10615.20198,97.0,48.5,10321.418354701145,25260.580683415705,24500.071355549513,49939217.71491,48557112.64969154,2,Good,143.93436700186913
HENRY MILLER RECLAMATION DIST. 2131,Truck Crops,San Joaquin River,0.8,621.5500005,910.0,18.1,599.7940074043752,1658.1292442370166,1596.0898295690606,10237550.0582355,9879207.095957464,2,Good,143.93436700186913
HENRY MILLER RECLAMATION DIST. 2131,Vineyard,San Joaquin River,0.8,45.41249677,1501.721891,10.6898472,43.96376300392131,140.7099180293325,135.88048500968944,729014.8737141341,705758.0933421515,2,Good,143.93436700186913
HENRY MILLER RECLAMATION DIST. 2131,Alfalfa,San Joaquin River,0.85,3708.141917,281.5865269,6.820673657,1903.952673780336,15333.03836934271,7853.096325030002,7121893.728545332,3656750.175789804,4,Good,122.5955028262904
HENRY MILLER RECLAMATION DIST. 2131,Almonds & Pistachios,San Joaquin River,0.85,482.3624499,5084.931574,1.008661116,421.8762714460146,1862.4996888363683,1624.8778394718465,2474023.8641579705,2163791.9027399523,4,Good,122.5955028262904
HENRY MILLER RECLAMATION DIST. 2131,Citrus & Subtropical,San Joaquin River,0.85,5.731683796,872.0,7.8,5.602112948512135,18.61344742489847,18.147188747797124,38984.6205068736,38103.331430600134,4,Good,122.5955028262904
HENRY MILLER RECLAMATION DIST. 2131,Corn,San Joaquin River,0.85,3153.419258,62.0,26.2,3184.9534821988773,7618.122528290985,7675.067993715685,5122414.242695199,5173638.436483855,4,Good,122.5955028262904
HENRY MILLER RECLAMATION DIST. 2131,Cotton,San Joaquin River,0.85,11606.96075,3922.445125,0.8,10336.342477193035,42180.247125593174,37468.852646424275,36422133.28792308,32434988.927996997,4,Good,122.5955028262904
HENRY MILLER RECLAMATION DIST. 2131,Cucurbits,San Joaquin River,0.85,1109.713777,372.0,15.4,1109.9567467987595,2551.9279036851144,2546.1054016486078,6357328.2856776,6358720.211060734,4,Good,122.5955028262904
HENRY MILLER RECLAMATION DIST. 2131,Grain,San Joaquin River,0.85,3404.89204,189.1543272,4.470285142,3438.940994761851,1588.9161633324456,1600.793293339509,2879087.4273993834,2907878.330728857,4,Good,122.5955028262904
HENRY MILLER RECLAMATION DIST. 2131,Lettuce,San Joaquin River,0.85,369.5729814,674.0,15.2,360.8492949387311,1229.233874331838,1197.2175302362232,3786201.27984672,3696828.856788312,4,Good,122.5955028262904
HENRY MILLER RECLAMATION DIST. 2131,Onions & Garlic,San Joaquin River,0.85,772.3914929,2039.0,6.5,737.4326149002852,1143.774343877649,1089.2764399739624,10236890.65115015,9773563.16158093,4,Good,122.5955028262904
HENRY MILLER RECLAMATION DIST. 2131,Other Deciduous,San Joaquin River,0.85,96.43715622,3553.0,6.1,94.51125371934266,332.3067397864645,324.8562141722586,2090111.417902926,2048370.7552354292,4,Good,122.5955028262904
HENRY MILLER RECLAMATION DIST. 2131,Pasture,San Joaquin River,0.85,539.0958288,200.0,5.0,2.611717404321866e-07,2479.94164873749,1.2834304854496134e-06,539095.8288,0.00026117174043218663,4,Good,122.5955028262904
HENRY MILLER RECLAMATION DIST. 2131,Tomato Processing,San Joaquin River,0.85,10615.20198,97.0,48.5,10428.934748088694,25260.580683415705,24755.284274880985,49939217.71491,49062923.52238326,4,Good,122.5955028262904
HENRY MILLER RECLAMATION DIST. 2131,Truck Crops,San Joaquin River,0.85,621.5500005,910.0,18.1,600.8043836792243,1658.1292442370166,1598.7785048150242,10237550.0582355,9895849.003580503,4,Good,122.5955028262904
HENRY MILLER RECLAMATION DIST. 2131,Vineyard,San Joaquin River,0.85,45.41249677,1501.721891,10.6898472,43.99656688809533,140.7099180293325,135.98187323526616,729014.8737141341,706284.699919182,4,Good,122.5955028262904
HENRY MILLER RECLAMATION DIST. 2131,Alfalfa,San Joaquin River,0.9,3708.141917,281.5865269,6.820673657,2354.7279213766383,15333.03836934271,9712.376489388005,7121893.728545332,4522513.536712319,2,Good,110.69299979932626
HENRY MILLER RECLAMATION DIST. 2131,Almonds & Pistachios,San Joaquin River,0.9,482.3624499,5084.931574,1.008661116,424.7593904849684,1862.4996888363683,1635.9823185406035,2474023.8641579705,2178579.3417436695,2,Good,110.69299979932626
HENRY MILLER RECLAMATION DIST. 2131,Citrus & Subtropical,San Joaquin River,0.9,5.731683796,872.0,7.8,5.607914639207767,18.61344742489847,18.16598241639903,38984.6205068736,38142.79221003554,2,Good,110.69299979932626
HENRY MILLER RECLAMATION DIST. 2131,Corn,San Joaquin River,0.9,3153.419258,62.0,26.2,3184.953482324025,7618.122528290985,7675.067993996047,5122414.242695199,5173638.436687146,2,Good,110.69299979932626
HENRY MILLER RECLAMATION DIST. 2131,Cotton,San Joaquin River,0.9,11606.96075,3922.445125,0.8,10517.21067131717,42180.247125593174,38124.49304618636,36422133.28792308,33002545.381044813,2,Good,110.69299979932626
HENRY MILLER RECLAMATION DIST. 2131,Cucurbits,San Joaquin River,0.9,1109.713777,372.0,15.4,1110.2672742580942,2551.9279036851144,2546.8177137433872,6357328.2856776,6360499.16076977,2,Good,110.69299979932626
HENRY MILLER RECLAMATION DIST. 2131,Grain,San Joaquin River,0.9,3404.89204,189.1543272,4.470285142,3438.9409947707286,1588.9161633324456,1600.793293322647,2879087.4273993834,2907878.330736364,2,Good,110.69299979932626
HENRY MILLER RECLAMATION DIST. 2131,Lettuce,San Joaquin River,0.9,369.5729814,674.0,15.2,361.2790742521976,1229.233874331838,1198.6434421811277,3786201.27984672,3701231.8598989137,2,Good,110.69299979932626
HENRY MILLER RECLAMATION DIST. 2131,Onions & Garlic,San Joaquin River,0.9,772.3914929,2039.0,6.5,737.933248470262,1143.774343877649,1090.0159357940602,10236890.65115015,9780198.308600618,2,Good,110.69299979932626
HENRY MILLER RECLAMATION DIST. 2131,Other Deciduous,San Joaquin River,0.9,96.43715622,3553.0,6.1,94.54006946491448,332.3067397864645,324.95526028103075,2090111.417902926,2048995.287533931,2,Good,110.69299979932626
HENRY MILLER RECLAMATION DIST. 2131,Pasture,San Joaquin River,0.9,539.0958288,200.0,5.0,544.4867914864235,2479.94164873749,2498.479207819964,539095.8288,544486.7914864235,2,Good,110.69299979932626
HENRY MILLER RECLAMATION DIST. 2131,Tomato Processing,San Joaquin River,0.9,10615.20198,97.0,48.5,10488.272569676943,25260.580683415705,24896.13515533131,49939217.71491,49342078.30404518,2,Good,110.69299979932626
HENRY MILLER RECLAMATION DIST. 2131,Truck Crops,San Joaquin River,0.9,621.5500005,910.0,18.1,601.3662210778592,1658.1292442370166,1600.2735896822783,10237550.0582355,9905103.02737342,2,Good,110.69299979932626
HENRY MILLER RECLAMATION DIST. 2131,Vineyard,San Joaquin River,0.9,45.41249677,1501.721891,10.6898472,44.01478552870992,140.7099180293325,136.03818226374594,729014.8737141341,706577.1669917183,2,Good,110.69299979932626
HENRY MILLER RECLAMATION DIST. 2131,Alfalfa,San Joaquin River,0.95,3708.141917,281.5865269,6.820673657,3209.6764255442195,15333.03836934271,13238.720945624184,7121893.728545332,6164536.017606571,2,Good,85.86579322871972
HENRY MILLER RECLAMATION DIST. 2131,Almonds & Pistachios,San Joaquin River,0.95,482.3624499,5084.931574,1.008661116,430.63805325618665,1862.4996888363683,1658.624286135305,2474023.8641579705,2208730.8429402206,2,Good,85.86579322871972
HENRY MILLER RECLAMATION DIST. 2131,Citrus & Subtropical,San Joaquin River,0.95,5.731683796,872.0,7.8,5.619872806693676,18.61344742489847,18.20471908497828,38984.6205068736,38224.1268820077,2,Good,85.86579322871972
HENRY MILLER RECLAMATION DIST. 2131,Corn,San Joaquin River,0.95,3153.419258,62.0,26.2,3184.9534823672643,7618.122528290985,7675.06799411215,5122414.242695199,5173638.436757384,2,Good,85.86579322871972
HENRY MILLER RECLAMATION DIST. 2131,Cotton,San Joaquin River,0.95,11606.96075,3922.445125,0.8,10881.645719579674,42180.247125593174,39445.55638679915,36422133.28792308,34146126.56379393,2,Good,85.86579322871972
HENRY MILLER RECLAMATION DIST. 2131,Cucurbits,San Joaquin River,0.95,1109.713777,372.0,15.4,1110.9094578434645,2551.9279036851144,2548.2908045810373,6357328.2856776,6364178.10209364,2,Good,85.86579322871972
HENRY MILLER RECLAMATION DIST. 2131,Grain,San Joaquin River,0.95,3404.89204,189.1543272,4.470285142,3438.9409947711615,1588.9161633324456,1600.7932933343775,2879087.4273993834,2907878.33073673,2,Good,85.86579322871972
HENRY MILLER RECLAMATION DIST. 2131,Lettuce,San Joaquin River,0.95,369.5729814,674.0,15.2,362.16915982308905,1229.233874331838,1201.5965477271475,3786201.27984672,3710350.6085555824,2,Good,85.86579322871972
HENRY MILLER RECLAMATION DIST. 2131,Onions & Garlic,San Joaquin River,0.95,772.3914929,2039.0,6.5,738.9749703401253,1143.774343877649,1091.5546839822107,10236890.65115015,9794004.76940285,2,Good,85.86579322871972
HENRY MILLER RECLAMATION DIST. 2131,Other Deciduous,San Joaquin River,0.95,96.43715622,3553.0,6.1,94.59996336153617,332.3067397864645,325.16112894777643,2090111.417902926,2050293.3859235817,2,Good,85.86579322871972
HENRY MILLER RECLAMATION DIST. 2131,Pasture,San Joaquin River,0.95,539.0958288,200.0,5.0,544.4867924587245,2479.94164873749,2498.4792122932927,539095.8288,544486.7924587245,2,Good,85.86579322871972
HENRY MILLER RECLAMATION DIST. 2131,Tomato Processing,San Joaquin River,0.95,10615.20198,97.0,48.5,10610.620143772374,25260.580683415705,25186.55302162127,49939217.71491,49917662.46637713,2,Good,85.86579322871972
HENRY MILLER RECLAMATION DIST. 2131,Truck Crops,San Joaquin River,0.95,621.5500005,910.0,18.1,602.5341756169397,1658.1292442370166,1603.381590675023,10237550.0582355,9924340.406586614,2,Good,85.86579322871972
HENRY MILLER RECLAMATION DIST. 2131,Vineyard,San Joaquin River,0.95,45.41249677,1501.721891,10.6898472,44.052607455108486,140.7099180293325,136.15507995134612,729014.8737141341,707184.3290915412,2,Good,85.86579322871972
HENRY MILLER RECLAMATION DIST. 2131,Alfalfa,San Joaquin River,1.0,3708.141917,281.5865269,6.820673657,3745.223373553817,15333.03836934271,15447.652831094643,7121893.728545332,7193112.737630511,2,Good,2.101322500325716e-08
HENRY MILLER RECLAMATION DIST. 2131,Almonds & Pistachios,San Joaquin River,1.0,482.3624499,5084.931574,1.008661116,441.26415517183574,1862.4996888363683,1699.5512563181417,2474023.8641579705,2263231.830170343,2,Good,2.101322500325716e-08
HENRY MILLER RECLAMATION DIST. 2131,Citrus & Subtropical,San Joaquin River,1.0,5.731683796,872.0,7.8,5.6384959242213455,18.61344742489847,18.26504600861413,38984.6205068736,38350.793878183904,2,Good,2.101322500325716e-08
HENRY MILLER RECLAMATION DIST. 2131,Corn,San Joaquin River,1.0,3153.419258,62.0,26.2,3184.9534823846507,7618.122528290985,7675.067994309294,5122414.242695199,5173638.436785626,2,Good,2.101322500325716e-08
HENRY MILLER RECLAMATION DIST. 2131,Cotton,San Joaquin River,1.0,11606.96075,3922.445125,0.8,11494.211758354124,42180.247125593174,41666.08523396236,36422133.28792308,36068331.90181905,2,Good,2.101322500325716e-08
HENRY MILLER RECLAMATION DIST. 2131,Cucurbits,San Joaquin River,1.0,1109.713777,372.0,15.4,1111.430163562543,2551.9279036851144,2549.4852403828186,6357328.2856776,6367161.121017097,2,Good,2.101322500325716e-08
HENRY MILLER RECLAMATION DIST. 2131,Grain,San Joaquin River,1.0,3404.89204,189.1543272,4.470285142,3438.940994765967,1588.9161633324456,1600.793293476455,2879087.4273993834,2907878.330732337,2,Good,2.101322500325716e-08
HENRY MILLER RECLAMATION DIST. 2131,Lettuce,San Joaquin River,1.0,369.5729814,674.0,15.2,363.60522286117634,1229.233874331838,1206.361085073658,3786201.27984672,3725062.787168179,2,Good,2.101322500325716e-08
HENRY MILLER RECLAMATION DIST. 2131,Onions & Garlic,San Joaquin River,1.0,772.3914929,2039.0,6.5,738.3087468934718,1143.774343877649,1090.570592256757,10236890.65115015,9785174.97695263,2,Good,2.101322500325716e-08
HENRY MILLER RECLAMATION DIST. 2131,Other Deciduous,San Joaquin River,1.0,96.43715622,3553.0,6.1,94.70096823963914,332.3067397864645,325.50830541140857,2090111.417902926,2052482.4949481708,2,Good,2.101322500325716e-08
HENRY MILLER RECLAMATION DIST. 2131,Pasture,San Joaquin River,1.0,539.0958288,200.0,5.0,544.486792508047,2479.94164873749,2498.4792126701504,539095.8288,544486.792508047,2,Good,2.101322500325716e-08
HENRY MILLER RECLAMATION DIST. 2131,Tomato Processing,San Joaquin River,1.0,10615.20198,97.0,48.5,10720.101261075328,25260.580683415705,25446.429629328937,49939217.71491,50432716.38272888,2,Good,2.101322500325716e-08
HENRY MILLER RECLAMATION DIST. 2131,Truck Crops,San Joaquin River,1.0,621.5500005,910.0,18.1,603.9096141769959,1658.1292442370166,1607.0417200834759,10237550.0582355,9946995.255109299,2,Good,2.101322500325716e-08
HENRY MILLER RECLAMATION DIST. 2131,Vineyard,San Joaquin River,1.0,45.41249677,1501.721891,10.6898472,44.10888275371735,140.7099180293325,136.3290123325163,729014.8737141341,708087.7264518836,2,Good,2.101322500325716e-08
JAMES I.D.,Alfalfa,Tulare Lake,0.5,1366.866941,264.0,7.7,7.41888034857503e-22,6184.431761317053,7.4188803485773205e-09,2778567.1176648,1.508109997258332e-18,2,Good,471.89973804217783
JAMES I.D.,Almonds & Pistachios,Tulare Lake,0.5,11747.80143,4706.761177,1.204129409,7548.448104042932,47666.77984058819,30551.306721383426,66581246.759366825,42781203.688217014,2,Good,471.89973804217783
JAMES I.D.,Corn,Tulare Lake,0.5,1119.139446,71.0,20.6,7.418880348577689e-22,2552.127380206174,7.418880348578167e-09,1636853.3537196,1.0850854397829729e-18,2,Good,471.89973804217783
JAMES I.D.,Cotton,Tulare Lake,0.5,3617.99277,3438.0,0.8,7.418880348579192e-22,13564.946482946629,7.4188803485803596e-09,9950927.314608,2.040488851073221e-18,2,Good,471.89973804217783
JAMES I.D.,Dry Beans,Tulare Lake,0.5,30.06125249,1030.0,1.5,7.418880348576458e-22,57.711055425903766,7.418880348576899e-09,46444.63509705,1.1462170138550629e-18,2,Good,471.89973804217783
JAMES I.D.,Grain,Tulare Lake,0.5,614.0946858,303.0,2.9,620.2356385840527,439.39982862719387,442.6843403911485,539605.00041246,545001.0556238071,2,Good,471.89973804217783
JAMES I.D.,Onions & Garlic,Tulare Lake,0.5,619.2037239,2366.0,7.7,578.9208657742956,776.2522968995512,723.9381133823622,11280777.28275498,10546896.116849273,2,Good,471.89973804217783
JAMES I.D.,Other Deciduous,Tulare Lake,0.5,290.231365,1787.850878,4.718225356,276.65456507059093,1016.4403597039591,966.4698219996326,2448241.845748865,2333714.9760615057,2,Good,471.89973804217783
JAMES I.D.,Pasture,Tulare Lake,0.5,4.2751005,170.0,5.0,7.418880348574122e-22,20.384509797551246,7.418880348576707e-09,3633.8354249999998,6.306048296288004e-19,2,Good,471.89973804217783
JAMES I.D.,Tomato Processing,Tulare Lake,0.5,671.8933679,93.0,51.2,528.8824802681188,1491.7417781492854,1171.2925458997179,3199287.4605926406,2518326.8180446746,2,Good,471.89973804217783
JAMES I.D.,Vineyard,Tulare Lake,0.5,1694.099139,1492.427601,10.07028874,1606.7360927747757,6791.501110041341,6425.166758738779,25460915.58791796,24147920.914680123,2,Good,471.89973804217783
JAMES I.D.,Alfalfa,Tulare Lake,0.55,1366.866941,264.0,7.7,1.0001840128637724e-21,6184.431761317053,1.000184012864032e-08,2778567.1176648,2.0331740613494766e-18,2,Good,404.50363740713715
JAMES I.D.,Almonds & Pistachios,Tulare Lake,0.55,11747.80143,4706.761177,1.204129409,8153.280746925476,47666.77984058819,32999.28375363221,66581246.759366825,46209122.66385148,2,Good,404.50363740713715
JAMES I.D.,Corn,Tulare Lake,0.55,1119.139446,71.0,20.6,355.83239598840606,2552.127380206174,809.4248404584073,1636853.3537196,520440.46237264277,2,Good,404.50363740713715
JAMES I.D.,Cotton,Tulare Lake,0.55,3617.99277,3438.0,0.8,183.3653014362626,13564.946482946629,685.7731019798412,9950927.314608,504327.9250702967,2,Good,404.50363740713715
JAMES I.D.,Dry Beans,Tulare Lake,0.55,30.06125249,1030.0,1.5,7.705441291347161e-19,57.711055425903766,1.0001840128911514e-08,46444.63509705,1.1904906795131364e-15,2,Good,404.50363740713715
JAMES I.D.,Grain,Tulare Lake,0.55,614.0946858,303.0,2.9,620.2356387481296,439.39982862719387,442.68434051092527,539605.00041246,545001.0557679815,2,Good,404.50363740713715
JAMES I.D.,Onions & Garlic,Tulare Lake,0.55,619.2037239,2366.0,7.7,580.3461376147942,776.2522968995512,725.7204098409497,11280777.28275498,10572862.004293844,2,Good,404.50363740713715
JAMES I.D.,Other Deciduous,Tulare Lake,0.55,290.231365,1787.850878,4.718225356,278.28329532164355,1016.4403597039591,972.1596563103885,2448241.845748865,2347454.1029682895,2,Good,404.50363740713715
JAMES I.D.,Pasture,Tulare Lake,0.55,4.2751005,170.0,5.0,1.0001840121697581e-21,20.384509797551246,1.000184012170062e-08,3633.8354249999998,8.501564103442944e-19,2,Good,404.50363740713715
JAMES I.D.,Tomato Processing,Tulare Lake,0.55,671.8933679,93.0,51.2,552.7954436710055,1491.7417781492854,1224.2515241798244,3199287.4605926406,2632190.78458386,2,Good,404.50363740713715
JAMES I.D.,Vineyard,Tulare Lake,0.55,1694.099139,1492.427601,10.07028874,1612.8577200227694,6791.501110041341,6449.646495071531,25460915.58791796,24239923.93329559,2,Good,404.50363740713715
JAMES I.D.,Alfalfa,Tulare Lake,0.6,1366.866941,264.0,7.7,1.1709057259740057e-21,6184.431761317053,1.1709057259742712e-08,2778567.1176648,2.3802171597599588e-18,2,Good,368.7611180965048
JAMES I.D.,Almonds & Pistachios,Tulare Lake,0.6,11747.80143,4706.761177,1.204129409,8445.01347972707,47666.77984058819,34180.03191241247,66581246.759366825,47862532.38363488,2,Good,368.7611180965048
JAMES I.D.,Corn,Tulare Lake,0.6,1119.139446,71.0,20.6,600.3439809149004,2552.127380206174,1365.624199612439,1636853.3537196,878063.1064861334,2,Good,368.7611180965048
JAMES I.D.,Cotton,Tulare Lake,0.6,3617.99277,3438.0,0.8,784.307142315459,13564.946482946629,2933.252571046172,9950927.314608,2157158.3642244386,2,Good,368.7611180965048
JAMES I.D.,Dry Beans,Tulare Lake,0.6,30.06125249,1030.0,1.5,5.682890504552421e-08,57.711055425903766,1.3451873151888417e-07,46444.63509705,8.78006582953349e-05,2,Good,368.7611180965048
JAMES I.D.,Grain,Tulare Lake,0.6,614.0946858,303.0,2.9,620.2356387750082,439.39982862719387,442.68434053188025,539605.00041246,545001.0557915997,2,Good,368.7611180965048
JAMES I.D.,Onions & Garlic,Tulare Lake,0.6,619.2037239,2366.0,7.7,581.0987747831956,776.2522968995512,726.6615794636756,11280777.28275498,10586573.698755214,2,Good,368.7611180965048
JAMES I.D.,Other Deciduous,Tulare Lake,0.6,290.231365,1787.850878,4.718225356,279.1193579469804,1016.4403597039591,975.0803718857337,2448241.845748865,2354506.6953199683,2,Good,368.7611180965048
JAMES I.D.,Pasture,Tulare Lake,0.6,4.2751005,170.0,5.0,1.1709057259738545e-21,20.384509797551246,1.1709057259741759e-08,3633.8354249999998,9.952698670777762e-19,2,Good,368.7611180965048
JAMES I.D.,Tomato Processing,Tulare Lake,0.6,671.8933679,93.0,51.2,565.0255323928737,1491.7417781492854,1251.3369586399367,3199287.4605926406,2690425.575041908,2,Good,368.7611180965048
JAMES I.D.,Vineyard,Tulare Lake,0.6,1694.099139,1492.427601,10.07028874,1616.036477570693,6791.501110041341,6462.358008446806,25460915.58791796,24287698.042696245,2,Good,368.7611180965048
JAMES I.D.,Alfalfa,Tulare Lake,0.65,1366.866941,264.0,7.7,1.4308557522985405e-21,6184.431761317053,1.4308557522987935e-08,2778567.1176648,2.908643573272473e-18,2,Good,323.97978396349083
JAMES I.D.,Almonds & Pistachios,Tulare Lake,0.65,11747.80143,4706.761177,1.204129409,8786.679384275887,47666.77984058819,35562.877724193764,66581246.759366825,49798940.8287023,2,Good,323.97978396349083
JAMES I.D.,Corn,Tulare Lake,0.65,1119.139446,71.0,20.6,768.0813486558185,2552.127380206174,1747.1824659502022,1636853.3537196,1123395.7805440002,2,Good,323.97978396349083
JAMES I.D.,Cotton,Tulare Lake,0.65,3617.99277,3438.0,0.8,1375.2927427658335,13564.946482946629,5143.496413584104,9950927.314608,3782605.1597031485,2,Good,323.97978396349083
JAMES I.D.,Dry Beans,Tulare Lake,0.65,30.06125249,1030.0,1.5,7.369128806225112e-07,57.711055425903766,1.4365050539112462e-06,46444.63509705,0.0011385304005617797,2,Good,323.97978396349083
JAMES I.D.,Grain,Tulare Lake,0.65,614.0946858,303.0,2.9,620.2356387947074,439.39982862719387,442.6843405486471,539605.00041246,545001.0558089094,2,Good,323.97978396349083
JAMES I.D.,Onions & Garlic,Tulare Lake,0.65,619.2037239,2366.0,7.7,582.0386058803081,776.2522968995512,727.8368343097577,11280777.28275498,10603695.72964863,2,Good,323.97978396349083
JAMES I.D.,Other Deciduous,Tulare Lake,0.65,290.231365,1787.850878,4.718225356,280.1413619286544,1016.4403597039591,978.650658198472,2448241.845748865,2363127.7928862367,2,Good,323.97978396349083
JAMES I.D.,Pasture,Tulare Lake,0.65,4.2751005,170.0,5.0,1.4308557522983454e-21,20.384509797551246,1.4308557522986744e-08,3633.8354249999998,1.2162273894535937e-18,2,Good,323.97978396349083
JAMES I.D.,Tomato Processing,Tulare Lake,0.65,671.8933679,93.0,51.2,579.9357138555727,1491.7417781492854,1284.3578754940982,3199287.4605926406,2761421.895094695,2,Good,323.97978396349083
JAMES I.D.,Vineyard,Tulare Lake,0.65,1694.099139,1492.427601,10.07028874,1619.9554215478122,6791.501110041341,6478.029448634608,25460915.58791796,24346596.54485481,2,Good,323.97978396349083
JAMES I.D.,Alfalfa,Tulare Lake,0.7,1366.866941,264.0,7.7,5.275771480947132e-18,6184.431761317053,1.841007093425777e-08,2778567.1176648,1.072458826646933e-14,9,Good,269.98896187682215
JAMES I.D.,Almonds & Pistachios,Tulare Lake,0.7,11747.80143,4706.761177,1.204129409,9168.085552939363,47666.77984058819,37106.566795600396,66581246.759366825,51960579.189943105,9,Good,269.98896187682215
JAMES I.D.,Corn,Tulare Lake,0.7,1119.139446,71.0,20.6,898.3645327089495,2552.127380206174,2043.5423439556282,1636853.3537196,1313947.9655401097,9,Good,269.98896187682215
JAMES I.D.,Cotton,Tulare Lake,0.7,3617.99277,3438.0,0.8,1938.91166020173,13564.946482946629,7251.390820575229,9950927.314608,5332782.630218838,9,Good,269.98896187682215
JAMES I.D.,Dry Beans,Tulare Lake,0.7,30.06125249,1030.0,1.5,9.129138921101525,57.711055425903766,17.482142750410212,46444.63509705,14104.519633101856,9,Good,269.98896187682215
JAMES I.D.,Grain,Tulare Lake,0.7,614.0946858,303.0,2.9,620.235638808999,439.39982862719387,442.6843405631441,539605.00041246,545001.0558214674,9,Good,269.98896187682215
JAMES I.D.,Onions & Garlic,Tulare Lake,0.7,619.2037239,2366.0,7.7,583.1671108880789,776.2522968995512,729.2480250911436,11280777.28275498,10624255.0595812,9,Good,269.98896187682215
JAMES I.D.,Other Deciduous,Tulare Lake,0.7,290.231365,1787.850878,4.718225356,281.3378341597376,1016.4403597039591,982.8304349000043,2448241.845748865,2373220.614464685,9,Good,269.98896187682215
JAMES I.D.,Pasture,Tulare Lake,0.7,4.2751005,170.0,5.0,4.9286785561445e-18,20.384509797551246,1.8410070926979613e-08,3633.8354249999998,4.1893767727228244e-15,9,Good,269.98896187682215
JAMES I.D.,Tomato Processing,Tulare Lake,0.7,671.8933679,93.0,51.2,597.3372722469062,1491.7417781492854,1322.8963342130571,3199287.4605926406,2844281.1555308686,9,Good,269.98896187682215
JAMES I.D.,Vineyard,Tulare Lake,0.7,1694.099139,1492.427601,10.07028874,1624.5894273141828,6791.501110041341,6496.560344872479,25460915.58791796,24416241.837113872,9,Good,269.98896187682215
JAMES I.D.,Alfalfa,Tulare Lake,0.75,1366.866941,264.0,7.7,1.6120919642897387e-19,6184.431761317053,6.246996973175095e-08,2778567.1176648,3.2770605450081806e-16,2,Good,205.81948895682447
JAMES I.D.,Almonds & Pistachios,Tulare Lake,0.75,11747.80143,4706.761177,1.204129409,9584.481768650316,47666.77984058819,38791.87327566108,66581246.759366825,54320525.37673505,2,Good,205.81948895682447
JAMES I.D.,Corn,Tulare Lake,0.75,1119.139446,71.0,20.6,1007.04888842394,2552.127380206174,2290.7705848097316,1636853.3537196,1472909.7042088548,2,Good,205.81948895682447
JAMES I.D.,Cotton,Tulare Lake,0.75,3617.99277,3438.0,0.8,2474.7614966417805,13564.946482946629,9255.430852413825,9950927.314608,6806584.020363553,2,Good,205.81948895682447
JAMES I.D.,Dry Beans,Tulare Lake,0.75,30.06125249,1030.0,1.5,19.25747473742074,57.711055425903766,36.87773024434151,46444.63509705,29752.798469315043,2,Good,205.81948895682447
JAMES I.D.,Grain,Tulare Lake,0.75,614.0946858,303.0,2.9,620.2356387771509,439.39982862719387,442.6843405860657,539605.00041246,545001.0557934825,2,Good,205.81948895682447
JAMES I.D.,Onions & Garlic,Tulare Lake,0.75,619.2037239,2366.0,7.7,584.5018763301621,776.2522968995512,730.9171437239236,11280777.28275498,10648572.08335816,2,Good,205.81948895682447
JAMES I.D.,Other Deciduous,Tulare Lake,0.75,290.231365,1787.850878,4.718225356,282.7122220320518,1016.4403597039591,987.6317452101215,2448241.845748865,2384814.24047161,2,Good,205.81948895682447
JAMES I.D.,Pasture,Tulare Lake,0.75,4.2751005,170.0,5.0,1.045915912476107e-18,20.384509797551246,6.2469969741666e-08,3633.8354249999998,8.89028525604691e-16,2,Good,205.81948895682447
JAMES I.D.,Tomato Processing,Tulare Lake,0.75,671.8933679,93.0,51.2,617.2573023824302,1491.7417781492854,1367.0123405244722,3199287.4605926406,2939132.37102418,2,Good,205.81948895682447
JAMES I.D.,Vineyard,Tulare Lake,0.75,1694.099139,1492.427601,10.07028874,1629.9731775095315,6791.501110041341,6518.089389388551,25460915.58791796,24497155.171000063,2,Good,205.81948895682447
JAMES I.D.,Alfalfa,Tulare Lake,0.8,1366.866941,264.0,7.7,16.673891754394223,6184.431761317053,75.25293456597397,2778567.1176648,33894.68715833258,4,Good,131.90524910553347
JAMES I.D.,Almonds & Pistachios,Tulare Lake,0.8,11747.80143,4706.761177,1.204129409,10022.428926345494,47666.77984058819,40564.40423277105,66581246.759366825,56802612.59516584,4,Good,131.90524910553347
JAMES I.D.,Corn,Tulare Lake,0.8,1119.139446,71.0,20.6,1099.8914098143446,2552.127380206174,2501.9628312505192,1636853.3537196,1608701.1759944605,4,Good,131.90524910553347
JAMES I.D.,Cotton,Tulare Lake,0.8,3617.99277,3438.0,0.8,2974.9349066724885,13564.946482946629,11126.043603186217,9950927.314608,8182260.967312013,4,Good,131.90524910553347
JAMES I.D.,Dry Beans,Tulare Lake,0.8,30.06125249,1030.0,1.5,28.85594983471647,57.711055425903766,55.25864361200587,46444.63509705,44582.44249463695,4,Good,131.90524910553347
JAMES I.D.,Grain,Tulare Lake,0.8,614.0946858,303.0,2.9,620.2356388082092,439.39982862719387,442.68434061604074,539605.00041246,545001.0558207734,4,Good,131.90524910553347
JAMES I.D.,Onions & Garlic,Tulare Lake,0.8,619.2037239,2366.0,7.7,586.0307261867107,776.2522968995512,732.8289640643884,11280777.28275498,10676424.975814734,4,Good,131.90524910553347
JAMES I.D.,Other Deciduous,Tulare Lake,0.8,290.231365,1787.850878,4.718225356,284.23569657014036,1016.4403597039591,992.9538774077683,2448241.845748865,2397665.484564685,4,Good,131.90524910553347
JAMES I.D.,Pasture,Tulare Lake,0.8,4.2751005,170.0,5.0,2.5835910302189524e-08,20.384509797551246,2.2442256010598125e-07,3633.8354249999998,2.1960523756861096e-05,4,Good,131.90524910553347
JAMES I.D.,Tomato Processing,Tulare Lake,0.8,671.8933679,93.0,51.2,639.2554292066104,1491.7417781492854,1415.7306152634478,3199287.4605926406,3043878.6517101964,4,Good,131.90524910553347
JAMES I.D.,Vineyard,Tulare Lake,0.8,1694.099139,1492.427601,10.07028874,1636.0157964459352,6791.501110041341,6542.253179891493,25460915.58791796,24587970.75972679,4,Good,131.90524910553347
JAMES I.D.,Alfalfa,Tulare Lake,0.85,1366.866941,264.0,7.7,537.1392226924867,6184.431761317053,2424.22724881291,2778567.1176648,1091896.611889287,2,Good,96.5267588703275
JAMES I.D.,Almonds & Pistachios,Tulare Lake,0.85,11747.80143,4706.761177,1.204129409,10218.419012317061,47666.77984058819,41357.64718129917,66581246.759366825,57913396.11957399,2,Good,96.5267588703275
JAMES I.D.,Corn,Tulare Lake,0.85,1119.139446,71.0,20.6,1130.3308509713142,2552.127380206174,2571.2045306553623,1636853.3537196,1653221.9026306444,2,Good,96.5267588703275
JAMES I.D.,Cotton,Tulare Lake,0.85,3617.99277,3438.0,0.8,3182.54548890483,13564.946482946629,11902.492319829684,9950927.314608,8753273.112683846,2,Good,96.5267588703275
JAMES I.D.,Dry Beans,Tulare Lake,0.85,30.06125249,1030.0,1.5,30.361865052795796,57.711055425903766,58.14244513987879,46444.63509705,46909.081506569506,2,Good,96.5267588703275
JAMES I.D.,Grain,Tulare Lake,0.85,614.0946858,303.0,2.9,620.2356388223783,439.39982862719387,442.68434062598266,539605.00041246,545001.0558332237,2,Good,96.5267588703275
JAMES I.D.,Onions & Garlic,Tulare Lake,0.85,619.2037239,2366.0,7.7,586.7592028359396,776.2522968995512,733.7399210590206,11280777.28275498,10689696.509105716,2,Good,96.5267588703275
JAMES I.D.,Other Deciduous,Tulare Lake,0.85,290.231365,1787.850878,4.718225356,284.9436374190533,1016.4403597039591,995.4270101624876,2448241.845748865,2403637.307805166,2,Good,96.5267588703275
JAMES I.D.,Pasture,Tulare Lake,0.85,4.2751005,170.0,5.0,1.7458436357190065e-07,20.384509797551246,9.192084075786929e-07,3633.8354249999998,0.00014839670903611554,2,Good,96.5267588703275
JAMES I.D.,Tomato Processing,Tulare Lake,0.85,671.8933679,93.0,51.2,649.4492058360912,1491.7417781492854,1438.3063197481288,3199287.4605926406,3092417.338509132,2,Good,96.5267588703275
JAMES I.D.,Vineyard,Tulare Lake,0.85,1694.099139,1492.427601,10.07028874,1638.8502166324547,6791.501110041341,6553.58772477723,25460915.58791796,24630569.762021463,2,Good,96.5267588703275
JAMES I.D.,Alfalfa,Tulare Lake,0.9,1366.866941,264.0,7.7,1034.9582984373149,6184.431761317053,4670.994041069931,2778567.1176648,2103863.2290633735,2,Good,55.192791509647975
JAMES I.D.,Almonds & Pistachios,Tulare Lake,0.9,11747.80143,4706.761177,1.204129409,10437.514398243451,47666.77984058819,42244.405657279196,66581246.759366825,59155130.07644456,2,Good,55.192791509647975
JAMES I.D.,Corn,Tulare Lake,0.9,1119.139446,71.0,20.6,1130.3308516794807,2552.127380206174,2571.204532278103,1636853.3537196,1653221.9036664087,2,Good,55.192791509647975
JAMES I.D.,Cotton,Tulare Lake,0.9,3617.99277,3438.0,0.8,3404.8132864263735,13564.946482946629,12733.757972493966,9950927.314608,9364598.462987097,2,Good,55.192791509647975
JAMES I.D.,Dry Beans,Tulare Lake,0.9,30.06125249,1030.0,1.5,30.361865244080477,57.711055425903766,58.14244551790536,46444.63509705,46909.08180210434,2,Good,55.192791509647975
JAMES I.D.,Grain,Tulare Lake,0.9,614.0946858,303.0,2.9,620.2356388328349,439.39982862719387,442.68434064447723,539605.00041246,545001.0558424119,2,Good,55.192791509647975
JAMES I.D.,Onions & Garlic,Tulare Lake,0.9,619.2037239,2366.0,7.7,587.6077087935582,776.2522968995512,734.8009742152121,11280777.28275498,10705154.760342803,2,Good,55.192791509647975
JAMES I.D.,Other Deciduous,Tulare Lake,0.9,290.231365,1787.850878,4.718225356,285.75430560479947,1016.4403597039591,998.2590123794507,2448241.845748865,2410475.685784614,2,Good,55.192791509647975
JAMES I.D.,Pasture,Tulare Lake,0.9,4.2751005,170.0,5.0,4.317851483430146,20.384509797551246,20.536883795510374,3633.8354249999998,3670.173760915624,2,Good,55.192791509647975
JAMES I.D.,Tomato Processing,Tulare Lake,0.9,671.8933679,93.0,51.2,661.1006638453704,1491.7417781492854,1464.1102864778507,3199287.4605926406,3147896.920966116,2,Good,55.192791509647975
JAMES I.D.,Vineyard,Tulare Lake,0.9,1694.099139,1492.427601,10.07028874,1642.1163680657298,6791.501110041341,6566.648717016245,25460915.58791796,24679657.32958204,2,Good,55.192791509647975
JAMES I.D.,Alfalfa,Tulare Lake,0.95,1366.866941,264.0,7.7,1380.5356241014888,6184.431761317053,6230.660388488717,2778567.1176648,2806352.8166735065,2,Good,3.0638107580211875e-08
JAMES I.D.,Almonds & Pistachios,Tulare Lake,0.95,11747.80143,4706.761177,1.204129409,10714.998253749885,47666.77984058819,43367.48344283244,66581246.759366825,60727783.57806358,2,Good,3.0638107580211875e-08
JAMES I.D.,Corn,Tulare Lake,0.95,1119.139446,71.0,20.6,1130.330851716417,2552.127380206174,2571.2045325413687,1636853.3537196,1653221.9037204317,2,Good,3.0638107580211875e-08
JAMES I.D.,Cotton,Tulare Lake,0.95,3617.99277,3438.0,0.8,3654.1727335344153,13564.946482946629,13666.34445555857,9950927.314608,10050436.686313055,2,Good,3.0638107580211875e-08
JAMES I.D.,Dry Beans,Tulare Lake,0.95,30.06125249,1030.0,1.5,30.36186527035865,57.711055425903766,58.1424457455417,46444.63509705,46909.081842704116,2,Good,3.0638107580211875e-08
JAMES I.D.,Grain,Tulare Lake,0.95,614.0946858,303.0,2.9,620.2356388306783,439.39982862719387,442.6843408101959,539605.00041246,545001.055840517,2,Good,3.0638107580211875e-08
JAMES I.D.,Onions & Garlic,Tulare Lake,0.95,619.2037239,2366.0,7.7,588.7363058660429,776.2522968995512,736.2122803837201,11280777.28275498,10725715.767528744,2,Good,3.0638107580211875e-08
JAMES I.D.,Other Deciduous,Tulare Lake,0.95,290.231365,1787.850878,4.718225356,286.8103186832578,1016.4403597039591,1001.9481069059974,2448241.845748865,2419383.666520396,2,Good,3.0638107580211875e-08
JAMES I.D.,Pasture,Tulare Lake,0.95,4.2751005,170.0,5.0,4.317851520945198,20.384509797551246,20.53688415087836,3633.8354249999998,3670.1737928034186,2,Good,3.0638107580211875e-08
JAMES I.D.,Tomato Processing,Tulare Lake,0.95,671.8933679,93.0,51.2,676.244850883428,1491.7417781492854,1497.6494453943194,3199287.4605926406,3220007.481966531,2,Good,3.0638107580211875e-08
JAMES I.D.,Vineyard,Tulare Lake,0.95,1694.099139,1492.427601,10.07028874,1646.4034452804262,6791.501110041341,6583.792283054363,25460915.58791796,24744088.57127826,2,Good,3.0638107580211875e-08
JAMES I.D.,Alfalfa,Tulare Lake,1.0,1366.866941,264.0,7.7,1380.5356241014874,6184.431761317053,6230.66038848871,2778567.1176648,2806352.8166735037,2,Good,2.3925532047792827e-09
JAMES I.D.,Almonds & Pistachios,Tulare Lake,1.0,11747.80143,4706.761177,1.204129409,10714.998253887781,47666.77984058819,43367.48344339055,66581246.759366825,60727783.578845106,2,Good,2.3925532047792827e-09
JAMES I.D.,Corn,Tulare Lake,1.0,1119.139446,71.0,20.6,1130.330851716417,2552.127380206174,2571.204532541367,1636853.3537196,1653221.9037204317,2,Good,2.3925532047792827e-09
JAMES I.D.,Cotton,Tulare Lake,1.0,3617.99277,3438.0,0.8,3654.172733534147,13564.946482946629,13666.344455557564,9950927.314608,10050436.686312318,2,Good,2.3925532047792827e-09
JAMES I.D.,Dry Beans,Tulare Lake,1.0,30.06125249,1030.0,1.5,30.361865270358518,57.711055425903766,58.142445745539234,46444.63509705,46909.08184270391,2,Good,2.3925532047792827e-09
JAMES I.D.,Grain,Tulare Lake,1.0,614.0946858,303.0,2.9,620.2356388306782,439.39982862719387,442.6843408101944,539605.00041246,545001.0558405169,2,Good,2.3925532047792827e-09
JAMES I.D.,Onions & Garlic,Tulare Lake,1.0,619.2037239,2366.0,7.7,588.7363058666187,776.2522968995512,736.2122803844368,11280777.28275498,10725715.767539235,2,Good,2.3925532047792827e-09
JAMES I.D.,Other Deciduous,Tulare Lake,1.0,290.231365,1787.850878,4.718225356,286.8103186837907,1016.4403597039591,1001.9481069078561,2448241.845748865,2419383.6665248913,2,Good,2.3925532047792827e-09
JAMES I.D.,Pasture,Tulare Lake,1.0,4.2751005,170.0,5.0,4.317851520945097,20.384509797551246,20.536884150874315,3633.8354249999998,3670.1737928033326,2,Good,2.3925532047792827e-09
JAMES I.D.,Tomato Processing,Tulare Lake,1.0,671.8933679,93.0,51.2,676.2448508929581,1491.7417781492854,1497.649445415421,3199287.4605926406,3220007.4820119096,2,Good,2.3925532047792827e-09
JAMES I.D.,Vineyard,Tulare Lake,1.0,1694.099139,1492.427601,10.07028874,1646.4034452825993,6791.501110041341,6583.7922830630505,25460915.58791796,24744088.57131092,2,Good,2.3925532047792827e-09
LAGUNA W.D.,Cotton,San Joaquin River,0.5,85.7174307,3927.0,0.8,33.80801752225434,311.50121791330315,122.55279179268797,269289.88028712,106211.26784791425,2,Good,394.322030933717
LAGUNA W.D.,Grain,San Joaquin River,0.5,140.1836207,187.0,4.5,141.58545825177646,65.41764559580422,65.90664177299784,117964.51681905001,119144.1631188699,2,Good,394.322030933717
LAGUNA W.D.,Cotton,San Joaquin River,0.55,85.7174307,3927.0,0.8,39.00695243362298,311.50121791330315,141.39873522699494,269289.88028712,122544.24176546997,2,Good,371.6950374087333
LAGUNA W.D.,Grain,San Joaquin River,0.55,140.1836207,187.0,4.5,141.58545830094306,65.41764559580422,65.90664175160978,117964.51681905001,119144.16316024358,2,Good,371.6950374087333
LAGUNA W.D.,Cotton,San Joaquin River,0.6,85.7174307,3927.0,0.8,44.20588731171334,311.50121791330315,160.2446785874942,269289.88028712,138877.21557847864,2,Good,346.9571064301602
LAGUNA W.D.,Grain,San Joaquin River,0.6,140.1836207,187.0,4.5,141.58545830153477,65.41764559580422,65.90664175328152,117964.51681905001,119144.1631607415,2,Good,346.9571064301602
LAGUNA W.D.,Cotton,San Joaquin River,0.65,85.7174307,3927.0,0.8,49.40482218947543,311.50121791330315,179.09062194716444,269289.88028712,155210.18939045604,2,Good,319.9113024532937
LAGUNA W.D.,Grain,San Joaquin River,0.65,140.1836207,187.0,4.5,141.58545830214624,65.41764559580422,65.90664175531101,117964.51681905001,119144.16316125606,2,Good,319.9113024532937
LAGUNA W.D.,Cotton,San Joaquin River,0.7,85.7174307,3927.0,0.8,54.603757066773625,311.50121791330315,197.93656530565963,269289.88028712,171543.16320097604,2,Good,290.34231734216365
LAGUNA W.D.,Grain,San Joaquin River,0.7,140.1836207,187.0,4.5,141.58545830277578,65.41764559580422,65.90664175783652,117964.51681905001,119144.16316178582,2,Good,290.34231734216365
LAGUNA W.D.,Cotton,San Joaquin River,0.75,85.7174307,3927.0,0.8,59.802691943384744,311.50121791330315,216.78250866240657,269289.88028712,187876.13700933754,2,Good,258.0147562427923
LAGUNA W.D.,Grain,San Joaquin River,0.75,140.1836207,187.0,4.5,141.5854583034217,65.41764559580422,65.90664176108127,117964.51681905001,119144.16316232935,2,Good,258.0147562427923
LAGUNA W.D.,Cotton,San Joaquin River,0.8,85.7174307,3927.0,0.8,65.00162679343818,311.50121791330315,235.62845195590862,269289.88028712,204209.1107342654,2,Good,222.67126362609375
LAGUNA W.D.,Grain,San Joaquin River,0.8,140.1836207,187.0,4.5,141.58545828698846,65.41764559580422,65.90664178872653,117964.51681905001,119144.16314850078,2,Good,222.67126362609375
LAGUNA W.D.,Cotton,San Joaquin River,0.85,85.7174307,3927.0,0.8,70.2005616739668,311.50121791330315,254.47439532150193,269289.88028712,220542.08455493415,2,Good,184.03047422829408
LAGUNA W.D.,Grain,San Joaquin River,0.85,140.1836207,187.0,4.5,141.58545829977734,65.41764559580422,65.90664178692714,117964.51681905001,119144.16315926264,2,Good,184.03047422829408
LAGUNA W.D.,Cotton,San Joaquin River,0.9,85.7174307,3927.0,0.8,75.39949656263978,311.50121791330315,273.3203387051993,269289.88028712,236875.05840118916,2,Good,141.78477464782833
LAGUNA W.D.,Grain,San Joaquin River,0.9,140.1836207,187.0,4.5,141.58545830543625,65.41764559580422,65.90664178115048,117964.51681905001,119144.1631640246,2,Good,141.78477464782833
LAGUNA W.D.,Cotton,San Joaquin River,0.95,85.7174307,3927.0,0.8,80.59843142398562,311.50121791330315,292.1662820212656,269289.88028712,253208.03216159323,2,Good,95.59785112823477
LAGUNA W.D.,Grain,San Joaquin River,0.95,140.1836207,187.0,4.5,141.585458306126,65.41764559580422,65.90664179803103,117964.51681905001,119144.16316460502,2,Good,95.59785112823477
LAGUNA W.D.,Cotton,San Joaquin River,1.0,85.7174307,3927.0,0.8,84.31559531888367,311.50121791330315,305.6408614847033,269289.88028712,264885.87425380497,2,Good,1.6911785106353903e-06
LAGUNA W.D.,Grain,San Joaquin River,1.0,140.1836207,187.0,4.5,141.5854582983163,65.41764559580422,65.90664194400077,117964.51681905001,119144.16315803316,2,Good,1.6911785106353903e-06
MERCY SPRINGS W.D.,Almonds & Pistachios,San Joaquin River,0.5,672.1308137,4618.0,1.5,587.9583150960885,2558.0154762449233,2232.075077787839,4655850.1464999,4072787.2486706055,2,Good,89.3962463701078
MERCY SPRINGS W.D.,Pasture,San Joaquin River,0.5,2298.616176,170.0,5.0,944.4892070131586,10574.064358859872,4333.964905323266,1953823.7496,802815.8259611848,2,Good,89.3962463701078
MERCY SPRINGS W.D.,Almonds & Pistachios,San Joaquin River,0.55,672.1308137,4618.0,1.5,587.9590287729328,2558.0154762449233,2232.077787130079,4655850.1464999,4072792.1923101055,2,Good,89.39311887365665
MERCY SPRINGS W.D.,Pasture,San Joaquin River,0.55,2298.616176,170.0,5.0,1087.5805435396571,10574.064358859872,4990.566194302303,1953823.7496,924443.4620087085,2,Good,89.39311887365665
MERCY SPRINGS W.D.,Almonds & Pistachios,San Joaquin River,0.6,672.1308137,4618.0,1.5,587.9598350986537,2558.0154762449233,2232.080848196656,4655850.1464999,4072797.777728374,2,Good,89.3895853584618
MERCY SPRINGS W.D.,Pasture,San Joaquin River,0.6,2298.616176,170.0,5.0,1230.671803415825,10574.064358859872,5647.167131557001,1953823.7496,1046071.0329034512,2,Good,89.3895853584618
MERCY SPRINGS W.D.,Almonds & Pistachios,San Joaquin River,0.65,672.1308137,4618.0,1.5,587.9607461003933,2558.0154762449233,2232.0843066463926,4655850.1464999,4072804.0882374244,2,Good,89.38559311473568
MERCY SPRINGS W.D.,Pasture,San Joaquin River,0.65,2298.616176,170.0,5.0,1373.7629766913597,10574.064358859872,6303.76767142854,1953823.7496,1167698.5301876557,2,Good,89.38559311473568
MERCY SPRINGS W.D.,Almonds & Pistachios,San Joaquin River,0.7,672.1308137,4618.0,1.5,587.9617753664604,2558.0154762449233,2232.0882140647914,4655850.1464999,4072811.217963471,2,Good,89.38108259000042
MERCY SPRINGS W.D.,Pasture,San Joaquin River,0.7,2298.616176,170.0,5.0,1516.8540521243726,10574.064358859872,6960.367762331416,1953823.7496,1289325.9443057168,2,Good,89.38108259000042
MERCY SPRINGS W.D.,Almonds & Pistachios,San Joaquin River,0.75,672.1308137,4618.0,1.5,587.962938247938,2558.0154762449233,2232.092628743791,4655850.1464999,4072819.273243467,2,Good,89.37598649983003
MERCY SPRINGS W.D.,Pasture,San Joaquin River,0.75,2298.616176,170.0,5.0,1659.945017003644,10574.064358859872,7616.967345952452,1953823.7496,1410953.2644530972,2,Good,89.37598649983003
MERCY SPRINGS W.D.,Almonds & Pistachios,San Joaquin River,0.8,672.1308137,4618.0,1.5,587.9642520916303,2558.0154762449233,2232.0976165085435,4655850.1464999,4072828.3742387234,2,Good,89.37022882781724
MERCY SPRINGS W.D.,Pasture,San Joaquin River,0.8,2298.616176,170.0,5.0,1803.035855897732,10574.064358859872,8273.566351452346,1953823.7496,1532580.4775130723,2,Good,89.37022882781724
MERCY SPRINGS W.D.,Almonds & Pistachios,San Joaquin River,0.85,672.1308137,4618.0,1.5,587.9657364925721,2558.0154762449233,2232.1032517613608,4655850.1464999,4072838.656684047,2,Good,89.36372368618795
MERCY SPRINGS W.D.,Pasture,San Joaquin River,0.85,2298.616176,170.0,5.0,1946.12655335812,10574.064358859872,8930.16470795647,1953823.7496,1654207.570354402,2,Good,89.36372368618795
MERCY SPRINGS W.D.,Almonds & Pistachios,San Joaquin River,0.9,672.1308137,4618.0,1.5,587.9674135912474,2558.0154762449233,2232.1096185431597,4655850.1464999,4072850.27394657,2,Good,89.35637404100467
MERCY SPRINGS W.D.,Pasture,San Joaquin River,0.9,2298.616176,170.0,5.0,2089.2170914050744,10574.064358859872,9586.762332949418,1953823.7496,1775834.5276943133,2,Good,89.35637404100467
MERCY SPRINGS W.D.,Almonds & Pistachios,San Joaquin River,0.95,672.1308137,4618.0,1.5,587.9693084002886,2558.0154762449233,2232.116811849814,4655850.1464999,4072863.399288799,2,Good,89.34807023645901
MERCY SPRINGS W.D.,Pasture,San Joaquin River,0.95,2298.616176,170.0,5.0,2232.307449314689,10574.064358859872,10243.359131376894,1953823.7496,1897461.3319174857,2,Good,89.34807023645901
MERCY SPRINGS W.D.,Almonds & Pistachios,San Joaquin River,1.0,672.1308137,4618.0,1.5,607.621168495699,2558.0154762449233,2306.7214668062848,4655850.1464999,4208991.834169706,2,Good,5.268493631539025e-08
MERCY SPRINGS W.D.,Pasture,San Joaquin River,1.0,2298.616176,170.0,5.0,2321.602360953849,10574.064358859872,10653.105490065362,1953823.7496,1973362.0068107715,2,Good,5.268493631539025e-08
ORO LOMA W.D.,Pasture,San Joaquin River,0.5,1049.217692,170.0,5.0,525.9236656188966,4826.597636221636,2413.2988421421087,891835.0382,447035.1157760621,2,Good,89.39157671608274
ORO LOMA W.D.,Pasture,San Joaquin River,0.55,1049.217692,170.0,5.0,578.5160321845273,4826.597636221636,2654.628726366486,891835.0382,491738.62735684816,2,Good,89.38860645311568
ORO LOMA W.D.,Pasture,San Joaquin River,0.6,1049.217692,170.0,5.0,631.1083987501579,4826.597636221636,2895.958610590863,891835.0382,536442.1389376342,2,Good,89.38532942998411
ORO LOMA W.D.,Pasture,San Joaquin River,0.65,1049.217692,170.0,5.0,683.7007653157884,4826.597636221636,3137.2884948152396,891835.0382,581145.6505184202,2,Good,89.38171396530298
ORO LOMA W.D.,Pasture,San Joaquin River,0.7,1049.217692,170.0,5.0,736.2931318814187,4826.597636221636,3378.6183790396153,891835.0382,625849.1620992059,2,Good,89.37772510568249
ORO LOMA W.D.,Pasture,San Joaquin River,0.75,1049.217692,170.0,5.0,788.8854984470488,4826.597636221636,3619.948263263991,891835.0382,670552.6736799915,2,Good,89.37332428775053
ORO LOMA W.D.,Pasture,San Joaquin River,0.8,1049.217692,170.0,5.0,841.4778650126789,4826.597636221636,3861.2781474883664,891835.0382,715256.185260777,2,Good,89.36846896519268
ORO LOMA W.D.,Pasture,San Joaquin River,0.85,1049.217692,170.0,5.0,894.0702315783087,4826.597636221636,4102.608031712741,891835.0382,759959.6968415624,2,Good,89.36311219700626
ORO LOMA W.D.,Pasture,San Joaquin River,0.9,1049.217692,170.0,5.0,946.6625981439385,4826.597636221636,4343.937915937116,891835.0382,804663.2084223477,2,Good,89.35720219201532
ORO LOMA W.D.,Pasture,San Joaquin River,0.95,1049.217692,170.0,5.0,999.2549647062302,4826.597636221636,4585.267800154133,891835.0382,849366.7200002957,2,Good,89.35068177325083
ORO LOMA W.D.,Pasture,San Joaquin River,1.0,1049.217692,170.0,5.0,1049.2177024653763,4826.597636221636,4814.531142279801,891835.0382,891835.0470955699,2,Good,9.103697112604246e-07
PACHECO W.D.,Almonds & Pistachios,San Joaquin River,0.5,1767.952722,4804.970221,1.007195762,800.5412349088031,7230.584504073097,3265.873552963849,8556087.893010333,3874255.845546729,2,Good,570.4532665117446
PACHECO W.D.,Corn,San Joaquin River,0.5,84.18710627,62.0,26.2,9.835975022283253e-09,203.381675062731,3.805090989680592e-08,136753.535424988,1.5977557826196916e-05,2,Good,570.4532665117446
PACHECO W.D.,Cotton,San Joaquin River,0.5,548.3779211,3707.279528,0.8,1.0896153288322942e-08,1992.831433518635,5.350663907837083e-08,1626392.1924009835,3.231606881579962e-05,2,Good,570.4532665117446
PACHECO W.D.,Cucurbits,San Joaquin River,0.5,380.3157961,372.0,15.4,376.07745684540726,874.584521157845,862.6758178243582,2178753.13269768,2154472.534775969,2,Good,570.4532665117446
PACHECO W.D.,Grain,San Joaquin River,0.5,519.8582881,187.0,4.5,525.0568762033678,242.59542649241388,244.40882450067588,437460.74943614996,441835.361325134,2,Good,570.4532665117446
PACHECO W.D.,Tomato Processing,San Joaquin River,0.5,710.6489481,95.55716397,49.47391432,528.9530703871673,1691.1034877043903,1255.582084068272,3359654.688033108,2500671.628976627,2,Good,570.4532665117446
PACHECO W.D.,Truck Crops,San Joaquin River,0.5,239.6583274,910.0,18.1,223.44294255777857,639.3443503615111,594.5958173859815,3947412.3106054,3680328.7068691705,2,Good,570.4532665117446
PACHECO W.D.,Vineyard,San Joaquin River,0.5,153.6229118,1492.427601,10.07028874,146.26789325073878,475.99821336151075,452.0757757675557,2308825.912053053,2198286.0374263227,2,Good,570.4532665117446
PACHECO W.D.,Almonds & Pistachios,San Joaquin River,0.55,1767.952722,4804.970221,1.007195762,948.2190262504579,7230.584504073097,3868.3372014457677,8556087.893010333,4588949.257220913,2,Good,515.1222469942386
PACHECO W.D.,Corn,San Joaquin River,0.55,84.18710627,62.0,26.2,2.20086572146447e-07,203.381675062731,6.153451654459044e-07,136753.535424988,0.0003575086277946885,2,Good,515.1222469942386
PACHECO W.D.,Cotton,San Joaquin River,0.55,548.3779211,3707.279528,0.8,2.460861204323155e-07,1992.831433518635,9.735961245177716e-07,1626392.1924009835,0.0007298480291229328,2,Good,515.1222469942386
PACHECO W.D.,Cucurbits,San Joaquin River,0.55,380.3157961,372.0,15.4,376.6962037956512,874.584521157845,864.0951479260306,2178753.13269768,2158017.2123045265,2,Good,515.1222469942386
PACHECO W.D.,Grain,San Joaquin River,0.55,519.8582881,187.0,4.5,525.056876111027,242.59542649241388,244.40882451814858,437460.74943614996,441835.3612474292,2,Good,515.1222469942386
PACHECO W.D.,Tomato Processing,San Joaquin River,0.55,710.6489481,95.55716397,49.47391432,554.0836525499475,1691.1034877043903,1315.23484066398,3359654.688033108,2619478.641077213,2,Good,515.1222469942386
PACHECO W.D.,Truck Crops,San Joaquin River,0.55,239.6583274,910.0,18.1,224.5363245024339,639.3443503615111,597.5053760305487,3947412.3106054,3698337.800879589,2,Good,515.1222469942386
PACHECO W.D.,Vineyard,San Joaquin River,0.55,153.6229118,1492.427601,10.07028874,146.61599512859436,475.99821336151075,453.1516676251258,2308825.912053053,2203517.7221158673,2,Good,515.1222469942386
PACHECO W.D.,Almonds & Pistachios,San Joaquin River,0.6,1767.952722,4804.970221,1.007195762,1066.1302855259726,7230.584504073097,4349.3658436647065,8556087.893010333,5159586.178323395,2,Good,461.8531548964781
PACHECO W.D.,Corn,San Joaquin River,0.6,84.18710627,62.0,26.2,1.4615669424397419e-06,203.381675062731,3.6029979130313847e-06,136753.535424988,0.0023741693412991163,2,Good,461.8531548964781
PACHECO W.D.,Cotton,San Joaquin River,0.6,548.3779211,3707.279528,0.8,34.90332493384208,1992.831433518635,126.52323996477189,1626392.1924009835,103517.10558909176,2,Good,461.8531548964781
PACHECO W.D.,Cucurbits,San Joaquin River,0.6,380.3157961,372.0,15.4,377.27345414693247,874.584521157845,865.4192898280552,2178753.13269768,2161324.164116947,2,Good,461.8531548964781
PACHECO W.D.,Grain,San Joaquin River,0.6,519.8582881,187.0,4.5,525.0568761296778,242.59542649241388,244.40882452679068,437460.74943614996,441835.36126312386,2,Good,461.8531548964781
PACHECO W.D.,Tomato Processing,San Joaquin River,0.6,710.6489481,95.55716397,49.47391432,577.193416662522,1691.1034877043903,1370.0907577784062,3359654.688033108,2728732.0601496426,2,Good,461.8531548964781
PACHECO W.D.,Truck Crops,San Joaquin River,0.6,239.6583274,910.0,18.1,225.57758834287935,639.3443503615111,600.2762450376027,3947412.3106054,3715488.457595566,2,Good,461.8531548964781
PACHECO W.D.,Vineyard,San Joaquin River,0.6,153.6229118,1492.427601,10.07028874,146.94548761730135,475.99821336151075,454.1700426706359,2308825.912053053,2208469.7230045367,2,Good,461.8531548964781
PACHECO W.D.,Almonds & Pistachios,San Joaquin River,0.65,1767.952722,4804.970221,1.007195762,1131.0910112681847,7230.584504073097,4614.3784462463,8556087.893010333,5473966.575563512,2,Good,428.48183787669586
PACHECO W.D.,Corn,San Joaquin River,0.65,84.18710627,62.0,26.2,29.57344772809749,203.381675062731,71.26578879401339,136753.535424988,48039.10848952156,2,Good,428.48183787669586
PACHECO W.D.,Cotton,San Joaquin River,0.65,548.3779211,3707.279528,0.8,116.2576314524001,1992.831433518635,421.4295406441905,1626392.1924009835,344799.6296458015,2,Good,428.48183787669586
PACHECO W.D.,Cucurbits,San Joaquin River,0.65,380.3157961,372.0,15.4,377.62635365403736,874.584521157845,866.2287981974293,2178753.13269768,2163345.8548132493,2,Good,428.48183787669586
PACHECO W.D.,Grain,San Joaquin River,0.65,519.8582881,187.0,4.5,525.0568762081656,242.59542649241388,244.4088245073851,437460.74943614996,441835.36132917134,2,Good,428.48183787669586
PACHECO W.D.,Tomato Processing,San Joaquin River,0.65,710.6489481,95.55716397,49.47391432,591.170030496129,1691.1034877043903,1403.26720929572,3359654.688033108,2794807.717215554,2,Good,428.48183787669586
PACHECO W.D.,Truck Crops,San Joaquin River,0.65,239.6583274,910.0,18.1,226.2243283534666,639.3443503615111,601.9972610957541,3947412.3106054,3726140.9123099484,2,Good,428.48183787669586
PACHECO W.D.,Vineyard,San Joaquin River,0.65,153.6229118,1492.427601,10.07028874,147.14916807543233,475.99821336151075,454.79956560163106,2308825.912053053,2211530.8726338567,2,Good,428.48183787669586
PACHECO W.D.,Almonds & Pistachios,San Joaquin River,0.7,1767.952722,4804.970221,1.007195762,1202.1295310754167,7230.584504073097,4904.185907703241,8556087.893010333,5817760.734590821,2,Good,388.30217800929444
PACHECO W.D.,Corn,San Joaquin River,0.7,84.18710627,62.0,26.2,49.79784971868204,203.381675062731,120.00234374895662,136753.535424988,80891.6270830271,2,Good,388.30217800929444
PACHECO W.D.,Cotton,San Joaquin River,0.7,548.3779211,3707.279528,0.8,195.2669982543681,1992.831433518635,707.8355231215306,1626392.1924009835,579127.4760979445,2,Good,388.30217800929444
PACHECO W.D.,Cucurbits,San Joaquin River,0.7,380.3157961,372.0,15.4,378.0427402828271,874.584521157845,867.1839383413839,2178753.13269768,2165731.2505322597,2,Good,388.30217800929444
PACHECO W.D.,Grain,San Joaquin River,0.7,519.8582881,187.0,4.5,525.0568762092406,242.59542649241388,244.40882450968826,437460.74943614996,441835.361330076,2,Good,388.30217800929444
PACHECO W.D.,Tomato Processing,San Joaquin River,0.7,710.6489481,95.55716397,49.47391432,607.5196560154745,1691.1034877043903,1442.0765064401082,3359654.688033108,2872101.9933423446,2,Good,388.30217800929444
PACHECO W.D.,Truck Crops,San Joaquin River,0.7,239.6583274,910.0,18.1,226.99740863337334,639.3443503615111,604.0544766699057,3947412.3106054,3738874.317600292,2,Good,388.30217800929444
PACHECO W.D.,Vineyard,San Joaquin River,0.7,153.6229118,1492.427601,10.07028874,147.39167825831143,475.99821336151075,455.5491011072315,2308825.912053053,2215175.6010640594,2,Good,388.30217800929444
PACHECO W.D.,Almonds & Pistachios,San Joaquin River,0.75,1767.952722,4804.970221,1.007195762,1278.3304181826327,7230.584504073097,5215.05366949339,8556087.893010333,6186538.405792992,2,Good,340.47098038225505
PACHECO W.D.,Corn,San Joaquin River,0.75,84.18710627,62.0,26.2,62.536404564561174,203.381675062731,150.69958160115937,136753.535424988,101584.13557467316,2,Good,340.47098038225505
PACHECO W.D.,Cotton,San Joaquin River,0.75,548.3779211,3707.279528,0.8,271.64221856820075,1992.831433518635,984.6928236718088,1626392.1924009835,805642.9086707138,2,Good,340.47098038225505
PACHECO W.D.,Cucurbits,San Joaquin River,0.75,380.3157961,372.0,15.4,378.526819043571,874.584521157845,868.2943559809521,2178753.13269768,2168504.4409368094,2,Good,340.47098038225505
PACHECO W.D.,Grain,San Joaquin River,0.75,519.8582881,187.0,4.5,525.0568762103983,242.59542649241388,244.40882451286674,437460.74943614996,441835.36133105017,2,Good,340.47098038225505
PACHECO W.D.,Tomato Processing,San Joaquin River,0.75,710.6489481,95.55716397,49.47391432,626.3424321451566,1691.1034877043903,1486.7563500882131,3359654.688033108,2961088.3040024224,2,Good,340.47098038225505
PACHECO W.D.,Truck Crops,San Joaquin River,0.75,239.6583274,910.0,18.1,227.90984855273055,639.3443503615111,606.4825370690927,3947412.3106054,3753903.115512025,2,Good,340.47098038225505
PACHECO W.D.,Vineyard,San Joaquin River,0.75,153.6229118,1492.427601,10.07028874,147.67658275920263,475.99821336151075,456.42966635491615,2308825.912053053,2219457.4811977632,2,Good,340.47098038225505
PACHECO W.D.,Almonds & Pistachios,San Joaquin River,0.8,1767.952722,4804.970221,1.007195762,1357.9389419712986,7230.584504073097,5539.823164300958,8556087.893010333,6571807.490250234,2,Good,284.6788568893678
PACHECO W.D.,Corn,San Joaquin River,0.8,84.18710627,62.0,26.2,72.12961081965992,203.381675062731,173.8171909192981,136753.535424988,117167.33981545556,2,Good,284.6788568893678
PACHECO W.D.,Cotton,San Joaquin River,0.8,548.3779211,3707.279528,0.8,344.5768906522267,1992.831433518635,1249.0782663173666,1626392.1924009835,1021954.2820295158,2,Good,284.6788568893678
PACHECO W.D.,Cucurbits,San Joaquin River,0.8,380.3157961,372.0,15.4,379.0763238141164,874.584521157845,869.5548529090133,2178753.13269768,2171652.44386631,2,Good,284.6788568893678
PACHECO W.D.,Grain,San Joaquin River,0.8,519.8582881,187.0,4.5,525.0568762116056,242.59542649241388,244.40882451748388,437460.74943614996,441835.3613320661,2,Good,284.6788568893678
PACHECO W.D.,Tomato Processing,San Joaquin River,0.8,710.6489481,95.55716397,49.47391432,647.4792253375576,1691.1034877043903,1536.9290030792283,3359654.688033108,3061014.3315138905,2,Good,284.6788568893678
PACHECO W.D.,Truck Crops,San Joaquin River,0.8,239.6583274,910.0,18.1,228.96355672714526,639.3443503615111,609.2865212409746,3947412.3106054,3771258.7428528094,2,Good,284.6788568893678
PACHECO W.D.,Vineyard,San Joaquin River,0.8,153.6229118,1492.427601,10.07028874,148.003850751869,475.99821336151075,457.4411660694509,2308825.912053053,2224376.049742001,2,Good,284.6788568893678
PACHECO W.D.,Almonds & Pistachios,San Joaquin River,0.85,1767.952722,4804.970221,1.007195762,1440.0053465077456,7230.584504073097,5874.619784986204,8556087.893010333,6968971.600771727,2,Good,220.19707124201506
PACHECO W.D.,Corn,San Joaquin River,0.85,84.18710627,62.0,26.2,79.9927624745195,203.381675062731,192.765732539989,136753.535424988,129940.24336360945,2,Good,220.19707124201506
PACHECO W.D.,Cotton,San Joaquin River,0.85,548.3779211,3707.279528,0.8,414.2133409934433,1992.831433518635,1501.5077792209581,1626392.1924009835,1228483.7114315806,2,Good,220.19707124201506
PACHECO W.D.,Cucurbits,San Joaquin River,0.85,380.3157961,372.0,15.4,379.69224256083453,874.584521157845,870.9676954016717,2178753.13269768,2175180.9191825087,2,Good,220.19707124201506
PACHECO W.D.,Grain,San Joaquin River,0.85,519.8582881,187.0,4.5,525.05687621284,242.59542649241388,244.40882452489336,437460.74943614996,441835.3613331049,2,Good,220.19707124201506
PACHECO W.D.,Tomato Processing,San Joaquin River,0.85,710.6489481,95.55716397,49.47391432,670.8945452422838,1691.1034877043903,1592.5102215553306,3359654.688033108,3171712.2921596277,2,Good,220.19707124201506
PACHECO W.D.,Truck Crops,San Joaquin River,0.85,239.6583274,910.0,18.1,230.16746861338893,639.3443503615111,612.4902070034411,3947412.3106054,3791088.375531129,2,Good,220.19707124201506
PACHECO W.D.,Vineyard,San Joaquin River,0.85,153.6229118,1492.427601,10.07028874,148.37552849378488,475.99821336151075,458.5899246985421,2308825.912053053,2229962.0602622675,2,Good,220.19707124201506
PACHECO W.D.,Almonds & Pistachios,San Joaquin River,0.9,1767.952722,4804.970221,1.007195762,1524.4072652199654,7230.584504073097,6218.944327124661,8556087.893010333,7377438.538747043,2,Good,145.59449121785602
PACHECO W.D.,Corn,San Joaquin River,0.9,84.18710627,62.0,26.2,85.02897788327526,203.381675062731,204.9019524378355,136753.535424988,138121.07167359232,2,Good,145.59449121785602
PACHECO W.D.,Cotton,San Joaquin River,0.9,548.3779211,3707.279528,0.8,481.2922684246089,1992.831433518635,1744.6663678198106,1626392.1924009835,1427427.9789721868,2,Good,145.59449121785602
PACHECO W.D.,Cucurbits,San Joaquin River,0.9,380.3157961,372.0,15.4,380.38079855731553,874.584521157845,872.5471589259716,2178753.13269768,2179125.5187751492,2,Good,145.59449121785602
PACHECO W.D.,Grain,San Joaquin River,0.9,519.8582881,187.0,4.5,525.0568762043631,242.59542649241388,244.4088245616537,437460.74943614996,441835.36132597155,2,Good,145.59449121785602
PACHECO W.D.,Tomato Processing,San Joaquin River,0.9,710.6489481,95.55716397,49.47391432,696.7448810578499,1691.1034877043903,1653.871465790259,3359654.688033108,3293922.002231239,2,Good,145.59449121785602
PACHECO W.D.,Truck Crops,San Joaquin River,0.9,239.6583274,910.0,18.1,231.54218178593086,639.3443503615111,616.148405841745,3947412.3106054,3813731.276196067,2,Good,145.59449121785602
PACHECO W.D.,Vineyard,San Joaquin River,0.9,153.6229118,1492.427601,10.07028874,148.7970857738212,475.99821336151075,459.89284795979785,2308825.912053053,2236297.719182921,2,Good,145.59449121785602
PACHECO W.D.,Almonds & Pistachios,San Joaquin River,0.95,1767.952722,4804.970221,1.007195762,1614.097693898864,7230.584504073097,6584.84377893667,8556087.893010333,7811499.462090236,2,Good,55.926429493490645
PACHECO W.D.,Corn,San Joaquin River,0.95,84.18710627,62.0,26.2,85.02897814108994,203.381675062731,204.9019530997109,136753.535424988,138121.0720923865,2,Good,55.926429493490645
PACHECO W.D.,Cotton,San Joaquin River,0.95,548.3779211,3707.279528,0.8,548.6204752798201,1992.831433518635,1988.7285849543534,1626392.1924009835,1627111.5653172059,2,Good,55.926429493490645
PACHECO W.D.,Cucurbits,San Joaquin River,0.95,380.3157961,372.0,15.4,381.1767079958377,874.584521157845,874.3728781685002,2178753.13269768,2183685.124766555,2,Good,55.926429493490645
PACHECO W.D.,Grain,San Joaquin River,0.95,519.8582881,187.0,4.5,525.0568762116193,242.59542649241388,244.4088246038829,437460.74943614996,441835.36133207765,2,Good,55.926429493490645
PACHECO W.D.,Tomato Processing,San Joaquin River,0.95,710.6489481,95.55716397,49.47391432,717.7554445779409,1691.1034877043903,1703.7444859827958,3359654.688033108,3393251.267992086,2,Good,55.926429493490645
PACHECO W.D.,Truck Crops,San Joaquin River,0.95,239.6583274,910.0,18.1,233.1694548616244,639.3443503615111,620.4786825847425,3947412.3106054,3840534.0910258153,2,Good,55.926429493490645
PACHECO W.D.,Vineyard,San Joaquin River,0.95,153.6229118,1492.427601,10.07028874,149.2922731620808,475.99821336151075,461.4233426145427,2308825.912053053,2243739.9780226965,2,Good,55.926429493490645
PACHECO W.D.,Almonds & Pistachios,San Joaquin River,1.0,1767.952722,4804.970221,1.007195762,1664.7759733687892,7230.584504073097,6791.589972003187,8556087.893010333,8056759.308700106,2,Good,2.0707938841712915e-08
PACHECO W.D.,Corn,San Joaquin River,1.0,84.18710627,62.0,26.2,85.0289781604006,203.381675062731,204.9019532568933,136753.535424988,138121.0721237547,2,Good,2.0707938841712915e-08
PACHECO W.D.,Cotton,San Joaquin River,1.0,548.3779211,3707.279528,0.8,553.8617057976309,1992.831433518635,2007.7278485414686,1626392.1924009835,1642656.1305973728,2,Good,2.0707938841712915e-08
PACHECO W.D.,Cucurbits,San Joaquin River,1.0,380.3157961,372.0,15.4,381.65676463409665,874.584521157845,875.4740698739158,2178753.13269768,2186435.273235813,2,Good,2.0707938841712915e-08
PACHECO W.D.,Grain,San Joaquin River,1.0,519.8582881,187.0,4.5,525.0568762161054,242.59542649241388,244.40882470726635,437460.74943614996,441835.36133585265,2,Good,2.0707938841712915e-08
PACHECO W.D.,Tomato Processing,San Joaquin River,1.0,710.6489481,95.55716397,49.47391432,717.7554447119603,1691.1034877043903,1703.7444865122493,3359654.688033108,3393251.2686256743,2,Good,2.0707938841712915e-08
PACHECO W.D.,Truck Crops,San Joaquin River,1.0,239.6583274,910.0,18.1,234.17091467287366,639.3443503615111,623.1436308056499,3947412.3106054,3857029.135576902,2,Good,2.0707938841712915e-08
PACHECO W.D.,Vineyard,San Joaquin River,1.0,153.6229118,1492.427601,10.07028874,149.5950201296886,475.99821336151075,462.3590543708443,2308825.912053053,2248290.015744403,2,Good,2.0707938841712915e-08
PANOCHE W.D.,Citrus & Subtropical,San Joaquin River,0.5,165.7962113,583.0,16.5,154.1461027055815,538.4175352509113,499.33273993820774,1594876.6546003502,1482808.4349763414,2,Good,756.5307400847564
PANOCHE W.D.,Corn,San Joaquin River,0.5,123.685401,62.0,26.2,6.181875387479415e-21,298.8028113890603,6.181875387476287e-08,200914.5653844,1.004183837942156e-17,2,Good,756.5307400847564
PANOCHE W.D.,Cotton,San Joaquin River,0.5,487.8407532,3438.0,0.8,6.1818753874854275e-21,1772.8364876146848,6.181875387482695e-08,1341757.20760128,1.700263006573992e-17,2,Good,756.5307400847564
PANOCHE W.D.,Cucurbits,San Joaquin River,0.5,1371.918493,485.0,17.3,1353.5165765076215,3154.9009811638407,3104.801945267166,11511082.115516499,11356680.835187199,2,Good,756.5307400847564
PANOCHE W.D.,Grain,San Joaquin River,0.5,2464.280152,277.5031915,3.251680117,2488.922975102061,1149.9731910713197,1158.5692259041061,2223647.16315242,2245883.654258552,2,Good,756.5307400847564
PANOCHE W.D.,Onions & Garlic,San Joaquin River,0.5,305.4238675,2366.0,7.7,281.1150059914808,452.27839361976805,415.2405884853546,5564273.102888499,5121409.402153996,2,Good,756.5307400847564
PANOCHE W.D.,Other Deciduous,San Joaquin River,0.5,402.1734858,1850.0,7.8,383.0782836265157,1385.8243558102708,1316.7253213454162,5803363.400094,5527819.632730622,2,Good,756.5307400847564
PANOCHE W.D.,Pasture,San Joaquin River,0.5,240.7535507,170.0,5.0,6.181875387483133e-21,1107.511365449398,6.18187538748172e-08,204640.518095,5.254594079360663e-18,2,Good,756.5307400847564
PANOCHE W.D.,Tomato Processing,San Joaquin River,0.5,4402.542612,93.0,51.2,2540.5795484874097,10476.55834266111,6030.6033612710335,20963146.9012992,12097223.578077652,2,Good,756.5307400847564
PANOCHE W.D.,Truck Crops,San Joaquin River,0.5,480.3086554,941.0,19.4,440.0653997780628,1281.335093135278,1171.0418914955362,8768226.62778916,8033569.899108446,2,Good,756.5307400847564
PANOCHE W.D.,Vineyard,San Joaquin River,0.5,2864.138053,1492.914288,10.10273139,2699.394939489201,8874.48740604275,8343.123252968568,43198396.66847179,40713656.67544515,2,Good,756.5307400847564
PANOCHE W.D.,Alfalfa,San Joaquin River,0.5,1285.609294,271.9754943,7.301225282,6.1818753874836596e-21,5365.90393302182,6.181875387481871e-08,2552904.254475891,1.2275685973180926e-17,2,Good,756.5307400847564
PANOCHE W.D.,Almonds & Pistachios,San Joaquin River,0.5,16477.29894,4668.515219,1.332194721,7213.323627433656,64907.73329467552,28343.843368453632,102478440.61767244,44862338.16001966,2,Good,756.5307400847564
PANOCHE W.D.,Citrus & Subtropical,San Joaquin River,0.55,165.7962113,583.0,16.5,154.99640925128296,538.4175352509113,502.0871779706401,1594876.6546003502,1490987.9587927165,11,Good,692.5909892612293
PANOCHE W.D.,Corn,San Joaquin River,0.55,123.685401,62.0,26.2,8.953330496888994e-16,298.8028113890603,2.242162315280045e-09,200914.5653844,1.454379005914648e-12,11,Good,692.5909892612293
PANOCHE W.D.,Cotton,San Joaquin River,0.55,487.8407532,3438.0,0.8,3.265681029913856e-14,1772.8364876146848,2.242815831675195e-09,1341757.20760128,8.981929104675069e-11,11,Good,692.5909892612293
PANOCHE W.D.,Cucurbits,San Joaquin River,0.55,1371.918493,485.0,17.3,1355.2140253117914,3154.9009811638407,3108.6956857331043,11511082.115516499,11370923.279378586,11,Good,692.5909892612293
PANOCHE W.D.,Grain,San Joaquin River,0.55,2464.280152,277.5031915,3.251680117,2488.9229782188236,1149.9731910713197,1156.9873333087312,2223647.16315242,2245883.6570709674,11,Good,692.5909892612293
PANOCHE W.D.,Onions & Garlic,San Joaquin River,0.55,305.4238675,2366.0,7.7,281.93238189537107,452.27839361976805,416.422622940305,5564273.102888499,5136300.519846249,11,Good,692.5909892612293
PANOCHE W.D.,Other Deciduous,San Joaquin River,0.55,402.1734858,1850.0,7.8,384.2783830840903,1385.8243558102708,1320.8503302222002,5803363.400094,5545137.067903423,11,Good,692.5909892612293
PANOCHE W.D.,Pasture,San Joaquin River,0.55,240.7535507,170.0,5.0,7.631667326428538e-16,1107.511365449398,2.2421571385959586e-09,204640.518095,6.486917227464257e-13,11,Good,692.5909892612293
PANOCHE W.D.,Tomato Processing,San Joaquin River,0.55,4402.542612,93.0,51.2,2751.304818922125,10476.55834266111,6530.804395842792,20963146.9012992,13100613.025779592,11,Good,692.5909892612293
PANOCHE W.D.,Truck Crops,San Joaquin River,0.55,480.3086554,941.0,19.4,442.40003604668885,1281.335093135278,1177.2545063594048,8768226.62778916,8076189.618046722,11,Good,692.5909892612293
PANOCHE W.D.,Vineyard,San Joaquin River,0.55,2864.138053,1492.914288,10.10273139,2707.3149718627965,8874.48740604275,8367.602000071865,43198396.66847179,40833110.65907675,11,Good,692.5909892612293
PANOCHE W.D.,Alfalfa,San Joaquin River,0.55,1285.609294,271.9754943,7.301225282,2.242148398150529e-22,5365.90393302182,2.242148398151367e-09,2552904.254475891,4.452355946335272e-19,11,Good,692.5909892612293
PANOCHE W.D.,Almonds & Pistachios,San Joaquin River,0.55,16477.29894,4668.515219,1.332194721,8357.796742369424,64907.73329467552,32840.90580252701,102478440.61767244,51980241.4386178,11,Good,692.5909892612293
PANOCHE W.D.,Citrus & Subtropical,San Joaquin River,0.6,165.7962113,583.0,16.5,155.95291115079772,538.4175352509113,505.1856197421488,1594876.6546003502,1500189.0288150986,4,Good,617.5856860334164
PANOCHE W.D.,Corn,San Joaquin River,0.6,123.685401,62.0,26.2,1.392186541818298e-18,298.8028113890603,6.167830153215594e-08,200914.5653844,2.261467818529643e-15,4,Good,617.5856860334164
PANOCHE W.D.,Cotton,San Joaquin River,0.6,487.8407532,3438.0,0.8,1.3713845578164132e-20,1772.8364876146848,6.167829358316842e-08,1341757.20760128,3.771856087818263e-17,4,Good,617.5856860334164
PANOCHE W.D.,Cucurbits,San Joaquin River,0.6,1371.918493,485.0,17.3,1357.1531352821619,3154.9009811638407,3113.1437675644424,11511082.115516499,11387193.38158498,4,Good,617.5856860334164
PANOCHE W.D.,Grain,San Joaquin River,0.6,2464.280152,277.5031915,3.251680117,2488.9229778270405,1149.9731910713197,1158.5692271680357,2223647.16315242,2245883.6567174415,4,Good,617.5856860334164
PANOCHE W.D.,Onions & Garlic,San Joaquin River,0.6,305.4238675,2366.0,7.7,282.8832577074666,452.27839361976805,417.8525084022188,5564273.102888499,5153623.765566168,4,Good,617.5856860334164
PANOCHE W.D.,Other Deciduous,San Joaquin River,0.6,402.1734858,1850.0,7.8,385.65193805815466,1385.8243558102708,1325.5715444368175,5803363.400094,5564957.466179172,4,Good,617.5856860334164
PANOCHE W.D.,Pasture,San Joaquin River,0.6,240.7535507,170.0,5.0,6.167830150730262e-21,1107.511365449398,6.167830150728771e-08,204640.518095,5.242655628120723e-18,4,Good,617.5856860334164
PANOCHE W.D.,Tomato Processing,San Joaquin River,0.6,4402.542612,93.0,51.2,2982.2884559741824,10476.55834266111,7079.0929563900545,20963146.9012992,14200464.711966667,4,Good,617.5856860334164
PANOCHE W.D.,Truck Crops,San Joaquin River,0.6,480.3086554,941.0,19.4,445.10389190425695,1281.335093135278,1184.4496380543876,8768226.62778916,8125549.588268971,4,Good,617.5856860334164
PANOCHE W.D.,Vineyard,San Joaquin River,0.6,2864.138053,1492.914288,10.10273139,2716.395904623335,8874.48740604275,8395.668786568061,43198396.66847179,40970073.93677161,4,Good,617.5856860334164
PANOCHE W.D.,Alfalfa,San Joaquin River,0.6,1285.609294,271.9754943,7.301225282,6.167830152118621e-21,5365.90393302182,6.167830152116733e-08,2552904.254475891,1.224779558588685e-17,4,Good,617.5856860334164
PANOCHE W.D.,Almonds & Pistachios,San Joaquin River,0.6,16477.29894,4668.515219,1.332194721,9487.620125132544,64907.73329467552,37280.40396589308,102478440.61767244,59007032.59295417,4,Good,617.5856860334164
PANOCHE W.D.,Citrus & Subtropical,San Joaquin River,0.65,165.7962113,583.0,16.5,157.02194789517213,538.4175352509113,508.6486008256956,1594876.6546003502,1510472.6277776083,2,Good,529.7163972027328
PANOCHE W.D.,Corn,San Joaquin River,0.65,123.685401,62.0,26.2,7.438910123835785e-09,298.8028113890603,3.44691870712971e-08,200914.5653844,1.2083765605158847e-05,2,Good,529.7163972027328
PANOCHE W.D.,Cotton,San Joaquin River,0.65,487.8407532,3438.0,0.8,3.149304209573114e-19,1772.8364876146848,5.681648864515581e-09,1341757.20760128,8.661846298009893e-16,2,Good,529.7163972027328
PANOCHE W.D.,Cucurbits,San Joaquin River,0.65,1371.918493,485.0,17.3,1359.357104142578,3154.9009811638407,3118.1994032651296,11511082.115516499,11405685.782308301,2,Good,529.7163972027328
PANOCHE W.D.,Grain,San Joaquin River,0.65,2464.280152,277.5031915,3.251680117,2488.9229783353744,1149.9731910713197,1158.5692273525572,2223647.16315242,2245883.6571761374,2,Good,529.7163972027328
PANOCHE W.D.,Onions & Garlic,San Joaquin River,0.65,305.4238675,2366.0,7.7,283.98869608368466,452.27839361976805,419.48537344247137,5564273.102888499,5173762.862991784,2,Good,529.7163972027328
PANOCHE W.D.,Other Deciduous,San Joaquin River,0.65,402.1734858,1850.0,7.8,387.2163904503014,1385.8243558102708,1330.948915445956,5803363.400094,5587532.514197849,2,Good,529.7163972027328
PANOCHE W.D.,Pasture,San Joaquin River,0.65,240.7535507,170.0,5.0,2.7210999093415163e-20,1107.511365449398,5.681648860739021e-09,204640.518095,2.3129349229402888e-17,2,Good,529.7163972027328
PANOCHE W.D.,Tomato Processing,San Joaquin River,0.65,4402.542612,93.0,51.2,3233.560045780071,10476.55834266111,7675.539265190576,20963146.9012992,15396919.513986388,2,Good,529.7163972027328
PANOCHE W.D.,Truck Crops,San Joaquin River,0.65,480.3086554,941.0,19.4,448.224808019506,1281.335093135278,1192.7545933786882,8768226.62778916,8182523.160319288,2,Good,529.7163972027328
PANOCHE W.D.,Vineyard,San Joaquin River,0.65,2864.138053,1492.914288,10.10273139,2726.7594830246608,8874.48740604275,8427.699894934607,43198396.66847179,41126382.73278665,2,Good,529.7163972027328
PANOCHE W.D.,Alfalfa,San Joaquin River,0.65,1285.609294,271.9754943,7.301225282,5.2725676926964545e-20,5365.90393302182,5.681648860970923e-09,2552904.254475891,1.0470024258160746e-16,2,Good,529.7163972027328
PANOCHE W.D.,Almonds & Pistachios,San Joaquin River,0.65,16477.29894,4668.515219,1.332194721,10603.832883278694,64907.73329467552,41666.42090018436,102478440.61767244,65949174.21876901,2,Good,529.7163972027328
PANOCHE W.D.,Citrus & Subtropical,San Joaquin River,0.7,165.7962113,583.0,16.5,158.18750692538916,538.4175352509113,512.4242512163188,1594876.6546003502,1521684.722868781,7,Good,428.8240992274814
PANOCHE W.D.,Corn,San Joaquin River,0.7,123.685401,62.0,26.2,33.64955311019514,298.8028113890603,81.08834548188821,200914.5653844,54660.33407220099,7,Good,428.8240992274814
PANOCHE W.D.,Cotton,San Joaquin River,0.7,487.8407532,3438.0,0.8,2.672243419139013e-05,1772.8364876146848,9.695742628393061e-05,1341757.20760128,0.07349738299999942,7,Good,428.8240992274814
PANOCHE W.D.,Cucurbits,San Joaquin River,0.7,1371.918493,485.0,17.3,1361.8035904212222,3154.9009811638407,3123.81134446295,11511082.115516499,11426213.025429266,7,Good,428.8240992274814
PANOCHE W.D.,Grain,San Joaquin River,0.7,2464.280152,277.5031915,3.251680117,2488.922978208314,1149.9731910713197,1158.5692273500547,2223647.16315242,2245883.657061484,7,Good,428.8240992274814
PANOCHE W.D.,Onions & Garlic,San Joaquin River,0.7,305.4238675,2366.0,7.7,285.24617235791396,452.27839361976805,421.34281681363586,5564273.102888499,5196671.817250948,7,Good,428.8240992274814
PANOCHE W.D.,Other Deciduous,San Joaquin River,0.7,402.1734858,1850.0,7.8,388.95697333579227,1385.8243558102708,1336.9316862772037,5803363.400094,5612649.125235482,7,Good,428.8240992274814
PANOCHE W.D.,Pasture,San Joaquin River,0.7,240.7535507,170.0,5.0,6.135690222808555e-21,1107.511365449398,6.135690222806889e-08,204640.518095,5.215336689387271e-18,7,Good,428.8240992274814
PANOCHE W.D.,Tomato Processing,San Joaquin River,0.7,4402.542612,93.0,51.2,3500.0511535303044,10476.55834266111,8308.11232169406,20963146.9012992,16665843.572649898,7,Good,428.8240992274814
PANOCHE W.D.,Truck Crops,San Joaquin River,0.7,480.3086554,941.0,19.4,451.7486541748235,1281.335093135278,1202.1317711684706,8768226.62778916,8246852.381423072,7,Good,428.8240992274814
PANOCHE W.D.,Vineyard,San Joaquin River,0.7,2864.138053,1492.914288,10.10273139,2738.3149186948267,8874.48740604275,8463.414722276417,43198396.66847179,41300667.73040887,7,Good,428.8240992274814
PANOCHE W.D.,Alfalfa,San Joaquin River,0.7,1285.609294,271.9754943,7.301225282,6.1356902228092566e-21,5365.90393302182,6.135690222807143e-08,2552904.254475891,1.2183973581289214e-17,7,Good,428.8240992274814
PANOCHE W.D.,Almonds & Pistachios,San Joaquin River,0.7,16477.29894,4668.515219,1.332194721,11688.572409883971,64907.73329467552,45928.7677497332,102478440.61767244,72695572.13068679,7,Good,428.8240992274814
PANOCHE W.D.,Citrus & Subtropical,San Joaquin River,0.75,165.7962113,583.0,16.5,159.26813883081593,538.4175352509113,515.9247930603336,1594876.6546003502,1532079.8614830337,7,Good,330.2770382713627
PANOCHE W.D.,Corn,San Joaquin River,0.75,123.685401,62.0,26.2,85.47507451739588,298.8028113890603,205.97695144584742,200914.5653844,138845.71104605787,7,Good,330.2770382713627
PANOCHE W.D.,Cotton,San Joaquin River,0.75,487.8407532,3438.0,0.8,194.03358910389474,1772.8364876146848,703.3644613529444,1341757.20760128,533669.9834713521,7,Good,330.2770382713627
PANOCHE W.D.,Cucurbits,San Joaquin River,0.75,1371.918493,485.0,17.3,1364.111719564738,3154.9009811638407,3129.1059111575187,11511082.115516499,11445579.383007934,7,Good,330.2770382713627
PANOCHE W.D.,Grain,San Joaquin River,0.75,2464.280152,277.5031915,3.251680117,2488.9229783671285,1149.9731910713197,1158.5692273758496,2223647.16315242,2245883.657204791,7,Good,330.2770382713627
PANOCHE W.D.,Onions & Garlic,San Joaquin River,0.75,305.4238675,2366.0,7.7,286.4622926114467,452.27839361976805,423.1391722732819,5564273.102888499,5218827.339253859,7,Good,330.2770382713627
PANOCHE W.D.,Other Deciduous,San Joaquin River,0.75,402.1734858,1850.0,7.8,390.60285158370726,1385.8243558102708,1342.588936083718,5803363.400094,5636399.148352896,7,Good,330.2770382713627
PANOCHE W.D.,Pasture,San Joaquin River,0.75,240.7535507,170.0,5.0,1.178890526074666e-16,1107.511365449398,1.3906017171104928e-08,204640.518095,1.002056947163466e-13,7,Good,330.2770382713627
PANOCHE W.D.,Tomato Processing,San Joaquin River,0.75,4402.542612,93.0,51.2,3740.852239300975,10476.55834266111,8879.704672725575,20963146.9012992,17812442.022655524,7,Good,330.2770382713627
PANOCHE W.D.,Truck Crops,San Joaquin River,0.75,480.3086554,941.0,19.4,455.1306143635389,1281.335093135278,1211.1313813085567,8768226.62778916,8308591.417452146,7,Good,330.2770382713627
PANOCHE W.D.,Vineyard,San Joaquin River,0.75,2864.138053,1492.914288,10.10273139,2749.2652870421775,8874.48740604275,8497.259444780442,43198396.66847179,41465826.79284976,7,Good,330.2770382713627
PANOCHE W.D.,Alfalfa,San Joaquin River,0.75,1285.609294,271.9754943,7.301225282,6.184766900258281e-19,5365.90393302182,1.3906016345527916e-08,2552904.254475891,1.2281427807265862e-15,7,Good,330.2770382713627
PANOCHE W.D.,Almonds & Pistachios,San Joaquin River,0.75,16477.29894,4668.515219,1.332194721,12599.503811169763,64907.73329467552,49508.15754155989,102478440.61767244,78360992.7711306,7,Good,330.2770382713627
PANOCHE W.D.,Citrus & Subtropical,San Joaquin River,0.8,165.7962113,583.0,16.5,160.50599374164622,538.4175352509113,519.9346348609361,1594876.6546003502,1543987.4067977658,5,Good,211.1505637183029
PANOCHE W.D.,Corn,San Joaquin River,0.8,123.685401,62.0,26.2,109.48138536205614,298.8028113890603,263.8271112915033,200914.5653844,177841.562382124,5,Good,211.1505637183029
PANOCHE W.D.,Cotton,San Joaquin River,0.8,487.8407532,3438.0,0.8,336.67523292093534,1772.8364876146848,1220.435054295106,1341757.20760128,925991.5606257406,5,Good,211.1505637183029
PANOCHE W.D.,Cucurbits,San Joaquin River,0.8,1371.918493,485.0,17.3,1366.8019798703963,3154.9009811638407,3135.2770401952203,11511082.115516499,11468152.01210256,5,Good,211.1505637183029
PANOCHE W.D.,Grain,San Joaquin River,0.8,2464.280152,277.5031915,3.251680117,2488.922978375731,1149.9731910713197,1158.5692273913298,2223647.16315242,2245883.657212553,5,Good,211.1505637183029
PANOCHE W.D.,Onions & Garlic,San Joaquin River,0.8,305.4238675,2366.0,7.7,287.9167774731252,452.27839361976805,425.28762091687815,5564273.102888499,5245325.43536089,5,Good,211.1505637183029
PANOCHE W.D.,Other Deciduous,San Joaquin River,0.8,402.1734858,1850.0,7.8,392.5256496686039,1385.8243558102708,1349.198021064623,5803363.400094,5664145.124717954,5,Good,211.1505637183029
PANOCHE W.D.,Pasture,San Joaquin River,0.8,240.7535507,170.0,5.0,4.1088023008437556e-18,1107.511365449398,2.4810987847113388e-08,204640.518095,3.4924819557171924e-15,5,Good,211.1505637183029
PANOCHE W.D.,Tomato Processing,San Joaquin River,0.8,4402.542612,93.0,51.2,4010.0106511372755,10476.55834266111,9518.609140059958,20963146.9012992,19094066.71645525,5,Good,211.1505637183029
PANOCHE W.D.,Truck Crops,San Joaquin River,0.8,480.3086554,941.0,19.4,459.1427666767338,1281.335093135278,1221.8079726553233,8768226.62778916,8381834.862790445,5,Good,211.1505637183029
PANOCHE W.D.,Vineyard,San Joaquin River,0.8,2864.138053,1492.914288,10.10273139,2762.0863457777027,8874.48740604275,8536.88598172396,43198396.66847179,41659200.56559331,5,Good,211.1505637183029
PANOCHE W.D.,Alfalfa,San Joaquin River,0.8,1285.609294,271.9754943,7.301225282,1.8742883252432928e-08,5365.90393302182,1.1312005583781103e-07,2552904.254475891,3.721876204504239e-05,5,Good,211.1505637183029
PANOCHE W.D.,Almonds & Pistachios,San Joaquin River,0.8,16477.29894,4668.515219,1.332194721,13555.193368061668,64907.73329467552,53263.41884808877,102478440.61767244,84304781.00131956,5,Good,211.1505637183029
PANOCHE W.D.,Citrus & Subtropical,San Joaquin River,0.85,165.7962113,583.0,16.5,161.43606916880006,538.4175352509113,522.9474720960469,1594876.6546003502,1552934.2673692722,2,Good,117.03275399332087
PANOCHE W.D.,Corn,San Joaquin River,0.85,123.685401,62.0,26.2,121.33463122815807,298.8028113890603,292.39094074980136,200914.5653844,197095.97496701995,2,Good,117.03275399332087
PANOCHE W.D.,Cotton,San Joaquin River,0.85,487.8407532,3438.0,0.8,417.55857144741475,1772.8364876146848,1513.6341138187754,1341757.20760128,1148453.0949089695,2,Good,117.03275399332087
PANOCHE W.D.,Cucurbits,San Joaquin River,0.85,1371.918493,485.0,17.3,1368.8552854659142,3154.9009811638407,3139.9870728499363,11511082.115516499,11485380.272701753,2,Good,117.03275399332087
PANOCHE W.D.,Grain,San Joaquin River,0.85,2464.280152,277.5031915,3.251680117,2488.9229783707815,1149.9731910713197,1158.5692274292485,2223647.16315242,2245883.657208087,2,Good,117.03275399332087
PANOCHE W.D.,Onions & Garlic,San Joaquin River,0.85,305.4238675,2366.0,7.7,289.0540896404919,452.27839361976805,426.9675674731133,5564273.102888499,5266045.21588841,2,Good,117.03275399332087
PANOCHE W.D.,Other Deciduous,San Joaquin River,0.85,402.1734858,1850.0,7.8,393.9963139074468,1385.8243558102708,1354.2530214187514,5803363.400094,5685366.809684457,2,Good,117.03275399332087
PANOCHE W.D.,Pasture,San Joaquin River,0.85,240.7535507,170.0,5.0,5.59961882052549e-08,1107.511365449398,3.489305675931953e-07,204640.518095,4.759675997446666e-05,2,Good,117.03275399332087
PANOCHE W.D.,Tomato Processing,San Joaquin River,0.85,4402.542612,93.0,51.2,4207.9778659412095,10476.55834266111,9988.526231155147,20963146.9012992,20036707.406465665,2,Good,117.03275399332087
PANOCHE W.D.,Truck Crops,San Joaquin River,0.85,480.3086554,941.0,19.4,462.25582646201843,1281.335093135278,1230.0920218942235,8768226.62778916,8438665.01439473,2,Good,117.03275399332087
PANOCHE W.D.,Vineyard,San Joaquin River,0.85,2864.138053,1492.914288,10.10273139,2771.912616712432,8874.48740604275,8567.256413422316,43198396.66847179,41807405.41527425,2,Good,117.03275399332087
PANOCHE W.D.,Alfalfa,San Joaquin River,0.85,1285.609294,271.9754943,7.301225282,376.9204644896046,5365.90393302182,1569.2657906829036,2552904.254475891,748471.4538743376,2,Good,117.03275399332087
PANOCHE W.D.,Almonds & Pistachios,San Joaquin River,0.85,16477.29894,4668.515219,1.332194721,14223.05302297842,64907.73329467552,55887.688938982916,102478440.61767244,88458448.1913454,2,Good,117.03275399332087
PANOCHE W.D.,Citrus & Subtropical,San Joaquin River,0.9,165.7962113,583.0,16.5,161.9015341163995,538.4175352509113,524.455274659665,1594876.6546003502,1557411.8074327048,2,Good,68.38359207429328
PANOCHE W.D.,Corn,San Joaquin River,0.9,123.685401,62.0,26.2,124.92225593144815,298.8028113890603,301.0363616982348,200914.5653844,202923.71253504435,2,Good,68.38359207429328
PANOCHE W.D.,Cotton,San Joaquin River,0.9,487.8407532,3438.0,0.8,452.7281793907069,1772.8364876146848,1641.1226196072655,1341757.20760128,1245183.5845962001,2,Good,68.38359207429328
PANOCHE W.D.,Cucurbits,San Joaquin River,0.9,1371.918493,485.0,17.3,1369.8930146390348,3154.9009811638407,3142.367497021557,11511082.115516499,11494087.339328822,2,Good,68.38359207429328
PANOCHE W.D.,Grain,San Joaquin River,0.9,2464.280152,277.5031915,3.251680117,2488.9229783823207,1149.9731910713197,1158.5692274407222,2223647.16315242,2245883.6572184996,2,Good,68.38359207429328
PANOCHE W.D.,Onions & Garlic,San Joaquin River,0.9,305.4238675,2366.0,7.7,289.637937254668,452.27839361976805,427.8299804519741,5564273.102888499,5276681.868492993,2,Good,68.38359207429328
PANOCHE W.D.,Other Deciduous,San Joaquin River,0.9,402.1734858,1850.0,7.8,394.74057988353843,1385.8243558102708,1356.8112292370608,5803363.400094,5696106.5677194595,2,Good,68.38359207429328
PANOCHE W.D.,Pasture,San Joaquin River,0.9,240.7535507,170.0,5.0,243.16108854408395,1107.511365449398,1115.7900125559102,204640.518095,206686.92526247137,2,Good,68.38359207429328
PANOCHE W.D.,Tomato Processing,San Joaquin River,0.9,4402.542612,93.0,51.2,4305.776651397048,10476.55834266111,10220.67235099281,20963146.9012992,20502386.103292186,2,Good,68.38359207429328
PANOCHE W.D.,Truck Crops,San Joaquin River,0.9,480.3086554,941.0,19.4,463.8458667336172,1281.335093135278,1234.323219742899,8768226.62778916,8467691.835568875,2,Good,68.38359207429328
PANOCHE W.D.,Vineyard,San Joaquin River,0.9,2864.138053,1492.914288,10.10273139,2776.8919001967083,8874.48740604275,8582.646075465396,43198396.66847179,41882505.5183762,2,Good,68.38359207429328
PANOCHE W.D.,Alfalfa,San Joaquin River,0.9,1285.609294,271.9754943,7.301225282,921.7689779905938,5365.90393302182,3837.6810502786434,2552904.254475891,1830406.7624110386,2,Good,68.38359207429328
PANOCHE W.D.,Almonds & Pistachios,San Joaquin River,0.9,16477.29894,4668.515219,1.332194721,14543.438220320408,64907.73329467552,57146.60207253007,102478440.61767244,90451042.7021416,2,Good,68.38359207429328
PANOCHE W.D.,Citrus & Subtropical,San Joaquin River,0.95,165.7962113,583.0,16.5,162.53927107628996,538.4175352509113,526.5211262364716,1594876.6546003502,1563546.5181183713,2,Good,6.898461567073097e-09
PANOCHE W.D.,Corn,San Joaquin River,0.95,123.685401,62.0,26.2,124.92225621326808,298.8028113890603,301.0363625209449,200914.5653844,202923.71299283265,2,Good,6.898461567073097e-09
PANOCHE W.D.,Cotton,San Joaquin River,0.95,487.8407532,3438.0,0.8,492.7191652617679,1772.8364876146848,1786.0884391650452,1341757.20760128,1355174.7921359665,2,Good,6.898461567073097e-09
PANOCHE W.D.,Cucurbits,San Joaquin River,0.95,1371.918493,485.0,17.3,1371.3256531618742,3154.9009811638407,3145.653795432248,11511082.115516499,11506107.892854705,2,Good,6.898461567073097e-09
PANOCHE W.D.,Grain,San Joaquin River,0.95,2464.280152,277.5031915,3.251680117,2488.922978384637,1149.9731910713197,1158.5692275750105,2223647.16315242,2245883.65722059,2,Good,6.898461567073097e-09
PANOCHE W.D.,Onions & Garlic,San Joaquin River,0.95,305.4238675,2366.0,7.7,290.4540460404055,452.27839361976805,429.0354712506208,5564273.102888499,5291549.901573315,2,Good,6.898461567073097e-09
PANOCHE W.D.,Other Deciduous,San Joaquin River,0.95,402.1734858,1850.0,7.8,395.7691600400191,1385.8243558102708,1360.346688366492,5803363.400094,5710948.979377476,2,Good,6.898461567073097e-09
PANOCHE W.D.,Pasture,San Joaquin River,0.95,240.7535507,170.0,5.0,243.161088616436,1107.511365449398,1115.7900130291396,204640.518095,206686.9253239706,2,Good,6.898461567073097e-09
PANOCHE W.D.,Tomato Processing,San Joaquin River,0.95,4402.542612,93.0,51.2,4438.465260819414,10476.55834266111,10535.636853911365,20963146.9012992,21134196.185917724,2,Good,6.898461567073097e-09
PANOCHE W.D.,Truck Crops,San Joaquin River,0.95,480.3086554,941.0,19.4,466.0594171345164,1281.335093135278,1240.2136178084245,8768226.62778916,8508101.08355745,2,Good,6.898461567073097e-09
PANOCHE W.D.,Vineyard,San Joaquin River,0.95,2864.138053,1492.914288,10.10273139,2783.7803136926696,8874.48740604275,8603.93635884633,43198396.66847179,41986400.097865246,2,Good,6.898461567073097e-09
PANOCHE W.D.,Alfalfa,San Joaquin River,0.95,1285.609294,271.9754943,7.301225282,1298.4653998456743,5365.90393302182,5406.014064815488,2552904.254475891,2578433.322648149,2,Good,6.898461567073097e-09
PANOCHE W.D.,Almonds & Pistachios,San Joaquin River,0.95,16477.29894,4668.515219,1.332194721,14968.97856034348,64907.73329467552,58818.709046863965,102478440.61767244,93097636.09249485,2,Good,6.898461567073097e-09
PANOCHE W.D.,Citrus & Subtropical,San Joaquin River,1.0,165.7962113,583.0,16.5,162.539271076341,538.4175352509113,526.5211262366369,1594876.6546003502,1563546.5181188623,2,Good,1.3432127384533933e-09
PANOCHE W.D.,Corn,San Joaquin River,1.0,123.685401,62.0,26.2,124.92225621326807,298.8028113890603,301.03636252094486,200914.5653844,202923.71299283265,2,Good,1.3432127384533933e-09
PANOCHE W.D.,Cotton,San Joaquin River,1.0,487.8407532,3438.0,0.8,492.71916526117053,1772.8364876146848,1786.0884391628801,1341757.20760128,1355174.7921343234,2,Good,1.3432127384533933e-09
PANOCHE W.D.,Cucurbits,San Joaquin River,1.0,1371.918493,485.0,17.3,1371.3256531619895,3154.9009811638407,3145.653795432512,11511082.115516499,11506107.892855672,2,Good,1.3432127384533933e-09
PANOCHE W.D.,Grain,San Joaquin River,1.0,2464.280152,277.5031915,3.251680117,2488.922978384637,1149.9731910713197,1158.5692275750105,2223647.16315242,2245883.65722059,2,Good,1.3432127384533933e-09
PANOCHE W.D.,Onions & Garlic,San Joaquin River,1.0,305.4238675,2366.0,7.7,290.4540460404715,452.27839361976805,429.0354712507182,5564273.102888499,5291549.901574518,2,Good,1.3432127384533933e-09
PANOCHE W.D.,Other Deciduous,San Joaquin River,1.0,402.1734858,1850.0,7.8,395.7691600401017,1385.8243558102708,1360.3466883667759,5803363.400094,5710948.979378668,2,Good,1.3432127384533933e-09
PANOCHE W.D.,Pasture,San Joaquin River,1.0,240.7535507,170.0,5.0,243.16108861643596,1107.511365449398,1115.7900130291393,204640.518095,206686.92532397056,2,Good,1.3432127384533933e-09
PANOCHE W.D.,Tomato Processing,San Joaquin River,1.0,4402.542612,93.0,51.2,4438.465260830438,10476.55834266111,10535.636853937529,20963146.9012992,21134196.185970213,2,Good,1.3432127384533933e-09
PANOCHE W.D.,Truck Crops,San Joaquin River,1.0,480.3086554,941.0,19.4,466.05941713469525,1281.335093135278,1240.2136178089004,8768226.62778916,8508101.083560714,2,Good,1.3432127384533933e-09
PANOCHE W.D.,Vineyard,San Joaquin River,1.0,2864.138053,1492.914288,10.10273139,2783.780313693224,8874.48740604275,8603.936358848043,43198396.66847179,41986400.097873606,2,Good,1.3432127384533933e-09
PANOCHE W.D.,Alfalfa,San Joaquin River,1.0,1285.609294,271.9754943,7.301225282,1298.4653998456745,5365.90393302182,5406.014064815488,2552904.254475891,2578433.3226481494,2,Good,1.3432127384533933e-09
PANOCHE W.D.,Almonds & Pistachios,San Joaquin River,1.0,16477.29894,4668.515219,1.332194721,14968.978560376958,64907.73329467552,58818.70904699551,102478440.61767244,93097636.09270306,2,Good,1.3432127384533933e-09
PATTERSON W.D.,Alfalfa,San Joaquin River,0.5,1953.205988,280.0,7.1,3.288855750402268e-18,8076.439097418162,7.72196283902773e-09,3882973.504144,6.538245231799709e-15,6,Good,462.9741676020127
PATTERSON W.D.,Almonds & Pistachios,San Joaquin River,0.5,4452.544538,4807.659494,1.100220392,2796.4426052856024,18367.401954389203,11506.898125486237,23551667.60387209,14791741.250627909,6,Good,462.9741676020127
PATTERSON W.D.,Corn,San Joaquin River,0.5,1260.277075,69.0,26.9,589.1611404812809,3044.6142397936,1419.7544289835441,2339200.2789074997,1093541.9928473055,6,Good,462.9741676020127
PATTERSON W.D.,Cucurbits,San Joaquin River,0.5,128.884954,507.0,13.6,7.724768777636243e-14,296.38733635166216,7.724469758325977e-09,888687.5348208,5.326382567555742e-10,6,Good,462.9741676020127
PATTERSON W.D.,Dry Beans,San Joaquin River,0.5,175.5792852,1752.0,1.3,6.19700706099348e-18,388.39917522758924,7.721962863628328e-09,399899.3799715199,1.411430328211875e-14,6,Good,462.9741676020127
PATTERSON W.D.,Grain,San Joaquin River,0.5,556.3787811,205.0,3.7,7.722519547336043e-14,259.6379643875565,7.722459640060731e-09,422013.30546435,5.857531076654389e-11,6,Good,462.9741676020127
PATTERSON W.D.,Other Deciduous,San Joaquin River,0.5,1746.30949,3142.659184,1.879958393,1648.9181996178515,6017.498192877171,5667.698846292876,10317316.105359575,9741921.689572776,6,Good,462.9741676020127
PATTERSON W.D.,Pasture,San Joaquin River,0.5,416.0416043,344.0,5.0,2.950299397767312e-18,1913.8691991139597,7.721962839965987e-09,715591.559396,5.074514964159777e-15,6,Good,462.9741676020127
PATTERSON W.D.,Tomato Processing,San Joaquin River,0.5,843.5879936,100.0,50.3,678.1288658579431,2007.4533311794385,1609.682412916237,4243247.607808,3410988.195265454,6,Good,462.9741676020127
PATTERSON W.D.,Truck Crops,San Joaquin River,0.5,9.02919326,717.0,19.8,8.45091796763479,24.087473870533383,22.488427797984006,128183.845034916,119974.30201932407,6,Good,462.9741676020127
PATTERSON W.D.,Vineyard,San Joaquin River,0.5,18.47881382,1630.308163,11.30505992,7.727968890140414e-14,57.256318476838,7.727210326137664e-09,340578.0554149607,1.4243211942872068e-09,6,Good,462.9741676020127
PATTERSON W.D.,Alfalfa,San Joaquin River,0.55,1953.205988,280.0,7.1,6.467517568624059e-21,8076.439097418162,6.467517568621472e-08,3882973.504144,1.285742492642463e-17,3,Good,412.99375365153185
PATTERSON W.D.,Almonds & Pistachios,San Joaquin River,0.55,4452.544538,4807.659494,1.100220392,2998.043207738765,18367.401954389203,12336.451212053746,23551667.60387209,15858104.61593407,3,Good,412.99375365153185
PATTERSON W.D.,Corn,San Joaquin River,0.55,1260.277075,69.0,26.9,792.079909291205,3044.6142397936,1908.7459815103832,2339200.2789074997,1470179.5196354056,3,Good,412.99375365153185
PATTERSON W.D.,Cucurbits,San Joaquin River,0.55,128.884954,507.0,13.6,128.00002466491813,296.38733635166216,293.6164451698418,888687.5348208,882585.7700695435,3,Good,412.99375365153185
PATTERSON W.D.,Dry Beans,San Joaquin River,0.55,175.5792852,1752.0,1.3,1.66718190215793e-18,388.39917522758924,6.46751757043872e-08,399899.3799715199,3.797173500354901e-15,3,Good,412.99375365153185
PATTERSON W.D.,Grain,San Joaquin River,0.55,556.3787811,205.0,3.7,561.9425744273908,259.6379643875565,261.5787551946924,422013.30546435,426233.44270317594,3,Good,412.99375365153185
PATTERSON W.D.,Other Deciduous,San Joaquin River,0.55,1746.30949,3142.659184,1.879958393,1660.5896862058612,6017.498192877171,5707.816343438984,10317316.105359575,9810877.631940106,3,Good,412.99375365153185
PATTERSON W.D.,Pasture,San Joaquin River,0.55,416.0416043,344.0,5.0,6.467528144025027e-21,1913.8691991139597,6.467528144022404e-08,715591.559396,1.1124148407723046e-17,3,Good,412.99375365153185
PATTERSON W.D.,Tomato Processing,San Joaquin River,0.55,843.5879936,100.0,50.3,700.8281083294793,2007.4533311794385,1663.5638700742204,4243247.607808,3525165.384897281,3,Good,412.99375365153185
PATTERSON W.D.,Truck Crops,San Joaquin River,0.55,9.02919326,717.0,19.8,8.493855380753468,24.087473870533383,22.60268703348313,128183.845034916,120583.86729840469,3,Good,412.99375365153185
PATTERSON W.D.,Vineyard,San Joaquin River,0.55,18.47881382,1630.308163,11.30505992,17.730120130123254,57.256318476838,54.799160944046406,340578.0554149607,326779.0830629749,3,Good,412.99375365153185
PATTERSON W.D.,Alfalfa,San Joaquin River,0.6,1953.205988,280.0,7.1,8.562741417801836e-21,8076.439097418162,1.4316351508149852e-08,3882973.504144,1.7022729938590052e-17,5,Good,323.8599143012171
PATTERSON W.D.,Almonds & Pistachios,San Joaquin River,0.6,4452.544538,4807.659494,1.100220392,3309.1460821722308,18367.401954389203,13616.5880100474,23551667.60387209,17503678.60777948,5,Good,323.8599143012171
PATTERSON W.D.,Corn,San Joaquin River,0.6,1260.277075,69.0,26.9,1001.643459053856,3044.6142397936,2413.75005841192,2339200.2789074997,1859150.424349862,5,Good,323.8599143012171
PATTERSON W.D.,Cucurbits,San Joaquin River,0.6,128.884954,507.0,13.6,128.2453404425462,296.38733635166216,294.17916959033613,888687.5348208,884277.2714194445,5,Good,323.8599143012171
PATTERSON W.D.,Dry Beans,San Joaquin River,0.6,175.5792852,1752.0,1.3,35.491345108796345,388.39917522758924,78.31417582245044,399899.3799715199,80835.08761979455,5,Good,323.8599143012171
PATTERSON W.D.,Grain,San Joaquin River,0.6,556.3787811,205.0,3.7,561.9425745073371,259.6379643875565,261.57875518180487,422013.30546435,426233.44276381517,5,Good,323.8599143012171
PATTERSON W.D.,Other Deciduous,San Joaquin River,0.6,1746.30949,3142.659184,1.879958393,1680.0223673490063,6017.498192877171,5774.610793542274,10317316.105359575,9925687.243453177,5,Good,323.8599143012171
PATTERSON W.D.,Pasture,San Joaquin River,0.6,416.0416043,344.0,5.0,1.4316350680628538e-21,1913.8691991139597,1.4316350680630436e-08,715591.559396,2.4624123170681086e-18,5,Good,323.8599143012171
PATTERSON W.D.,Tomato Processing,San Joaquin River,0.6,843.5879936,100.0,50.3,739.3677034553323,2007.4533311794385,1755.045757311124,4243247.607808,3719019.5483803214,5,Good,323.8599143012171
PATTERSON W.D.,Truck Crops,San Joaquin River,0.6,9.02919326,717.0,19.8,8.569214329576177,24.087473870533383,22.803221914519245,128183.845034916,121653.70815126115,5,Good,323.8599143012171
PATTERSON W.D.,Vineyard,San Joaquin River,0.6,18.47881382,1630.308163,11.30505992,17.781100546596825,57.256318476838,54.95672801703636,340578.0554149607,327718.68942926783,5,Good,323.8599143012171
PATTERSON W.D.,Alfalfa,San Joaquin River,0.65,1953.205988,280.0,7.1,8.2905827317370665e-19,8076.439097418162,2.4271937004136122e-08,3882973.504144,1.6481678470693288e-15,2,Good,215.25810583477963
PATTERSON W.D.,Almonds & Pistachios,San Joaquin River,0.65,4452.544538,4807.659494,1.100220392,3626.8407184091247,18367.401954389203,14923.848816081902,23551667.60387209,19184119.624893993,2,Good,215.25810583477963
PATTERSON W.D.,Corn,San Joaquin River,0.65,1260.277075,69.0,26.9,1159.5653601778877,3044.6142397936,2794.3086240610323,2339200.2789074997,2152269.2650261773,2,Good,215.25810583477963
PATTERSON W.D.,Cucurbits,San Joaquin River,0.65,128.884954,507.0,13.6,128.5321409635633,296.38733635166216,294.83705501827626,888687.5348208,886254.8183719617,2,Good,215.25810583477963
PATTERSON W.D.,Dry Beans,San Joaquin River,0.65,175.5792852,1752.0,1.3,105.77070068768151,388.39917522758924,233.39056955291738,399899.3799715199,240903.3478862634,2,Good,215.25810583477963
PATTERSON W.D.,Grain,San Joaquin River,0.65,556.3787811,205.0,3.7,561.9425745091653,259.6379643875565,261.5787551931342,422013.30546435,426233.44276520185,2,Good,215.25810583477963
PATTERSON W.D.,Other Deciduous,San Joaquin River,0.65,1746.30949,3142.659184,1.879958393,1701.6505663091586,6017.498192877171,5848.951727095285,10317316.105359575,10053468.124642514,2,Good,215.25810583477963
PATTERSON W.D.,Pasture,San Joaquin River,0.65,416.0416043,344.0,5.0,1.2260493887627604e-07,1913.8691991139597,5.997472868553052e-07,715591.559396,0.0002108804948671948,2,Good,215.25810583477963
PATTERSON W.D.,Tomato Processing,San Joaquin River,0.65,843.5879936,100.0,50.3,783.3204367492455,2007.4533311794385,1859.3768739351099,4243247.607808,3940101.7968487046,2,Good,215.25810583477963
PATTERSON W.D.,Truck Crops,San Joaquin River,0.65,9.02919326,717.0,19.8,8.659006557643705,24.087473870533383,23.042164730538335,128183.845034916,122928.45249624463,2,Good,215.25810583477963
PATTERSON W.D.,Vineyard,San Joaquin River,0.65,18.47881382,1630.308163,11.30505992,17.8417881969087,57.256318476838,55.14429767126385,340578.0554149607,328837.20721575856,2,Good,215.25810583477963
PATTERSON W.D.,Alfalfa,San Joaquin River,0.7,1953.205988,280.0,7.1,40.728227861317656,8076.439097418162,167.9887851770665,3882973.504144,80967.7169882995,2,Good,160.93719770951077
PATTERSON W.D.,Almonds & Pistachios,San Joaquin River,0.7,4452.544538,4807.659494,1.100220392,3766.7390913673667,18367.401954389203,15499.50744846155,23551667.60387209,19924109.972012457,2,Good,160.93719770951077
PATTERSON W.D.,Corn,San Joaquin River,0.7,1260.277075,69.0,26.9,1219.177808563139,3044.6142397936,2937.962086298363,2339200.2789074997,2262915.9304740424,2,Good,160.93719770951077
PATTERSON W.D.,Cucurbits,San Joaquin River,0.7,128.884954,507.0,13.6,128.67094308276313,296.38733635166216,295.1554502074209,888687.5348208,887211.8867442684,2,Good,160.93719770951077
PATTERSON W.D.,Dry Beans,San Joaquin River,0.7,175.5792852,1752.0,1.3,135.49959003366158,388.39917522758924,298.9894771495262,399899.3799715199,308613.8662606676,2,Good,160.93719770951077
PATTERSON W.D.,Grain,San Joaquin River,0.7,556.3787811,205.0,3.7,561.9425744925229,259.6379643875565,261.57875523463497,422013.30546435,426233.44275257865,2,Good,160.93719770951077
PATTERSON W.D.,Other Deciduous,San Joaquin River,0.7,1746.30949,3142.659184,1.879958393,1711.7416763955248,6017.498192877171,5883.637118459394,10317316.105359575,10113087.094367646,2,Good,160.93719770951077
PATTERSON W.D.,Pasture,San Joaquin River,0.7,416.0416043,344.0,5.0,214.65554507281553,1913.8691991139597,984.9870091005284,715591.559396,369207.5375252427,2,Good,160.93719770951077
PATTERSON W.D.,Tomato Processing,San Joaquin River,0.7,843.5879936,100.0,50.3,804.1958384433576,2007.4533311794385,1908.9290589219972,4243247.607808,4045105.067370089,2,Good,160.93719770951077
PATTERSON W.D.,Truck Crops,San Joaquin River,0.7,9.02919326,717.0,19.8,8.703115076810068,24.087473870533383,23.159540348001855,128183.845034916,123554.64349944181,2,Good,160.93719770951077
PATTERSON W.D.,Vineyard,San Joaquin River,0.7,18.47881382,1630.308163,11.30505992,17.871577511058685,57.256318476838,55.23636869470018,340578.0554149607,329386.24606555566,2,Good,160.93719770951077
PATTERSON W.D.,Alfalfa,San Joaquin River,0.75,1953.205988,280.0,7.1,417.1407200043565,8076.439097418162,1720.550253406171,3882973.504144,829275.7513686607,2,Good,144.57276469977387
PATTERSON W.D.,Almonds & Pistachios,San Joaquin River,0.75,4452.544538,4807.659494,1.100220392,3806.8170699532216,18367.401954389203,15664.421691897162,23551667.60387209,20136101.83909733,2,Good,144.57276469977387
PATTERSON W.D.,Corn,San Joaquin River,0.75,1260.277075,69.0,26.9,1235.4374522416676,3044.6142397936,2977.1444075997506,2339200.2789074997,2293095.455105759,2,Good,144.57276469977387
PATTERSON W.D.,Cucurbits,San Joaquin River,0.75,128.884954,507.0,13.6,128.7121785742266,296.38733635166216,295.2500393556442,888687.5348208,887496.2137050073,2,Good,144.57276469977387
PATTERSON W.D.,Dry Beans,San Joaquin River,0.75,175.5792852,1752.0,1.3,143.89832253951855,388.39917522758924,317.52187739076425,399899.3799715199,327742.81941600743,2,Good,144.57276469977387
PATTERSON W.D.,Grain,San Joaquin River,0.75,556.3787811,205.0,3.7,561.9425745106844,259.6379643875565,261.57875520720916,422013.30546435,426233.4427663541,2,Good,144.57276469977387
PATTERSON W.D.,Other Deciduous,San Joaquin River,0.75,1746.30949,3142.659184,1.879958393,1714.6957933057038,6017.498192877171,5893.7910757297195,10317316.105359575,10130540.219457462,2,Good,144.57276469977387
PATTERSON W.D.,Pasture,San Joaquin River,0.75,416.0416043,344.0,5.0,263.15349452145466,1913.8691991139597,1207.5288966016822,715591.559396,452624.010576902,2,Good,144.57276469977387
PATTERSON W.D.,Tomato Processing,San Joaquin River,0.75,843.5879936,100.0,50.3,810.3502274537033,2007.4533311794385,1923.5378039919601,4243247.607808,4076061.644092127,2,Good,144.57276469977387
PATTERSON W.D.,Truck Crops,San Joaquin River,0.75,9.02919326,717.0,19.8,8.7163006290284,24.087473870533383,23.19462789817733,128183.845034916,123741.83351006458,2,Good,144.57276469977387
PATTERSON W.D.,Vineyard,San Joaquin River,0.75,18.47881382,1630.308163,11.30505992,17.88047975780361,57.256318476838,55.26388317316083,340578.0554149607,329550.320984798,2,Good,144.57276469977387
PATTERSON W.D.,Alfalfa,San Joaquin River,0.8,1953.205988,280.0,7.1,794.237455055671,8076.439097418162,3275.9339691004434,3882973.504144,1578944.060650674,2,Good,126.38712001051776
PATTERSON W.D.,Almonds & Pistachios,San Joaquin River,0.8,4452.544538,4807.659494,1.100220392,3850.322272184365,18367.401954389203,15843.438393028591,23551667.60387209,20366221.95429046,2,Good,126.38712001051776
PATTERSON W.D.,Corn,San Joaquin River,0.8,1260.277075,69.0,26.9,1252.7224164261647,3044.6142397936,3018.797535735123,2339200.2789074997,2325178.077128604,2,Good,126.38712001051776
PATTERSON W.D.,Cucurbits,San Joaquin River,0.8,128.884954,507.0,13.6,128.75769576030368,296.38733635166216,295.3544502713684,888687.5348208,887810.0638064459,2,Good,126.38712001051776
PATTERSON W.D.,Dry Beans,San Joaquin River,0.8,175.5792852,1752.0,1.3,152.95952402286716,388.39917522758924,337.5160625931934,399899.3799715199,348380.6119144822,2,Good,126.38712001051776
PATTERSON W.D.,Grain,San Joaquin River,0.8,556.3787811,205.0,3.7,561.9425745000535,259.6379643875565,261.5787552380248,422013.30546435,426233.4427582906,2,Good,126.38712001051776
PATTERSON W.D.,Other Deciduous,San Joaquin River,0.8,1746.30949,3142.659184,1.879958393,1717.9342014440647,6017.498192877171,5904.922205301736,10317316.105359575,10149672.956599971,2,Good,126.38712001051776
PATTERSON W.D.,Pasture,San Joaquin River,0.8,416.0416043,344.0,5.0,306.5716411732851,1913.8691991139597,1406.7611614881534,715591.559396,527303.2228180504,2,Good,126.38712001051776
PATTERSON W.D.,Tomato Processing,San Joaquin River,0.8,843.5879936,100.0,50.3,817.1191095416075,2007.4533311794385,1939.605178539264,4243247.607808,4110109.1209942857,2,Good,126.38712001051776
PATTERSON W.D.,Truck Crops,San Joaquin River,0.8,9.02919326,717.0,19.8,8.730898716118608,24.087473870533383,23.233474373418996,128183.845034916,123949.07671324944,2,Good,126.38712001051776
PATTERSON W.D.,Vineyard,San Joaquin River,0.8,18.47881382,1630.308163,11.30505992,17.890334192002584,57.256318476838,55.29434068656907,340578.0554149607,329731.9454153158,2,Good,126.38712001051776
PATTERSON W.D.,Alfalfa,San Joaquin River,0.85,1953.205988,280.0,7.1,1170.6488489789165,8076.439097418162,4828.490907618497,3882973.504144,2327249.911770086,2,Good,106.25098068843134
PATTERSON W.D.,Almonds & Pistachios,San Joaquin River,0.85,4452.544538,4807.659494,1.100220392,3897.2853699615725,18367.401954389203,16036.683761539718,23551667.60387209,20614632.556151338,2,Good,106.25098068843134
PATTERSON W.D.,Corn,San Joaquin River,0.85,1260.277075,69.0,26.9,1270.9822482037425,3044.6142397936,3062.799889687527,2339200.2789074997,2359070.1508909664,2,Good,106.25098068843134
PATTERSON W.D.,Cucurbits,San Joaquin River,0.85,128.884954,507.0,13.6,128.80772262605353,296.38733635166216,295.4692058019959,888687.5348208,888155.0090511643,2,Good,106.25098068843134
PATTERSON W.D.,Dry Beans,San Joaquin River,0.85,175.5792852,1752.0,1.3,162.67817012577598,388.39917522758924,358.960946045445,399899.3799715199,370515.80027846736,2,Good,106.25098068843134
PATTERSON W.D.,Grain,San Joaquin River,0.85,556.3787811,205.0,3.7,561.9425745042153,259.6379643875565,261.5787552399915,422013.30546435,426233.4427614473,2,Good,106.25098068843134
PATTERSON W.D.,Other Deciduous,San Joaquin River,0.85,1746.30949,3142.659184,1.879958393,1721.4668610463448,6017.498192877171,5917.064742607865,10317316.105359575,10170544.151550276,2,Good,106.25098068843134
PATTERSON W.D.,Pasture,San Joaquin River,0.85,416.0416043,344.0,5.0,346.120912270725,1913.8691991139597,1588.2403691825568,715591.559396,595327.969105647,2,Good,106.25098068843134
PATTERSON W.D.,Tomato Processing,San Joaquin River,0.85,843.5879936,100.0,50.3,824.5293419095061,2007.4533311794385,1957.1949337016588,4243247.607808,4147382.5898048156,2,Good,106.25098068843134
PATTERSON W.D.,Truck Crops,San Joaquin River,0.85,9.02919326,717.0,19.8,8.746995647623335,24.087473870533383,23.276309328936815,128183.845034916,124177.59841104943,2,Good,106.25098068843134
PATTERSON W.D.,Vineyard,San Joaquin River,0.85,18.47881382,1630.308163,11.30505992,17.90119860713876,57.256318476838,55.327919750658694,340578.0554149607,329932.1845332777,2,Good,106.25098068843134
PATTERSON W.D.,Alfalfa,San Joaquin River,0.9,1953.205988,280.0,7.1,1553.307854763432,8076.439097418162,6406.816920336678,3882973.504144,3087976.0152697028,2,Good,83.52604956010882
PATTERSON W.D.,Almonds & Pistachios,San Joaquin River,0.9,4452.544538,4807.659494,1.100220392,3948.8401475339642,18367.401954389203,16248.82313184234,23551667.60387209,20887330.779473756,2,Good,83.52604956010882
PATTERSON W.D.,Corn,San Joaquin River,0.9,1260.277075,69.0,26.9,1272.8798582954096,3044.6142397936,3067.3727308676926,2339200.2789074997,2362592.3049821095,2,Good,83.52604956010882
PATTERSON W.D.,Cucurbits,San Joaquin River,0.9,128.884954,507.0,13.6,128.86371860213796,296.38733635166216,295.59765373015995,888687.5348208,888541.1125054617,2,Good,83.52604956010882
PATTERSON W.D.,Dry Beans,San Joaquin River,0.9,175.5792852,1752.0,1.3,173.27492878821124,388.39917522758924,382.3434472664883,399899.3799715199,394650.9778080299,2,Good,83.52604956010882
PATTERSON W.D.,Grain,San Joaquin River,0.9,556.3787811,205.0,3.7,561.9425745118318,259.6379643875565,261.57875523138824,422013.30546435,426233.44276722445,2,Good,83.52604956010882
PATTERSON W.D.,Other Deciduous,San Joaquin River,0.9,1746.30949,3142.659184,1.879958393,1725.3887633843533,6017.498192877171,5930.545193816281,10317316.105359575,10193715.019250011,2,Good,83.52604956010882
PATTERSON W.D.,Pasture,San Joaquin River,0.9,416.0416043,344.0,5.0,383.37191774419426,1913.8691991139597,1759.1735563456907,715591.559396,659399.6985200142,2,Good,83.52604956010882
PATTERSON W.D.,Tomato Processing,San Joaquin River,0.9,843.5879936,100.0,50.3,832.7879558939411,2007.4533311794385,1976.7985022075227,4243247.607808,4188923.4181465236,2,Good,83.52604956010882
PATTERSON W.D.,Truck Crops,San Joaquin River,0.9,9.02919326,717.0,19.8,8.765078398600865,24.087473870533383,23.324428662543216,128183.845034916,124434.31199357705,2,Good,83.52604956010882
PATTERSON W.D.,Vineyard,San Joaquin River,0.9,18.47881382,1630.308163,11.30505992,17.913401071290462,57.256318476838,55.36563436151685,340578.0554149607,330157.08487333957,2,Good,83.52604956010882
PATTERSON W.D.,Alfalfa,San Joaquin River,0.95,1953.205988,280.0,7.1,1937.867439197066,8076.439097418162,7992.982112814453,3882973.504144,3852480.469123767,2,Good,58.14474182124526
PATTERSON W.D.,Almonds & Pistachios,San Joaquin River,0.95,4452.544538,4807.659494,1.100220392,4004.710332076279,18367.401954389203,16478.719687064073,23551667.60387209,21182855.283288967,2,Good,58.14474182124526
PATTERSON W.D.,Corn,San Joaquin River,0.95,1260.277075,69.0,26.9,1272.8798583967116,3044.6142397936,3067.3727311308244,2339200.2789074997,2362592.3051701365,2,Good,58.14474182124526
PATTERSON W.D.,Cucurbits,San Joaquin River,0.95,128.884954,507.0,13.6,128.92569022081784,296.38733635166216,295.73980909415303,888687.5348208,888968.4192105832,2,Good,58.14474182124526
PATTERSON W.D.,Dry Beans,San Joaquin River,0.95,175.5792852,1752.0,1.3,177.33507957498486,388.39917522758924,391.30245860223056,399899.3799715199,403898.3772399855,2,Good,58.14474182124526
PATTERSON W.D.,Grain,San Joaquin River,0.95,556.3787811,205.0,3.7,561.9425745122705,259.6379643875565,261.57875524989464,422013.30546435,426233.4427675572,2,Good,58.14474182124526
PATTERSON W.D.,Other Deciduous,San Joaquin River,0.95,1746.30949,3142.659184,1.879958393,1729.6904733450815,6017.498192877171,5945.331128391267,10317316.105359575,10219129.816405129,2,Good,58.14474182124526
PATTERSON W.D.,Pasture,San Joaquin River,0.95,416.0416043,344.0,5.0,418.4615242273957,1913.8691991139597,1920.188761099225,715591.559396,719753.8216711207,2,Good,58.14474182124526
PATTERSON W.D.,Tomato Processing,San Joaquin River,0.95,843.5879936,100.0,50.3,841.884593239583,2007.4533311794385,1998.39129659504,4243247.607808,4234679.503995102,2,Good,58.14474182124526
PATTERSON W.D.,Truck Crops,San Joaquin River,0.95,9.02919326,717.0,19.8,8.785171015040257,24.087473870533383,23.377896413848596,128183.845034916,124719.55883212051,2,Good,58.14474182124526
PATTERSON W.D.,Vineyard,San Joaquin River,0.95,18.47881382,1630.308163,11.30505992,17.926957036032853,57.256318476838,55.407532320061385,340578.0554149607,330406.93121933396,2,Good,58.14474182124526
PATTERSON W.D.,Alfalfa,San Joaquin River,1.0,1953.205988,280.0,7.1,1972.7380675678155,8076.439097418162,8136.810479731271,3882973.504144,3921803.2783248173,2,Good,6.835941161855932e-09
PATTERSON W.D.,Almonds & Pistachios,San Joaquin River,1.0,4452.544538,4807.659494,1.100220392,4126.456221456224,18367.401954389203,16979.683856322532,23551667.60387209,21826828.340569645,2,Good,6.835941161855932e-09
PATTERSON W.D.,Corn,San Joaquin River,1.0,1260.277075,69.0,26.9,1272.87985844256,3044.6142397936,3067.3727313757145,2339200.2789074997,2362592.305255235,2,Good,6.835941161855932e-09
PATTERSON W.D.,Cucurbits,San Joaquin River,1.0,128.884954,507.0,13.6,129.06545084294223,296.38733635166216,296.06040327329174,888687.5348208,889932.0966522552,2,Good,6.835941161855932e-09
PATTERSON W.D.,Dry Beans,San Joaquin River,1.0,175.5792852,1752.0,1.3,177.3350797701241,388.39917522758924,391.30245916565764,399899.3799715199,403898.37768443464,2,Good,6.835941161855932e-09
PATTERSON W.D.,Grain,San Joaquin River,1.0,556.3787811,205.0,3.7,561.9425745132015,259.6379643875565,261.5787553753121,422013.30546435,426233.44276826334,2,Good,6.835941161855932e-09
PATTERSON W.D.,Other Deciduous,San Joaquin River,1.0,1746.30949,3142.659184,1.879958393,1739.2482150344526,6017.498192877171,5978.183214007449,10317316.105359575,10275597.60910012,2,Good,6.835941161855932e-09
PATTERSON W.D.,Pasture,San Joaquin River,1.0,416.0416043,344.0,5.0,420.2020245101242,1913.8691991139597,1928.175371434454,715591.559396,722747.4821574136,2,Good,6.835941161855932e-09
PATTERSON W.D.,Tomato Processing,San Joaquin River,1.0,843.5879936,100.0,50.3,852.0238819260351,2007.4533311794385,2022.4590448685128,4243247.607808,4285680.126087956,2,Good,6.835941161855932e-09
PATTERSON W.D.,Truck Crops,San Joaquin River,1.0,9.02919326,717.0,19.8,8.8307931999172,24.087473870533383,23.4993002318749,128183.845034916,125367.23874194451,2,Good,6.835941161855932e-09
PATTERSON W.D.,Vineyard,San Joaquin River,1.0,18.47881382,1630.308163,11.30505992,17.957726347347307,57.256318476838,55.50263234915726,340578.0554149607,330974.0321337115,2,Good,6.835941161855932e-09
PLEASANT VALLEY W.D.,Alfalfa,Tulare Lake,0.5,50.1504379,264.0,7.7,1.414164949005941e-23,226.9072077826473,1.4141649490065748e-10,101945.81016312,2.874714508339276e-20,3,Good,846.4141346015318
PLEASANT VALLEY W.D.,Almonds & Pistachios,Tulare Lake,0.5,10238.68066,4618.0,1.5,4862.9926416433955,39113.43611131459,18530.984168959476,70923340.93182,33685950.0286638,3,Good,846.4141346015318
PLEASANT VALLEY W.D.,Grain,Tulare Lake,0.5,4683.284412,303.0,2.9,2294.048164980032,3351.00500888459,1637.3441568496037,4115202.0128244,2015780.1225679542,3,Good,846.4141346015318
PLEASANT VALLEY W.D.,Lettuce,Tulare Lake,0.5,165.6443867,703.0,19.4,155.69445676222747,381.1084118070301,357.3204414888673,2259091.27469194,2123392.1402146104,3,Good,846.4141346015318
PLEASANT VALLEY W.D.,Onions & Garlic,Tulare Lake,0.5,414.712446,2366.0,7.7,384.5829840659954,519.8959184753235,480.91940778530613,7555314.2837172,7006409.720311117,3,Good,846.4141346015318
PLEASANT VALLEY W.D.,Other Deciduous,Tulare Lake,0.5,192.7330286,1850.0,7.8,183.03085178984776,674.9843488384429,639.403129690614,2781137.602698,2641135.191327503,3,Good,846.4141346015318
PLEASANT VALLEY W.D.,Tomato Processing,Tulare Lake,0.5,667.8228797,93.0,51.2,396.6927807753727,1482.7044552711297,878.5378878444639,3179905.4239795203,1888892.3449400146,3,Good,846.4141346015318
PLEASANT VALLEY W.D.,Truck Crops,Tulare Lake,0.5,439.5955571,941.0,19.4,410.7674112338278,811.2096482664032,756.1164626908636,8024992.733083339,7498723.399038019,3,Good,846.4141346015318
PLEASANT VALLEY W.D.,Alfalfa,Tulare Lake,0.55,50.1504379,264.0,7.7,3.198665427992525e-23,226.9072077826473,3.198665427993946e-10,101945.81016312,6.502247082023204e-20,2,Good,830.9134355766647
PLEASANT VALLEY W.D.,Almonds & Pistachios,Tulare Lake,0.55,10238.68066,4618.0,1.5,5012.738755262995,39113.43611131459,19101.608692855447,70923340.93182,34723241.35770677,2,Good,830.9134355766647
PLEASANT VALLEY W.D.,Grain,Tulare Lake,0.55,4683.284412,303.0,2.9,4730.1173025858825,3351.00500888459,3376.0537571996038,4115202.0128244,4156354.0737822144,2,Good,830.9134355766647
PLEASANT VALLEY W.D.,Lettuce,Tulare Lake,0.55,165.6443867,703.0,19.4,155.84192388891196,381.1084118070301,357.6588801201173,2259091.27469194,2125403.326381759,2,Good,830.9134355766647
PLEASANT VALLEY W.D.,Onions & Garlic,Tulare Lake,0.55,414.712446,2366.0,7.7,384.81010710506786,519.8959184753235,481.2034241927921,7555314.2837172,7010547.493261548,2,Good,830.9134355766647
PLEASANT VALLEY W.D.,Other Deciduous,Tulare Lake,0.55,192.7330286,1850.0,7.8,183.1794057540836,674.9843488384429,639.9220906677612,2781137.602698,2643278.8250314263,2,Good,830.9134355766647
PLEASANT VALLEY W.D.,Tomato Processing,Tulare Lake,0.55,667.8228797,93.0,51.2,404.34467196660484,1482.7044552711297,895.4841915105302,3179905.4239795203,1925327.5900361857,2,Good,830.9134355766647
PLEASANT VALLEY W.D.,Truck Crops,Tulare Lake,0.55,439.5955571,941.0,19.4,411.1154838651202,811.2096482664032,756.7571742945814,8024992.733083339,7505077.604151315,2,Good,830.9134355766647
PLEASANT VALLEY W.D.,Alfalfa,Tulare Lake,0.6,50.1504379,264.0,7.7,1.1688049786457187e-22,226.9072077826473,1.1688049786462178e-09,101945.81016312,2.375946760591017e-19,3,Good,763.9553970448226
PLEASANT VALLEY W.D.,Almonds & Pistachios,Tulare Lake,0.6,10238.68066,4618.0,1.5,5603.221483494555,39113.43611131459,21351.709997800746,70923340.93182,38813515.21616679,3,Good,763.9553970448226
PLEASANT VALLEY W.D.,Grain,Tulare Lake,0.6,4683.284412,303.0,2.9,4730.117303266233,3351.00500888459,3376.0537576860593,4115202.0128244,4156354.0743800383,3,Good,763.9553970448226
PLEASANT VALLEY W.D.,Lettuce,Tulare Lake,0.6,165.6443867,703.0,19.4,156.4729689946968,381.1084118070301,359.10713537994525,2259091.27469194,2134009.645743474,3,Good,763.9553970448226
PLEASANT VALLEY W.D.,Onions & Garlic,Tulare Lake,0.6,414.712446,2366.0,7.7,385.78773476900824,519.8959184753235,482.4259434850884,7555314.2837172,7028358.109568746,3,Good,763.9553970448226
PLEASANT VALLEY W.D.,Other Deciduous,Tulare Lake,0.6,192.7330286,1850.0,7.8,183.811180015563,674.9843488384429,642.1291417537052,2781137.602698,2652395.327624574,3,Good,763.9553970448226
PLEASANT VALLEY W.D.,Tomato Processing,Tulare Lake,0.6,667.8228797,93.0,51.2,436.101250946943,1482.7044552711297,965.8140769398696,3179905.4239795203,2076539.716508964,3,Good,763.9553970448226
PLEASANT VALLEY W.D.,Truck Crops,Tulare Lake,0.6,439.5955571,941.0,19.4,412.6113699553734,811.2096482664032,759.510713325611,8024992.733083339,7532385.603083323,3,Good,763.9553970448226
PLEASANT VALLEY W.D.,Alfalfa,Tulare Lake,0.65,50.1504379,264.0,7.7,2.337515694051909e-22,226.9072077826473,2.3375156940528504e-09,101945.81016312,4.75170190286872e-19,2,Good,686.8508633624228
PLEASANT VALLEY W.D.,Almonds & Pistachios,Tulare Lake,0.65,10238.68066,4618.0,1.5,6192.010917561829,39113.43611131459,23595.358813576833,70923340.93182,42892059.62595079,2,Good,686.8508633624228
PLEASANT VALLEY W.D.,Grain,Tulare Lake,0.65,4683.284412,303.0,2.9,4730.117303341222,3351.00500888459,3376.053757740775,4115202.0128244,4156354.0744459317,2,Good,686.8508633624228
PLEASANT VALLEY W.D.,Lettuce,Tulare Lake,0.65,165.6443867,703.0,19.4,157.18792347024035,381.1084118070301,360.7479635400788,2259091.27469194,2143760.337871832,2,Good,686.8508633624228
PLEASANT VALLEY W.D.,Onions & Garlic,Tulare Lake,0.65,414.712446,2366.0,7.7,386.906587903012,519.8959184753235,483.82506463542563,7555314.2837172,7048741.599734654,2,Good,686.8508633624228
PLEASANT VALLEY W.D.,Other Deciduous,Tulare Lake,0.65,192.7330286,1850.0,7.8,184.51948785204752,674.9843488384429,644.6035565489237,2781137.602698,2662616.209705046,2,Good,686.8508633624228
PLEASANT VALLEY W.D.,Tomato Processing,Tulare Lake,0.65,667.8228797,93.0,51.2,470.3082098550564,1482.7044552711297,1041.5707099950864,3179905.4239795203,2239419.5720458366,2,Good,686.8508633624228
PLEASANT VALLEY W.D.,Truck Crops,Tulare Lake,0.65,439.5955571,941.0,19.4,414.318694527219,811.2096482664032,762.6534558634118,8024992.733083339,7563553.496072193,2,Good,686.8508633624228
PLEASANT VALLEY W.D.,Alfalfa,Tulare Lake,0.7,50.1504379,264.0,7.7,4.0269362167692816e-22,226.9072077826473,4.026936216770763e-09,101945.81016312,8.185955941448596e-19,7,Good,598.1036878203851
PLEASANT VALLEY W.D.,Almonds & Pistachios,Tulare Lake,0.7,10238.68066,4618.0,1.5,6779.082600457956,39113.43611131459,25832.461943989652,70923340.93182,46958705.17337226,7,Good,598.1036878203851
PLEASANT VALLEY W.D.,Grain,Tulare Lake,0.7,4683.284412,303.0,2.9,4730.117303369825,3351.00500888459,3376.053757762919,4115202.0128244,4156354.074471065,7,Good,598.1036878203851
PLEASANT VALLEY W.D.,Lettuce,Tulare Lake,0.7,165.6443867,703.0,19.4,157.99583917587037,381.1084118070301,362.60213871689024,2259091.27469194,2154778.8538483554,7,Good,598.1036878203851
PLEASANT VALLEY W.D.,Onions & Garlic,Tulare Lake,0.7,414.712446,2366.0,7.7,388.1853374716014,519.8959184753235,485.42413560681103,7555314.2837172,7072038.115125128,7,Good,598.1036878203851
PLEASANT VALLEY W.D.,Other Deciduous,Tulare Lake,0.7,192.7330286,1850.0,7.8,185.31070756888792,674.9843488384429,647.3676171353902,2781137.602698,2674033.510219053,7,Good,598.1036878203851
PLEASANT VALLEY W.D.,Tomato Processing,Tulare Lake,0.7,667.8228797,93.0,51.2,506.9555786846473,1482.7044552711297,1122.7320105461395,3179905.4239795203,2413919.683464817,7,Good,598.1036878203851
PLEASANT VALLEY W.D.,Truck Crops,Tulare Lake,0.7,439.5955571,941.0,19.4,416.2640076275195,811.2096482664032,766.2342736710827,8024992.733083339,7599065.964843418,7,Good,598.1036878203851
PLEASANT VALLEY W.D.,Alfalfa,Tulare Lake,0.75,50.1504379,264.0,7.7,6.649963265115465e-22,226.9072077826473,6.649963265117551e-09,101945.81016312,1.3518045325326718e-18,2,Good,496.00175064389373
PLEASANT VALLEY W.D.,Almonds & Pistachios,Tulare Lake,0.75,10238.68066,4618.0,1.5,7364.424831045554,39113.43611131459,28062.974800530534,70923340.93182,51013370.80465256,2,Good,496.00175064389373
PLEASANT VALLEY W.D.,Grain,Tulare Lake,0.75,4683.284412,303.0,2.9,4730.117303384798,3351.00500888459,3376.0537577763,4115202.0128244,4156354.0744842216,2,Good,496.00175064389373
PLEASANT VALLEY W.D.,Lettuce,Tulare Lake,0.75,165.6443867,703.0,19.4,158.90624137063895,381.1084118070301,364.6915214821255,2259091.27469194,2167195.101061048,2,Good,496.00175064389373
PLEASANT VALLEY W.D.,Onions & Garlic,Tulare Lake,0.75,414.712446,2366.0,7.7,389.64471542805194,519.8959184753235,487.2490816202783,7555314.2837172,7098625.354611336,2,Good,496.00175064389373
PLEASANT VALLEY W.D.,Other Deciduous,Tulare Lake,0.75,192.7330286,1850.0,7.8,186.1911170315221,674.9843488384429,650.4432547167944,2781137.602698,2686737.818764864,2,Good,496.00175064389373
PLEASANT VALLEY W.D.,Tomato Processing,Tulare Lake,0.75,667.8228797,93.0,51.2,546.007844624334,1482.7044552711297,1209.21932994695,3179905.4239795203,2599870.952963229,2,Good,496.00175064389373
PLEASANT VALLEY W.D.,Truck Crops,Tulare Lake,0.75,439.5955571,941.0,19.4,418.4763845741533,811.2096482664032,770.3066868821579,8024992.733083339,7639453.790954998,2,Good,496.00175064389373
PLEASANT VALLEY W.D.,Alfalfa,Tulare Lake,0.8,50.1504379,264.0,7.7,1.1211401983042386e-21,226.9072077826473,1.1211401983044847e-08,101945.81016312,2.2790537951128562e-18,2,Good,378.58596042722155
PLEASANT VALLEY W.D.,Almonds & Pistachios,Tulare Lake,0.8,10238.68066,4618.0,1.5,7948.037937215089,39113.43611131459,30286.89863266429,70923340.93182,55056058.791088924,2,Good,378.58596042722155
PLEASANT VALLEY W.D.,Grain,Tulare Lake,0.8,4683.284412,303.0,2.9,4730.117303393932,3351.00500888459,3376.053757787535,4115202.0128244,4156354.074492248,2,Good,378.58596042722155
PLEASANT VALLEY W.D.,Lettuce,Tulare Lake,0.8,165.6443867,703.0,19.4,159.92903132282825,381.1084118070301,367.03883535343414,2259091.27469194,2181144.114986996,2,Good,378.58596042722155
PLEASANT VALLEY W.D.,Onions & Garlic,Tulare Lake,0.8,414.712446,2366.0,7.7,391.307639536028,519.8959184753235,489.32856124426473,7555314.2837172,7128920.8385952655,2,Good,378.58596042722155
PLEASANT VALLEY W.D.,Other Deciduous,Tulare Lake,0.8,192.7330286,1850.0,7.8,187.16674969377388,674.9843488384429,653.851546665763,2781137.602698,2700816.198081157,2,Good,378.58596042722155
PLEASANT VALLEY W.D.,Tomato Processing,Tulare Lake,0.8,667.8228797,93.0,51.2,587.4054305341466,1482.7044552711297,1300.9007253521083,3179905.4239795203,2796989.698031393,2,Good,378.58596042722155
PLEASANT VALLEY W.D.,Truck Crops,Tulare Lake,0.8,439.5955571,941.0,19.4,420.98746148976056,811.2096482664032,774.9289294095028,8024992.733083339,7685294.504480174,2,Good,378.58596042722155
PLEASANT VALLEY W.D.,Alfalfa,Tulare Lake,0.85,50.1504379,264.0,7.7,5.8512143499043736e-21,226.9072077826473,5.851214349901939e-08,101945.81016312,1.189434853048561e-17,3,Good,243.61485173269165
PLEASANT VALLEY W.D.,Almonds & Pistachios,Tulare Lake,0.85,10238.68066,4618.0,1.5,8529.933102019639,39113.43611131459,32504.276054723086,70923340.93182,59086846.59769004,3,Good,243.61485173269165
PLEASANT VALLEY W.D.,Grain,Tulare Lake,0.85,4683.284412,303.0,2.9,4730.117303374397,3351.00500888459,3376.0537578223916,4115202.0128244,4156354.0744750826,3,Good,243.61485173269165
PLEASANT VALLEY W.D.,Lettuce,Tulare Lake,0.85,165.6443867,703.0,19.4,161.07435704810558,381.1084118070301,369.66737018011173,2259091.27469194,2196764.2962934733,3,Good,243.61485173269165
PLEASANT VALLEY W.D.,Onions & Garlic,Tulare Lake,0.85,414.712446,2366.0,7.7,393.19931515331865,519.8959184753235,491.6940937171654,7555314.2837172,7163383.76332619,3,Good,243.61485173269165
PLEASANT VALLEY W.D.,Other Deciduous,Tulare Lake,0.85,192.7330286,1850.0,7.8,188.24323847913647,674.9843488384429,657.612171178246,2781137.602698,2716349.9312539394,3,Good,243.61485173269165
PLEASANT VALLEY W.D.,Tomato Processing,Tulare Lake,0.85,667.8228797,93.0,51.2,631.0670592315581,1482.7044552711297,1397.5961958391517,3179905.4239795203,3004888.9092369876,3,Good,243.61485173269165
PLEASANT VALLEY W.D.,Truck Crops,Tulare Lake,0.85,439.5955571,941.0,19.4,423.83140892867806,811.2096482664032,780.1639004428927,8024992.733083339,7737211.902556589,3,Good,243.61485173269165
PLEASANT VALLEY W.D.,Alfalfa,Tulare Lake,0.9,50.1504379,264.0,7.7,37.731037158209155,226.9072077826473,170.28845515660217,101945.81016312,76699.65233520757,2,Good,100.61198991647196
PLEASANT VALLEY W.D.,Almonds & Pistachios,Tulare Lake,0.9,10238.68066,4618.0,1.5,9067.748683975176,39113.43611131459,34553.68323450268,70923340.93182,62812295.133896045,2,Good,100.61198991647196
PLEASANT VALLEY W.D.,Grain,Tulare Lake,0.9,4683.284412,303.0,2.9,4730.1173034040885,3351.00500888459,3376.0537578368803,4115202.0128244,4156354.074501172,2,Good,100.61198991647196
PLEASANT VALLEY W.D.,Lettuce,Tulare Lake,0.9,165.6443867,703.0,19.4,162.2542412587779,381.1084118070301,372.37521704501086,2259091.27469194,2212855.7931354647,2,Good,100.61198991647196
PLEASANT VALLEY W.D.,Onions & Garlic,Tulare Lake,0.9,414.712446,2366.0,7.7,395.1808599331191,519.8959184753235,494.1720071455128,7555314.2837172,7199483.942433551,2,Good,100.61198991647196
PLEASANT VALLEY W.D.,Other Deciduous,Tulare Lake,0.9,192.7330286,1850.0,7.8,189.33547502626402,674.9843488384429,661.4278091376524,2781137.602698,2732110.9046289898,2,Good,100.61198991647196
PLEASANT VALLEY W.D.,Tomato Processing,Tulare Lake,0.9,667.8228797,93.0,51.2,673.4699066098941,1482.7044552711297,1491.503899175639,3179905.4239795203,3206794.3073136723,2,Good,100.61198991647196
PLEASANT VALLEY W.D.,Truck Crops,Tulare Lake,0.9,439.5955571,941.0,19.4,426.7964206836895,811.2096482664032,785.6217194858037,8024992.733083339,7791339.378149025,2,Good,100.61198991647196
PLEASANT VALLEY W.D.,Alfalfa,Tulare Lake,0.95,50.1504379,264.0,7.7,50.651942757860986,226.9072077826473,228.6033392594685,101945.81016312,102965.26923817981,2,Good,9.36306294051006e-09
PLEASANT VALLEY W.D.,Almonds & Pistachios,Tulare Lake,0.95,10238.68066,4618.0,1.5,9407.826716218255,39113.43611131459,35849.58908853765,70923340.93182,65168015.66324385,2,Good,9.36306294051006e-09
PLEASANT VALLEY W.D.,Grain,Tulare Lake,0.95,4683.284412,303.0,2.9,4730.117303406119,3351.00500888459,3376.053757990626,4115202.0128244,4156354.0745029566,2,Good,9.36306294051006e-09
PLEASANT VALLEY W.D.,Lettuce,Tulare Lake,0.95,165.6443867,703.0,19.4,163.06467133695335,381.1084118070301,374.23516301324554,2259091.27469194,2223908.600627637,2,Good,9.36306294051006e-09
PLEASANT VALLEY W.D.,Onions & Garlic,Tulare Lake,0.95,414.712446,2366.0,7.7,396.56129693843053,519.8959184753235,495.8982380668483,7555314.2837172,7224633.019883716,2,Good,9.36306294051006e-09
PLEASANT VALLEY W.D.,Other Deciduous,Tulare Lake,0.95,192.7330286,1850.0,7.8,190.07636393026573,674.9843488384429,664.0160434204939,2781137.602698,2742801.9315137346,2,Good,9.36306294051006e-09
PLEASANT VALLEY W.D.,Tomato Processing,Tulare Lake,0.95,667.8228797,93.0,51.2,674.5011151996836,1482.7044552711297,1493.7876713280564,3179905.4239795203,3211704.5101348134,2,Good,9.36306294051006e-09
PLEASANT VALLEY W.D.,Truck Crops,Tulare Lake,0.95,439.5955571,941.0,19.4,428.85365205691795,811.2096482664032,789.4085501821361,8024992.733083339,7828894.959759859,2,Good,9.36306294051006e-09
PLEASANT VALLEY W.D.,Alfalfa,Tulare Lake,1.0,50.1504379,264.0,7.7,50.651942757860986,226.9072077826473,228.60333925946853,101945.81016312,102965.26923817981,2,Good,2.672571302345854e-09
PLEASANT VALLEY W.D.,Almonds & Pistachios,Tulare Lake,1.0,10238.68066,4618.0,1.5,9407.826716239952,39113.43611131459,35849.58908862033,70923340.93182,65168015.663394146,2,Good,2.672571302345854e-09
PLEASANT VALLEY W.D.,Grain,Tulare Lake,1.0,4683.284412,303.0,2.9,4730.117303406119,3351.00500888459,3376.053757990626,4115202.0128244,4156354.0745029566,2,Good,2.672571302345854e-09
PLEASANT VALLEY W.D.,Lettuce,Tulare Lake,1.0,165.6443867,703.0,19.4,163.06467133700673,381.1084118070301,374.23516301336775,2259091.27469194,2223908.600628365,2,Good,2.672571302345854e-09
PLEASANT VALLEY W.D.,Onions & Garlic,Tulare Lake,1.0,414.712446,2366.0,7.7,396.56129693852193,519.8959184753235,495.89823806696256,7555314.2837172,7224633.019885381,2,Good,2.672571302345854e-09
PLEASANT VALLEY W.D.,Other Deciduous,Tulare Lake,1.0,192.7330286,1850.0,7.8,190.07636393031427,674.9843488384429,664.0160434206636,2781137.602698,2742801.931514435,2,Good,2.672571302345854e-09
PLEASANT VALLEY W.D.,Tomato Processing,Tulare Lake,1.0,667.8228797,93.0,51.2,674.5011151996836,1482.7044552711297,1493.7876713280561,3179905.4239795203,3211704.5101348134,2,Good,2.672571302345854e-09
PLEASANT VALLEY W.D.,Truck Crops,Tulare Lake,1.0,439.5955571,941.0,19.4,428.85365205705386,811.2096482664032,789.4085501823861,8024992.733083339,7828894.95976234,2,Good,2.672571302345854e-09
RECLAMATION DISTRICT 1606,Almonds & Pistachios,Tulare Lake,0.5,523.4634039,4712.278285,1.185739051,280.7912780675441,2131.678498027582,1140.596128951942,2924868.71992815,1568930.3587024012,3,Good,632.9592359092715
RECLAMATION DISTRICT 1606,Corn,Tulare Lake,0.5,165.0853057,71.0,20.6,4.193442626878486e-08,376.46669523850954,2.0577975924802608e-07,241453.76811682002,6.133329186072475e-05,3,Good,632.9592359092715
RECLAMATION DISTRICT 1606,Onions & Garlic,Tulare Lake,0.5,103.6588801,2366.0,7.7,98.16304691484585,129.94987056094507,122.75247833270952,1888478.2094378201,1788354.0213040446,3,Good,632.9592359092715
RECLAMATION DISTRICT 1606,Tomato Processing,Tulare Lake,0.5,73.48659579,93.0,51.2,61.9855447521787,163.15539088670974,137.2766337933788,349913.774513664,295150.3698919741,3,Good,632.9592359092715
RECLAMATION DISTRICT 1606,Almonds & Pistachios,Tulare Lake,0.55,523.4634039,4712.278285,1.185739051,313.9276073403085,2131.678498027582,1275.1984897012069,2924868.71992815,1754080.671524772,2,Good,579.4997263636704
RECLAMATION DISTRICT 1606,Corn,Tulare Lake,0.55,165.0853057,71.0,20.6,1.382867098513562e-07,376.46669523850954,4.7568964793070623e-07,241453.76811682002,0.0002022581418285936,2,Good,579.4997263636704
RECLAMATION DISTRICT 1606,Onions & Garlic,Tulare Lake,0.55,103.6588801,2366.0,7.7,98.3549939635212,129.94987056094507,122.99250735586013,1888478.2094378201,1791850.951026222,2,Good,579.4997263636704
RECLAMATION DISTRICT 1606,Tomato Processing,Tulare Lake,0.55,73.48659579,93.0,51.2,64.34263088378901,163.15539088670974,142.49676783544012,349913.774513664,306373.87121624977,2,Good,579.4997263636704
RECLAMATION DISTRICT 1606,Almonds & Pistachios,Tulare Lake,0.6,523.4634039,4712.278285,1.185739051,346.9088391673182,2131.678498027582,1409.1708323482644,2924868.71992815,1938364.372346669,2,Good,517.1906800732268
RECLAMATION DISTRICT 1606,Corn,Tulare Lake,0.6,165.0853057,71.0,20.6,1.4359918129351691e-08,376.46669523850954,5.0940044727650726e-08,241453.76811682002,2.1002816255989784e-05,2,Good,517.1906800732268
RECLAMATION DISTRICT 1606,Onions & Garlic,Tulare Lake,0.6,103.6588801,2366.0,7.7,98.57762715811994,129.94987056094507,123.27090912322086,1888478.2094378201,1795906.9270920607,2,Good,517.1906800732268
RECLAMATION DISTRICT 1606,Tomato Processing,Tulare Lake,0.6,73.48659579,93.0,51.2,66.96686752494001,163.15539088670974,148.3085480957477,349913.774513664,318869.4364067544,2,Good,517.1906800732268
RECLAMATION DISTRICT 1606,Almonds & Pistachios,Tulare Lake,0.65,523.4634039,4712.278285,1.185739051,379.72673026481374,2131.678498027582,1542.4796723438265,2924868.71992815,2121735.4015531545,2,Good,444.64212731420383
RECLAMATION DISTRICT 1606,Corn,Tulare Lake,0.65,165.0853057,71.0,20.6,2.318924061691369e-06,376.46669523850954,5.351224551573661e-06,241453.76811682002,0.0033916583326297966,2,Good,444.64212731420383
RECLAMATION DISTRICT 1606,Onions & Garlic,Tulare Lake,0.65,103.6588801,2366.0,7.7,98.83538556706365,129.94987056094507,123.59323499235865,1888478.2094378201,1800602.8213378792,2,Good,444.64212731420383
RECLAMATION DISTRICT 1606,Tomato Processing,Tulare Lake,0.65,73.48659579,93.0,51.2,69.87086435872325,163.15539088670974,154.73990100255588,349913.774513664,332697.1077304967,2,Good,444.64212731420383
RECLAMATION DISTRICT 1606,Almonds & Pistachios,Tulare Lake,0.7,523.4634039,4712.278285,1.185739051,382.5515204196133,2131.678498027582,1553.954190846027,2924868.71992815,2137519.008014615,2,Good,437.84966750066525
RECLAMATION DISTRICT 1606,Corn,Tulare Lake,0.7,165.0853057,71.0,20.6,56.25839382490848,376.46669523850954,127.973006351322,241453.76811682002,82283.52680831116,2,Good,437.84966750066525
RECLAMATION DISTRICT 1606,Onions & Garlic,Tulare Lake,0.7,103.6588801,2366.0,7.7,98.85943871826974,129.94987056094507,123.62331335703927,1888478.2094378201,1801041.026457182,2,Good,437.84966750066525
RECLAMATION DISTRICT 1606,Tomato Processing,Tulare Lake,0.7,73.48659579,93.0,51.2,70.13498049017801,163.15539088670974,155.32482727177842,349913.774513664,333954.7231020316,2,Good,437.84966750066525
RECLAMATION DISTRICT 1606,Almonds & Pistachios,Tulare Lake,0.75,523.4634039,4712.278285,1.185739051,382.56318503559066,2131.678498027582,1554.0015734282779,2924868.71992815,2137584.184434109,2,Good,437.821428468649
RECLAMATION DISTRICT 1606,Corn,Tulare Lake,0.75,165.0853057,71.0,20.6,117.80952633689331,376.46669523850954,267.9855970371665,241453.76811682002,172308.21322034017,2,Good,437.821428468649
RECLAMATION DISTRICT 1606,Onions & Garlic,Tulare Lake,0.75,103.6588801,2366.0,7.7,98.85953868851838,129.94987056094507,123.62343836941513,1888478.2094378201,1801042.8477351656,2,Good,437.821428468649
RECLAMATION DISTRICT 1606,Tomato Processing,Tulare Lake,0.75,73.48659579,93.0,51.2,70.13607585500313,163.15539088670974,155.32725312762008,349913.774513664,333959.93879118294,2,Good,437.821428468649
RECLAMATION DISTRICT 1606,Almonds & Pistachios,Tulare Lake,0.8,523.4634039,4712.278285,1.185739051,389.279710655578,2131.678498027582,1581.2846257166352,2924868.71992815,2175112.988828331,2,Good,421.29724177111797
RECLAMATION DISTRICT 1606,Corn,Tulare Lake,0.8,165.0853057,71.0,20.6,166.73615948879487,376.46669523850954,379.28078173260104,241453.76811682002,243868.3068683114,2,Good,421.29724177111797
RECLAMATION DISTRICT 1606,Onions & Garlic,Tulare Lake,0.8,103.6588801,2366.0,7.7,98.91799647561847,129.94987056094507,123.6965395869532,1888478.2094378201,1802107.8433921125,2,Good,421.29724177111797
RECLAMATION DISTRICT 1606,Tomato Processing,Tulare Lake,0.8,73.48659579,93.0,51.2,70.77327919061777,163.15539088670974,156.73843906232312,349913.774513664,336994.04619404563,2,Good,421.29724177111797
RECLAMATION DISTRICT 1606,Almonds & Pistachios,Tulare Lake,0.85,523.4634039,4712.278285,1.185739051,421.8766554501097,2131.678498027582,1713.695964442533,2924868.71992815,2357249.4734123885,2,Good,333.1227459638453
RECLAMATION DISTRICT 1606,Corn,Tulare Lake,0.85,165.0853057,71.0,20.6,166.73616038616598,376.46669523850954,379.2807837229017,241453.76811682002,243868.30818080637,2,Good,333.1227459638453
RECLAMATION DISTRICT 1606,Onions & Garlic,Tulare Lake,0.85,103.6588801,2366.0,7.7,99.22858026966381,129.94987056094507,124.08492326609888,1888478.2094378201,1807766.1210687892,2,Good,333.1227459638453
RECLAMATION DISTRICT 1606,Tomato Processing,Tulare Lake,0.85,73.48659579,93.0,51.2,74.0527055056643,163.15539088670974,164.00123885848973,349913.774513664,352609.3625357712,2,Good,333.1227459638453
RECLAMATION DISTRICT 1606,Almonds & Pistachios,Tulare Lake,0.9,523.4634039,4712.278285,1.185739051,456.14817183219117,2131.678498027582,1852.909543966081,2924868.71992815,2548742.680967361,2,Good,224.3568177632074
RECLAMATION DISTRICT 1606,Corn,Tulare Lake,0.9,165.0853057,71.0,20.6,166.7361604056338,376.46669523850954,379.2807837772147,241453.76811682002,243868.30820928002,2,Good,224.3568177632074
RECLAMATION DISTRICT 1606,Onions & Garlic,Tulare Lake,0.9,103.6588801,2366.0,7.7,99.60859434815325,129.94987056094507,124.56012928736732,1888478.2094378201,1814689.2935535256,2,Good,224.3568177632074
RECLAMATION DISTRICT 1606,Tomato Processing,Tulare Lake,0.9,73.48659579,93.0,51.2,74.22146245063536,163.15539088670974,164.37497738244352,349913.774513664,353412.91560494533,2,Good,224.3568177632074
RECLAMATION DISTRICT 1606,Almonds & Pistachios,Tulare Lake,0.95,523.4634039,4712.278285,1.185739051,490.49190902915865,2131.678498027582,1992.4164901089755,2924868.71992815,2740639.4246641425,2,Good,95.95595091394453
RECLAMATION DISTRICT 1606,Corn,Tulare Lake,0.95,165.0853057,71.0,20.6,166.73616041266945,376.46669523850954,379.2807838257271,241453.76811682002,243868.30821957035,2,Good,95.95595091394453
RECLAMATION DISTRICT 1606,Onions & Garlic,Tulare Lake,0.95,103.6588801,2366.0,7.7,100.05288033922443,129.94987056094507,125.11570709155446,1888478.2094378201,1822783.3845960586,2,Good,95.95595091394453
RECLAMATION DISTRICT 1606,Tomato Processing,Tulare Lake,0.95,73.48659579,93.0,51.2,74.22146247245733,163.15539088670974,164.37497746893308,349913.774513664,353412.9157088529,2,Good,95.95595091394453
RECLAMATION DISTRICT 1606,Almonds & Pistachios,Tulare Lake,1.0,523.4634039,4712.278285,1.185739051,512.9181376396431,2131.678498027582,2083.5135845631394,2924868.71992815,2865946.7032247167,2,Good,1.8707018339415616e-07
RECLAMATION DISTRICT 1606,Corn,Tulare Lake,1.0,165.0853057,71.0,20.6,166.73616041523246,376.46669523850954,379.2807839923798,241453.76811682002,243868.308223319,2,Good,1.8707018339415616e-07
RECLAMATION DISTRICT 1606,Onions & Garlic,Tulare Lake,1.0,103.6588801,2366.0,7.7,100.38189588255237,129.94987056094507,125.52713988423723,1888478.2094378201,1828777.4555675157,2,Good,1.8707018339415616e-07
RECLAMATION DISTRICT 1606,Tomato Processing,Tulare Lake,1.0,73.48659579,93.0,51.2,74.22146247761665,163.15539088670974,164.37497775362127,349913.774513664,353412.9157334195,2,Good,1.8707018339415616e-07
SAN BENITO CO. W.D.,Alfalfa,Central Coast,0.5,8.12339201,240.0,6.0,1.1813075501140261e-21,31.730566227879166,1.1813075501146324e-08,11697.6844944,1.7010828721641976e-18,2,Good,2771.4627187481574
SAN BENITO CO. W.D.,Citrus & Subtropical,Central Coast,0.5,93.56230545,1871.0,10.6,83.92873781227769,244.34300359737645,218.63645925118212,1855583.7790676698,1664525.0855357784,2,Good,2771.4627187481574
SAN BENITO CO. W.D.,Cucurbits,Central Coast,0.5,113.9966187,557.0,13.9,107.95981468413122,189.48250797838415,178.99965136924897,882596.02096101,835857.2732289492,2,Good,2771.4627187481574
SAN BENITO CO. W.D.,Grain,Central Coast,0.5,3243.914414,268.0,2.6,1.1813075501143891e-21,2763.693051155574,1.1813075501146145e-08,2260359.5636752,8.231351009197064e-19,2,Good,2771.4627187481574
SAN BENITO CO. W.D.,Lettuce,Central Coast,0.5,9015.458991,421.0,15.9,6618.907283705265,12307.857283353496,9013.507140651991,60348580.939854905,44306303.46639468,2,Good,2771.4627187481574
SAN BENITO CO. W.D.,Onions & Garlic,Central Coast,0.5,311.1388125,1570.0,15.4,264.43426184338654,494.85237679885813,419.5194447955595,7522714.208624999,6393491.5828494,2,Good,2771.4627187481574
SAN BENITO CO. W.D.,Other Deciduous,Central Coast,0.5,3793.594103,1830.659695,4.969677609,1429.8131182855454,10309.901220602958,3876.107561118323,34513316.788540244,13008137.338882718,2,Good,2771.4627187481574
SAN BENITO CO. W.D.,Pasture,Central Coast,0.5,1110.634207,238.050834,5.0,1.1813075501139926e-21,4648.219462731735,1.1813075501146397e-08,1321936.9962263934,1.406056237575664e-18,2,Good,2771.4627187481574
SAN BENITO CO. W.D.,Sunflowers,Central Coast,0.5,5.29369938,3640.0,0.6,1.1813075508080274e-21,15.414769274512906,1.1813075508085641e-08,11561.43944592,2.5799756909647318e-18,2,Good,2771.4627187481574
SAN BENITO CO. W.D.,Tomato Processing,Central Coast,0.5,509.4001453,98.0,52.9,1.1813081780841092e-21,1067.1185794773855,1.1813081780847372e-08,2640832.23326426,6.124137856823639e-18,2,Good,2771.4627187481574
SAN BENITO CO. W.D.,Truck Crops,Central Coast,0.5,3182.35908,1206.641638,14.91469593,2825.122039720126,3484.590856451294,3085.693065086206,57271939.783468515,50842854.3958656,2,Good,2771.4627187481574
SAN BENITO CO. W.D.,Vineyard,Central Coast,0.5,1126.718986,1773.723808,9.242885531,967.1082612014197,2768.540520109554,2370.408876525721,18471798.503153954,15855088.22840428,2,Good,2771.4627187481574
SAN BENITO CO. W.D.,Alfalfa,Central Coast,0.55,8.12339201,240.0,6.0,3.966353822492468e-21,31.730566227879166,3.966353822492353e-08,11697.6844944,5.711549504389154e-18,9,Good,2702.316769473491
SAN BENITO CO. W.D.,Citrus & Subtropical,Central Coast,0.55,93.56230545,1871.0,10.6,84.18006987302373,244.34300359737645,219.29118557775993,1855583.7790676698,1669509.6537637303,9,Good,2702.316769473491
SAN BENITO CO. W.D.,Cucurbits,Central Coast,0.55,113.9966187,557.0,13.9,108.22267451395541,189.48250797838415,179.4354785431914,882596.02096101,837892.412889397,9,Good,2702.316769473491
SAN BENITO CO. W.D.,Grain,Central Coast,0.55,3243.914414,268.0,2.6,3.966353822493606e-21,2763.693051155574,3.96635382249231e-08,2260359.5636752,2.763755343513545e-18,9,Good,2702.316769473491
SAN BENITO CO. W.D.,Lettuce,Central Coast,0.55,9015.458991,421.0,15.9,6719.54670953944,12307.857283353496,9150.556074061955,60348580.939854905,44979973.71898606,9,Good,2702.316769473491
SAN BENITO CO. W.D.,Onions & Garlic,Central Coast,0.55,311.1388125,1570.0,15.4,265.292165981049,494.85237679885813,420.88049185660697,7522714.208624999,6414233.989089802,9,Good,2702.316769473491
SAN BENITO CO. W.D.,Other Deciduous,Central Coast,0.55,3793.594103,1830.659695,4.969677609,2078.0473984222176,10309.901220602958,5633.41819319068,34513316.788540244,18905635.715384256,9,Good,2702.316769473491
SAN BENITO CO. W.D.,Pasture,Central Coast,0.55,1110.634207,238.050834,5.0,3.966353822492385e-21,4648.219462731735,3.9663538224923705e-08,1321936.9962263934,4.720969176917002e-18,9,Good,2702.316769473491
SAN BENITO CO. W.D.,Sunflowers,Central Coast,0.55,5.29369938,3640.0,0.6,3.966353822493024e-21,15.414769274512906,3.9663538224924526e-08,11561.43944592,8.662516748324764e-18,9,Good,2702.316769473491
SAN BENITO CO. W.D.,Tomato Processing,Central Coast,0.55,509.4001453,98.0,52.9,3.9663538224939755e-21,1067.1185794773855,3.9663538224928364e-08,2640832.23326426,2.0562371486573265e-17,9,Good,2702.316769473491
SAN BENITO CO. W.D.,Truck Crops,Central Coast,0.55,3182.35908,1206.641638,14.91469593,2832.5154360046627,3484.590856451294,3093.76838055973,57271939.783468515,50975911.07996653,9,Good,2702.316769473491
SAN BENITO CO. W.D.,Vineyard,Central Coast,0.55,1126.718986,1773.723808,9.242885531,971.7596690285748,2768.540520109554,2381.809604728635,18471798.503153954,15931344.925244214,9,Good,2702.316769473491
SAN BENITO CO. W.D.,Alfalfa,Central Coast,0.6,8.12339201,240.0,6.0,2.5145896814524826e-21,31.730566227879166,2.5145896814537573e-08,11697.6844944,3.621009141291575e-18,3,Good,2506.7290419131746
SAN BENITO CO. W.D.,Citrus & Subtropical,Central Coast,0.6,93.56230545,1871.0,10.6,84.8640985576893,244.34300359737645,221.0730973793818,1855583.7790676698,1683075.7210552287,3,Good,2506.7290419131746
SAN BENITO CO. W.D.,Cucurbits,Central Coast,0.6,113.9966187,557.0,13.9,108.90659778792606,189.48250797838415,180.5694377516749,882596.02096101,843187.5520534599,3,Good,2506.7290419131746
SAN BENITO CO. W.D.,Grain,Central Coast,0.6,3243.914414,268.0,2.6,2.5145896819796032e-21,2763.693051155574,2.5145896819800698e-08,2260359.5636752,1.7521660904033876e-18,3,Good,2506.7290419131746
SAN BENITO CO. W.D.,Lettuce,Central Coast,0.6,9015.458991,421.0,15.9,6982.056922730939,12307.857283353496,9508.037691430756,60348580.939854905,46737190.835068636,3,Good,2506.7290419131746
SAN BENITO CO. W.D.,Onions & Garlic,Central Coast,0.6,311.1388125,1570.0,15.4,267.6880696754824,494.85237679885813,424.6815431150574,7522714.208624999,6472162.148613813,3,Good,2506.7290419131746
SAN BENITO CO. W.D.,Other Deciduous,Central Coast,0.6,3793.594103,1830.659695,4.969677609,2631.0255301544344,10309.901220602958,7132.4971218253595,34513316.788540244,23936513.800764162,3,Good,2506.7290419131746
SAN BENITO CO. W.D.,Pasture,Central Coast,0.6,1110.634207,238.050834,5.0,2.514589681458338e-21,4648.219462731735,2.514589681459699e-08,1321936.9962263934,2.993000854194759e-18,3,Good,2506.7290419131746
SAN BENITO CO. W.D.,Sunflowers,Central Coast,0.6,5.29369938,3640.0,0.6,2.5145896875301702e-21,15.414769274512906,2.5145896875312934e-08,11561.43944592,5.4918638775658916e-18,3,Good,2506.7290419131746
SAN BENITO CO. W.D.,Tomato Processing,Central Coast,0.6,509.4001453,98.0,52.9,2.514589598712446e-21,1067.1185794773855,2.5145895987137426e-08,2640832.23326426,1.3036135397645062e-17,3,Good,2506.7290419131746
SAN BENITO CO. W.D.,Truck Crops,Central Coast,0.6,3182.35908,1206.641638,14.91469593,2853.201196175392,3484.590856451294,3116.362061740801,57271939.783468515,51348186.35786298,3,Good,2506.7290419131746
SAN BENITO CO. W.D.,Vineyard,Central Coast,0.6,1126.718986,1773.723808,9.242885531,984.1691835683819,2768.540520109554,2412.225665250797,18471798.503153954,16134790.553612525,3,Good,2506.7290419131746
SAN BENITO CO. W.D.,Alfalfa,Central Coast,0.65,8.12339201,240.0,6.0,3.671482985083228e-18,31.730566227879166,1.8464100757582064e-08,11697.6844944,5.286935498519848e-15,16,Good,2100.5988633496436
SAN BENITO CO. W.D.,Citrus & Subtropical,Central Coast,0.65,93.56230545,1871.0,10.6,86.17231164825436,244.34300359737645,224.4810251635082,1855583.7790676698,1709020.9879951694,16,Good,2100.5988633496436
SAN BENITO CO. W.D.,Cucurbits,Central Coast,0.65,113.9966187,557.0,13.9,110.10868350489082,189.48250797838415,182.56252123493863,882596.02096101,852494.4602999162,16,Good,2100.5988633496436
SAN BENITO CO. W.D.,Grain,Central Coast,0.65,3243.914414,268.0,2.6,7.948733326759114e-17,2763.693051155574,1.8464100876004245e-08,2260359.5636752,5.538677382085751e-14,16,Good,2100.5988633496436
SAN BENITO CO. W.D.,Lettuce,Central Coast,0.65,9015.458991,421.0,15.9,7445.512121273372,12307.857283353496,10139.162522513376,60348580.939854905,49839513.58859183,16,Good,2100.5988633496436
SAN BENITO CO. W.D.,Onions & Garlic,Central Coast,0.65,311.1388125,1570.0,15.4,272.5238161308388,494.85237679885813,432.35335406763704,7522714.208624999,6589080.8264114205,16,Good,2100.5988633496436
SAN BENITO CO. W.D.,Other Deciduous,Central Coast,0.65,3793.594103,1830.659695,4.969677609,3062.740918418583,10309.901220602958,8302.84257416619,34513316.788540244,27864169.093634117,16,Good,2100.5988633496436
SAN BENITO CO. W.D.,Pasture,Central Coast,0.65,1110.634207,238.050834,5.0,3.4284162099785706e-18,4648.219462731735,1.8464100757389632e-08,1321936.9962263934,4.08068669042259e-15,16,Good,2100.5988633496436
SAN BENITO CO. W.D.,Sunflowers,Central Coast,0.65,5.29369938,3640.0,0.6,4.921275838933112e-18,15.414769274512906,1.846410076168908e-08,11561.43944592,1.0748066432229915e-14,16,Good,2100.5988633496436
SAN BENITO CO. W.D.,Tomato Processing,Central Coast,0.65,509.4001453,98.0,52.9,7.893585816377517e-18,1067.1185794773855,1.8464100780061772e-08,2640832.23326426,4.0921927589264326e-14,16,Good,2100.5988633496436
SAN BENITO CO. W.D.,Truck Crops,Central Coast,0.65,3182.35908,1206.641638,14.91469593,2895.1196422381854,3484.590856451294,3162.1467947458677,57271939.783468515,52102579.768026136,16,Good,2100.5988633496436
SAN BENITO CO. W.D.,Vineyard,Central Coast,0.65,1126.718986,1773.723808,9.242885531,1007.0001688886871,2768.540520109554,2468.1850365303717,18471798.503153954,16509089.172616309,16,Good,2100.5988633496436
SAN BENITO CO. W.D.,Alfalfa,Central Coast,0.7,8.12339201,240.0,6.0,3.291234309015851e-21,31.730566227879166,3.291234309017376e-08,11697.6844944,4.7393774049828254e-18,2,Good,1478.3325034910747
SAN BENITO CO. W.D.,Citrus & Subtropical,Central Coast,0.7,93.56230545,1871.0,10.6,87.93809583484892,244.34300359737645,229.08093710802137,1855583.7790676698,1744041.0794542246,2,Good,1478.3325034910747
SAN BENITO CO. W.D.,Cucurbits,Central Coast,0.7,113.9966187,557.0,13.9,111.56599787922626,189.48250797838415,184.9787792405956,882596.02096101,863777.4253803334,2,Good,1478.3325034910747
SAN BENITO CO. W.D.,Grain,Central Coast,0.7,3243.914414,268.0,2.6,3.291234309016822e-21,2763.693051155574,3.29123430901731e-08,2260359.5636752,2.293332066522922e-18,2,Good,1478.3325034910747
SAN BENITO CO. W.D.,Lettuce,Central Coast,0.7,9015.458991,421.0,15.9,8010.29672777248,12307.857283353496,10908.275892061272,60348580.939854905,53620125.26603621,2,Good,1478.3325034910747
SAN BENITO CO. W.D.,Onions & Garlic,Central Coast,0.7,311.1388125,1570.0,15.4,279.59475630811517,494.85237679885813,443.5712532930322,7522714.208624999,6760042.018017609,2,Good,1478.3325034910747
SAN BENITO CO. W.D.,Other Deciduous,Central Coast,0.7,3793.594103,1830.659695,4.969677609,3377.651103472433,10309.901220602958,9156.538580843047,34513316.788540244,30729155.352471456,2,Good,1478.3325034910747
SAN BENITO CO. W.D.,Pasture,Central Coast,0.7,1110.634207,238.050834,5.0,3.2912343090157742e-21,4648.219462731735,3.291234309017403e-08,1321936.9962263934,3.917405360753094e-18,2,Good,1478.3325034910747
SAN BENITO CO. W.D.,Sunflowers,Central Coast,0.7,5.29369938,3640.0,0.6,3.291234309016255e-21,15.414769274512906,3.291234309017533e-08,11561.43944592,7.1880557308915e-18,2,Good,1478.3325034910747
SAN BENITO CO. W.D.,Tomato Processing,Central Coast,0.7,509.4001453,98.0,52.9,65.1517772334055,1067.1185794773855,136.14220620149882,2640832.23326426,337759.84353342076,2,Good,1478.3325034910747
SAN BENITO CO. W.D.,Truck Crops,Central Coast,0.7,3182.35908,1206.641638,14.91469593,2956.806449269574,3484.590856451294,3229.523194783986,57271939.783468515,53212738.304169744,2,Good,1478.3325034910747
SAN BENITO CO. W.D.,Vineyard,Central Coast,0.7,1126.718986,1773.723808,9.242885531,1036.2634718143358,2768.540520109554,2539.9101947238373,18471798.503153954,16988841.304155644,2,Good,1478.3325034910747
SAN BENITO CO. W.D.,Alfalfa,Central Coast,0.75,8.12339201,240.0,6.0,6.032451254618283e-23,31.730566227879166,6.032451254620565e-10,11697.6844944,8.686729806650327e-20,2,Good,807.3704542247244
SAN BENITO CO. W.D.,Citrus & Subtropical,Central Coast,0.75,93.56230545,1871.0,10.6,89.59251340581004,244.34300359737645,233.39073618876247,1855583.7790676698,1776852.481372068,2,Good,807.3704542247244
SAN BENITO CO. W.D.,Cucurbits,Central Coast,0.75,113.9966187,557.0,13.9,112.80707455121576,189.48250797838415,187.0365105241339,882596.02096101,873386.2132978778,2,Good,807.3704542247244
SAN BENITO CO. W.D.,Grain,Central Coast,0.75,3243.914414,268.0,2.6,6.033508811437112e-23,2763.693051155574,6.033508811437567e-10,2260359.5636752,4.2041489398093804e-20,2,Good,807.3704542247244
SAN BENITO CO. W.D.,Lettuce,Central Coast,0.75,9015.458991,421.0,15.9,8493.310897570947,12307.857283353496,11566.035773213493,60348580.939854905,56853373.81725017,2,Good,807.3704542247244
SAN BENITO CO. W.D.,Onions & Garlic,Central Coast,0.75,311.1388125,1570.0,15.4,286.80398140061567,494.85237679885813,455.00853860674624,7522714.208624999,6934346.662304086,2,Good,807.3704542247244
SAN BENITO CO. W.D.,Other Deciduous,Central Coast,0.75,3793.594103,1830.659695,4.969677609,3580.5216866533638,10309.901220602958,9706.504301040031,34513316.788540244,32574829.010299623,2,Good,807.3704542247244
SAN BENITO CO. W.D.,Pasture,Central Coast,0.75,1110.634207,238.050834,5.0,6.032450768896699e-23,4648.219462731735,6.032450768899148e-10,1321936.9962263934,7.180149682999003e-20,2,Good,807.3704542247244
SAN BENITO CO. W.D.,Sunflowers,Central Coast,0.75,5.29369938,3640.0,0.6,7.73550906734823e-21,15.414769274512906,6.032451882593984e-10,11561.43944592,1.6894351803088535e-17,2,Good,807.3704542247244
SAN BENITO CO. W.D.,Tomato Processing,Central Coast,0.75,509.4001453,98.0,52.9,331.95725302123896,1067.1185794773855,693.6632383063936,2640832.23326426,1720932.791112707,2,Good,807.3704542247244
SAN BENITO CO. W.D.,Truck Crops,Central Coast,0.75,3182.35908,1206.641638,14.91469593,3020.1625964067243,3484.590856451294,3298.7229040387306,57271939.783468515,54352939.441921756,2,Good,807.3704542247244
SAN BENITO CO. W.D.,Vineyard,Central Coast,0.75,1126.718986,1773.723808,9.242885531,1062.3896795009894,2768.540520109554,2603.9462463872896,18471798.503153954,17417162.873274405,2,Good,807.3704542247244
SAN BENITO CO. W.D.,Alfalfa,Central Coast,0.8,8.12339201,240.0,6.0,3.840287085092495e-21,31.730566227879166,3.8402870850921366e-08,11697.6844944,5.530013402533193e-18,2,Good,548.8814427868622
SAN BENITO CO. W.D.,Citrus & Subtropical,Central Coast,0.8,93.56230545,1871.0,10.6,90.17429476982656,244.34300359737645,234.90629121849489,1855583.7790676698,1788390.718452062,2,Good,548.8814427868622
SAN BENITO CO. W.D.,Cucurbits,Central Coast,0.8,113.9966187,557.0,13.9,113.22130519799317,189.48250797838415,187.7233137192762,882596.02096101,876593.3112344226,2,Good,548.8814427868622
SAN BENITO CO. W.D.,Grain,Central Coast,0.8,3243.914414,268.0,2.6,1574.6975624041352,2763.693051155574,1338.229112782021,2260359.5636752,1097249.2614832015,2,Good,548.8814427868622
SAN BENITO CO. W.D.,Lettuce,Central Coast,0.8,9015.458991,421.0,15.9,8654.873332316209,12307.857283353496,11786.048548295075,60348580.939854905,57934856.59919147,2,Good,548.8814427868622
SAN BENITO CO. W.D.,Onions & Garlic,Central Coast,0.8,311.1388125,1570.0,15.4,289.47613989211123,494.85237679885813,459.2478623965835,7522714.208624999,6998954.110311465,2,Good,548.8814427868622
SAN BENITO CO. W.D.,Other Deciduous,Central Coast,0.8,3793.594103,1830.659695,4.969677609,3640.763700783203,10309.901220602958,9869.815522299725,34513316.788540244,33122898.113422345,2,Good,548.8814427868622
SAN BENITO CO. W.D.,Pasture,Central Coast,0.8,1110.634207,238.050834,5.0,3.840287085092513e-21,4648.219462731735,3.840287085092213e-08,1321936.9962263934,4.5709177170285095e-18,2,Good,548.8814427868622
SAN BENITO CO. W.D.,Sunflowers,Central Coast,0.8,5.29369938,3640.0,0.6,3.5553217930822135e-12,15.414769274512906,3.843423379837652e-08,11561.43944592,7.764822796091554e-09,2,Good,548.8814427868622
SAN BENITO CO. W.D.,Tomato Processing,Central Coast,0.8,509.4001453,98.0,52.9,399.24475185955254,1067.1185794773855,834.2682828695091,2640832.23326426,2069764.6425902923,2,Good,548.8814427868622
SAN BENITO CO. W.D.,Truck Crops,Central Coast,0.8,3182.35908,1206.641638,14.91469593,3043.760961464242,3484.590856451294,3324.4978300395696,57271939.783468515,54777631.97616665,2,Good,548.8814427868622
SAN BENITO CO. W.D.,Vineyard,Central Coast,0.8,1126.718986,1773.723808,9.242885531,1071.3297867067251,2768.540520109554,2625.8586944189024,18471798.503153954,17563729.90636152,2,Good,548.8814427868622
SAN BENITO CO. W.D.,Alfalfa,Central Coast,0.85,8.12339201,240.0,6.0,3.377022308901684e-18,31.730566227879166,1.456870639598666e-08,11697.6844944,4.862912124818425e-15,5,Good,320.01985183153784
SAN BENITO CO. W.D.,Citrus & Subtropical,Central Coast,0.85,93.56230545,1871.0,10.6,90.66714733828718,244.34300359737645,236.1901844508048,1855583.7790676698,1798165.266301314,5,Good,320.01985183153784
SAN BENITO CO. W.D.,Cucurbits,Central Coast,0.85,113.9966187,557.0,13.9,113.56450512660606,189.48250797838415,188.2923464202697,882596.02096101,879250.4680417222,5,Good,320.01985183153784
SAN BENITO CO. W.D.,Grain,Central Coast,0.85,3243.914414,268.0,2.6,3276.35359085675,2763.693051155574,2784.3516517783,2260359.5636752,2282963.182108984,5,Good,320.01985183153784
SAN BENITO CO. W.D.,Lettuce,Central Coast,0.85,9015.458991,421.0,15.9,8788.849290977314,12307.857283353496,11968.49456364834,60348580.939854905,58831678.26887304,5,Good,320.01985183153784
SAN BENITO CO. W.D.,Onions & Garlic,Central Coast,0.85,311.1388125,1570.0,15.4,291.79618930451466,494.85237679885813,462.9285724081322,7522714.208624999,7055048.265004556,5,Good,320.01985183153784
SAN BENITO CO. W.D.,Other Deciduous,Central Coast,0.85,3793.594103,1830.659695,4.969677609,3688.577375610238,10309.901220602958,9999.434522234938,34513316.788540244,33557896.814212374,5,Good,320.01985183153784
SAN BENITO CO. W.D.,Pasture,Central Coast,0.85,1110.634207,238.050834,5.0,1.4144663689595565e-16,4648.219462731735,1.4568707498359088e-08,1321936.9962263934,1.6835744939788708e-13,5,Good,320.01985183153784
SAN BENITO CO. W.D.,Sunflowers,Central Coast,0.85,5.29369938,3640.0,0.6,1.8284680996991383,15.414769274512906,5.311021307060564,11561.43944592,3993.374329742918,5,Good,320.01985183153784
SAN BENITO CO. W.D.,Tomato Processing,Central Coast,0.85,509.4001453,98.0,52.9,450.2008718924556,1067.1185794773855,940.7470144028109,2640832.23326426,2333931.3600648683,5,Good,320.01985183153784
SAN BENITO CO. W.D.,Truck Crops,Central Coast,0.85,3182.35908,1206.641638,14.91469593,3064.2989812816268,3484.590856451294,3346.9301442409783,57271939.783468515,55147248.41626145,5,Good,320.01985183153784
SAN BENITO CO. W.D.,Vineyard,Central Coast,0.85,1126.718986,1773.723808,9.242885531,1078.813975795138,2768.540520109554,2644.2026471459726,18471798.503153954,17686428.143027842,5,Good,320.01985183153784
SAN BENITO CO. W.D.,Alfalfa,Central Coast,0.9,8.12339201,240.0,6.0,0.07558551870240787,31.730566227879166,0.2945045585298742,11697.6844944,108.84314693146733,2,Good,139.15078967463214
SAN BENITO CO. W.D.,Citrus & Subtropical,Central Coast,0.9,93.56230545,1871.0,10.6,91.04299505466243,244.34300359737645,237.16927719769555,1855583.7790676698,1805619.303721098,2,Good,139.15078967463214
SAN BENITO CO. W.D.,Cucurbits,Central Coast,0.9,113.9966187,557.0,13.9,113.82183415938418,189.48250797838415,188.7190034488547,882596.02096101,881242.7866122002,2,Good,139.15078967463214
SAN BENITO CO. W.D.,Grain,Central Coast,0.9,3243.914414,268.0,2.6,3276.3535908635645,2763.693051155574,2784.351651835796,2260359.5636752,2282963.1821137317,2,Good,139.15078967463214
SAN BENITO CO. W.D.,Lettuce,Central Coast,0.9,9015.458991,421.0,15.9,8889.369584211505,12307.857283353496,12105.381264487858,60348580.939854905,59504551.059753396,2,Good,139.15078967463214
SAN BENITO CO. W.D.,Onions & Garlic,Central Coast,0.9,311.1388125,1570.0,15.4,293.60033097752546,494.85237679885813,465.7908056248749,7522714.208624999,7098668.802374611,2,Good,139.15078967463214
SAN BENITO CO. W.D.,Other Deciduous,Central Coast,0.9,3793.594103,1830.659695,4.969677609,3723.3362726048285,10309.901220602958,10093.663076871286,34513316.788540244,33874125.90742133,2,Good,139.15078967463214
SAN BENITO CO. W.D.,Pasture,Central Coast,0.9,1110.634207,238.050834,5.0,375.3131837643195,4648.219462731735,1566.8315202211431,1321936.9962263934,446718.0820314576,2,Good,139.15078967463214
SAN BENITO CO. W.D.,Sunflowers,Central Coast,0.9,5.29369938,3640.0,0.6,4.381765082191476,15.414769274512906,12.727401560377627,11561.43944592,9569.774939506184,2,Good,139.15078967463214
SAN BENITO CO. W.D.,Tomato Processing,Central Coast,0.9,509.4001453,98.0,52.9,486.1029121287029,1067.1185794773855,1015.7684976939346,2640832.23326426,2520054.7170576216,2,Good,139.15078967463214
SAN BENITO CO. W.D.,Truck Crops,Central Coast,0.9,3182.35908,1206.641638,14.91469593,3080.301161570725,3484.590856451294,3364.40826243105,57271939.783468515,55435234.74429123,2,Good,139.15078967463214
SAN BENITO CO. W.D.,Vineyard,Central Coast,0.9,1126.718986,1773.723808,9.242885531,1084.4695488748614,2768.540520109554,2658.06461195174,18471798.503153954,17779147.452497713,2,Good,139.15078967463214
SAN BENITO CO. W.D.,Alfalfa,Central Coast,0.95,8.12339201,240.0,6.0,3.8787368964354334,31.730566227879166,15.112754718515898,11697.6844944,5585.381130867024,2,Good,113.66042693714432
SAN BENITO CO. W.D.,Citrus & Subtropical,Central Coast,0.95,93.56230545,1871.0,10.6,91.09504273824449,244.34300359737645,237.30486269531713,1855583.7790676698,1806651.5446105076,2,Good,113.66042693714432
SAN BENITO CO. W.D.,Cucurbits,Central Coast,0.95,113.9966187,557.0,13.9,113.85718392356021,189.48250797838415,188.77761408452912,882596.02096101,881516.4750913803,2,Good,113.66042693714432
SAN BENITO CO. W.D.,Grain,Central Coast,0.95,3243.914414,268.0,2.6,3276.353590878944,2763.693051155574,2784.351651830475,2260359.5636752,2282963.1821244485,2,Good,113.66042693714432
SAN BENITO CO. W.D.,Lettuce,Central Coast,0.95,9015.458991,421.0,15.9,8903.182501940479,12307.857283353496,12124.19144373947,60348580.939854905,59597013.34973937,2,Good,113.66042693714432
SAN BENITO CO. W.D.,Onions & Garlic,Central Coast,0.95,311.1388125,1570.0,15.4,293.85255446591293,494.85237679885813,466.1909529130897,7522714.208624999,7104767.061876843,2,Good,113.66042693714432
SAN BENITO CO. W.D.,Other Deciduous,Central Coast,0.95,3793.594103,1830.659695,4.969677609,3728.0437522622724,10309.901220602958,10106.424672938292,34513316.788540244,33916953.5616937,2,Good,113.66042693714432
SAN BENITO CO. W.D.,Pasture,Central Coast,0.95,1110.634207,238.050834,5.0,819.4571507615274,4648.219462731735,3421.0130333415555,1321936.9962263934,975362.2908302267,2,Good,113.66042693714432
SAN BENITO CO. W.D.,Sunflowers,Central Coast,0.95,5.29369938,3640.0,0.6,4.6376113489499255,15.414769274512906,13.47054000184111,11561.43944592,10128.543186106637,2,Good,113.66042693714432
SAN BENITO CO. W.D.,Tomato Processing,Central Coast,0.95,509.4001453,98.0,52.9,490.898567606183,1067.1185794773855,1025.7895768287715,2640832.23326426,2544916.3541839737,2,Good,113.66042693714432
SAN BENITO CO. W.D.,Truck Crops,Central Coast,0.95,3182.35908,1206.641638,14.91469593,3082.5404611378744,3484.590856451294,3366.8541005199404,57271939.783468515,55475534.731421195,2,Good,113.66042693714432
SAN BENITO CO. W.D.,Vineyard,Central Coast,0.95,1126.718986,1773.723808,9.242885531,1085.2493329858607,2768.540520109554,2659.9758841792714,18471798.503153954,17791931.487517375,2,Good,113.66042693714432
SAN BENITO CO. W.D.,Alfalfa,Central Coast,1.0,8.12339201,240.0,6.0,8.204625980271107,31.730566227879166,31.967752318668666,11697.6844944,11814.661411590394,2,Good,2.1646399898431517e-08
SAN BENITO CO. W.D.,Citrus & Subtropical,Central Coast,1.0,93.56230545,1871.0,10.6,91.32444821836899,244.34300359737645,237.90246990544347,1855583.7790676698,1811201.2517356246,2,Good,2.1646399898431517e-08
SAN BENITO CO. W.D.,Cucurbits,Central Coast,1.0,113.9966187,557.0,13.9,114.01219222788332,189.48250797838415,189.0346215461773,882596.02096101,882716.5958859411,2,Good,2.1646399898431517e-08
SAN BENITO CO. W.D.,Grain,Central Coast,1.0,3243.914414,268.0,2.6,3276.353590883376,2763.693051155574,2784.351652000027,2260359.5636752,2282963.1821275367,2,Good,2.1646399898431517e-08
SAN BENITO CO. W.D.,Lettuce,Central Coast,1.0,9015.458991,421.0,15.9,8963.763835464488,12307.857283353496,12206.689998393751,60348580.939854905,60002538.73821574,2,Good,2.1646399898431517e-08
SAN BENITO CO. W.D.,Onions & Garlic,Central Coast,1.0,311.1388125,1570.0,15.4,294.97117808656225,494.85237679885813,467.96562622729033,7522714.208624999,7131813.143776902,2,Good,2.1646399898431517e-08
SAN BENITO CO. W.D.,Other Deciduous,Central Coast,1.0,3793.594103,1830.659695,4.969677609,3748.503985796056,10309.901220602958,10161.890709188436,34513316.788540244,34103096.4389616,2,Good,2.1646399898431517e-08
SAN BENITO CO. W.D.,Pasture,Central Coast,1.0,1110.634207,238.050834,5.0,1121.7405602594654,4648.219462731735,4682.964903325744,1321936.9962263934,1335156.3795069652,2,Good,2.1646399898431517e-08
SAN BENITO CO. W.D.,Sunflowers,Central Coast,1.0,5.29369938,3640.0,0.6,5.3466362923643,15.414769274512906,15.529994516150538,11561.43944592,11677.053662523631,2,Good,2.1646399898431517e-08
SAN BENITO CO. W.D.,Tomato Processing,Central Coast,1.0,509.4001453,98.0,52.9,511.5694789327962,1067.1185794773855,1068.9838473450766,2640832.23326426,2652078.492683402,2,Good,2.1646399898431517e-08
SAN BENITO CO. W.D.,Truck Crops,Central Coast,1.0,3182.35908,1206.641638,14.91469593,3092.4781965726233,3484.590856451294,3377.7084288832093,57271939.783468515,55654381.106420144,2,Good,2.1646399898431517e-08
SAN BENITO CO. W.D.,Vineyard,Central Coast,1.0,1126.718986,1773.723808,9.242885531,1088.6767041335186,2768.540520109554,2668.3764650461903,18471798.503153954,17848120.927849624,2,Good,2.1646399898431517e-08
SAN LUIS W.D.,Alfalfa,San Joaquin River,0.5,576.0958634,282.0,6.8,4.796905989422271e-22,2382.1364380461,4.796905989423792e-09,1104721.4276558398,9.198546925316146e-19,3,Good,564.3790531215294
SAN LUIS W.D.,Citrus & Subtropical,San Joaquin River,0.5,577.2552697,727.5,12.15,544.9576841339754,1874.6167785468213,1765.3071258715227,5102431.485787013,4816949.089770725,3,Good,564.3790531215294
SAN LUIS W.D.,Corn,San Joaquin River,0.5,928.50348,62.0,26.2,3.52406273120508e-21,2243.1058796383422,4.797011743463516e-09,1508261.0529119999,5.724487500569531e-18,3,Good,564.3790531215294
SAN LUIS W.D.,Cotton,San Joaquin River,0.5,1515.844815,3886.969042,0.8,9.115610038634025e-21,5508.65211642497,4.7969059895566865e-09,4713633.494704974,2.834567521529191e-17,3,Good,564.3790531215294
SAN LUIS W.D.,Cucurbits,San Joaquin River,0.5,750.7869123,485.0,17.3,744.1843666729478,1726.529949370863,1707.0681729002722,6299477.587653151,6244078.928569369,3,Good,564.3790531215294
SAN LUIS W.D.,Grain,San Joaquin River,0.5,4658.439118,198.9576545,4.335066834,4705.023556213749,2173.892482796706,2190.1423039641127,4017879.1864749496,4058058.018906059,3,Good,564.3790531215294
SAN LUIS W.D.,Pasture,San Joaquin River,0.5,14.23068243,200.0,5.0,4.796905989421674e-22,65.46380098445648,4.796905989423453e-09,14230.68243,4.796905989421674e-19,3,Good,564.3790531215294
SAN LUIS W.D.,Tomato Processing,San Joaquin River,0.5,2718.426708,94.87341916,49.93544206,2010.192828290145,6468.933640524676,4771.618205852802,12878671.917936428,9523381.245170392,3,Good,564.3790531215294
SAN LUIS W.D.,Truck Crops,San Joaquin River,0.5,59.83517133,941.0,19.4,55.896815512119396,159.62424155159388,148.74496518372007,1092314.986697682,1020418.7258999443,3,Good,564.3790531215294
SAN LUIS W.D.,Vineyard,San Joaquin River,0.5,90.05945215,1492.427601,10.07028874,85.73039860432833,279.04781791615846,264.97022412431033,1353519.4347827875,1288457.3233841679,3,Good,564.3790531215294
SAN LUIS W.D.,Almonds & Pistachios,San Joaquin River,0.5,53705.7669,4751.40161,1.073295803,26569.44078842906,221210.4358109955,109164.14124393366,273881119.34846044,135495098.63898045,3,Good,564.3790531215294
SAN LUIS W.D.,Other Deciduous,San Joaquin River,0.5,1278.140659,2526.4497,6.022998413,1231.6254773408332,4410.745054549554,4239.59986403319,19449214.018199466,18741401.68407626,3,Good,564.3790531215294
SAN LUIS W.D.,Alfalfa,San Joaquin River,0.55,576.0958634,282.0,6.8,3.649610545231625e-17,2382.1364380461,1.1923729900105128e-08,1104721.4276558398,6.998493181536164e-14,5,Good,522.1792119445672
SAN LUIS W.D.,Citrus & Subtropical,San Joaquin River,0.55,577.2552697,727.5,12.15,546.9268146502282,1874.6167785468213,1771.6858232190948,5102431.485787013,4834354.480545198,5,Good,522.1792119445672
SAN LUIS W.D.,Corn,San Joaquin River,0.55,928.50348,62.0,26.2,9.552640394501436e-21,2243.1058796383422,1.192292673483731e-08,1508261.0529119999,1.551730905682813e-17,5,Good,522.1792119445672
SAN LUIS W.D.,Cotton,San Joaquin River,0.55,1515.844815,3886.969042,0.8,3.882212231742063e-17,5508.65211642497,1.1923730051369851e-08,4713633.494704974,1.2072031007404104e-13,5,Good,522.1792119445672
SAN LUIS W.D.,Cucurbits,San Joaquin River,0.55,750.7869123,485.0,17.3,744.7572477503402,1726.529949370863,1708.3822922281051,6299477.587653151,6248885.687249229,5,Good,522.1792119445672
SAN LUIS W.D.,Grain,San Joaquin River,0.55,4658.439118,198.9576545,4.335066834,4705.023556187006,2173.892482796706,2190.1423039589035,4017879.1864749496,4058058.0188829936,5,Good,522.1792119445672
SAN LUIS W.D.,Pasture,San Joaquin River,0.55,14.23068243,200.0,5.0,3.0195653925925194e-09,65.46380098445648,2.4686232442588653e-08,14230.68243,3.0195653925925196e-06,5,Good,522.1792119445672
SAN LUIS W.D.,Tomato Processing,San Joaquin River,0.55,2718.426708,94.87341916,49.93544206,2083.302874509301,6468.933640524676,4945.160376869656,12878671.917936428,9869743.461370956,5,Good,522.1792119445672
SAN LUIS W.D.,Truck Crops,San Joaquin River,0.55,59.83517133,941.0,19.4,56.08252526621068,159.62424155159388,149.23915060505067,1092314.986697682,1023808.9317447824,5,Good,522.1792119445672
SAN LUIS W.D.,Vineyard,San Joaquin River,0.55,90.05945215,1492.427601,10.07028874,85.8860610963946,279.04781791615846,265.45133615347135,1353519.4347827875,1290796.8025087744,5,Good,522.1792119445672
SAN LUIS W.D.,Almonds & Pistachios,San Joaquin River,0.55,53705.7669,4751.40161,1.073295803,29547.38808230174,221210.4358109955,121399.44049596113,273881119.34846044,150681615.56788343,5,Good,522.1792119445672
SAN LUIS W.D.,Other Deciduous,San Joaquin River,0.55,1278.140659,2526.4497,6.022998413,1233.8477436615967,4410.745054549554,4247.249527160321,19449214.018199466,18775217.471856445,5,Good,522.1792119445672
SAN LUIS W.D.,Alfalfa,San Joaquin River,0.6,576.0958634,282.0,6.8,7.294448455409954e-22,2382.1364380461,7.294448455411906e-09,1104721.4276558398,1.3987834358094128e-18,9,Good,475.65475661831005
SAN LUIS W.D.,Citrus & Subtropical,San Joaquin River,0.6,577.2552697,727.5,12.15,549.0394856772373,1874.6167785468213,1778.5294981067825,5102431.485787013,4853028.64383681,9,Good,475.65475661831005
SAN LUIS W.D.,Corn,San Joaquin River,0.6,928.50348,62.0,26.2,1.2574157225018936e-07,2243.1058796383422,3.215217518051893e-07,1508261.0529119999,0.0002042546099632076,9,Good,475.65475661831005
SAN LUIS W.D.,Cotton,San Joaquin River,0.6,1515.844815,3886.969042,0.8,123.79557359925612,5508.65211642497,448.7542973617433,4713633.494704974,384951.64969355287,9,Good,475.65475661831005
SAN LUIS W.D.,Cucurbits,San Joaquin River,0.6,750.7869123,485.0,17.3,745.3788672023949,1726.529949370863,1709.8082114306542,6299477.587653151,6254101.385261694,9,Good,475.65475661831005
SAN LUIS W.D.,Grain,San Joaquin River,0.6,4658.439118,198.9576545,4.335066834,4705.023556201082,2173.892482796706,2190.1423039607844,4017879.1864749496,4058058.0188951343,9,Good,475.65475661831005
SAN LUIS W.D.,Pasture,San Joaquin River,0.6,14.23068243,200.0,5.0,7.294448399897921e-22,65.46380098445648,7.294448399900293e-09,14230.68243,7.294448399897921e-19,9,Good,475.65475661831005
SAN LUIS W.D.,Tomato Processing,San Joaquin River,0.6,2718.426708,94.87341916,49.93544206,2160.940446432883,6468.933640524676,5129.4495885435,12878671.917936428,10237555.039430616,9,Good,475.65475661831005
SAN LUIS W.D.,Truck Crops,San Joaquin River,0.6,59.83517133,941.0,19.4,56.28565020655803,159.62424155159388,149.77967892733147,1092314.986697682,1027517.0587807994,9,Good,475.65475661831005
SAN LUIS W.D.,Vineyard,San Joaquin River,0.6,90.05945215,1492.427601,10.07028874,86.05531068664546,279.04781791615846,265.974442335025,1353519.4347827875,1293340.4845350874,9,Good,475.65475661831005
SAN LUIS W.D.,Almonds & Pistachios,San Joaquin River,0.6,53705.7669,4751.40161,1.073295803,32413.173197988508,221210.4358109955,133173.9062681615,273881119.34846044,165296143.58976054,9,Good,475.65475661831005
SAN LUIS W.D.,Other Deciduous,San Joaquin River,0.6,1278.140659,2526.4497,6.022998413,1236.2637848441848,4410.745054549554,4255.566217624897,19449214.018199466,18811981.89344499,9,Good,475.65475661831005
SAN LUIS W.D.,Alfalfa,San Joaquin River,0.65,576.0958634,282.0,6.8,2.812980104749969e-18,2382.1364380461,8.994262972579593e-09,1104721.4276558398,5.3941706488685405e-15,3,Good,428.6134183692455
SAN LUIS W.D.,Citrus & Subtropical,San Joaquin River,0.65,577.2552697,727.5,12.15,551.1168199959676,1874.6167785468213,1785.2587051289397,5102431.485787013,4871390.461546857,3,Good,428.6134183692455
SAN LUIS W.D.,Corn,San Joaquin River,0.65,928.50348,62.0,26.2,306.2293653623392,2243.1058796383422,737.9483606233929,1508261.0529119999,497438.98109458375,3,Good,428.6134183692455
SAN LUIS W.D.,Cotton,San Joaquin River,0.65,1515.844815,3886.969042,0.8,398.15244109372617,5508.65211642497,1443.2876009821234,4713633.494704974,1238084.970022434,3,Good,428.6134183692455
SAN LUIS W.D.,Cucurbits,San Joaquin River,0.65,750.7869123,485.0,17.3,745.9970986220193,1726.529949370863,1711.2263589036472,6299477.587653151,6259288.6559880525,3,Good,428.6134183692455
SAN LUIS W.D.,Grain,San Joaquin River,0.65,4658.439118,198.9576545,4.335066834,4705.023556245787,2173.892482796706,2190.142303973777,4017879.1864749496,4058058.0189336925,3,Good,428.6134183692455
SAN LUIS W.D.,Pasture,San Joaquin River,0.65,14.23068243,200.0,5.0,2.5218022603936696e-18,65.46380098445648,8.994262968709376e-09,14230.68243,2.5218022603936697e-15,3,Good,428.6134183692455
SAN LUIS W.D.,Tomato Processing,San Joaquin River,0.65,2718.426708,94.87341916,49.93544206,2236.507752524392,6468.933640524676,5308.824586027108,12878671.917936428,10595558.637618786,3,Good,428.6134183692455
SAN LUIS W.D.,Truck Crops,San Joaquin River,0.65,59.83517133,941.0,19.4,56.48933600573101,159.62424155159388,150.32169973589424,1092314.986697682,1031235.4245190218,3,Good,428.6134183692455
SAN LUIS W.D.,Vineyard,San Joaquin River,0.65,90.05945215,1492.427601,10.07028874,86.2239886553967,279.04781791615846,266.49578179009035,1353519.4347827875,1295875.5755607826,3,Good,428.6134183692455
SAN LUIS W.D.,Almonds & Pistachios,San Joaquin River,0.65,53705.7669,4751.40161,1.073295803,34967.74504815833,221210.4358109955,143669.71024401084,273881119.34846044,178323589.95475376,3,Good,428.6134183692455
SAN LUIS W.D.,Other Deciduous,San Joaquin River,0.65,1278.140659,2526.4497,6.022998413,1238.6714651125476,4410.745054549554,4263.854067628727,19449214.018199466,18848619.08865277,3,Good,428.6134183692455
SAN LUIS W.D.,Alfalfa,San Joaquin River,0.7,576.0958634,282.0,6.8,3.3193709442720173e-18,2382.1364380461,1.1404647982241707e-08,1104721.4276558398,6.36522572273602e-15,5,Good,374.7165900446482
SAN LUIS W.D.,Citrus & Subtropical,San Joaquin River,0.7,577.2552697,727.5,12.15,553.4282836857592,1874.6167785468213,1792.7463384713399,5102431.485787013,4891821.778033886,5,Good,374.7165900446482
SAN LUIS W.D.,Corn,San Joaquin River,0.7,928.50348,62.0,26.2,577.9969444296734,2243.1058796383422,1392.8510646936113,1508261.0529119999,938898.2365315614,5,Good,374.7165900446482
SAN LUIS W.D.,Cotton,San Joaquin River,0.7,1515.844815,3886.969042,0.8,642.6922445707105,5508.65211642497,2329.7352097306034,4713633.494704974,1998499.8865438758,5,Good,374.7165900446482
SAN LUIS W.D.,Cucurbits,San Joaquin River,0.7,750.7869123,485.0,17.3,746.6931333306356,1726.529949370863,1712.8229776394026,6299477.587653151,6265128.735210698,5,Good,374.7165900446482
SAN LUIS W.D.,Grain,San Joaquin River,0.7,4658.439118,198.9576545,4.335066834,4705.023556204899,2173.892482796706,2190.1423039668116,4017879.1864749496,4058058.0188984266,5,Good,374.7165900446482
SAN LUIS W.D.,Pasture,San Joaquin River,0.7,14.23068243,200.0,5.0,5.878611954349397e-18,65.46380098445648,1.1404647999069543e-08,14230.68243,5.878611954349396e-15,5,Good,374.7165900446482
SAN LUIS W.D.,Tomato Processing,San Joaquin River,0.7,2718.426708,94.87341916,49.93544206,2319.736001713428,6468.933640524676,5506.384453661082,12878671.917936428,10989856.307096308,5,Good,374.7165900446482
SAN LUIS W.D.,Truck Crops,San Joaquin River,0.7,59.83517133,941.0,19.4,56.72064557260433,159.62424155159388,150.93722914261505,1092314.986697682,1035458.0731861211,5,Good,374.7165900446482
SAN LUIS W.D.,Vineyard,San Joaquin River,0.7,90.05945215,1492.427601,10.07028874,86.41430778197434,279.04781791615846,267.08400840169935,1353519.4347827875,1298735.9153750276,5,Good,374.7165900446482
SAN LUIS W.D.,Almonds & Pistachios,San Joaquin River,0.7,53705.7669,4751.40161,1.073295803,37563.88947572683,221210.4358109955,154336.32077770514,273881119.34846044,191563042.30512562,5,Good,374.7165900446482
SAN LUIS W.D.,Other Deciduous,San Joaquin River,0.7,1278.140659,2526.4497,6.022998413,1241.3878091452825,4410.745054549554,4273.204544482642,19449214.018199466,18889953.159412287,5,Good,374.7165900446482
SAN LUIS W.D.,Alfalfa,San Joaquin River,0.75,576.0958634,282.0,6.8,4.548963880075158e-18,2382.1364380461,1.5119167171901503e-08,1104721.4276558398,8.723093136432122e-15,3,Good,311.91124659214245
SAN LUIS W.D.,Citrus & Subtropical,San Joaquin River,0.75,577.2552697,727.5,12.15,556.0349447284731,1874.6167785468213,1801.1902185184472,5102431.485787013,4914862.380823065,3,Good,311.91124659214245
SAN LUIS W.D.,Corn,San Joaquin River,0.75,928.50348,62.0,26.2,730.037571699284,2243.1058796383422,1759.23699736848,1508261.0529119999,1185873.0314683167,3,Good,311.91124659214245
SAN LUIS W.D.,Cotton,San Joaquin River,0.75,1515.844815,3886.969042,0.8,869.4865371984515,5508.65211642497,3151.855988945783,4713633.494704974,2703733.80202093,3,Good,311.91124659214245
SAN LUIS W.D.,Cucurbits,San Joaquin River,0.75,750.7869123,485.0,17.3,747.4882607361277,1726.529949370863,1714.6469029344614,6299477.587653151,6271800.251706479,3,Good,311.91124659214245
SAN LUIS W.D.,Grain,San Joaquin River,0.75,4658.439118,198.9576545,4.335066834,4705.023556206808,2173.892482796706,2190.142303971568,4017879.1864749496,4058058.018900073,3,Good,311.91124659214245
SAN LUIS W.D.,Pasture,San Joaquin River,0.75,14.23068243,200.0,5.0,4.082931886305827e-18,65.46380098445648,1.511916716542717e-08,14230.68243,4.0829318863058274e-15,3,Good,311.91124659214245
SAN LUIS W.D.,Tomato Processing,San Joaquin River,0.75,2718.426708,94.87341916,49.93544206,2412.5667372056673,6468.933640524676,5726.737855240616,12878671.917936428,11429646.198354721,3,Good,311.91124659214245
SAN LUIS W.D.,Truck Crops,San Joaquin River,0.75,59.83517133,941.0,19.4,56.98746490397911,159.62424155159388,151.64725228128145,1092314.986697682,1040328.9668081001,3,Good,311.91124659214245
SAN LUIS W.D.,Vineyard,San Joaquin River,0.75,90.05945215,1492.427601,10.07028874,86.63225039982439,279.04781791615846,267.75761199590306,1353519.4347827875,1302011.413525251,3,Good,311.91124659214245
SAN LUIS W.D.,Almonds & Pistachios,San Joaquin River,0.75,53705.7669,4751.40161,1.073295803,40239.70284028941,221210.4358109955,165330.26191474704,273881119.34846044,205208779.0994357,3,Good,311.91124659214245
SAN LUIS W.D.,Other Deciduous,San Joaquin River,0.75,1278.140659,2526.4497,6.022998413,1244.4981074554105,4410.745054549554,4283.911062446369,19449214.018199466,18937281.95461817,3,Good,311.91124659214245
SAN LUIS W.D.,Alfalfa,San Joaquin River,0.8,576.0958634,282.0,6.8,5.374864491162327e-18,2382.1364380461,2.1366532289399475e-08,1104721.4276558398,1.0306840148252877e-14,5,Good,239.8283119492754
SAN LUIS W.D.,Citrus & Subtropical,San Joaquin River,0.8,577.2552697,727.5,12.15,558.9191553751355,1874.6167785468213,1810.5331780894192,5102431.485787013,4940356.279255244,5,Good,239.8283119492754
SAN LUIS W.D.,Corn,San Joaquin River,0.8,928.50348,62.0,26.2,839.7628927855228,2243.1058796383422,2023.651942418165,1508261.0529119999,1364110.8430408032,5,Good,239.8283119492754
SAN LUIS W.D.,Cotton,San Joaquin River,0.8,1515.844815,3886.969042,0.8,1080.0807755096614,5508.65211642497,3915.2521806772443,4713633.494704974,3358592.429812325,5,Good,239.8283119492754
SAN LUIS W.D.,Cucurbits,San Joaquin River,0.8,750.7869123,485.0,17.3,748.3805579427919,1726.529949370863,1716.693723905383,6299477.587653151,6279287.071418996,5,Good,239.8283119492754
SAN LUIS W.D.,Grain,San Joaquin River,0.8,4658.439118,198.9576545,4.335066834,4705.023556208672,2173.892482796706,2190.142303978997,4017879.1864749496,4058058.0189016806,5,Good,239.8283119492754
SAN LUIS W.D.,Pasture,San Joaquin River,0.8,14.23068243,200.0,5.0,4.82707100084453e-18,65.46380098445648,2.136653228098289e-08,14230.68243,4.8270710008445304e-15,5,Good,239.8283119492754
SAN LUIS W.D.,Tomato Processing,San Joaquin River,0.8,2718.426708,94.87341916,49.93544206,2514.0842724284935,6468.933640524676,5967.711214849932,12878671.917936428,11910590.204019755,5,Good,239.8283119492754
SAN LUIS W.D.,Truck Crops,San Joaquin River,0.8,59.83517133,941.0,19.4,57.290164248982144,159.62424155159388,152.45275441110766,1092314.986697682,1045854.8644308685,5,Good,239.8283119492754
SAN LUIS W.D.,Vineyard,San Joaquin River,0.8,90.05945215,1492.427601,10.07028874,86.87748718382855,279.04781791615846,268.5155747168351,1353519.4347827875,1305697.1205260043,5,Good,239.8283119492754
SAN LUIS W.D.,Almonds & Pistachios,San Joaquin River,0.8,53705.7669,4751.40161,1.073295803,42948.96630962946,221210.4358109955,176461.6373317087,273881119.34846044,219025100.0352186,5,Good,239.8283119492754
SAN LUIS W.D.,Other Deciduous,San Joaquin River,0.8,1278.140659,2526.4497,6.022998413,1247.9975442988734,4410.745054549554,4295.957104240197,19449214.018199466,18990532.194044035,5,Good,239.8283119492754
SAN LUIS W.D.,Alfalfa,San Joaquin River,0.85,576.0958634,282.0,6.8,48.205752262352746,2382.1364380461,198.83079096014987,1104721.4276558398,92439.35053828762,2,Good,158.86266020721715
SAN LUIS W.D.,Citrus & Subtropical,San Joaquin River,0.85,577.2552697,727.5,12.15,562.031861135833,1874.6167785468213,1820.616312697479,5102431.485787013,4967869.87456227,2,Good,158.86266020721715
SAN LUIS W.D.,Corn,San Joaquin River,0.85,928.50348,62.0,26.2,926.5801970639253,2243.1058796383422,2232.8633852935136,1508261.0529119999,1505136.8721106402,2,Good,158.86266020721715
SAN LUIS W.D.,Cotton,San Joaquin River,0.85,1515.844815,3886.969042,0.8,1274.485849576022,5508.65211642497,4619.96326106487,4713633.494704974,3963109.633415254,2,Good,158.86266020721715
SAN LUIS W.D.,Cucurbits,San Joaquin River,0.85,750.7869123,485.0,17.3,749.3581539042584,1726.529949370863,1718.9362098593433,6299477.587653151,6287489.590333681,2,Good,158.86266020721715
SAN LUIS W.D.,Grain,San Joaquin River,0.85,4658.439118,198.9576545,4.335066834,4705.023556197015,2173.892482796706,2190.1423040172253,4017879.1864749496,4058058.0188916265,2,Good,158.86266020721715
SAN LUIS W.D.,Pasture,San Joaquin River,0.85,14.23068243,200.0,5.0,5.0057929204917345e-08,65.46380098445648,3.120903256540348e-07,14230.68243,5.005792920491735e-05,2,Good,158.86266020721715
SAN LUIS W.D.,Tomato Processing,San Joaquin River,0.85,2718.426708,94.87341916,49.93544206,2622.317703842479,6468.933640524676,6224.626175765198,12878671.917936428,12423351.077664467,2,Good,158.86266020721715
SAN LUIS W.D.,Truck Crops,San Joaquin River,0.85,59.83517133,941.0,19.4,57.625769914500076,159.62424155159388,153.34582238518863,1092314.986697682,1051981.4800971646,2,Good,158.86266020721715
SAN LUIS W.D.,Vineyard,San Joaquin River,0.85,90.05945215,1492.427601,10.07028874,87.1469543959431,279.04781791615846,269.3484273871778,1353519.4347827875,1309746.9909163583,2,Good,158.86266020721715
SAN LUIS W.D.,Almonds & Pistachios,San Joaquin River,0.85,53705.7669,4751.40161,1.073295803,45633.11907964271,221210.4358109955,187489.84204406684,273881119.34846044,232713364.95697877,2,Good,158.86266020721715
SAN LUIS W.D.,Other Deciduous,San Joaquin River,0.85,1278.140659,2526.4497,6.022998413,1251.8422842602422,4410.745054549554,4309.191776123019,19449214.018199466,19049036.842829317,2,Good,158.86266020721715
SAN LUIS W.D.,Alfalfa,San Joaquin River,0.9,576.0958634,282.0,6.8,526.8128756364368,2382.1364380461,2172.907086773784,1104721.4276558398,1010216.3703204312,2,Good,80.35574200104121
SAN LUIS W.D.,Citrus & Subtropical,San Joaquin River,0.9,577.2552697,727.5,12.15,564.9315516401605,1874.6167785468213,1830.0094168944834,5102431.485787013,4993500.601391333,2,Good,80.35574200104121
SAN LUIS W.D.,Corn,San Joaquin River,0.9,928.50348,62.0,26.2,937.788524120806,2243.1058796383422,2259.8730960266475,1508261.0529119999,1523343.678581837,2,Good,80.35574200104121
SAN LUIS W.D.,Cotton,San Joaquin River,0.9,1515.844815,3886.969042,0.8,1433.3775868304958,5508.65211642497,5195.9398314078835,4713633.494704974,4457195.444405444,2,Good,80.35574200104121
SAN LUIS W.D.,Cucurbits,San Joaquin River,0.9,750.7869123,485.0,17.3,750.2823557350308,1726.529949370863,1721.0562161447315,6299477.587653151,6295244.105794776,2,Good,80.35574200104121
SAN LUIS W.D.,Grain,San Joaquin River,0.9,4658.439118,198.9576545,4.335066834,4705.0235562119005,2173.892482796706,2190.1423040224477,4017879.1864749496,4058058.0189044653,2,Good,80.35574200104121
SAN LUIS W.D.,Pasture,San Joaquin River,0.9,14.23068243,200.0,5.0,14.372989336561718,65.46380098445648,65.9531426897272,14230.68243,14372.989336561717,2,Good,80.35574200104121
SAN LUIS W.D.,Tomato Processing,San Joaquin River,0.9,2718.426708,94.87341916,49.93544206,2721.980937897261,6468.933640524676,6461.197959019817,12878671.917936428,12895510.246015325,2,Good,80.35574200104121
SAN LUIS W.D.,Truck Crops,San Joaquin River,0.9,59.83517133,941.0,19.4,57.94685786501783,159.62424155159388,154.20025775522944,1092314.986697682,1057843.0690690465,2,Good,80.35574200104121
SAN LUIS W.D.,Vineyard,San Joaquin River,0.9,90.05945215,1492.427601,10.07028874,87.40244646159118,279.04781791615846,270.1380864920043,1353519.4347827875,1313586.8263587449,2,Good,80.35574200104121
SAN LUIS W.D.,Almonds & Pistachios,San Joaquin River,0.9,53705.7669,4751.40161,1.073295803,47950.157970472996,221210.4358109955,197009.70972817775,273881119.34846044,244529474.13155076,2,Good,80.35574200104121
SAN LUIS W.D.,Other Deciduous,San Joaquin River,0.9,1278.140659,2526.4497,6.022998413,1255.487196419112,4410.745054549554,4321.738584693535,19449214.018199466,19104500.751403246,2,Good,80.35574200104121
SAN LUIS W.D.,Alfalfa,San Joaquin River,0.95,576.0958634,282.0,6.8,581.8568278205643,2382.1364380461,2399.9429080117848,1104721.4276558398,1115768.653028714,2,Good,2.962140432356439e-09
SAN LUIS W.D.,Citrus & Subtropical,San Joaquin River,0.95,577.2552697,727.5,12.15,567.7878639380698,1874.6167785468213,1839.262004198583,5102431.485787013,5018747.902831591,2,Good,2.962140432356439e-09
SAN LUIS W.D.,Corn,San Joaquin River,0.95,928.50348,62.0,26.2,937.7885241521251,2243.1058796383422,2259.873096254054,1508261.0529119999,1523343.6786327118,2,Good,2.962140432356439e-09
SAN LUIS W.D.,Cotton,San Joaquin River,0.95,1515.844815,3886.969042,0.8,1531.0032783626853,5508.65211642497,5549.82929088788,4713633.494704974,4760769.876957013,2,Good,2.962140432356439e-09
SAN LUIS W.D.,Cucurbits,San Joaquin River,0.95,750.7869123,485.0,17.3,751.2053325444306,1726.529949370863,1723.173412758051,6299477.587653151,6302988.342714045,2,Good,2.962140432356439e-09
SAN LUIS W.D.,Grain,San Joaquin River,0.95,4658.439118,198.9576545,4.335066834,4705.023556213187,2173.892482796706,2190.1423041643284,4017879.1864749496,4058058.0189055745,2,Good,2.962140432356439e-09
SAN LUIS W.D.,Pasture,San Joaquin River,0.95,14.23068243,200.0,5.0,14.372989380433122,65.46380098445648,65.9531430383111,14230.68243,14372.989380433122,2,Good,2.962140432356439e-09
SAN LUIS W.D.,Tomato Processing,San Joaquin River,0.95,2718.426708,94.87341916,49.93544206,2745.6110024734944,6468.933640524676,6517.288919686807,12878671.917936428,13007458.766893735,2,Good,2.962140432356439e-09
SAN LUIS W.D.,Truck Crops,San Joaquin River,0.95,59.83517133,941.0,19.4,58.27121229362019,159.62424155159388,155.06338573624382,1092314.986697682,1063764.2889049537,2,Good,2.962140432356439e-09
SAN LUIS W.D.,Vineyard,San Joaquin River,0.95,90.05945215,1492.427601,10.07028874,87.65830632136705,279.04781791615846,270.92888251168597,1353519.4347827875,1317432.189444128,2,Good,2.962140432356439e-09
SAN LUIS W.D.,Almonds & Pistachios,San Joaquin River,0.95,53705.7669,4751.40161,1.073295803,50088.31494800959,221210.4358109955,205794.61687621506,273881119.34846044,255433346.4743632,2,Good,2.962140432356439e-09
SAN LUIS W.D.,Other Deciduous,San Joaquin River,0.95,1278.140659,2526.4497,6.022998413,1259.1369442461212,4410.745054549554,4334.302039200666,19449214.018199466,19160038.24338437,2,Good,2.962140432356439e-09
SAN LUIS W.D.,Alfalfa,San Joaquin River,1.0,576.0958634,282.0,6.8,581.8568278205641,2382.1364380461,2399.9429080117848,1104721.4276558398,1115768.6530287138,2,Good,4.99302059975124e-10
SAN LUIS W.D.,Citrus & Subtropical,San Joaquin River,1.0,577.2552697,727.5,12.15,567.7878639381557,1874.6167785468213,1839.2620041988614,5102431.485787013,5018747.902832351,2,Good,4.99302059975124e-10
SAN LUIS W.D.,Corn,San Joaquin River,1.0,928.50348,62.0,26.2,937.7885241521251,2243.1058796383422,2259.8730962540544,1508261.0529119999,1523343.6786327118,2,Good,4.99302059975124e-10
SAN LUIS W.D.,Cotton,San Joaquin River,1.0,1515.844815,3886.969042,0.8,1531.0032783626853,5508.65211642497,5549.82929088788,4713633.494704974,4760769.876957013,2,Good,4.99302059975124e-10
SAN LUIS W.D.,Cucurbits,San Joaquin River,1.0,750.7869123,485.0,17.3,751.2053325444585,1726.529949370863,1723.173412758115,6299477.587653151,6302988.342714279,2,Good,4.99302059975124e-10
SAN LUIS W.D.,Grain,San Joaquin River,1.0,4658.439118,198.9576545,4.335066834,4705.023556213187,2173.892482796706,2190.142304164329,4017879.1864749496,4058058.0189055745,2,Good,4.99302059975124e-10
SAN LUIS W.D.,Pasture,San Joaquin River,1.0,14.23068243,200.0,5.0,14.372989380433122,65.46380098445648,65.95314303831111,14230.68243,14372.989380433122,2,Good,4.99302059975124e-10
SAN LUIS W.D.,Tomato Processing,San Joaquin River,1.0,2718.426708,94.87341916,49.93544206,2745.6110024734944,6468.933640524676,6517.288919686806,12878671.917936428,13007458.766893735,2,Good,4.99302059975124e-10
SAN LUIS W.D.,Truck Crops,San Joaquin River,1.0,59.83517133,941.0,19.4,58.27121229363007,159.62424155159388,155.0633857362694,1092314.986697682,1063764.2889051342,2,Good,4.99302059975124e-10
SAN LUIS W.D.,Vineyard,San Joaquin River,1.0,90.05945215,1492.427601,10.07028874,87.6583063213748,279.04781791615846,270.92888251170996,1353519.4347827875,1317432.1894442444,2,Good,4.99302059975124e-10
SAN LUIS W.D.,Almonds & Pistachios,San Joaquin River,1.0,53705.7669,4751.40161,1.073295803,50088.31494807196,221210.4358109955,205794.61687647132,273881119.34846044,255433346.4746813,2,Good,4.99302059975124e-10
SAN LUIS W.D.,Other Deciduous,San Joaquin River,1.0,1278.140659,2526.4497,6.022998413,1259.1369442462315,4410.745054549554,4334.302039201046,19449214.018199466,19160038.243386045,2,Good,4.99302059975124e-10
SANTA CLARA VALLEY W.D.,Cucurbits,Central Coast,0.5,187.3301612,642.0,11.8,184.06824271858804,311.37580367698206,305.18903142657297,1419138.36918672,1394427.3795389356,4,Good,1123.3872823860554
SANTA CLARA VALLEY W.D.,Dry Beans,Central Coast,0.5,201.5180848,1823.0,3.5,1.8951281746844e-07,303.5173543329729,3.453094912815487e-07,1285786.1400664,0.0012091865318573816,4,Good,1123.3872823860554
SANTA CLARA VALLEY W.D.,Onions & Garlic,Central Coast,0.5,215.1344263,1712.0,5.3,182.27422234961614,342.1616908877731,289.17425464266637,1952043.7304756802,1653883.3839114772,4,Good,1123.3872823860554
SANTA CLARA VALLEY W.D.,Sunflowers,Central Coast,0.5,85.06879426,3640.0,0.6,4.162917891847529e-21,247.71256201913528,4.162917891846653e-08,185790.24666384002,9.091812675795003e-18,4,Good,1123.3872823860554
SANTA CLARA VALLEY W.D.,Tomato Processing,Central Coast,0.5,1070.133204,103.0,59.0,548.9967053889446,2241.7720824000385,1147.1923840349914,6503199.480708,3336252.9786486165,4,Good,1123.3872823860554
SANTA CLARA VALLEY W.D.,Alfalfa,Central Coast,0.5,84.58347712,277.0,6.0,4.162917891846685e-21,329.7374004248026,4.1629178918463896e-08,140577.73897344,6.91876953624919e-18,4,Good,1123.3872823860554
SANTA CLARA VALLEY W.D.,Citrus & Subtropical,Central Coast,0.5,112.5812115,894.0,4.2,59.07009553099257,283.92602152875367,148.60035691647246,422719.93294020003,221796.3946997709,4,Good,1123.3872823860554
SANTA CLARA VALLEY W.D.,Corn,Central Coast,0.5,788.2910355,721.0,9.4,564.680145388506,1793.226027022497,1281.338465455298,5342563.6639977,3827063.217356061,4,Good,1123.3872823860554
SANTA CLARA VALLEY W.D.,Grain,Central Coast,0.5,4526.691801,224.8267405,1.91315269,4.162917891847805e-21,2960.9189209019246,4.162917891846252e-08,1947056.3630392847,1.7905870614698723e-18,4,Good,1123.3872823860554
SANTA CLARA VALLEY W.D.,Lettuce,Central Coast,0.5,2493.091094,893.4818578,10.55114878,2312.6186202208473,3419.1020007754832,3163.6674625686533,23503017.98142306,21801657.045759104,4,Good,1123.3872823860554
SANTA CLARA VALLEY W.D.,Other Deciduous,Central Coast,0.5,289.2222903,2948.033003,5.248156123,273.3056443545513,824.9170441980075,777.5709321222461,4474771.341800157,4228513.174560018,4,Good,1123.3872823860554
SANTA CLARA VALLEY W.D.,Pasture,Central Coast,0.5,1434.295715,256.3104316,5.0,4.162917891846824e-21,5670.027842323261,4.162917891846488e-08,1838124.768768403,5.334996407873108e-18,4,Good,1123.3872823860554
SANTA CLARA VALLEY W.D.,Truck Crops,Central Coast,0.5,4264.15188,882.5932954,16.82271953,3952.059215715262,4754.423258365378,4395.431539084222,63312504.466174476,58678671.34825378,4,Good,1123.3872823860554
SANTA CLARA VALLEY W.D.,Vineyard,Central Coast,0.5,218.8819299,1904.943622,9.318161988,204.34829793256714,540.8364366134773,503.6628959183678,3885279.729310528,3627299.4305159934,4,Good,1123.3872823860554
SANTA CLARA VALLEY W.D.,Cucurbits,Central Coast,0.55,187.3301612,642.0,11.8,185.77220366311155,311.37580367698206,308.01423458336734,1419138.36918672,1407335.906070268,8,Good,520.6745379599105
SANTA CLARA VALLEY W.D.,Dry Beans,Central Coast,0.55,201.5180848,1823.0,3.5,7.432952582882899e-09,303.5173543329729,3.9355634020568e-08,1285786.1400664,4.742595395508434e-05,8,Good,520.6745379599105
SANTA CLARA VALLEY W.D.,Onions & Garlic,Central Coast,0.55,215.1344263,1712.0,5.3,195.47456300020127,342.1616908877731,310.11631988993685,1952043.7304756802,1773657.9948386264,8,Good,520.6745379599105
SANTA CLARA VALLEY W.D.,Sunflowers,Central Coast,0.55,85.06879426,3640.0,0.6,5.929041961142652e-22,247.71256201913528,5.929990004744501e-09,185790.24666384002,1.294902764313555e-18,8,Good,520.6745379599105
SANTA CLARA VALLEY W.D.,Tomato Processing,Central Coast,0.55,1070.133204,103.0,59.0,835.6889751985551,2241.7720824000385,1746.2691821406133,6503199.480708,5078481.90228162,8,Good,520.6745379599105
SANTA CLARA VALLEY W.D.,Alfalfa,Central Coast,0.55,84.58347712,277.0,6.0,5.929169915855217e-22,329.7374004248026,5.93011079700791e-09,140577.73897344,9.854280400151371e-19,8,Good,520.6745379599105
SANTA CLARA VALLEY W.D.,Citrus & Subtropical,Central Coast,0.55,112.5812115,894.0,4.2,102.28943307478244,283.92602152875367,257.32557433768756,422719.93294020003,384076.3633091931,8,Good,520.6745379599105
SANTA CLARA VALLEY W.D.,Corn,Central Coast,0.55,788.2910355,721.0,9.4,670.1173303748627,1793.226027022497,1520.5902292852388,5342563.6639977,4541653.194882595,8,Good,520.6745379599105
SANTA CLARA VALLEY W.D.,Grain,Central Coast,0.55,4526.691801,224.8267405,1.91315269,5.9292802570435105e-22,2960.9189209019246,5.930217378417401e-09,1947056.3630392847,2.5503487668785897e-19,8,Good,520.6745379599105
SANTA CLARA VALLEY W.D.,Lettuce,Central Coast,0.55,2493.091094,893.4818578,10.55114878,2384.8683336070067,3419.1020007754832,3262.5052325603074,23503017.98142306,22482773.87977863,8,Good,520.6745379599105
SANTA CLARA VALLEY W.D.,Other Deciduous,Central Coast,0.55,289.2222903,2948.033003,5.248156123,279.383771505925,824.9170441980075,794.3886941345952,4474771.341800157,4322552.362067221,8,Good,520.6745379599105
SANTA CLARA VALLEY W.D.,Pasture,Central Coast,0.55,1434.295715,256.3104316,5.0,5.929167228795151e-22,5670.027842323261,5.9301107970085325e-09,1838124.768768403,7.598537057205305e-19,8,Good,520.6745379599105
SANTA CLARA VALLEY W.D.,Truck Crops,Central Coast,0.55,4264.15188,882.5932954,16.82271953,4046.7288741770503,4754.423258365378,4500.721966076159,63312504.466174476,60084290.41221949,8,Good,520.6745379599105
SANTA CLARA VALLEY W.D.,Vineyard,Central Coast,0.55,218.8819299,1904.943622,9.318161988,208.16848323851556,540.8364366134773,513.0786121532574,3885279.729310528,3695109.9096094132,8,Good,520.6745379599105
SANTA CLARA VALLEY W.D.,Cucurbits,Central Coast,0.6,187.3301612,642.0,11.8,187.0297674753802,311.37580367698206,310.09930240000256,1419138.36918672,1416862.7064864903,2,Good,3.497895138930522e-08
SANTA CLARA VALLEY W.D.,Dry Beans,Central Coast,0.6,201.5180848,1823.0,3.5,124.41201687728483,303.5173543329729,186.9152483262882,1285786.1400664,793810.8736855158,2,Good,3.497895138930522e-08
SANTA CLARA VALLEY W.D.,Onions & Garlic,Central Coast,0.6,215.1344263,1712.0,5.3,205.47669925284873,342.1616908877731,325.9845008940282,1952043.7304756802,1864413.3783406483,2,Good,3.497895138930522e-08
SANTA CLARA VALLEY W.D.,Sunflowers,Central Coast,0.6,85.06879426,3640.0,0.6,5.335379516839772e-17,247.71256201913528,1.7181818410303625e-07,185790.24666384002,1.1652468864778062e-13,2,Good,3.497895138930522e-08
SANTA CLARA VALLEY W.D.,Tomato Processing,Central Coast,0.6,1070.133204,103.0,59.0,1020.2105172376055,2241.7720824000385,2131.848377477295,6503199.480708,6199819.313252929,2,Good,3.497895138930522e-08
SANTA CLARA VALLEY W.D.,Alfalfa,Central Coast,0.6,84.58347712,277.0,6.0,1.1282799819731898e-17,329.7374004248026,1.7181818205806483e-07,140577.73897344,1.8752013300394414e-14,2,Good,3.497895138930522e-08
SANTA CLARA VALLEY W.D.,Citrus & Subtropical,Central Coast,0.6,112.5812115,894.0,4.2,111.0441397683307,283.92602152875367,279.34945193611276,422719.93294020003,416948.5360021281,2,Good,3.497895138930522e-08
SANTA CLARA VALLEY W.D.,Corn,Central Coast,0.6,788.2910355,721.0,9.4,734.1116339057762,1793.226027022497,1665.802281578537,5342563.6639977,4975368.187633008,2,Good,3.497895138930522e-08
SANTA CLARA VALLEY W.D.,Grain,Central Coast,0.6,4526.691801,224.8267405,1.91315269,9.286803137626425e-10,2960.9189209019246,1.9424506078884693e-07,1947056.3630392847,3.994512976875124e-07,2,Good,3.497895138930522e-08
SANTA CLARA VALLEY W.D.,Lettuce,Central Coast,0.6,2493.091094,893.4818578,10.55114878,2441.179822051618,3419.1020007754832,3339.539475494792,23503017.98142306,23013636.923114505,2,Good,3.497895138930522e-08
SANTA CLARA VALLEY W.D.,Other Deciduous,Central Coast,0.6,289.2222903,2948.033003,5.248156123,283.93899142952034,824.9170441980075,807.823441842657,4474771.341800157,4393029.528777153,2,Good,3.497895138930522e-08
SANTA CLARA VALLEY W.D.,Pasture,Central Coast,0.6,1434.295715,256.3104316,5.0,4.6606158814143694e-17,5670.027842323261,1.7181818342853158e-07,1838124.768768403,5.972822340435657e-14,2,Good,3.497895138930522e-08
SANTA CLARA VALLEY W.D.,Truck Crops,Central Coast,0.6,4264.15188,882.5932954,16.82271953,4124.576312107298,4754.423258365378,4587.302927258172,63312504.466174476,61240139.54713328,2,Good,3.497895138930522e-08
SANTA CLARA VALLEY W.D.,Vineyard,Central Coast,0.6,218.8819299,1904.943622,9.318161988,211.1003689173061,540.8364366134773,520.3049119975956,3885279.729310528,3747152.5611049705,2,Good,3.497895138930522e-08
SANTA CLARA VALLEY W.D.,Cucurbits,Central Coast,0.65,187.3301612,642.0,11.8,185.99821432377243,311.37580367698206,308.38896508278356,1419138.36918672,1409048.0724311704,3,Good,432.1762729855933
SANTA CLARA VALLEY W.D.,Dry Beans,Central Coast,0.65,201.5180848,1823.0,3.5,74.13400263283802,303.5173543329729,111.37811160995051,1285786.1400664,473012.003798823,3,Good,432.1762729855933
SANTA CLARA VALLEY W.D.,Onions & Garlic,Central Coast,0.65,215.1344263,1712.0,5.3,197.256625760075,342.1616908877731,312.9435253730889,1952043.7304756802,1789827.7194966166,3,Good,432.1762729855933
SANTA CLARA VALLEY W.D.,Sunflowers,Central Coast,0.65,85.06879426,3640.0,0.6,9.714398939986606e-08,247.71256201913528,3.414467591478038e-07,185790.24666384002,0.00021216247284930746,3,Good,432.1762729855933
SANTA CLARA VALLEY W.D.,Tomato Processing,Central Coast,0.65,1070.133204,103.0,59.0,870.242001590101,2241.7720824000385,1818.471744320376,6503199.480708,5288460.643663044,3,Good,432.1762729855933
SANTA CLARA VALLEY W.D.,Alfalfa,Central Coast,0.65,84.58347712,277.0,6.0,4.0396717224816496e-21,329.7374004248026,4.039671722481165e-08,140577.73897344,6.713934402764502e-18,3,Good,432.1762729855933
SANTA CLARA VALLEY W.D.,Citrus & Subtropical,Central Coast,0.65,112.5812115,894.0,4.2,104.1964622629859,283.92602152875367,262.1230140251258,422719.93294020003,391236.8765050595,3,Good,432.1762729855933
SANTA CLARA VALLEY W.D.,Corn,Central Coast,0.65,788.2910355,721.0,9.4,682.2895588470442,1793.226027022497,1548.210723295878,5342563.6639977,4624149.256129958,3,Good,432.1762729855933
SANTA CLARA VALLEY W.D.,Grain,Central Coast,0.65,4526.691801,224.8267405,1.91315269,3295.9736071074303,2960.9189209019246,2150.513690466084,1947056.3630392847,1417690.1512734697,3,Good,432.1762729855933
SANTA CLARA VALLEY W.D.,Lettuce,Central Coast,0.65,2493.091094,893.4818578,10.55114878,2394.805561310539,3419.1020007754832,3276.099382426301,23503017.98142306,22576454.70915695,3,Good,432.1762729855933
SANTA CLARA VALLEY W.D.,Other Deciduous,Central Coast,0.65,289.2222903,2948.033003,5.248156123,280.19549874777243,824.9170441980075,797.1729806456639,4474771.341800157,4335111.192838562,3,Good,432.1762729855933
SANTA CLARA VALLEY W.D.,Pasture,Central Coast,0.65,1434.295715,256.3104316,5.0,4.039671722482011e-21,5670.027842323261,4.0396717224813986e-08,1838124.768768403,5.177050013558398e-18,3,Good,432.1762729855933
SANTA CLARA VALLEY W.D.,Truck Crops,Central Coast,0.65,4264.15188,882.5932954,16.82271953,4060.207544266953,4754.423258365378,4515.7127768555465,63312504.466174476,60284416.57664331,3,Good,432.1762729855933
SANTA CLARA VALLEY W.D.,Vineyard,Central Coast,0.65,218.8819299,1904.943622,9.318161988,208.68860674913427,540.8364366134773,514.3605749765529,3885279.729310528,3704342.400082555,3,Good,432.1762729855933
SANTA CLARA VALLEY W.D.,Cucurbits,Central Coast,0.7,187.3301612,642.0,11.8,186.54208407814397,311.37580367698206,309.29071260023653,1419138.36918672,1413168.2121423876,6,Good,210.2546514253747
SANTA CLARA VALLEY W.D.,Dry Beans,Central Coast,0.7,201.5180848,1823.0,3.5,100.88222762132028,303.5173543329729,151.5643511199296,1285786.1400664,643679.0533378341,6,Good,210.2546514253747
SANTA CLARA VALLEY W.D.,Onions & Garlic,Central Coast,0.7,215.1344263,1712.0,5.3,201.57318836179147,342.1616908877731,319.79166195527205,1952043.7304756802,1828994.481919551,6,Good,210.2546514253747
SANTA CLARA VALLEY W.D.,Sunflowers,Central Coast,0.7,85.06879426,3640.0,0.6,2.4934427268845425e-13,247.71256201913528,2.4933690499645737e-08,185790.24666384002,5.445678915515841e-10,6,Good,210.2546514253747
SANTA CLARA VALLEY W.D.,Tomato Processing,Central Coast,0.7,1070.133204,103.0,59.0,950.7867362257923,2241.7720824000385,1986.7793229068077,6503199.480708,5777930.99604414,6,Good,210.2546514253747
SANTA CLARA VALLEY W.D.,Alfalfa,Central Coast,0.7,84.58347712,277.0,6.0,3.4385059930057192e-18,329.7374004248026,2.493082280891437e-08,140577.73897344,5.714796960375505e-15,6,Good,210.2546514253747
SANTA CLARA VALLEY W.D.,Citrus & Subtropical,Central Coast,0.7,112.5812115,894.0,4.2,108.10768556398908,283.92602152875367,271.96232733918094,422719.93294020003,405922.7377556662,6,Good,210.2546514253747
SANTA CLARA VALLEY W.D.,Corn,Central Coast,0.7,788.2910355,721.0,9.4,710.3129342614848,1793.226027022497,1611.799693323673,5342563.6639977,4814074.880663787,6,Good,210.2546514253747
SANTA CLARA VALLEY W.D.,Grain,Central Coast,0.7,4526.691801,224.8267405,1.91315269,4571.958764666753,2960.9189209019246,2983.0517739416678,1947056.3630392847,1966526.9463079202,6,Good,210.2546514253747
SANTA CLARA VALLEY W.D.,Lettuce,Central Coast,0.7,2493.091094,893.4818578,10.55114878,2419.0492526719104,3419.1020007754832,3309.2648066025913,23503017.98142306,22805006.29131682,6,Good,210.2546514253747
SANTA CLARA VALLEY W.D.,Other Deciduous,Central Coast,0.7,289.2222903,2948.033003,5.248156123,282.16426928371607,824.9170441980075,802.7742507557011,4474771.341800157,4365571.493680807,6,Good,210.2546514253747
SANTA CLARA VALLEY W.D.,Pasture,Central Coast,0.7,1434.295715,256.3104316,5.0,3.112832153120323e-18,5670.027842323261,2.4930822809957947e-08,1838124.768768403,3.989256763323136e-15,6,Good,210.2546514253747
SANTA CLARA VALLEY W.D.,Truck Crops,Central Coast,0.7,4264.15188,882.5932954,16.82271953,4093.556851614973,4754.423258365378,4552.803465345868,63312504.466174476,60779574.40165383,6,Good,210.2546514253747
SANTA CLARA VALLEY W.D.,Vineyard,Central Coast,0.7,218.8819299,1904.943622,9.318161988,209.9525479742283,540.8364366134773,517.4758458203806,3885279.729310528,3726778.0813795053,6,Good,210.2546514253747
SANTA CLARA VALLEY W.D.,Cucurbits,Central Coast,0.75,187.3301612,642.0,11.8,186.6727984185299,311.37580367698206,309.50743977796844,1419138.36918672,1414158.4516994152,2,Good,154.9743869445249
SANTA CLARA VALLEY W.D.,Dry Beans,Central Coast,0.75,201.5180848,1823.0,3.5,107.22945461364624,303.5173543329729,161.10035529704138,1285786.1400664,684177.5351623698,2,Good,154.9743869445249
SANTA CLARA VALLEY W.D.,Onions & Garlic,Central Coast,0.75,215.1344263,1712.0,5.3,202.61645131395204,342.1616908877731,321.4467769236564,1952043.7304756802,1838460.6326422754,2,Good,154.9743869445249
SANTA CLARA VALLEY W.D.,Sunflowers,Central Coast,0.75,85.06879426,3640.0,0.6,57.01115040857939,247.71256201913528,165.59623506997653,185790.24666384002,124512.35249233739,2,Good,154.9743869445249
SANTA CLARA VALLEY W.D.,Tomato Processing,Central Coast,0.75,1070.133204,103.0,59.0,969.6392070880761,2241.7720824000385,2026.173750600817,6503199.480708,5892497.461474238,2,Good,154.9743869445249
SANTA CLARA VALLEY W.D.,Alfalfa,Central Coast,0.75,84.58347712,277.0,6.0,3.362758577351129e-08,329.7374004248026,2.2403380330074152e-07,140577.73897344,5.588904755557577e-05,2,Good,154.9743869445249
SANTA CLARA VALLEY W.D.,Citrus & Subtropical,Central Coast,0.75,112.5812115,894.0,4.2,108.93867556297741,283.92602152875367,274.05281680837913,422719.93294020003,409042.9390038676,2,Good,154.9743869445249
SANTA CLARA VALLEY W.D.,Corn,Central Coast,0.75,788.2910355,721.0,9.4,716.806404056194,1793.226027022497,1626.534287253877,5342563.6639977,4858083.722850449,2,Good,154.9743869445249
SANTA CLARA VALLEY W.D.,Grain,Central Coast,0.75,4526.691801,224.8267405,1.91315269,4571.958764650448,2960.9189209019246,2983.0517739676598,1947056.3630392847,1966526.9463009066,2,Good,154.9743869445249
SANTA CLARA VALLEY W.D.,Lettuce,Central Coast,0.75,2493.091094,893.4818578,10.55114878,2424.9449338503705,3419.1020007754832,3317.3301117266396,23503017.98142306,22860586.410745095,2,Good,154.9743869445249
SANTA CLARA VALLEY W.D.,Other Deciduous,Central Coast,0.75,289.2222903,2948.033003,5.248156123,282.6391003624239,824.9170441980075,804.1251736612929,4474771.341800157,4372917.955466287,2,Good,154.9743869445249
SANTA CLARA VALLEY W.D.,Pasture,Central Coast,0.75,1434.295715,256.3104316,5.0,240.57461111155487,5670.027842323261,948.656928671442,1838124.768768403,308308.91203002393,2,Good,154.9743869445249
SANTA CLARA VALLEY W.D.,Truck Crops,Central Coast,0.75,4264.15188,882.5932954,16.82271953,4101.76675812208,4754.423258365378,4561.934422193403,63312504.466174476,60901471.96933572,2,Good,154.9743869445249
SANTA CLARA VALLEY W.D.,Vineyard,Central Coast,0.75,218.8819299,1904.943622,9.318161988,210.25887633614462,540.8364366134773,518.2308618343761,3885279.729310528,3732215.5854055807,2,Good,154.9743869445249
SANTA CLARA VALLEY W.D.,Cucurbits,Central Coast,0.8,187.3301612,642.0,11.8,186.71258619474887,311.37580367698206,309.5734087517165,1419138.36918672,1414459.8679769395,3,Good,137.98748417097795
SANTA CLARA VALLEY W.D.,Dry Beans,Central Coast,0.8,201.5180848,1823.0,3.5,109.15546820328713,303.5173543329729,163.99397696637652,1285786.1400664,696466.4648710735,3,Good,137.98748417097795
SANTA CLARA VALLEY W.D.,Onions & Garlic,Central Coast,0.8,215.1344263,1712.0,5.3,202.93444676160348,342.1616908877731,321.95127007382456,1952043.7304756802,1841345.9961360854,3,Good,137.98748417097795
SANTA CLARA VALLEY W.D.,Sunflowers,Central Coast,0.8,85.06879426,3640.0,0.6,59.89813140025754,247.71256201913528,173.981843487024,185790.24666384002,130817.51897816246,3,Good,137.98748417097795
SANTA CLARA VALLEY W.D.,Tomato Processing,Central Coast,0.8,1070.133204,103.0,59.0,975.3411194718464,2241.7720824000385,2038.0885588263302,6503199.480708,5927147.9830304105,3,Good,137.98748417097795
SANTA CLARA VALLEY W.D.,Alfalfa,Central Coast,0.8,84.58347712,277.0,6.0,8.090770151085037e-08,329.7374004248026,3.996049165837285e-07,140577.73897344,0.0001344685999110333,3,Good,137.98748417097795
SANTA CLARA VALLEY W.D.,Citrus & Subtropical,Central Coast,0.8,112.5812115,894.0,4.2,109.18473774078457,283.92602152875367,274.6718259215014,422719.93294020003,409966.8532690979,3,Good,137.98748417097795
SANTA CLARA VALLEY W.D.,Corn,Central Coast,0.8,788.2910355,721.0,9.4,718.7657166982921,1793.226027022497,1630.9802424988022,5342563.6639977,4871362.768351005,3,Good,137.98748417097795
SANTA CLARA VALLEY W.D.,Grain,Central Coast,0.8,4526.691801,224.8267405,1.91315269,4571.958764661458,2960.9189209019246,2983.0517739748407,1947056.3630392847,1966526.9463056426,3,Good,137.98748417097795
SANTA CLARA VALLEY W.D.,Lettuce,Central Coast,0.8,2493.091094,893.4818578,10.55114878,2426.744759266456,3419.1020007754832,3319.7922769357383,23503017.98142306,22877553.83292212,3,Good,137.98748417097795
SANTA CLARA VALLEY W.D.,Other Deciduous,Central Coast,0.8,289.2222903,2948.033003,5.248156123,282.7837575490467,824.9170441980075,804.5367320241505,4474771.341800157,4375156.053478766,3,Good,137.98748417097795
SANTA CLARA VALLEY W.D.,Pasture,Central Coast,0.8,1434.295715,256.3104316,5.0,536.3812306576441,5670.027842323261,2115.110021378018,1838124.768768403,687400.5236599995,3,Good,137.98748417097795
SANTA CLARA VALLEY W.D.,Truck Crops,Central Coast,0.8,4264.15188,882.5932954,16.82271953,4104.280854176512,4754.423258365378,4564.730568832368,63312504.466174476,60938800.31085684,3,Good,137.98748417097795
SANTA CLARA VALLEY W.D.,Vineyard,Central Coast,0.8,218.8819299,1904.943622,9.318161988,210.35231237113155,540.8364366134773,518.461156211383,3885279.729310528,3733874.1285886005,3,Good,137.98748417097795
SANTA CLARA VALLEY W.D.,Cucurbits,Central Coast,0.85,187.3301612,642.0,11.8,186.77093593416112,311.37580367698206,309.6701538368378,1419138.36918672,1414901.902262831,2,Good,112.95232140781667
SANTA CLARA VALLEY W.D.,Dry Beans,Central Coast,0.85,201.5180848,1823.0,3.5,111.97501718614095,303.5173543329729,168.23003638537713,1285786.1400664,714456.5971561723,2,Good,112.95232140781667
SANTA CLARA VALLEY W.D.,Onions & Garlic,Central Coast,0.85,215.1344263,1712.0,5.3,203.40116371534208,342.1616908877731,322.69170677886564,1952043.7304756802,1845580.799087528,2,Good,112.95232140781667
SANTA CLARA VALLEY W.D.,Sunflowers,Central Coast,0.85,85.06879426,3640.0,0.6,63.92640276709255,247.71256201913528,185.6824768949653,185790.24666384002,139615.2636433301,2,Good,112.95232140781667
SANTA CLARA VALLEY W.D.,Tomato Processing,Central Coast,0.85,1070.133204,103.0,59.0,983.672866522205,2241.7720824000385,2055.4987120381475,6503199.480708,5977780.00985544,2,Good,112.95232140781667
SANTA CLARA VALLEY W.D.,Alfalfa,Central Coast,0.85,84.58347712,277.0,6.0,7.394674141608778e-07,329.7374004248026,2.9380494192965813e-06,140577.73897344,0.001228994842335379,2,Good,112.95232140781667
SANTA CLARA VALLEY W.D.,Citrus & Subtropical,Central Coast,0.85,112.5812115,894.0,4.2,109.54010766540091,283.92602152875367,275.5658162953005,422719.93294020003,411301.19626204734,2,Good,112.95232140781667
SANTA CLARA VALLEY W.D.,Corn,Central Coast,0.85,788.2910355,721.0,9.4,721.6249044946871,1793.226027022497,1637.4681406927737,5342563.6639977,4890740.627722293,2,Good,112.95232140781667
SANTA CLARA VALLEY W.D.,Grain,Central Coast,0.85,4526.691801,224.8267405,1.91315269,4571.958764685917,2960.9189209019246,2983.05177397685,1947056.3630392847,1966526.946316163,2,Good,112.95232140781667
SANTA CLARA VALLEY W.D.,Lettuce,Central Coast,0.85,2493.091094,893.4818578,10.55114878,2429.3886700712146,3419.1020007754832,3323.409152835921,23503017.98142306,22902478.667532083,2,Good,112.95232140781667
SANTA CLARA VALLEY W.D.,Other Deciduous,Central Coast,0.85,289.2222903,2948.033003,5.248156123,282.99600536702087,824.9170441980075,805.1405897679709,4474771.341800157,4378439.895993966,2,Good,112.95232140781667
SANTA CLARA VALLEY W.D.,Pasture,Central Coast,0.85,1434.295715,256.3104316,5.0,828.2545946074869,5670.027842323261,3266.0531225711698,1838124.768768403,1061451.4630926398,2,Good,112.95232140781667
SANTA CLARA VALLEY W.D.,Truck Crops,Central Coast,0.85,4264.15188,882.5932954,16.82271953,4107.98062119265,4754.423258365378,4568.845404082953,63312504.466174476,60993733.04363114,2,Good,112.95232140781667
SANTA CLARA VALLEY W.D.,Vineyard,Central Coast,0.85,218.8819299,1904.943622,9.318161988,210.48950127300014,540.8364366134773,518.7992894742505,3885279.729310528,3736309.3102400047,2,Good,112.95232140781667
SANTA CLARA VALLEY W.D.,Cucurbits,Central Coast,0.9,187.3301612,642.0,11.8,186.8467717146496,311.37580367698206,309.7958911841661,1419138.36918672,1415476.4038014996,2,Good,80.18076764707992
SANTA CLARA VALLEY W.D.,Dry Beans,Central Coast,0.9,201.5180848,1823.0,3.5,115.6307306585476,303.5173543329729,173.7223401823451,1285786.1400664,737781.8769668629,2,Good,80.18076764707992
SANTA CLARA VALLEY W.D.,Onions & Garlic,Central Coast,0.9,215.1344263,1712.0,5.3,204.00839751523094,342.1616908877731,323.6550705648345,1952043.7304756802,1851090.5956941994,2,Good,80.18076764707992
SANTA CLARA VALLEY W.D.,Sunflowers,Central Coast,0.9,85.06879426,3640.0,0.6,68.83765975379951,247.71256201913528,199.94785588119348,185790.24666384002,150341.44890229814,2,Good,80.18076764707992
SANTA CLARA VALLEY W.D.,Tomato Processing,Central Coast,0.9,1070.133204,103.0,59.0,994.4484772922127,2241.7720824000385,2078.0156023906925,6503199.480708,6043263.396504777,2,Good,80.18076764707992
SANTA CLARA VALLEY W.D.,Alfalfa,Central Coast,0.9,84.58347712,277.0,6.0,26.717900132710643,329.7374004248026,103.89577757902018,140577.73897344,44405.15002056509,2,Good,80.18076764707992
SANTA CLARA VALLEY W.D.,Citrus & Subtropical,Central Coast,0.9,112.5812115,894.0,4.2,109.99262380214687,283.92602152875367,276.70419367268926,422719.93294020003,413000.3038523011,2,Good,80.18076764707992
SANTA CLARA VALLEY W.D.,Corn,Central Coast,0.9,788.2910355,721.0,9.4,725.3161488592011,1793.226027022497,1645.8440919939937,5342563.6639977,4915757.66727835,2,Good,80.18076764707992
SANTA CLARA VALLEY W.D.,Grain,Central Coast,0.9,4526.691801,224.8267405,1.91315269,4571.958764689984,2960.9189209019246,2983.051773995287,1947056.3630392847,1966526.946317912,2,Good,80.18076764707992
SANTA CLARA VALLEY W.D.,Lettuce,Central Coast,0.9,2493.091094,893.4818578,10.55114878,2432.832741438308,3419.1020007754832,3328.12065021568,23503017.98142306,22934946.823816024,2,Good,80.18076764707992
SANTA CLARA VALLEY W.D.,Other Deciduous,Central Coast,0.9,289.2222903,2948.033003,5.248156123,283.2720437133022,824.9170441980075,805.9259354194195,4474771.341800157,4382710.688815281,2,Good,80.18076764707992
SANTA CLARA VALLEY W.D.,Pasture,Central Coast,0.9,1434.295715,256.3104316,5.0,1090.2432017026547,5670.027842323261,4299.151778286377,1838124.768768403,1397203.5278868664,2,Good,80.18076764707992
SANTA CLARA VALLEY W.D.,Truck Crops,Central Coast,0.9,4264.15188,882.5932954,16.82271953,4112.811884792413,4754.423258365378,4574.218675920438,63312504.466174476,61065465.80710796,2,Good,80.18076764707992
SANTA CLARA VALLEY W.D.,Vineyard,Central Coast,0.9,218.8819299,1904.943622,9.318161988,210.66809059399216,540.8364366134773,519.2394635239261,3885279.729310528,3739479.373063549,2,Good,80.18076764707992
SANTA CLARA VALLEY W.D.,Cucurbits,Central Coast,0.95,187.3301612,642.0,11.8,186.9487345376232,311.37580367698206,309.96494818923094,1419138.36918672,1416248.8333632185,2,Good,35.69841871438535
SANTA CLARA VALLEY W.D.,Dry Beans,Central Coast,0.95,201.5180848,1823.0,3.5,120.53047760044045,303.5173543329729,181.0836663019692,1285786.1400664,769044.7123296103,2,Good,35.69841871438535
SANTA CLARA VALLEY W.D.,Onions & Garlic,Central Coast,0.95,215.1344263,1712.0,5.3,204.82599248365037,342.1616908877731,324.952168189043,1952043.7304756802,1858509.12539965,2,Good,35.69841871438535
SANTA CLARA VALLEY W.D.,Sunflowers,Central Coast,0.95,85.06879426,3640.0,0.6,74.94450044462462,247.71256201913528,217.68596194948194,185790.24666384002,163678.7889710602,2,Good,35.69841871438535
SANTA CLARA VALLEY W.D.,Tomato Processing,Central Coast,0.95,1070.133204,103.0,59.0,1008.8440100875738,2241.7720824000385,2108.096740484573,6503199.480708,6130745.049302186,2,Good,35.69841871438535
SANTA CLARA VALLEY W.D.,Alfalfa,Central Coast,0.95,84.58347712,277.0,6.0,59.729923049415355,329.7374004248026,232.26701086835254,140577.73897344,99271.13210812832,2,Good,35.69841871438535
SANTA CLARA VALLEY W.D.,Citrus & Subtropical,Central Coast,0.95,112.5812115,894.0,4.2,110.58528308142836,283.92602152875367,278.19512389348154,422719.93294020003,415225.62091414724,2,Good,35.69841871438535
SANTA CLARA VALLEY W.D.,Corn,Central Coast,0.95,788.2910355,721.0,9.4,730.2360136306309,1793.226027022497,1657.0079554755855,5342563.6639977,4949101.558780238,2,Good,35.69841871438535
SANTA CLARA VALLEY W.D.,Grain,Central Coast,0.95,4526.691801,224.8267405,1.91315269,4571.95876470233,2960.9189209019246,2983.051774137577,1947056.3630392847,1966526.9463232227,2,Good,35.69841871438535
SANTA CLARA VALLEY W.D.,Lettuce,Central Coast,0.95,2493.091094,893.4818578,10.55114878,2437.477298514131,3419.1020007754832,3334.474414938995,23503017.98142306,22978732.271019105,2,Good,35.69841871438535
SANTA CLARA VALLEY W.D.,Other Deciduous,Central Coast,0.95,289.2222903,2948.033003,5.248156123,283.6435102776544,824.9170441980075,806.9827802494792,4474771.341800157,4388457.921972435,2,Good,35.69841871438535
SANTA CLARA VALLEY W.D.,Pasture,Central Coast,0.95,1434.295715,256.3104316,5.0,1340.8550112211751,5670.027842323261,5287.388352473032,1838124.768768403,1718375.6331956112,2,Good,35.69841871438535
SANTA CLARA VALLEY W.D.,Truck Crops,Central Coast,0.95,4264.15188,882.5932954,16.82271953,4119.348284114811,4754.423258365378,4581.488378906824,63312504.466174476,61162515.77693501,2,Good,35.69841871438535
SANTA CLARA VALLEY W.D.,Vineyard,Central Coast,0.95,218.8819299,1904.943622,9.318161988,210.90871872131902,540.8364366134773,519.8325464464391,3885279.729310528,3743750.6602631463,2,Good,35.69841871438535
SANTA CLARA VALLEY W.D.,Cucurbits,Central Coast,1.0,187.3301612,642.0,11.8,187.0297674753926,311.37580367698206,310.0993024000265,1419138.36918672,1416862.7064865842,2,Good,1.4485650529356932e-08
SANTA CLARA VALLEY W.D.,Dry Beans,Central Coast,1.0,201.5180848,1823.0,3.5,124.412016877709,303.5173543329729,186.91524832692548,1285786.1400664,793810.8736882223,2,Good,1.4485650529356932e-08
SANTA CLARA VALLEY W.D.,Onions & Garlic,Central Coast,1.0,215.1344263,1712.0,5.3,205.4766992529359,342.1616908877731,325.98450089416656,1952043.7304756802,1864413.3783414392,2,Good,1.4485650529356932e-08
SANTA CLARA VALLEY W.D.,Sunflowers,Central Coast,1.0,85.06879426,3640.0,0.6,79.45005581451362,247.71256201913528,230.77292830820556,185790.24666384002,173518.92189889774,2,Good,1.4485650529356932e-08
SANTA CLARA VALLEY W.D.,Tomato Processing,Central Coast,1.0,1070.133204,103.0,59.0,1020.2105172403184,2241.7720824000385,2131.8483774829638,6503199.480708,6199819.313269415,2,Good,1.4485650529356932e-08
SANTA CLARA VALLEY W.D.,Alfalfa,Central Coast,1.0,84.58347712,277.0,6.0,81.97815044078584,329.7374004248026,318.781926799624,140577.73897344,136247.68603258606,2,Good,1.4485650529356932e-08
SANTA CLARA VALLEY W.D.,Citrus & Subtropical,Central Coast,1.0,112.5812115,894.0,4.2,111.0441397684648,283.92602152875367,279.3494519364502,422719.93294020003,416948.53600263165,2,Good,1.4485650529356932e-08
SANTA CLARA VALLEY W.D.,Corn,Central Coast,1.0,788.2910355,721.0,9.4,734.1116339068016,1793.226027022497,1665.8022815808633,5342563.6639977,4975368.187639957,2,Good,1.4485650529356932e-08
SANTA CLARA VALLEY W.D.,Grain,Central Coast,1.0,4526.691801,224.8267405,1.91315269,4571.958764697335,2960.9189209019246,2983.0517741430635,1947056.3630392847,1966526.9463210742,2,Good,1.4485650529356932e-08
SANTA CLARA VALLEY W.D.,Lettuce,Central Coast,1.0,2493.091094,893.4818578,10.55114878,2441.1798220518554,3419.1020007754832,3339.5394754951167,23503017.98142306,23013636.92311674,2,Good,1.4485650529356932e-08
SANTA CLARA VALLEY W.D.,Other Deciduous,Central Coast,1.0,289.2222903,2948.033003,5.248156123,283.93899142961715,824.9170441980075,807.8234418429325,4474771.341800157,4393029.528778651,2,Good,1.4485650529356932e-08
SANTA CLARA VALLEY W.D.,Pasture,Central Coast,1.0,1434.295715,256.3104316,5.0,1448.638686433336,5670.027842323261,5712.41129986215,1838124.768768403,1856506.034760927,2,Good,1.4485650529356932e-08
SANTA CLARA VALLEY W.D.,Truck Crops,Central Coast,1.0,4264.15188,882.5932954,16.82271953,4124.57631210702,4754.423258365378,4587.302927257862,63312504.466174476,61240139.54712916,2,Good,1.4485650529356932e-08
SANTA CLARA VALLEY W.D.,Vineyard,Central Coast,1.0,218.8819299,1904.943622,9.318161988,211.10036891736166,540.8364366134773,520.3049119977326,3885279.729310528,3747152.561105957,2,Good,1.4485650529356932e-08
THE WEST SIDE I.D.,Alfalfa,San Joaquin River,0.5,261.6624251,281.0,6.7,6.4870233308376946e-21,1081.9650632787695,6.487023330835473e-08,492631.84773577005,1.2213118824968128e-17,3,Good,494.0270317918435
THE WEST SIDE I.D.,Almonds & Pistachios,San Joaquin River,0.5,2124.542192,4883.0,1.2,1300.6902797893165,8764.797825183881,5352.5820981388215,12448967.428243198,7621524.763453478,3,Good,494.0270317918435
THE WEST SIDE I.D.,Corn,San Joaquin River,0.5,11.4631428,59.0,27.1,2.460879907052547e-07,27.692995845114044,6.778018031064696e-07,18328.41902292,0.00039347008833863175,3,Good,494.0270317918435
THE WEST SIDE I.D.,Dry Beans,San Joaquin River,0.5,522.3295708,1752.0,1.3,6.487023248266277e-21,1155.4459528902373,6.487023248262736e-08,1189657.8304540801,1.4774844150251273e-17,3,Good,494.0270317918435
THE WEST SIDE I.D.,Grain,San Joaquin River,0.5,678.9431805,164.0,2.5,685.7326182685094,316.8334798306228,319.2018060869803,278366.704005,281150.37349008885,3,Good,494.0270317918435
THE WEST SIDE I.D.,Other Deciduous,San Joaquin River,0.5,43.85765373,2263.540627,2.348383386,40.51748320372853,151.12633446440685,139.2676076890823,233132.42834255824,215377.21346805044,3,Good,494.0270317918435
THE WEST SIDE I.D.,Pasture,San Joaquin River,0.5,72.72551955,276.0,5.0,6.487023330838002e-21,334.5509930202553,6.487023330835821e-08,100361.216979,8.952092196556444e-18,3,Good,494.0270317918435
THE WEST SIDE I.D.,Safflower,San Joaquin River,0.5,65.88967035,574.0,1.3,6.487023331532267e-21,158.50781229024244,6.487023331529114e-08,49166.87201517,4.8406168099893776e-18,3,Good,494.0270317918435
THE WEST SIDE I.D.,Tomato Processing,San Joaquin River,0.5,141.5475083,101.0,43.3,98.06513128026839,336.8350654735827,232.7783481001664,619029.7180483899,428868.2386279977,3,Good,494.0270317918435
THE WEST SIDE I.D.,Truck Crops,San Joaquin River,0.5,108.2797869,555.0,22.8,99.38836265776108,288.8615253386074,264.4787258561616,1370172.4234326,1257660.3410713086,3,Good,494.0270317918435
THE WEST SIDE I.D.,Alfalfa,San Joaquin River,0.55,261.6624251,281.0,6.7,1.0035619129722152e-21,1081.9650632787695,1.0035619129724544e-08,492631.84773577005,1.8894060135527897e-18,4,Good,403.737367998932
THE WEST SIDE I.D.,Almonds & Pistachios,San Joaquin River,0.55,2124.542192,4883.0,1.2,1445.6447184520646,8764.797825183881,5949.09653772185,12448967.428243198,8470899.792241717,4,Good,403.737367998932
THE WEST SIDE I.D.,Corn,San Joaquin River,0.55,11.4631428,59.0,27.1,3.852573407143689,27.692995845114044,9.283891574707786,18328.41902292,6159.879620682044,4,Good,403.737367998932
THE WEST SIDE I.D.,Dry Beans,San Joaquin River,0.55,522.3295708,1752.0,1.3,6.520637739656466e-14,1155.4459528902373,1.0036091626315098e-08,1189657.8304540801,1.4851404515841567e-10,4,Good,403.737367998932
THE WEST SIDE I.D.,Grain,San Joaquin River,0.55,678.9431805,164.0,2.5,685.7326190597197,316.8334798306228,319.2018063984365,278366.704005,281150.3738144851,4,Good,403.737367998932
THE WEST SIDE I.D.,Other Deciduous,San Joaquin River,0.55,43.85765373,2263.540627,2.348383386,41.149376222648044,151.12633446440685,141.4395645766959,233132.42834255824,218736.14267252467,4,Good,403.737367998932
THE WEST SIDE I.D.,Pasture,San Joaquin River,0.55,72.72551955,276.0,5.0,1.0035619129723062e-21,334.5509930202553,1.0035619129725641e-08,100361.216979,1.3849154399017827e-18,4,Good,403.737367998932
THE WEST SIDE I.D.,Safflower,San Joaquin River,0.55,65.88967035,574.0,1.3,1.003561912972288e-21,158.50781229024244,1.0035619129723743e-08,49166.87201517,7.488578994599214e-19,4,Good,403.737367998932
THE WEST SIDE I.D.,Tomato Processing,San Joaquin River,0.55,141.5475083,101.0,43.3,106.50619369767051,336.8350654735827,252.81499653793963,619029.7180483899,465783.53689802234,4,Good,403.737367998932
THE WEST SIDE I.D.,Truck Crops,San Joaquin River,0.55,108.2797869,555.0,22.8,100.44956360457003,288.8615253386074,267.30264870774903,1370172.4234326,1271088.777852229,4,Good,403.737367998932
THE WEST SIDE I.D.,Alfalfa,San Joaquin River,0.6,261.6624251,281.0,6.7,2.0873945546920334e-17,1081.9650632787695,1.1305335849709334e-07,492631.84773577005,3.929937728118691e-14,4,Good,297.1398127472628
THE WEST SIDE I.D.,Almonds & Pistachios,San Joaquin River,0.6,2124.542192,4883.0,1.2,1589.9961111842242,8764.797825183881,6543.12933149346,12448967.428243198,9316741.21309508,4,Good,297.1398127472628
THE WEST SIDE I.D.,Corn,San Joaquin River,0.6,11.4631428,59.0,27.1,7.7999570106224585,27.692995845114044,18.796255939733182,18328.41902292,12471.351264284249,4,Good,297.1398127472628
THE WEST SIDE I.D.,Dry Beans,San Joaquin River,0.6,522.3295708,1752.0,1.3,3.9055838595621884e-17,1155.4459528902373,1.1305335878745548e-07,1189657.8304540801,8.89535779853884e-14,4,Good,297.1398127472628
THE WEST SIDE I.D.,Grain,San Joaquin River,0.6,678.9431805,164.0,2.5,685.7326188508794,316.8334798306228,319.20180640804756,278366.704005,281150.3737288605,4,Good,297.1398127472628
THE WEST SIDE I.D.,Other Deciduous,San Joaquin River,0.6,43.85765373,2263.540627,2.348383386,41.815119072360545,151.12633446440685,143.7278710327585,233132.42834255824,222275.0061092389,4,Good,297.1398127472628
THE WEST SIDE I.D.,Pasture,San Joaquin River,0.6,72.72551955,276.0,5.0,1.8753974304285383e-17,334.5509930202553,1.1305335847912891e-07,100361.216979,2.5880484539913828e-14,4,Good,297.1398127472628
THE WEST SIDE I.D.,Safflower,San Joaquin River,0.6,65.88967035,574.0,1.3,3.589398473441992e-17,158.50781229024244,1.1305335870921121e-07,49166.87201517,2.6784091408824144e-14,4,Good,297.1398127472628
THE WEST SIDE I.D.,Tomato Processing,San Joaquin River,0.6,141.5475083,101.0,43.3,115.66823780227068,336.8350654735827,274.5630477995255,619029.7180483899,505851.9043806703,4,Good,297.1398127472628
THE WEST SIDE I.D.,Truck Crops,San Joaquin River,0.6,108.2797869,555.0,22.8,101.67063270192152,288.8615253386074,270.5519909996376,1370172.4234326,1286540.186210115,4,Good,297.1398127472628
THE WEST SIDE I.D.,Alfalfa,San Joaquin River,0.65,261.6624251,281.0,6.7,1.1965542078912844e-19,1081.9650632787695,6.382092990748532e-08,492631.84773577005,2.252752607196921e-16,3,Good,222.30616187904639
THE WEST SIDE I.D.,Almonds & Pistachios,San Joaquin River,0.65,2124.542192,4883.0,1.2,1678.429815212496,8764.797825183881,6907.050449639231,12448967.428243198,9834927.34521914,3,Good,222.30616187904639
THE WEST SIDE I.D.,Corn,San Joaquin River,0.65,11.4631428,59.0,27.1,9.146445644481133,27.692995845114044,22.04101028726247,18328.41902292,14624.251940960885,3,Good,222.30616187904639
THE WEST SIDE I.D.,Dry Beans,San Joaquin River,0.65,522.3295708,1752.0,1.3,111.38111297984027,1155.4459528902373,245.77034311887985,1189657.8304540801,253681.62292288418,3,Good,222.30616187904639
THE WEST SIDE I.D.,Grain,San Joaquin River,0.65,678.9431805,164.0,2.5,685.7326190454484,316.8334798306228,319.20180644871266,278366.704005,281150.3738086338,3,Good,222.30616187904639
THE WEST SIDE I.D.,Other Deciduous,San Joaquin River,0.65,43.85765373,2263.540627,2.348383386,42.24000055081571,151.12633446440685,145.18828318778927,233132.42834255824,224533.5320997041,3,Good,222.30616187904639
THE WEST SIDE I.D.,Pasture,San Joaquin River,0.65,72.72551955,276.0,5.0,1.1176757788427062e-19,334.5509930202553,6.38209299075156e-08,100361.216979,1.5423925748029344e-16,3,Good,222.30616187904639
THE WEST SIDE I.D.,Safflower,San Joaquin River,0.65,65.88967035,574.0,1.3,2.5094822660039466e-08,158.50781229024244,1.6705874696332625e-07,49166.87201517,1.872575666892145e-05,3,Good,222.30616187904639
THE WEST SIDE I.D.,Tomato Processing,San Joaquin River,0.65,141.5475083,101.0,43.3,121.65268645071436,336.8350654735827,288.76840343405166,619029.7180483899,532023.693654909,3,Good,222.30616187904639
THE WEST SIDE I.D.,Truck Crops,San Joaquin River,0.65,108.2797869,555.0,22.8,102.508221017298,288.8615253386074,272.7808664870107,1370172.4234326,1297139.0287528888,3,Good,222.30616187904639
THE WEST SIDE I.D.,Alfalfa,San Joaquin River,0.7,261.6624251,281.0,6.7,7.85794545274032e-20,1081.9650632787695,7.103557511068708e-08,492631.84773577005,1.47941539038742e-16,2,Good,147.62590657098082
THE WEST SIDE I.D.,Almonds & Pistachios,San Joaquin River,0.7,2124.542192,4883.0,1.2,1758.3644212782497,8764.797825183881,7235.9962010623885,12448967.428243198,10303312.16292203,2,Good,147.62590657098082
THE WEST SIDE I.D.,Corn,San Joaquin River,0.7,11.4631428,59.0,27.1,10.109837471572048,27.692995845114044,24.36258196689835,18328.41902292,16164.619133296548,2,Good,147.62590657098082
THE WEST SIDE I.D.,Dry Beans,San Joaquin River,0.7,522.3295708,1752.0,1.3,232.35493322813767,1155.4459528902373,512.7076766317356,1189657.8304540801,529211.5959204063,2,Good,147.62590657098082
THE WEST SIDE I.D.,Grain,San Joaquin River,0.7,678.9431805,164.0,2.5,685.7326190848678,316.8334798306228,319.20180647546874,278366.704005,281150.37382479577,2,Good,147.62590657098082
THE WEST SIDE I.D.,Other Deciduous,San Joaquin River,0.7,43.85765373,2263.540627,2.348383386,42.63461528326772,151.12633446440685,146.544661861699,233132.42834255824,226631.17032273012,2,Good,147.62590657098082
THE WEST SIDE I.D.,Pasture,San Joaquin River,0.7,72.72551955,276.0,5.0,1.0396537894574682,334.5509930202553,4.770645427838531,100361.216979,1434.7222294513062,2,Good,147.62590657098082
THE WEST SIDE I.D.,Safflower,San Joaquin River,0.7,65.88967035,574.0,1.3,4.544682920047993,158.50781229024244,10.905606636032262,49166.87201517,3391.2423949398126,2,Good,147.62590657098082
THE WEST SIDE I.D.,Tomato Processing,San Joaquin River,0.7,141.5475083,101.0,43.3,127.30225304898997,336.8350654735827,302.17884569544674,619029.7180483899,556730.9432591477,2,Good,147.62590657098082
THE WEST SIDE I.D.,Truck Crops,San Joaquin River,0.7,108.2797869,555.0,22.8,103.32861833714388,288.8615253386074,274.9639957102937,1370172.4234326,1307520.3364382186,2,Good,147.62590657098082
THE WEST SIDE I.D.,Alfalfa,San Joaquin River,0.75,261.6624251,281.0,6.7,9.23552590688182,1081.9650632787695,38.09310788570015,492631.84773577005,17387.724624886403,2,Good,105.89566034442953
THE WEST SIDE I.D.,Almonds & Pistachios,San Joaquin River,0.75,2124.542192,4883.0,1.2,1799.959886346221,8764.797825183881,7407.169265967073,12448967.428243198,10547044.950034317,2,Good,105.89566034442953
THE WEST SIDE I.D.,Corn,San Joaquin River,0.75,11.4631428,59.0,27.1,10.549938426212496,27.692995845114044,25.42313270035661,18328.41902292,16868.29654967116,2,Good,105.89566034442953
THE WEST SIDE I.D.,Dry Beans,San Joaquin River,0.75,522.3295708,1752.0,1.3,293.332586360022,1155.4459528902373,647.2592027138083,1189657.8304540801,668094.298693586,2,Good,105.89566034442953
THE WEST SIDE I.D.,Grain,San Joaquin River,0.75,678.9431805,164.0,2.5,685.732619107139,316.8334798306228,319.20180648577923,278366.704005,281150.37383392703,2,Good,105.89566034442953
THE WEST SIDE I.D.,Other Deciduous,San Joaquin River,0.75,43.85765373,2263.540627,2.348383386,42.84377986087449,151.12633446440685,147.2636070695951,233132.42834255824,227743.01835274356,2,Good,105.89566034442953
THE WEST SIDE I.D.,Pasture,San Joaquin River,0.75,72.72551955,276.0,5.0,38.31218680972164,334.5509930202553,175.80261576718516,100361.216979,52870.81779741586,2,Good,105.89566034442953
THE WEST SIDE I.D.,Safflower,San Joaquin River,0.75,65.88967035,574.0,1.3,48.63836331235146,158.50781229024244,116.71460106590376,49166.87201517,36293.94670367666,2,Good,105.89566034442953
THE WEST SIDE I.D.,Tomato Processing,San Joaquin River,0.75,141.5475083,101.0,43.3,130.33132104168536,336.8350654735827,309.3689797870737,619029.7180483899,569977.9663116025,2,Good,105.89566034442953
THE WEST SIDE I.D.,Truck Crops,San Joaquin River,0.75,108.2797869,555.0,22.8,103.78052981783996,288.8615253386074,276.1665607760828,1370172.4234326,1313238.8243149468,2,Good,105.89566034442953
THE WEST SIDE I.D.,Alfalfa,San Joaquin River,0.8,261.6624251,281.0,6.7,82.98735394714116,1081.9650632787695,342.2919557945686,492631.84773577005,156240.29127628266,2,Good,75.43405127923053
THE WEST SIDE I.D.,Almonds & Pistachios,San Joaquin River,0.8,2124.542192,4883.0,1.2,1829.0870869374892,8764.797825183881,7527.033106625305,12448967.428243198,10717718.69461891,2,Good,75.43405127923053
THE WEST SIDE I.D.,Corn,San Joaquin River,0.8,11.4631428,59.0,27.1,10.838993857350296,27.692995845114044,26.11969548492407,18328.41902292,17330.46727851739,2,Good,75.43405127923053
THE WEST SIDE I.D.,Dry Beans,San Joaquin River,0.8,522.3295708,1752.0,1.3,335.312444263936,1155.4459528902373,739.8907432068604,1189657.8304540801,763707.6230555406,2,Good,75.43405127923053
THE WEST SIDE I.D.,Grain,San Joaquin River,0.8,678.9431805,164.0,2.5,685.7326191245037,316.8334798306228,319.2018064868879,278366.704005,281150.37384104653,2,Good,75.43405127923053
THE WEST SIDE I.D.,Other Deciduous,San Joaquin River,0.8,43.85765373,2263.540627,2.348383386,42.991758838530416,151.12633446440685,147.7722437452958,233132.42834255824,228529.62446297822,2,Good,75.43405127923053
THE WEST SIDE I.D.,Pasture,San Joaquin River,0.8,72.72551955,276.0,5.0,52.41804302574888,334.5509930202553,240.52996822216247,100361.216979,72336.89937553345,2,Good,75.43405127923053
THE WEST SIDE I.D.,Safflower,San Joaquin River,0.8,65.88967035,574.0,1.3,66.23000356758091,158.50781229024244,158.92821872971408,49166.87201517,49420.82866212888,2,Good,75.43405127923053
THE WEST SIDE I.D.,Tomato Processing,San Joaquin River,0.8,141.5475083,101.0,43.3,132.488404559714,336.8350654735827,314.48927413455465,619029.7180483899,579411.5396609972,2,Good,75.43405127923053
THE WEST SIDE I.D.,Truck Crops,San Joaquin River,0.8,108.2797869,555.0,22.8,104.10752871536042,288.8615253386074,277.03672554178746,1370172.4234326,1317376.6683641707,2,Good,75.43405127923053
THE WEST SIDE I.D.,Alfalfa,San Joaquin River,0.85,261.6624251,281.0,6.7,160.03738877262015,1081.9650632787695,660.0946794273382,492631.84773577005,301302.39184221195,2,Good,38.27419056832845
THE WEST SIDE I.D.,Almonds & Pistachios,San Joaquin River,0.85,2124.542192,4883.0,1.2,1863.3183075809336,8764.797825183881,7667.90093788701,12448967.428243198,10918299.955101237,2,Good,38.27419056832845
THE WEST SIDE I.D.,Corn,San Joaquin River,0.85,11.4631428,59.0,27.1,11.161582828210973,27.692995845114044,26.897067091261086,18328.41902292,17846.254784026525,2,Good,38.27419056832845
THE WEST SIDE I.D.,Dry Beans,San Joaquin River,0.85,522.3295708,1752.0,1.3,383.9448073696899,1155.4459528902373,847.2015093486481,1189657.8304540801,874472.6932652057,2,Good,38.27419056832845
THE WEST SIDE I.D.,Grain,San Joaquin River,0.85,678.9431805,164.0,2.5,685.7326191270429,316.8334798306228,319.2018065239419,278366.704005,281150.3738420876,2,Good,38.27419056832845
THE WEST SIDE I.D.,Other Deciduous,San Joaquin River,0.85,43.85765373,2263.540627,2.348383386,43.167226666192214,151.12633446440685,148.37536576864844,233132.42834255824,229462.35198667625,2,Good,38.27419056832845
THE WEST SIDE I.D.,Pasture,San Joaquin River,0.85,72.72551955,276.0,5.0,64.5228100058792,334.5509930202553,296.0749494911684,100361.216979,89041.47780811328,2,Good,38.27419056832845
THE WEST SIDE I.D.,Safflower,San Joaquin River,0.85,65.88967035,574.0,1.3,66.54856761519041,158.50781229024244,159.69265805101617,49166.87201517,49658.54115445509,2,Good,38.27419056832845
THE WEST SIDE I.D.,Tomato Processing,San Joaquin River,0.85,141.5475083,101.0,43.3,135.0610489116128,336.8350654735827,320.59599014596563,619029.7180483899,590662.4852051561,2,Good,38.27419056832845
THE WEST SIDE I.D.,Truck Crops,San Joaquin River,0.85,108.2797869,555.0,22.8,104.50319795664318,288.8615253386074,278.0896265008409,1370172.4234326,1322383.4669433627,2,Good,38.27419056832845
THE WEST SIDE I.D.,Alfalfa,San Joaquin River,0.9,261.6624251,281.0,6.7,228.4005720573615,1081.9650632787695,942.0673728742859,492631.84773577005,430009.7570123945,2,Good,1.6430071299215438e-07
THE WEST SIDE I.D.,Almonds & Pistachios,San Joaquin River,0.9,2124.542192,4883.0,1.2,1897.191240082791,8764.797825183881,7807.294346961842,12448967.428243198,11116781.79038912,2,Good,1.6430071299215438e-07
THE WEST SIDE I.D.,Corn,San Joaquin River,0.9,11.4631428,59.0,27.1,11.464953960131686,27.692995845114044,27.62812782179313,18328.41902292,18331.314886854554,2,Good,1.6430071299215438e-07
THE WEST SIDE I.D.,Dry Beans,San Joaquin River,0.9,522.3295708,1752.0,1.3,431.36795672130216,1155.4459528902373,951.8440594603886,1189657.8304540801,982483.6582284378,2,Good,1.6430071299215438e-07
THE WEST SIDE I.D.,Grain,San Joaquin River,0.9,678.9431805,164.0,2.5,685.7326191293248,316.8334798306228,319.20180662839005,278366.704005,281150.37384302315,2,Good,1.6430071299215438e-07
THE WEST SIDE I.D.,Other Deciduous,San Joaquin River,0.9,43.85765373,2263.540627,2.348383386,43.34248223140307,151.12633446440685,148.97775831837737,233132.42834255824,230393.95119509916,2,Good,1.6430071299215438e-07
THE WEST SIDE I.D.,Pasture,San Joaquin River,0.9,72.72551955,276.0,5.0,73.45277429418478,334.5509930202553,337.0517564704393,100361.216979,101364.828525975,2,Good,1.6430071299215438e-07
THE WEST SIDE I.D.,Safflower,San Joaquin River,0.9,65.88967035,574.0,1.3,66.54856766832094,158.50781229024244,159.69265828099188,49166.87201517,49658.54119410109,2,Good,1.6430071299215438e-07
THE WEST SIDE I.D.,Tomato Processing,San Joaquin River,0.9,141.5475083,101.0,43.3,137.64639416284314,336.8350654735827,326.7328545858729,619029.7180483899,601968.9755923618,2,Good,1.6430071299215438e-07
THE WEST SIDE I.D.,Truck Crops,San Joaquin River,0.9,108.2797869,555.0,22.8,104.90707887659353,288.8615253386074,279.164379450413,1370172.4234326,1327494.1761044145,2,Good,1.6430071299215438e-07
THE WEST SIDE I.D.,Alfalfa,San Joaquin River,0.95,261.6624251,281.0,6.7,228.40057230921238,1081.9650632787695,942.0673739130773,492631.84773577005,430009.75748655415,2,Good,1.3162167086518687e-08
THE WEST SIDE I.D.,Almonds & Pistachios,San Joaquin River,0.95,2124.542192,4883.0,1.2,1897.1912402139194,8764.797825183881,7807.29434750146,12448967.428243198,11116781.79115748,2,Good,1.3162167086518687e-08
THE WEST SIDE I.D.,Corn,San Joaquin River,0.95,11.4631428,59.0,27.1,11.464953945730928,27.692995845114044,27.62812778709341,18328.41902292,18331.314863829182,2,Good,1.3162167086518687e-08
THE WEST SIDE I.D.,Dry Beans,San Joaquin River,0.95,522.3295708,1752.0,1.3,431.36795690359594,1155.4459528902373,951.8440598626329,1189657.8304540801,982483.6586436301,2,Good,1.3162167086518687e-08
THE WEST SIDE I.D.,Grain,San Joaquin River,0.95,678.9431805,164.0,2.5,685.7326191293249,316.8334798306228,319.2018066283903,278366.704005,281150.3738430232,2,Good,1.3162167086518687e-08
THE WEST SIDE I.D.,Other Deciduous,San Joaquin River,0.95,43.85765373,2263.540627,2.348383386,43.34248223208424,151.12633446440685,148.97775832072276,233132.42834255824,230393.95119872002,2,Good,1.3162167086518687e-08
THE WEST SIDE I.D.,Pasture,San Joaquin River,0.95,72.72551955,276.0,5.0,73.45277286974854,334.5509930202553,337.0517499341521,100361.216979,101364.82656025299,2,Good,1.3162167086518687e-08
THE WEST SIDE I.D.,Safflower,San Joaquin River,0.95,65.88967035,574.0,1.3,66.54856766832071,158.50781229024244,159.69265828099154,49166.87201517,49658.54119410092,2,Good,1.3162167086518687e-08
THE WEST SIDE I.D.,Tomato Processing,San Joaquin River,0.95,141.5475083,101.0,43.3,137.64639417292616,336.8350654735827,326.7328546098112,619029.7180483899,601968.9756364579,2,Good,1.3162167086518687e-08
THE WEST SIDE I.D.,Truck Crops,San Joaquin River,0.95,108.2797869,555.0,22.8,104.90707887818112,288.8615253386074,279.1643794546461,1370172.4234326,1327494.1761245038,2,Good,1.3162167086518687e-08
THE WEST SIDE I.D.,Alfalfa,San Joaquin River,1.0,261.6624251,281.0,6.7,228.40057231979367,1081.9650632787695,942.0673739567211,492631.84773577005,430009.75750647555,2,Good,6.812743441527774e-09
THE WEST SIDE I.D.,Almonds & Pistachios,San Joaquin River,1.0,2124.542192,4883.0,1.2,1897.1912402194282,8764.797825183881,7807.294347524128,12448967.428243198,11116781.79118976,2,Good,6.812743441527774e-09
THE WEST SIDE I.D.,Corn,San Joaquin River,1.0,11.4631428,59.0,27.1,11.464953945771644,27.692995845114044,27.62812778719144,18328.41902292,18331.31486389428,2,Good,6.812743441527774e-09
THE WEST SIDE I.D.,Dry Beans,San Joaquin River,1.0,522.3295708,1752.0,1.3,431.36795691125496,1155.4459528902373,951.8440598795332,1189657.8304540801,982483.6586610742,2,Good,6.812743441527774e-09
THE WEST SIDE I.D.,Grain,San Joaquin River,1.0,678.9431805,164.0,2.5,685.7326191293248,316.8334798306228,319.2018066283902,278366.704005,281150.37384302315,2,Good,6.812743441527774e-09
THE WEST SIDE I.D.,Other Deciduous,San Joaquin River,1.0,43.85765373,2263.540627,2.348383386,43.342482232112864,151.12633446440685,148.97775832082104,233132.42834255824,230393.9511988722,2,Good,6.812743441527774e-09
THE WEST SIDE I.D.,Pasture,San Joaquin River,1.0,72.72551955,276.0,5.0,73.45277357977955,334.5509930202553,337.0517531922602,100361.216979,101364.82754009578,2,Good,6.812743441527774e-09
THE WEST SIDE I.D.,Safflower,San Joaquin River,1.0,65.88967035,574.0,1.3,66.54856766832071,158.50781229024244,159.69265828099145,49166.87201517,49658.54119410092,2,Good,6.812743441527774e-09
THE WEST SIDE I.D.,Tomato Processing,San Joaquin River,1.0,141.5475083,101.0,43.3,137.64639417334985,336.8350654735827,326.7328546108167,619029.7180483899,601968.9756383108,2,Good,6.812743441527774e-09
THE WEST SIDE I.D.,Truck Crops,San Joaquin River,1.0,108.2797869,555.0,22.8,104.90707887824783,288.8615253386074,279.1643794548234,1370172.4234326,1327494.176125348,2,Good,6.812743441527774e-09
TRANQUILLITY I.D.,Alfalfa,Tulare Lake,0.5,106.4868569,264.0,7.7,6.383343562508787e-21,481.8030784279419,6.383343562506629e-08,216466.48270632,1.2976060793867862e-17,4,Good,504.75269918290655
TRANQUILLITY I.D.,Almonds & Pistachios,Tulare Lake,0.5,4127.322699,4710.43212,1.191892935,2598.0530008073047,16787.151805649828,10540.701100054035,23172154.804531094,14586328.890558941,4,Good,504.75269918290655
TRANQUILLITY I.D.,Corn,Tulare Lake,0.5,107.0194188,71.0,20.6,1.8454399228410646e-07,244.05107862959858,5.065535604121974e-07,156526.60193688,0.0002699140431147341,4,Good,504.75269918290655
TRANQUILLITY I.D.,Cotton,Tulare Lake,0.5,1973.649523,3438.0,0.8,6.383343562511209e-21,7399.807533498234,6.383343562507731e-08,5428325.6480592005,1.755674813433083e-17,4,Good,504.75269918290655
TRANQUILLITY I.D.,Cucurbits,Tulare Lake,0.5,346.2873917,485.0,17.3,343.5869738500315,845.6796004594919,836.9871026417494,2905524.36005885,2882866.504088689,4,Good,504.75269918290655
TRANQUILLITY I.D.,Grain,Tulare Lake,0.5,172.1450522,303.0,2.9,173.8665042925759,123.17401238729194,124.0947375870999,151263.85736814,152776.49732188645,4,Good,504.75269918290655
TRANQUILLITY I.D.,Onions & Garlic,Tulare Lake,0.5,370.5070886,2366.0,7.7,348.00008717768407,464.47876109634535,435.17264880310694,6749972.241532519,6339935.188220484,4,Good,504.75269918290655
TRANQUILLITY I.D.,Other Deciduous,Tulare Lake,0.5,54.71666716,1850.0,7.8,52.838344928731196,191.62721730613853,184.5863841979291,789561.5071188,762457.3173215912,4,Good,504.75269918290655
TRANQUILLITY I.D.,Tomato Processing,Tulare Lake,0.5,1366.825793,93.0,51.2,1110.8999784613907,3034.6350124616656,2460.260856765132,6508277.6959488,5289661.337441758,4,Good,504.75269918290655
TRANQUILLITY I.D.,Truck Crops,Tulare Lake,0.5,26.53025848,941.0,19.4,25.244304621822703,48.957732402836335,46.46822952199036,484320.48065579194,460844.8785932221,4,Good,504.75269918290655
TRANQUILLITY I.D.,Vineyard,Tulare Lake,0.5,101.9321298,1492.427601,10.07028874,96.70940556454205,408.6373440306542,386.73062788860125,1531956.0070530777,1453462.7607980438,4,Good,504.75269918290655
TRANQUILLITY I.D.,Alfalfa,Tulare Lake,0.55,106.4868569,264.0,7.7,6.365916233841223e-21,481.8030784279419,6.365916233838917e-08,216466.48270632,1.2940634520152438e-17,4,Good,423.6368569848711
TRANQUILLITY I.D.,Almonds & Pistachios,Tulare Lake,0.55,4127.322699,4710.43212,1.191892935,2873.963015601554,16787.151805649828,11660.110517619158,23172154.804531094,16135378.974886455,4,Good,423.6368569848711
TRANQUILLITY I.D.,Corn,Tulare Lake,0.55,107.0194188,71.0,20.6,18.739826195605065,244.05107862959858,42.62816153334931,156526.60193688,27408.86979369197,4,Good,423.6368569848711
TRANQUILLITY I.D.,Cotton,Tulare Lake,0.55,1973.649523,3438.0,0.8,54.03751216569009,7399.807533498234,202.09642753373979,5428325.6480592005,148624.77346051403,4,Good,423.6368569848711
TRANQUILLITY I.D.,Cucurbits,Tulare Lake,0.55,346.2873917,485.0,17.3,344.11728764892734,845.6796004594919,838.2789613092166,2905524.36005885,2887316.1020183247,4,Good,423.6368569848711
TRANQUILLITY I.D.,Grain,Tulare Lake,0.55,172.1450522,303.0,2.9,173.8665043449787,123.17401238729194,124.0947376245105,151263.85736814,152776.49736793275,4,Good,423.6368569848711
TRANQUILLITY I.D.,Onions & Garlic,Tulare Lake,0.55,370.5070886,2366.0,7.7,349.02875098770045,464.47876109634535,436.45898858134626,6749972.241532519,6358675.591244125,4,Good,423.6368569848711
TRANQUILLITY I.D.,Other Deciduous,Tulare Lake,0.55,54.71666716,1850.0,7.8,53.03140485978437,191.62721730613853,185.26082308611444,789561.5071188,765243.1721266884,4,Good,423.6368569848711
TRANQUILLITY I.D.,Tomato Processing,Tulare Lake,0.55,1366.825793,93.0,51.2,1170.5607936122024,3034.6350124616656,2592.389015051167,6508277.6959488,5573742.274863863,4,Good,423.6368569848711
TRANQUILLITY I.D.,Truck Crops,Tulare Lake,0.55,26.53025848,941.0,19.4,25.349334339838723,48.957732402836335,46.661562042774996,484320.48065579194,462762.23810749175,4,Good,423.6368569848711
TRANQUILLITY I.D.,Vineyard,Tulare Lake,0.55,101.9321298,1492.427601,10.07028874,97.15753565582527,408.6373440306542,388.5226524651268,1531956.0070530777,1460197.7871987436,4,Good,423.6368569848711
TRANQUILLITY I.D.,Alfalfa,Tulare Lake,0.6,106.4868569,264.0,7.7,9.531851835926115e-20,481.8030784279419,6.359014402871851e-08,216466.48270632,1.9376348412070606e-16,2,Good,397.71077040200754
TRANQUILLITY I.D.,Almonds & Pistachios,Tulare Lake,0.6,4127.322699,4710.43212,1.191892935,2953.2395261872557,16787.151805649828,11981.747528901666,23172154.804531094,16580463.527179884,2,Good,397.71077040200754
TRANQUILLITY I.D.,Corn,Tulare Lake,0.6,107.0194188,71.0,20.6,52.055459030681824,244.05107862959858,118.41243833233041,156526.60193688,76136.31437827524,2,Good,397.71077040200754
TRANQUILLITY I.D.,Cotton,Tulare Lake,0.6,1973.649523,3438.0,0.8,337.9448658534055,7399.807533498234,1263.889608045328,5428325.6480592005,929483.5590432064,2,Good,397.71077040200754
TRANQUILLITY I.D.,Cucurbits,Tulare Lake,0.6,346.2873917,485.0,17.3,344.28341652398643,845.6796004594919,838.6836557139956,2905524.36005885,2888710.0063445084,2,Good,397.71077040200754
TRANQUILLITY I.D.,Grain,Tulare Lake,0.6,172.1450522,303.0,2.9,173.86650435772972,123.17401238729194,124.09473763361487,151263.85736814,152776.4973791371,2,Good,397.71077040200754
TRANQUILLITY I.D.,Onions & Garlic,Tulare Lake,0.6,370.5070886,2366.0,7.7,349.3560669345696,464.47876109634535,436.86829579954286,6749972.241532519,6364638.698627376,2,Good,397.71077040200754
TRANQUILLITY I.D.,Other Deciduous,Tulare Lake,0.6,54.71666716,1850.0,7.8,53.092021426897865,191.62721730613853,185.47258204568436,789561.5071188,766117.8691901362,2,Good,397.71077040200754
TRANQUILLITY I.D.,Tomato Processing,Tulare Lake,0.6,1366.825793,93.0,51.2,1188.9105152317716,3034.6350124616656,2633.0273287672753,6508277.6959488,5661116.309327604,2,Good,397.71077040200754
TRANQUILLITY I.D.,Truck Crops,Tulare Lake,0.6,26.53025848,941.0,19.4,25.38269098579035,48.957732402836335,46.72296299264889,484320.48065579194,463371.1770219971,2,Good,397.71077040200754
TRANQUILLITY I.D.,Vineyard,Tulare Lake,0.6,101.9321298,1492.427601,10.07028874,97.29762814523808,408.6373440306542,389.08286743149745,1531956.0070530777,1462303.2619996732,2,Good,397.71077040200754
TRANQUILLITY I.D.,Alfalfa,Tulare Lake,0.65,106.4868569,264.0,7.7,1.139767752389155e-19,481.8030784279419,6.349531526150414e-08,216466.48270632,2.3169198870566746e-16,2,Good,366.3943369129956
TRANQUILLITY I.D.,Almonds & Pistachios,Tulare Lake,0.65,4127.322699,4710.43212,1.191892935,3044.184230862227,16787.151805649828,12350.72420039639,23172154.804531094,17091057.180516317,2,Good,366.3943369129956
TRANQUILLITY I.D.,Corn,Tulare Lake,0.65,107.0194188,71.0,20.6,70.56772950347575,244.05107862959858,160.52297054504535,156526.60193688,103212.36117178363,2,Good,366.3943369129956
TRANQUILLITY I.D.,Cotton,Tulare Lake,0.65,1973.649523,3438.0,0.8,616.1094284003119,7399.807533498234,2304.205160763188,5428325.6480592005,1694547.3718722179,2,Good,366.3943369129956
TRANQUILLITY I.D.,Cucurbits,Tulare Lake,0.65,346.2873917,485.0,17.3,344.4819830016371,845.6796004594919,839.1673689905776,2905524.36005885,2890376.078375236,2,Good,366.3943369129956
TRANQUILLITY I.D.,Grain,Tulare Lake,0.65,172.1450522,303.0,2.9,173.86650437129416,123.17401238729194,124.09473764330116,151263.85736814,152776.49739105615,2,Good,366.3943369129956
TRANQUILLITY I.D.,Onions & Garlic,Tulare Lake,0.65,370.5070886,2366.0,7.7,349.7504976643447,464.47876109634535,437.361529772184,6749972.241532519,6371824.516548566,2,Good,366.3943369129956
TRANQUILLITY I.D.,Other Deciduous,Tulare Lake,0.65,54.71666716,1850.0,7.8,53.16455870317256,191.62721730613853,185.72598501597332,789561.5071188,767164.58208678,2,Good,366.3943369129956
TRANQUILLITY I.D.,Tomato Processing,Tulare Lake,0.65,1366.825793,93.0,51.2,1210.6404171256565,3034.6350124616656,2681.1515776519445,6508277.6959488,5764585.410185527,2,Good,366.3943369129956
TRANQUILLITY I.D.,Truck Crops,Tulare Lake,0.65,26.53025848,941.0,19.4,25.42284695247913,48.957732402836335,46.79687973183778,484320.48065579194,464104.24025628745,2,Good,366.3943369129956
TRANQUILLITY I.D.,Vineyard,Tulare Lake,0.65,101.9321298,1492.427601,10.07028874,97.46489604407301,408.6373440306542,389.7517539700579,1531956.0070530777,1464817.1608352032,2,Good,366.3943369129956
TRANQUILLITY I.D.,Alfalfa,Tulare Lake,0.7,106.4868569,264.0,7.7,1.0301083766050059e-19,481.8030784279419,6.33632052110626e-08,216466.48270632,2.0940043079626558e-16,2,Good,329.42074989539464
TRANQUILLITY I.D.,Almonds & Pistachios,Tulare Lake,0.7,4127.322699,4710.43212,1.191892935,3145.481524290045,16787.151805649828,12761.702918662615,23172154.804531094,17659773.69138137,2,Good,329.42074989539464
TRANQUILLITY I.D.,Corn,Tulare Lake,0.7,107.0194188,71.0,20.6,83.95482047046066,244.05107862959858,190.97507128701878,156526.60193688,122792.32042009577,2,Good,329.42074989539464
TRANQUILLITY I.D.,Cotton,Tulare Lake,0.7,1973.649523,3438.0,0.8,884.0944633569862,7399.807533498234,3306.4500089510834,5428325.6480592005,2431613.412017055,2,Good,329.42074989539464
TRANQUILLITY I.D.,Cucurbits,Tulare Lake,0.7,346.2873917,485.0,17.3,344.71352521514905,845.6796004594919,839.7314120461157,2905524.36005885,2892318.833317708,2,Good,329.42074989539464
TRANQUILLITY I.D.,Grain,Tulare Lake,0.7,172.1450522,303.0,2.9,173.86650438519254,123.17401238729194,124.09473765322768,151263.85736814,152776.49740326867,2,Good,329.42074989539464
TRANQUILLITY I.D.,Onions & Garlic,Tulare Lake,0.7,370.5070886,2366.0,7.7,350.21486574721683,464.47876109634535,437.94222011147264,6749972.241532519,6380284.467155946,2,Good,329.42074989539464
TRANQUILLITY I.D.,Other Deciduous,Tulare Lake,0.7,54.71666716,1850.0,7.8,53.249258000978024,191.62721730613853,186.02187500178948,789561.5071188,768386.7929541129,2,Good,329.42074989539464
TRANQUILLITY I.D.,Tomato Processing,Tulare Lake,0.7,1366.825793,93.0,51.2,1235.7088515575645,3034.6350124616656,2736.66952631286,6508277.6959488,5883951.267576499,2,Good,329.42074989539464
TRANQUILLITY I.D.,Truck Crops,Tulare Lake,0.7,26.53025848,941.0,19.4,25.470066843930567,48.957732402836335,46.8837993278875,484320.48065579194,464966.25826269004,2,Good,329.42074989539464
TRANQUILLITY I.D.,Vineyard,Tulare Lake,0.7,101.9321298,1492.427601,10.07028874,97.65969991762684,408.6373440306542,390.53075394309,1531956.0070530777,1467744.9027049507,2,Good,329.42074989539464
TRANQUILLITY I.D.,Alfalfa,Tulare Lake,0.75,106.4868569,264.0,7.7,4.2108339982516735e-18,481.8030784279419,1.7033433460704853e-08,216466.48270632,8.559783351646002e-15,5,Good,286.28392480903443
TRANQUILLITY I.D.,Almonds & Pistachios,Tulare Lake,0.75,4127.322699,4710.43212,1.191892935,3256.3072058228004,16787.151805649828,13211.339774705448,23172154.804531094,18281985.72472126,5,Good,286.28392480903443
TRANQUILLITY I.D.,Corn,Tulare Lake,0.75,107.0194188,71.0,20.6,94.70688791825238,244.05107862959858,215.43318853413393,156526.60193688,138518.29426923595,5,Good,286.28392480903443
TRANQUILLITY I.D.,Cotton,Tulare Lake,0.75,1973.649523,3438.0,0.8,1141.229106488641,7399.807533498234,4268.115168343837,5428325.6480592005,3138836.5344863585,5,Good,286.28392480903443
TRANQUILLITY I.D.,Cucurbits,Tulare Lake,0.75,346.2873917,485.0,17.3,344.97980751680495,845.6796004594919,840.3800828394765,2905524.36005885,2894553.0749697518,5,Good,286.28392480903443
TRANQUILLITY I.D.,Grain,Tulare Lake,0.75,172.1450522,303.0,2.9,173.8665044379153,123.17401238729194,124.09473764361687,151263.85736814,152776.49744959615,5,Good,286.28392480903443
TRANQUILLITY I.D.,Onions & Garlic,Tulare Lake,0.75,370.5070886,2366.0,7.7,350.75485262644713,464.47876109634535,438.617471389268,6749972.241532519,6390122.056119139,5,Good,286.28392480903443
TRANQUILLITY I.D.,Other Deciduous,Tulare Lake,0.75,54.71666716,1850.0,7.8,53.34681797248812,191.62721730613853,186.36269263776663,789561.5071188,769794.5833430035,5,Good,286.28392480903443
TRANQUILLITY I.D.,Tomato Processing,Tulare Lake,0.75,1366.825793,93.0,51.2,1264.1917187167617,3034.6350124616656,2799.749267479505,6508277.6959488,6019575.287841733,5,Good,286.28392480903443
TRANQUILLITY I.D.,Truck Crops,Tulare Lake,0.75,26.53025848,941.0,19.4,25.52490012313869,48.957732402836335,46.984733149804455,484320.48065579194,465967.26170794596,5,Good,286.28392480903443
TRANQUILLITY I.D.,Vineyard,Tulare Lake,0.75,101.9321298,1492.427601,10.07028874,97.88341469319154,408.6373440306542,391.4253654908742,1531956.0070530777,1471107.151634364,5,Good,286.28392480903443
TRANQUILLITY I.D.,Alfalfa,Tulare Lake,0.8,106.4868569,264.0,7.7,6.287996323402659e-21,481.8030784279419,6.287996323399706e-08,216466.48270632,1.2782238926212925e-17,5,Good,236.39858706446486
TRANQUILLITY I.D.,Almonds & Pistachios,Tulare Lake,0.8,4127.322699,4710.43212,1.191892935,3375.8308768367633,16787.151805649828,13696.265713576428,23172154.804531094,18953031.147995878,5,Good,236.39858706446486
TRANQUILLITY I.D.,Corn,Tulare Lake,0.8,107.0194188,71.0,20.6,103.84126428441117,244.05107862959858,236.21148537555257,156526.60193688,151878.2331423798,5,Good,236.39858706446486
TRANQUILLITY I.D.,Cotton,Tulare Lake,0.8,1973.649523,3438.0,0.8,1387.7470946104079,7399.807533498234,5190.074798043056,5428325.6480592005,3816859.609016466,5,Good,236.39858706446486
TRANQUILLITY I.D.,Cucurbits,Tulare Lake,0.8,346.2873917,485.0,17.3,345.28272695668943,845.6796004594919,841.1180027882317,2905524.36005885,2897094.7205301025,5,Good,236.39858706446486
TRANQUILLITY I.D.,Grain,Tulare Lake,0.8,172.1450522,303.0,2.9,173.8665044127049,123.17401238729194,124.09473767288922,151263.85736814,152776.49742744377,5,Good,236.39858706446486
TRANQUILLITY I.D.,Onions & Garlic,Tulare Lake,0.8,370.5070886,2366.0,7.7,351.37693332438266,464.47876109634535,439.3953807413625,6749972.241532519,6401455.246690269,5,Good,236.39858706446486
TRANQUILLITY I.D.,Other Deciduous,Tulare Lake,0.8,54.71666716,1850.0,7.8,53.45799704927203,191.62721730613853,186.7510875887149,789561.5071188,771398.8974209954,5,Good,236.39858706446486
TRANQUILLITY I.D.,Tomato Processing,Tulare Lake,0.8,1366.825793,93.0,51.2,1296.1605247713735,3034.6350124616656,2870.549162836543,6508277.6959488,6171797.954751372,5,Good,236.39858706446486
TRANQUILLITY I.D.,Truck Crops,Tulare Lake,0.8,26.53025848,941.0,19.4,25.587968985132704,48.957732402836335,47.10082664827294,484320.48065579194,467118.6090111915,5,Good,236.39858706446486
TRANQUILLITY I.D.,Vineyard,Tulare Lake,0.8,101.9321298,1492.427601,10.07028874,98.13750500114399,408.6373440306542,392.4414456577948,1531956.0070530777,1474925.9198124202,5,Good,236.39858706446486
TRANQUILLITY I.D.,Alfalfa,Tulare Lake,0.85,106.4868569,264.0,7.7,1.0316010142231236e-07,481.8030784279419,5.097307716268691e-07,216466.48270632,0.00020970385417127656,2,Good,178.75941371055814
TRANQUILLITY I.D.,Almonds & Pistachios,Tulare Lake,0.85,4127.322699,4710.43212,1.191892935,3503.949467516457,16787.151805649828,14216.062564987038,23172154.804531094,19672331.293169286,2,Good,178.75941371055814
TRANQUILLITY I.D.,Corn,Tulare Lake,0.85,107.0194188,71.0,20.6,108.0896139317339,244.05107862959858,245.87536017191758,156526.60193688,158091.869336554,2,Good,178.75941371055814
TRANQUILLITY I.D.,Cotton,Tulare Lake,0.85,1973.649523,3438.0,0.8,1625.5781596034533,7399.807533498234,6079.545956974235,5428325.6480592005,4470990.170173338,2,Good,178.75941371055814
TRANQUILLITY I.D.,Cucurbits,Tulare Lake,0.85,346.2873917,485.0,17.3,345.6262556440705,845.6796004594919,841.9548478676469,2905524.36005885,2899977.0979815735,2,Good,178.75941371055814
TRANQUILLITY I.D.,Grain,Tulare Lake,0.85,172.1450522,303.0,2.9,173.86650444158047,123.17401238729194,124.09473765971188,151263.85736814,152776.49745281675,2,Good,178.75941371055814
TRANQUILLITY I.D.,Onions & Garlic,Tulare Lake,0.85,370.5070886,2366.0,7.7,352.0925480529872,464.47876109634535,440.2902539217452,6749972.241532519,6414492.458938931,2,Good,178.75941371055814
TRANQUILLITY I.D.,Other Deciduous,Tulare Lake,0.85,54.71666716,1850.0,7.8,53.58432981037137,191.62721730613853,187.1924205972188,789561.5071188,773221.879163659,2,Good,178.75941371055814
TRANQUILLITY I.D.,Tomato Processing,Tulare Lake,0.85,1366.825793,93.0,51.2,1331.8824055906891,3034.6350124616656,2949.660826147336,6508277.6959488,6341891.262460626,2,Good,178.75941371055814
TRANQUILLITY I.D.,Truck Crops,Tulare Lake,0.85,26.53025848,941.0,19.4,25.66038838767746,48.957732402836335,47.23413198466265,484320.48065579194,468440.65417240706,2,Good,178.75941371055814
TRANQUILLITY I.D.,Vineyard,Tulare Lake,0.85,101.9321298,1492.427601,10.07028874,98.42514790999952,408.6373440306542,393.5916990254306,1531956.0070530777,1479248.9559637501,2,Good,178.75941371055814
TRANQUILLITY I.D.,Alfalfa,Tulare Lake,0.9,106.4868569,264.0,7.7,53.84325764505332,481.8030784279419,243.00644387668694,216466.48270632,109452.57414086438,2,Good,123.84418062904676
TRANQUILLITY I.D.,Almonds & Pistachios,Tulare Lake,0.9,4127.322699,4710.43212,1.191892935,3617.4077150439134,16787.151805649828,14676.380146721518,23172154.804531094,20309323.422763135,2,Good,123.84418062904676
TRANQUILLITY I.D.,Corn,Tulare Lake,0.9,107.0194188,71.0,20.6,108.08961402134346,244.05107862959858,245.87536038969503,156526.60193688,158091.86946761695,2,Good,123.84418062904676
TRANQUILLITY I.D.,Cotton,Tulare Lake,0.9,1973.649523,3438.0,0.8,1818.6495150595454,7399.807533498234,6801.619006216127,5428325.6480592005,5002013.626219774,2,Good,123.84418062904676
TRANQUILLITY I.D.,Cucurbits,Tulare Lake,0.9,346.2873917,485.0,17.3,345.94732874494974,845.6796004594919,842.7369905882106,2905524.36005885,2902671.0618345006,2,Good,123.84418062904676
TRANQUILLITY I.D.,Grain,Tulare Lake,0.9,172.1450522,303.0,2.9,173.86650444303137,123.17401238729194,124.09473767437044,151263.85736814,152776.49745409164,2,Good,123.84418062904676
TRANQUILLITY I.D.,Onions & Garlic,Tulare Lake,0.9,370.5070886,2366.0,7.7,352.7712222011737,464.47876109634535,441.1389331118198,6749972.241532519,6426856.680305423,2,Good,123.84418062904676
TRANQUILLITY I.D.,Other Deciduous,Tulare Lake,0.9,54.71666716,1850.0,7.8,53.702640344261496,191.62721730613853,187.60572866919188,789561.5071188,774929.1001676933,2,Good,123.84418062904676
TRANQUILLITY I.D.,Tomato Processing,Tulare Lake,0.9,1366.825793,93.0,51.2,1364.7812562385573,3034.6350124616656,3022.5204499355364,6508277.6959488,6498542.429705515,2,Good,123.84418062904676
TRANQUILLITY I.D.,Truck Crops,Tulare Lake,0.9,26.53025848,941.0,19.4,25.728939712295247,48.957732402836335,47.36031724327177,484320.48065579194,469692.0860238346,2,Good,123.84418062904676
TRANQUILLITY I.D.,Vineyard,Tulare Lake,0.9,101.9321298,1492.427601,10.07028874,98.69350842906941,408.6373440306542,394.6648442151957,1531956.0070530777,1483282.1936685997,2,Good,123.84418062904676
TRANQUILLITY I.D.,Alfalfa,Tulare Lake,0.95,106.4868569,264.0,7.7,107.55172645280949,481.8030784279419,485.4045561246025,216466.48270632,218631.14953327112,2,Good,50.86172968720048
TRANQUILLITY I.D.,Almonds & Pistachios,Tulare Lake,0.95,4127.322699,4710.43212,1.191892935,3757.053190097019,16787.151805649828,15242.943343143252,23172154.804531094,21093339.30949447,2,Good,50.86172968720048
TRANQUILLITY I.D.,Corn,Tulare Lake,0.95,107.0194188,71.0,20.6,108.08961404344612,244.05107862959858,245.87536048459611,156526.60193688,158091.8694999443,2,Good,50.86172968720048
TRANQUILLITY I.D.,Cotton,Tulare Lake,0.95,1973.649523,3438.0,0.8,1993.3860380118563,7399.807533498234,7455.121094346214,5428325.6480592005,5482608.958947809,2,Good,50.86172968720048
TRANQUILLITY I.D.,Cucurbits,Tulare Lake,0.95,346.2873917,485.0,17.3,346.36502443784457,845.6796004594919,843.7545085883964,2905524.36005885,2906175.7375457347,2,Good,50.86172968720048
TRANQUILLITY I.D.,Grain,Tulare Lake,0.95,172.1450522,303.0,2.9,173.86650444464956,123.17401238729194,124.09473771854368,151263.85736814,152776.49745551357,2,Good,50.86172968720048
TRANQUILLITY I.D.,Onions & Garlic,Tulare Lake,0.95,370.5070886,2366.0,7.7,353.6685143304551,464.47876109634535,442.2609932081353,6749972.241532519,6443203.727775097,2,Good,50.86172968720048
TRANQUILLITY I.D.,Other Deciduous,Tulare Lake,0.95,54.71666716,1850.0,7.8,53.85689025901522,191.62721730613853,188.14458803037815,789561.5071188,777154.9264375897,2,Good,50.86172968720048
TRANQUILLITY I.D.,Tomato Processing,Tulare Lake,0.95,1366.825793,93.0,51.2,1380.4940646459281,3034.6350124616656,3057.3189091007152,6508277.6959488,6573360.538218052,2,Good,50.86172968720048
TRANQUILLITY I.D.,Truck Crops,Tulare Lake,0.95,26.53025848,941.0,19.4,25.819381041746205,48.957732402836335,47.52679637825707,484320.48065579194,471343.1286694936,2,Good,50.86172968720048
TRANQUILLITY I.D.,Vineyard,Tulare Lake,0.95,101.9321298,1492.427601,10.07028874,99.0419512964802,408.6373440306542,396.0582302306999,1531956.0070530777,1488519.003150479,2,Good,50.86172968720048
TRANQUILLITY I.D.,Alfalfa,Tulare Lake,1.0,106.4868569,264.0,7.7,107.55172651685866,481.8030784279419,485.40455653783687,216466.48270632,218631.14966347028,2,Good,7.951720304891722e-09
TRANQUILLITY I.D.,Almonds & Pistachios,Tulare Lake,1.0,4127.322699,4710.43212,1.191892935,3847.828346158512,16787.151805649828,15611.232129920898,23172154.804531094,21602981.06083415,2,Good,7.951720304891722e-09
TRANQUILLITY I.D.,Corn,Tulare Lake,1.0,107.0194188,71.0,20.6,108.08961404967258,244.05107862959858,245.8753606263215,156526.60193688,158091.86950905112,2,Good,7.951720304891722e-09
TRANQUILLITY I.D.,Cotton,Tulare Lake,1.0,1973.649523,3438.0,0.8,1993.3860381275003,7399.807533498234,7455.121094921395,5428325.6480592005,5482608.9592658775,2,Good,7.951720304891722e-09
TRANQUILLITY I.D.,Cucurbits,Tulare Lake,1.0,346.2873917,485.0,17.3,346.65027228097256,845.6796004594919,844.4493803455941,2905524.36005885,2908569.1095735,2,Good,7.951720304891722e-09
TRANQUILLITY I.D.,Grain,Tulare Lake,1.0,172.1450522,303.0,2.9,173.86650444561226,123.17401238729194,124.09473783743032,151263.85736814,152776.49745635947,2,Good,7.951720304891722e-09
TRANQUILLITY I.D.,Onions & Garlic,Tulare Lake,1.0,370.5070886,2366.0,7.7,354.29072119003683,464.47876109634535,443.039060470655,6749972.241532519,6454539.216784329,2,Good,7.951720304891722e-09
TRANQUILLITY I.D.,Other Deciduous,Tulare Lake,1.0,54.71666716,1850.0,7.8,53.96244336088037,191.62721730613853,188.5133292385316,789561.5071188,778678.0576975037,2,Good,7.951720304891722e-09
TRANQUILLITY I.D.,Tomato Processing,Tulare Lake,1.0,1366.825793,93.0,51.2,1380.4940646926125,3034.6350124616656,3057.3189094335935,6508277.6959488,6573360.538440344,2,Good,7.951720304891722e-09
TRANQUILLITY I.D.,Truck Crops,Tulare Lake,1.0,26.53025848,941.0,19.4,25.88196821544282,48.957732402836335,47.64200344005285,484320.48065579194,472485.6825601948,2,Good,7.951720304891722e-09
TRANQUILLITY I.D.,Vineyard,Tulare Lake,1.0,101.9321298,1492.427601,10.07028874,99.27947595327672,408.6373440306542,397.00806620609234,1531956.0070530777,1492088.803227418,2,Good,7.951720304891722e-09
Turner Island Water District,Alfalfa,San Joaquin River,0.5,805.3181971,282.0,6.8,5.494179780737387e-21,3329.962847175516,5.4941797807356754e-08,1544278.17475896,1.0535639147542012e-17,4,Good,397.94962296283757
Turner Island Water District,Corn,San Joaquin River,0.5,75.43745254,62.0,26.2,41.4106318369804,182.2440055231806,99.79091280175453,122540.59790597598,67267.43035599096,4,Good,397.94962296283757
Turner Island Water District,Cotton,San Joaquin River,0.5,1878.995841,3927.0,0.8,721.8442767726015,6828.360208019293,2616.658348963055,5903053.3340856,2267745.979908805,4,Good,397.94962296283757
Turner Island Water District,Grain,San Joaquin River,0.5,735.3085043,187.0,4.5,742.6615966973699,343.1367437770729,345.70168699967235,618762.10636845,624949.7336208367,4,Good,397.94962296283757
Turner Island Water District,Tomato Processing,San Joaquin River,0.5,2761.141671,97.0,48.5,2344.4260132950667,6570.580766154839,5564.991422703847,12989790.9912195,11029352.179546641,4,Good,397.94962296283757
Turner Island Water District,Alfalfa,San Joaquin River,0.55,805.3181971,282.0,6.8,1.2209559322798118e-21,3329.962847175516,1.2209559322800147e-08,1544278.17475896,2.341305095739767e-18,3,Good,359.3241544679588
Turner Island Water District,Corn,San Joaquin River,0.55,75.43745254,62.0,26.2,52.19502484479593,182.2440055231806,125.77903160116904,122540.59790597598,84785.5983578865,3,Good,359.3241544679588
Turner Island Water District,Cotton,San Joaquin River,0.55,1878.995841,3927.0,0.8,913.3256163182841,6828.360208019293,3310.771001609542,5903053.3340856,2869303.7562255217,3,Good,359.3241544679588
Turner Island Water District,Grain,San Joaquin River,0.55,735.3085043,187.0,4.5,742.6615967480038,343.1367437770729,345.7016869797891,618762.10636845,624949.7336634452,3,Good,359.3241544679588
Turner Island Water District,Tomato Processing,San Joaquin River,0.55,2761.141671,97.0,48.5,2404.5063788945367,6570.580766154839,5707.604888528001,12989790.9912195,11312000.259509347,3,Good,359.3241544679588
Turner Island Water District,Alfalfa,San Joaquin River,0.6,805.3181971,282.0,6.8,4.032336519981856e-08,3329.962847175516,2.2244699164987663e-07,1544278.17475896,7.732408510717206e-05,2,Good,315.10345035129353
Turner Island Water District,Corn,San Joaquin River,0.6,75.43745254,62.0,26.2,60.352452451119746,182.2440055231806,145.4367164100729,122540.59790597598,98036.5237615989,2,Good,315.10345035129353
Turner Island Water District,Cotton,San Joaquin River,0.6,1878.995841,3927.0,0.8,1102.230346731477,6828.360208019293,3995.5435431700853,5903053.3340856,3462766.8572916086,2,Good,315.10345035129353
Turner Island Water District,Grain,San Joaquin River,0.6,735.3085043,187.0,4.5,742.6615967127872,343.1367437770729,345.7016870109333,618762.10636845,624949.7336338104,2,Good,315.10345035129353
Turner Island Water District,Tomato Processing,San Joaquin River,0.6,2761.141671,97.0,48.5,2471.188448132612,6570.580766154839,5865.888895515656,12989790.9912195,11625706.054239873,2,Good,315.10345035129353
Turner Island Water District,Alfalfa,San Joaquin River,0.65,805.3181971,282.0,6.8,1.8877158366167618e-21,3329.962847175516,1.887715836616822e-08,1544278.17475896,3.6198838882963024e-18,2,Good,264.8130601452675
Turner Island Water District,Corn,San Joaquin River,0.65,75.43745254,62.0,26.2,67.04636673727384,182.2440055231806,161.567641852791,122540.59790597598,108910.11812802762,2,Good,264.8130601452675
Turner Island Water District,Cotton,San Joaquin River,0.65,1878.995841,3927.0,0.8,1287.7870262520541,6828.360208019293,4668.179526094333,5903053.3340856,4045711.7216734537,2,Good,264.8130601452675
Turner Island Water District,Grain,San Joaquin River,0.65,735.3085043,187.0,4.5,742.6615967514011,343.1367437770729,345.70168698834084,618762.10636845,624949.733666304,2,Good,264.8130601452675
Turner Island Water District,Tomato Processing,San Joaquin River,0.65,2761.141671,97.0,48.5,2544.4691761849913,6570.580766154839,6039.836215933764,12989790.9912195,11970455.239362292,2,Good,264.8130601452675
Turner Island Water District,Alfalfa,San Joaquin River,0.7,805.3181971,282.0,6.8,8.785442627225378e-08,3329.962847175516,4.498305255463228e-07,1544278.17475896,0.00016846964781967383,2,Good,207.90456471283642
Turner Island Water District,Corn,San Joaquin River,0.7,75.43745254,62.0,26.2,72.80478093850206,182.2440055231806,175.44420894333078,122540.59790597598,118264.08615650274,2,Good,207.90456471283642
Turner Island Water District,Cotton,San Joaquin River,0.7,1878.995841,3927.0,0.8,1469.6487110994526,6828.360208019293,5327.421292431499,5903053.3340856,4617048.390790041,2,Good,207.90456471283642
Turner Island Water District,Grain,San Joaquin River,0.7,735.3085043,187.0,4.5,742.6615967314192,343.1367437770729,345.7016870244372,618762.10636845,624949.7336494892,2,Good,207.90456471283642
Turner Island Water District,Tomato Processing,San Joaquin River,0.7,2761.141671,97.0,48.5,2624.3423535852717,6570.580766154839,6229.4321105156,12989790.9912195,12346218.60244191,2,Good,207.90456471283642
Turner Island Water District,Alfalfa,San Joaquin River,0.75,805.3181971,282.0,6.8,69.16486859723938,3329.962847175516,285.279346992333,1544278.17475896,132630.55202206623,2,Good,165.80438566966006
Turner Island Water District,Corn,San Joaquin River,0.75,75.43745254,62.0,26.2,76.19181123083494,182.2440055231806,183.60623951461315,122540.59790597598,123765.97816336827,2,Good,165.80438566966006
Turner Island Water District,Cotton,San Joaquin River,0.75,1878.995841,3927.0,0.8,1589.272804374108,6828.360208019293,5761.054130490195,5903053.3340856,4992859.442221698,2,Good,165.80438566966006
Turner Island Water District,Grain,San Joaquin River,0.75,735.3085043,187.0,4.5,742.6615967518158,343.1367437770729,345.7016870026299,618762.10636845,624949.7336666529,2,Good,165.80438566966006
Turner Island Water District,Tomato Processing,San Joaquin River,0.75,2761.141671,97.0,48.5,2681.484935096264,6570.580766154839,6365.072123932823,12989790.9912195,12615045.877160374,2,Good,165.80438566966006
Turner Island Water District,Alfalfa,San Joaquin River,0.8,805.3181971,282.0,6.8,231.2091780369992,3329.962847175516,953.6518272915429,1544278.17475896,443366.71980374964,2,Good,150.66809118310897
Turner Island Water District,Corn,San Joaquin River,0.8,75.43745254,62.0,26.2,76.19182759627334,182.2440055231806,183.60627895538556,122540.59790597598,123766.00474738641,2,Good,150.66809118310897
Turner Island Water District,Cotton,San Joaquin River,0.8,1878.995841,3927.0,0.8,1629.683559237453,6828.360208019293,5907.541596697934,5903053.3340856,5119813.869700382,2,Good,150.66809118310897
Turner Island Water District,Grain,San Joaquin River,0.8,735.3085043,187.0,4.5,742.6615967520579,343.1367437770729,345.7016870061731,618762.10636845,624949.7336668568,2,Good,150.66809118310897
Turner Island Water District,Tomato Processing,San Joaquin River,0.8,2761.141671,97.0,48.5,2701.6450256716457,6570.580766154839,6412.926366508545,12989790.9912195,12709889.023272257,2,Good,150.66809118310897
Turner Island Water District,Alfalfa,San Joaquin River,0.85,805.3181971,282.0,6.8,390.2633779373003,3329.962847175516,1609.6912183752966,1544278.17475896,748369.053532567,2,Good,134.13049529875195
Turner Island Water District,Corn,San Joaquin River,0.85,75.43745254,62.0,26.2,76.1918276250304,182.2440055231806,183.60627905335545,122540.59790597598,123766.00479409937,2,Good,134.13049529875195
Turner Island Water District,Cotton,San Joaquin River,0.85,1878.995841,3927.0,0.8,1672.4217867265909,6828.360208019293,6062.466063644766,5903053.3340856,5254080.285180259,2,Good,134.13049529875195
Turner Island Water District,Grain,San Joaquin River,0.85,735.3085043,187.0,4.5,742.6615967442955,343.1367437770729,345.7016870308398,618762.10636845,624949.7336603246,2,Good,134.13049529875195
Turner Island Water District,Tomato Processing,San Joaquin River,0.85,2761.141671,97.0,48.5,2723.4464814396183,6570.580766154839,6464.676736848984,12989790.9912195,12812453.971932685,2,Good,134.13049529875195
Turner Island Water District,Alfalfa,San Joaquin River,0.9,805.3181971,282.0,6.8,546.3368566998215,3329.962847175516,2253.4362438353505,1544278.17475896,1047655.5564075777,2,Good,116.10312500611705
Turner Island Water District,Corn,San Joaquin River,0.9,75.43745254,62.0,26.2,76.19182775319354,182.2440055231806,183.60627934409231,122540.59790597598,123766.00500228757,2,Good,116.10312500611705
Turner Island Water District,Cotton,San Joaquin River,0.9,1878.995841,3927.0,0.8,1717.4371366076161,6828.360208019293,6225.645013553551,5903053.3340856,5395500.508366488,2,Good,116.10312500611705
Turner Island Water District,Grain,San Joaquin River,0.9,735.3085043,187.0,4.5,742.6615967525871,343.1367437770729,345.7016870167128,618762.10636845,624949.7336673021,2,Good,116.10312500611705
Turner Island Water District,Tomato Processing,San Joaquin River,0.9,2761.141671,97.0,48.5,2746.9498636224525,6570.580766154839,6520.466989756905,12989790.9912195,12923025.633411828,2,Good,116.10312500611705
Turner Island Water District,Alfalfa,San Joaquin River,0.95,805.3181971,282.0,6.8,699.4545081847475,3329.962847175516,2884.989581670483,1544278.17475896,1341273.9648950717,2,Good,96.49463480692215
Turner Island Water District,Corn,San Joaquin River,0.95,75.43745254,62.0,26.2,76.19182775912928,182.2440055231806,183.60627938217223,122540.59790597598,123766.00501192959,2,Good,96.49463480692215
Turner Island Water District,Cotton,San Joaquin River,0.95,1878.995841,3927.0,0.8,1764.664484154664,6828.360208019293,6396.842371833397,5903053.3340856,5543869.943420293,2,Good,96.49463480692215
Turner Island Water District,Grain,San Joaquin River,0.95,735.3085043,187.0,4.5,742.661596748975,343.1367437770729,345.7016870383297,618762.10636845,624949.7336642625,2,Good,96.49463480692215
Turner Island Water District,Tomato Processing,San Joaquin River,0.95,2761.141671,97.0,48.5,2772.211369755996,6570.580766154839,6580.430522076993,12989790.9912195,13041868.389017085,2,Good,96.49463480692215
Turner Island Water District,Alfalfa,San Joaquin River,1.0,805.3181971,282.0,6.8,813.3713871238689,3329.962847175516,3354.8543193479977,1544278.17475896,1559720.971948731,2,Good,1.0894884517802917e-07
Turner Island Water District,Corn,San Joaquin River,1.0,75.43745254,62.0,26.2,76.19182777754592,182.2440055231806,183.60627957202487,122540.59790597598,123766.0050418456,2,Good,1.0894884517802917e-07
Turner Island Water District,Cotton,San Joaquin River,1.0,1878.995841,3927.0,0.8,1846.7722349416085,6828.360208019293,6694.479879860741,5903053.3340856,5801819.653292558,2,Good,1.0894884517802917e-07
Turner Island Water District,Grain,San Joaquin River,1.0,735.3085043,187.0,4.5,742.6615967449198,343.1367437770729,345.7016871712096,618762.10636845,624949.7336608501,2,Good,1.0894884517802917e-07
Turner Island Water District,Tomato Processing,San Joaquin River,1.0,2761.141671,97.0,48.5,2777.204681872712,6570.580766154839,6592.2832056524085,12989790.9912195,13065359.425870175,2,Good,1.0894884517802917e-07
WEST STANISLAUS I.D.,Alfalfa,San Joaquin River,0.5,94.44847871,280.0,7.1,4.606904490761664e-22,390.5411875816505,4.6069044907631476e-09,187763.57567548,9.158526127634187e-19,5,Good,572.3706807076115
WEST STANISLAUS I.D.,Almonds & Pistachios,San Joaquin River,0.5,3073.046507,4845.5,1.15,1656.4428760370981,12677.851935661874,6816.570110907084,17124013.877118774,9230238.049213422,5,Good,572.3706807076115
WEST STANISLAUS I.D.,Citrus & Subtropical,San Joaquin River,0.5,43.45070261,913.5,3.9,37.07669897181006,141.10467314518507,120.10429949314998,154799.64565351652,132091.30159191912,5,Good,572.3706807076115
WEST STANISLAUS I.D.,Corn,San Joaquin River,0.5,388.2248773,66.77889546,26.94442209,4.606896557873186e-22,937.8850199823743,4.606896557873772e-09,698540.2993809863,8.289275337363781e-19,5,Good,572.3706807076115
WEST STANISLAUS I.D.,Cucurbits,San Joaquin River,0.5,472.5153384,507.0,13.6,467.4978353572442,1086.6090896357093,1072.3830160645543,3258087.7613356803,3223491.0743552702,5,Good,572.3706807076115
WEST STANISLAUS I.D.,Dry Beans,San Joaquin River,0.5,2580.55119,1752.0,1.3,6.693567220047092e-21,5708.440791787516,4.6069044908213265e-09,5877463.390344,1.5245268700379256e-17,5,Good,572.3706807076115
WEST STANISLAUS I.D.,Grain,San Joaquin River,0.5,578.0144497,203.0219178,3.642104912,583.7945999982237,269.7343971493554,271.75065864530694,427399.56220855186,431673.5621202196,5,Good,572.3706807076115
WEST STANISLAUS I.D.,Other Deciduous,San Joaquin River,0.5,355.5540354,4009.639737,2.345957883,338.1319589945086,1225.1813196581127,1162.2347999741294,3344499.8159407806,3180619.995913087,5,Good,572.3706807076115
WEST STANISLAUS I.D.,Pasture,San Joaquin River,0.5,3.62836231,344.0,5.0,4.606904490762187e-22,16.691145300285,4.606904490763817e-09,6240.7831731999995,7.923875724110961e-19,5,Good,572.3706807076115
WEST STANISLAUS I.D.,Tomato Processing,San Joaquin River,0.5,1514.092256,100.0,50.3,1117.309566888405,3603.026081546392,2652.1707748238173,7615884.04768,5620067.121448677,5,Good,572.3706807076115
WEST STANISLAUS I.D.,Truck Crops,San Joaquin River,0.5,4.85550086,717.0,19.8,4.49019229733161,12.9531782880016,11.94858692915181,68931.60350907601,63745.46396829794,5,Good,572.3706807076115
WEST STANISLAUS I.D.,Vineyard,San Joaquin River,0.5,662.6906968,1630.308163,11.30505992,632.3782609850797,2053.3368622693597,1954.5156941314056,12213874.280904971,11655193.916174917,5,Good,572.3706807076115
WEST STANISLAUS I.D.,Alfalfa,San Joaquin River,0.55,94.44847871,280.0,7.1,8.250568207879704e-19,390.5411875816505,6.834777641842101e-09,187763.57567548,1.6402129597264851e-15,3,Good,490.00767268439625
WEST STANISLAUS I.D.,Almonds & Pistachios,San Joaquin River,0.55,3073.046507,4845.5,1.15,1911.6463900434255,12677.851935661874,7866.779973824833,17124013.877118774,10652314.970398732,3,Good,490.00767268439625
WEST STANISLAUS I.D.,Citrus & Subtropical,San Joaquin River,0.55,43.45070261,913.5,3.9,38.58973933375398,141.10467314518507,125.00556249336017,154799.64565351652,137481.73483739863,3,Good,490.00767268439625
WEST STANISLAUS I.D.,Corn,San Joaquin River,0.55,388.2248773,66.77889546,26.94442209,68.45382106146862,937.8850199823743,164.9593107283741,698540.2993809863,123170.24346973951,3,Good,490.00767268439625
WEST STANISLAUS I.D.,Cucurbits,San Joaquin River,0.55,472.5153384,507.0,13.6,468.3909632826743,1086.6090896357093,1074.4317425998008,3258087.7613356803,3229649.370026696,3,Good,490.00767268439625
WEST STANISLAUS I.D.,Dry Beans,San Joaquin River,0.55,2580.55119,1752.0,1.3,1.4384115042777122e-18,5708.440791787516,6.834777647131442e-09,5877463.390344,3.276126042142917e-15,3,Good,490.00767268439625
WEST STANISLAUS I.D.,Grain,San Joaquin River,0.55,578.0144497,203.0219178,3.642104912,583.7946000031482,269.7343971493554,271.7506586498888,427399.56220855186,431673.5621238608,3,Good,490.00767268439625
WEST STANISLAUS I.D.,Other Deciduous,San Joaquin River,0.55,355.5540354,4009.639737,2.345957883,340.31879199574405,1225.1813196581127,1169.7514317178398,3344499.8159407806,3201190.322338709,3,Good,490.00767268439625
WEST STANISLAUS I.D.,Pasture,San Joaquin River,0.55,3.62836231,344.0,5.0,8.100655157022427e-19,16.691145300285,6.834777642774738e-09,6240.7831731999995,1.3933126870078576e-15,3,Good,490.00767268439625
WEST STANISLAUS I.D.,Tomato Processing,San Joaquin River,0.55,1514.092256,100.0,50.3,1189.3471554218293,3603.026081546392,2823.1672404952037,7615884.04768,5982416.191771802,3,Good,490.00767268439625
WEST STANISLAUS I.D.,Truck Crops,San Joaquin River,0.55,4.85550086,717.0,19.8,4.529081816676941,12.9531782880016,12.052173489392377,68931.60350907601,64297.562918635864,3,Good,490.00767268439625
WEST STANISLAUS I.D.,Vineyard,San Joaquin River,0.55,662.6906968,1630.308163,11.30505992,634.1357494723856,2053.3368622693597,1959.9476310654536,12213874.280904971,11687585.714547439,3,Good,490.00767268439625
WEST STANISLAUS I.D.,Alfalfa,San Joaquin River,0.6,94.44847871,280.0,7.1,6.467808591282691e-21,390.5411875816505,6.467808591280111e-08,187763.57567548,1.2858003479469988e-17,2,Good,410.7971534146512
WEST STANISLAUS I.D.,Almonds & Pistachios,San Joaquin River,0.6,3073.046507,4845.5,1.15,2115.4162978834506,12677.851935661874,8705.330993889083,17124013.877118774,11787787.122103399,2,Good,410.7971534146512
WEST STANISLAUS I.D.,Citrus & Subtropical,San Joaquin River,0.6,43.45070261,913.5,3.9,39.740641894966515,141.10467314518507,128.73373549510205,154799.64565351652,141581.99784710247,2,Good,410.7971534146512
WEST STANISLAUS I.D.,Corn,San Joaquin River,0.6,388.2248773,66.77889546,26.94442209,232.43998434208788,937.8850199823743,560.131472713448,698540.2993809863,418233.6211416038,2,Good,410.7971534146512
WEST STANISLAUS I.D.,Cucurbits,San Joaquin River,0.6,472.5153384,507.0,13.6,469.2191853750782,1086.6090896357093,1076.3315831280581,3258087.7613356803,3235360.126998239,2,Good,410.7971534146512
WEST STANISLAUS I.D.,Dry Beans,San Joaquin River,0.6,2580.55119,1752.0,1.3,2.8560269697398064e-07,5708.440791787516,7.144073926225788e-07,5877463.390344,0.0006504887026279383,2,Good,410.7971534146512
WEST STANISLAUS I.D.,Grain,San Joaquin River,0.6,578.0144497,203.0219178,3.642104912,583.7945999283328,269.7343971493554,271.7506586739513,427399.56220855186,431673.5620685403,2,Good,410.7971534146512
WEST STANISLAUS I.D.,Other Deciduous,San Joaquin River,0.6,355.5540354,4009.639737,2.345957883,342.3286114428716,1225.1813196581127,1176.6596285368732,3344499.8159407806,3220095.580335374,2,Good,410.7971534146512
WEST STANISLAUS I.D.,Pasture,San Joaquin River,0.6,3.62836231,344.0,5.0,6.4678085912832e-21,16.691145300285,6.467808591280574e-08,6240.7831731999995,1.1124630777007105e-17,2,Good,410.7971534146512
WEST STANISLAUS I.D.,Tomato Processing,San Joaquin River,0.6,1514.092256,100.0,50.3,1254.5148008500405,3603.026081546392,2977.85644200042,7615884.04768,6310209.448275704,2,Good,410.7971534146512
WEST STANISLAUS I.D.,Truck Crops,San Joaquin River,0.6,4.85550086,717.0,19.8,4.565781705331087,12.9531782880016,12.14983427837756,68931.60350907601,64818.57655790331,2,Good,410.7971534146512
WEST STANISLAUS I.D.,Vineyard,San Joaquin River,0.6,662.6906968,1630.308163,11.30505992,635.7928061312746,2053.3368622693597,1965.069159560648,12213874.280904971,11718126.48085929,2,Good,410.7971534146512
WEST STANISLAUS I.D.,Alfalfa,San Joaquin River,0.65,94.44847871,280.0,7.1,1.2597810736423842e-19,390.5411875816505,6.446902635596967e-08,187763.57567548,2.50444477440106e-16,3,Good,344.48019660097555
WEST STANISLAUS I.D.,Almonds & Pistachios,San Joaquin River,0.65,3073.046507,4845.5,1.15,2263.356309134366,12677.851935661874,9314.131619288622,17124013.877118774,12612156.945297154,3,Good,344.48019660097555
WEST STANISLAUS I.D.,Citrus & Subtropical,San Joaquin River,0.65,43.45070261,913.5,3.9,40.55132286563709,141.10467314518507,131.35981259448405,154799.64565351652,144470.170407262,3,Good,344.48019660097555
WEST STANISLAUS I.D.,Corn,San Joaquin River,0.65,388.2248773,66.77889546,26.94442209,289.51589023888107,937.8850199823743,697.6724010204883,698540.2993809863,520931.36856539286,3,Good,344.48019660097555
WEST STANISLAUS I.D.,Cucurbits,San Joaquin River,0.65,472.5153384,507.0,13.6,469.8909385153696,1086.6090896357093,1077.8725029024317,3258087.7613356803,3239991.9992511766,3,Good,344.48019660097555
WEST STANISLAUS I.D.,Dry Beans,San Joaquin River,0.65,2580.55119,1752.0,1.3,236.96236266614488,5708.440791787516,522.8742971856324,5877463.390344,539705.4772084116,3,Good,344.48019660097555
WEST STANISLAUS I.D.,Grain,San Joaquin River,0.65,578.0144497,203.0219178,3.642104912,583.7945999540005,269.7343971493554,271.7506586859079,427399.56220855186,431673.56208751973,3,Good,344.48019660097555
WEST STANISLAUS I.D.,Other Deciduous,San Joaquin River,0.65,355.5540354,4009.639737,2.345957883,343.94657154450215,1225.1813196581127,1182.220917510484,3344499.8159407806,3235314.8345790086,3,Good,344.48019660097555
WEST STANISLAUS I.D.,Pasture,San Joaquin River,0.65,3.62836231,344.0,5.0,2.597785099595812e-14,16.691145300285,6.446933804592794e-08,6240.7831731999995,4.4681903713047965e-11,3,Good,344.48019660097555
WEST STANISLAUS I.D.,Tomato Processing,San Joaquin River,0.65,1514.092256,100.0,50.3,1306.3028369869348,3603.026081546392,3100.7863085223507,7615884.04768,6570703.270044282,3,Good,344.48019660097555
WEST STANISLAUS I.D.,Truck Crops,San Joaquin River,0.65,4.85550086,717.0,19.8,4.59599581389475,12.9531782880016,12.230235934861692,68931.60350907601,65247.51417153821,3,Good,344.48019660097555
WEST STANISLAUS I.D.,Vineyard,San Joaquin River,0.65,662.6906968,1630.308163,11.30505992,637.1560337956407,2053.3368622693597,1969.2825394775607,12213874.280904971,11743251.763874762,3,Good,344.48019660097555
WEST STANISLAUS I.D.,Alfalfa,San Joaquin River,0.7,94.44847871,280.0,7.1,7.438977446277287e-20,390.5411875816505,1.5609182819536236e-08,187763.57567548,1.4788687163199248e-16,3,Good,304.9863014054964
WEST STANISLAUS I.D.,Almonds & Pistachios,San Joaquin River,0.7,3073.046507,4845.5,1.15,2343.6814915428117,12677.851935661874,9644.684664868426,17124013.877118774,13059754.967361297,3,Good,304.9863014054964
WEST STANISLAUS I.D.,Citrus & Subtropical,San Joaquin River,0.7,43.45070261,913.5,3.9,40.9840574096248,141.10467314518507,132.7615899595034,154799.64565351652,146011.8521303998,3,Good,304.9863014054964
WEST STANISLAUS I.D.,Corn,San Joaquin River,0.7,388.2248773,66.77889546,26.94442209,313.69398647703883,937.8850199823743,755.9365274707641,698540.2993809863,564435.4703687758,3,Good,304.9863014054964
WEST STANISLAUS I.D.,Cucurbits,San Joaquin River,0.7,472.5153384,507.0,13.6,470.2820993797086,1086.6090896357093,1078.7697781646423,3258087.7613356803,3242689.1316429665,3,Good,304.9863014054964
WEST STANISLAUS I.D.,Dry Beans,San Joaquin River,0.7,2580.55119,1752.0,1.3,662.3768823697802,5708.440791787516,1461.5816744060073,5877463.390344,1508629.5872854113,3,Good,304.9863014054964
WEST STANISLAUS I.D.,Grain,San Joaquin River,0.7,578.0144497,203.0219178,3.642104912,583.7946000105095,269.7343971493554,271.75065866242034,427399.56220855186,431673.562129304,3,Good,304.9863014054964
WEST STANISLAUS I.D.,Other Deciduous,San Joaquin River,0.7,355.5540354,4009.639737,2.345957883,344.88388202605756,1225.1813196581127,1185.442662198414,3344499.8159407806,3244131.5949611957,3,Good,304.9863014054964
WEST STANISLAUS I.D.,Pasture,San Joaquin River,0.7,3.62836231,344.0,5.0,1.5609182818936589e-21,16.691145300285,1.5609182818938207e-08,6240.7831731999995,2.6847794448570933e-18,3,Good,304.9863014054964
WEST STANISLAUS I.D.,Tomato Processing,San Joaquin River,0.7,1514.092256,100.0,50.3,1336.0441234400998,3603.026081546392,3171.383547660277,7615884.04768,6720301.940903702,3,Good,304.9863014054964
WEST STANISLAUS I.D.,Truck Crops,San Joaquin River,0.7,4.85550086,717.0,19.8,4.613773828093013,12.9531782880016,12.27754430402656,68931.60350907601,65499.90152790527,3,Good,304.9863014054964
WEST STANISLAUS I.D.,Vineyard,San Joaquin River,0.7,662.6906968,1630.308163,11.30505992,637.9577484678359,2053.3368622693597,1971.760429648571,12213874.280904971,11758027.951714177,3,Good,304.9863014054964
WEST STANISLAUS I.D.,Alfalfa,San Joaquin River,0.75,94.44847871,280.0,7.1,2.4802569921601927e-20,390.5411875816505,6.408365938631546e-08,187763.57567548,4.930750900414463e-17,10,Good,261.770814085836
WEST STANISLAUS I.D.,Almonds & Pistachios,San Joaquin River,0.75,3073.046507,4845.5,1.15,2425.950150055698,12677.851935661874,9983.235475691561,17124013.877118774,13518182.669909118,10,Good,261.770814085836
WEST STANISLAUS I.D.,Citrus & Subtropical,San Joaquin River,0.75,43.45070261,913.5,3.9,41.422427150505634,141.10467314518507,134.1816217852337,154799.64565351652,147573.6100877489,10,Good,261.770814085836
WEST STANISLAUS I.D.,Corn,San Joaquin River,0.75,388.2248773,66.77889546,26.94442209,335.42528761430947,937.8850199823743,808.3043924680783,698540.2993809863,603537.0078795647,10,Good,261.770814085836
WEST STANISLAUS I.D.,Cucurbits,San Joaquin River,0.75,472.5153384,507.0,13.6,470.70282782010344,1086.6090896357093,1079.7348779470467,3258087.7613356803,3245590.138385177,10,Good,261.770814085836
WEST STANISLAUS I.D.,Dry Beans,San Joaquin River,0.75,2580.55119,1752.0,1.3,1084.5314426529924,5708.440791787516,2393.095719539151,5877463.390344,2470128.8137864554,10,Good,261.770814085836
WEST STANISLAUS I.D.,Grain,San Joaquin River,0.75,578.0144497,203.0219178,3.642104912,583.7945999760457,269.7343971493554,271.7506586961855,427399.56220855186,431673.5621038205,10,Good,261.770814085836
WEST STANISLAUS I.D.,Other Deciduous,San Joaquin River,0.75,355.5540354,4009.639737,2.345957883,345.88819763258874,1225.1813196581127,1188.8947185171123,3344499.8159407806,3253578.6354297735,10,Good,261.770814085836
WEST STANISLAUS I.D.,Pasture,San Joaquin River,0.75,3.62836231,344.0,5.0,3.4846833085494363e-19,16.691145300285,6.40836593905048e-08,6240.7831731999995,5.993655290705031e-16,10,Good,261.770814085836
WEST STANISLAUS I.D.,Tomato Processing,San Joaquin River,0.75,1514.092256,100.0,50.3,1367.7081895454005,3603.026081546392,3246.5449114253033,7615884.04768,6879572.193413365,10,Good,261.770814085836
WEST STANISLAUS I.D.,Truck Crops,San Joaquin River,0.75,4.85550086,717.0,19.8,4.633046882745292,12.9531782880016,12.32883117615297,68931.60350907601,65773.51337558181,10,Good,261.770814085836
WEST STANISLAUS I.D.,Vineyard,San Joaquin River,0.75,662.6906968,1630.308163,11.30505992,638.8265455338244,2053.3368622693597,1974.4456540421393,12213874.280904971,11774040.51714001,10,Good,261.770814085836
WEST STANISLAUS I.D.,Alfalfa,San Joaquin River,0.8,94.44847871,280.0,7.1,4.1055913787464974e-08,390.5411875816505,2.78093809001856e-07,187763.57567548,8.161915660948037e-05,2,Good,214.57716602763617
WEST STANISLAUS I.D.,Almonds & Pistachios,San Joaquin River,0.8,3073.046507,4845.5,1.15,2509.957060389202,12677.851935661874,10328.939515585666,17124013.877118774,13986296.47653326,2,Good,214.57716602763617
WEST STANISLAUS I.D.,Citrus & Subtropical,San Joaquin River,0.8,43.45070261,913.5,3.9,41.86543667350196,141.10467314518507,135.6166834327831,154799.64565351652,149151.89796485176,2,Good,214.57716602763617
WEST STANISLAUS I.D.,Corn,San Joaquin River,0.8,388.2248773,66.77889546,26.94442209,355.2904578527225,937.8850199823743,856.1752744639592,698540.2993809863,639280.78108159,2,Good,214.57716602763617
WEST STANISLAUS I.D.,Cucurbits,San Joaquin River,0.8,472.5153384,507.0,13.6,471.15410536430386,1086.6090896357093,1080.7700536027714,3258087.7613356803,3248701.787307948,2,Good,214.57716602763617
WEST STANISLAUS I.D.,Dry Beans,San Joaquin River,0.8,2580.55119,1752.0,1.3,1503.1506932235486,5708.440791787516,3316.808852449847,5877463.390344,3423576.0188859543,2,Good,214.57716602763617
WEST STANISLAUS I.D.,Grain,San Joaquin River,0.8,578.0144497,203.0219178,3.642104912,583.7945999833075,269.7343971493554,271.75065870686615,427399.56220855186,431673.56210919016,2,Good,214.57716602763617
WEST STANISLAUS I.D.,Other Deciduous,San Joaquin River,0.8,355.5540354,4009.639737,2.345957883,346.9611186187445,1225.1813196581127,1192.5825867511746,3344499.8159407806,3263671.008693601,2,Good,214.57716602763617
WEST STANISLAUS I.D.,Pasture,San Joaquin River,0.8,3.62836231,344.0,5.0,3.1035001230352384e-07,16.691145300285,1.5114866013857283e-06,6240.7831731999995,0.000533802021162061,2,Good,214.57716602763617
WEST STANISLAUS I.D.,Tomato Processing,San Joaquin River,0.8,1514.092256,100.0,50.3,1401.3108075256314,3603.026081546392,3326.3078383838956,7615884.04768,7048593.3618539255,2,Good,214.57716602763617
WEST STANISLAUS I.D.,Truck Crops,San Joaquin River,0.8,4.85550086,717.0,19.8,4.653893314193824,12.9531782880016,12.384304859051133,68931.60350907601,66069.46182428404,2,Good,214.57716602763617
WEST STANISLAUS I.D.,Vineyard,San Joaquin River,0.8,662.6906968,1630.308163,11.30505992,639.7658749669373,2053.3368622693597,1977.348875479401,12213874.280904971,11791353.045684315,2,Good,214.57716602763617
WEST STANISLAUS I.D.,Alfalfa,San Joaquin River,0.85,94.44847871,280.0,7.1,9.019271488980896e-07,390.5411875816505,3.7899554430554713e-06,187763.57567548,0.001793031172009402,2,Good,163.33490663221212
WEST STANISLAUS I.D.,Almonds & Pistachios,San Joaquin River,0.85,3073.046507,4845.5,1.15,2595.0276489353005,12677.851935661874,10679.020788850576,17124013.877118774,14460337.443853397,2,Good,163.33490663221212
WEST STANISLAUS I.D.,Citrus & Subtropical,San Joaquin River,0.85,43.45070261,913.5,3.9,42.30969774756053,141.10467314518507,137.0557992400883,154799.64565351652,150734.6446803465,2,Good,163.33490663221212
WEST STANISLAUS I.D.,Corn,San Joaquin River,0.85,388.2248773,66.77889546,26.94442209,373.58651547727317,937.8850199823743,900.26492504737,698540.2993809863,672201.2205429418,2,Good,163.33490663221212
WEST STANISLAUS I.D.,Cucurbits,San Joaquin River,0.85,472.5153384,507.0,13.6,471.6340802627072,1086.6090896357093,1081.8710574374156,3258087.7613356803,3252011.3102274183,2,Good,163.33490663221212
WEST STANISLAUS I.D.,Dry Beans,San Joaquin River,0.85,2580.55119,1752.0,1.3,1915.7467973167231,5708.440791787516,4227.231484469557,5877463.390344,4363304.905568568,2,Good,163.33490663221212
WEST STANISLAUS I.D.,Grain,San Joaquin River,0.85,578.0144497,203.0219178,3.642104912,583.7946000147906,269.7343971493554,271.75065868163864,427399.56220855186,431673.56213246955,2,Good,163.33490663221212
WEST STANISLAUS I.D.,Other Deciduous,San Joaquin River,0.85,355.5540354,4009.639737,2.345957883,348.0974954493996,1225.1813196581127,1196.4885667964202,3344499.8159407806,3274360.27592886,2,Good,163.33490663221212
WEST STANISLAUS I.D.,Pasture,San Joaquin River,0.85,3.62836231,344.0,5.0,1.7549343653396439,16.691145300285,8.052843733166927,6240.7831731999995,3018.4871083841876,2,Good,163.33490663221212
WEST STANISLAUS I.D.,Tomato Processing,San Joaquin River,0.85,1514.092256,100.0,50.3,1436.6570697546942,3603.026081546392,3410.2096740196125,7615884.04768,7226385.060866112,2,Good,163.33490663221212
WEST STANISLAUS I.D.,Truck Crops,San Joaquin River,0.85,4.85550086,717.0,19.8,4.676262625055037,12.9531782880016,12.443830968892899,68931.60350907601,66387.02998285634,2,Good,163.33490663221212
WEST STANISLAUS I.D.,Vineyard,San Joaquin River,0.85,662.6906968,1630.308163,11.30505992,640.7733757327339,2053.3368622693597,1980.4627966157009,12213874.280904971,11809922.02175532,2,Good,163.33490663221212
WEST STANISLAUS I.D.,Alfalfa,San Joaquin River,0.9,94.44847871,280.0,7.1,45.59431844700923,390.5411875816505,188.05959815945786,187763.57567548,90641.50507265434,2,Good,115.18142449134554
WEST STANISLAUS I.D.,Almonds & Pistachios,San Joaquin River,0.9,3073.046507,4845.5,1.15,2669.970074640975,12677.851935661874,10987.422790825212,17124013.877118774,14877940.99617377,2,Good,115.18142449134554
WEST STANISLAUS I.D.,Citrus & Subtropical,San Joaquin River,0.9,43.45070261,913.5,3.9,42.697727658392495,141.10467314518507,138.312762844945,154799.64565351652,152117.05944217203,2,Good,115.18142449134554
WEST STANISLAUS I.D.,Corn,San Joaquin River,0.9,388.2248773,66.77889546,26.94442209,388.5066655874801,937.8850199823743,936.2193486392449,698540.2993809863,699047.3263290462,2,Good,115.18142449134554
WEST STANISLAUS I.D.,Cucurbits,San Joaquin River,0.9,472.5153384,507.0,13.6,472.07660422517023,1086.6090896357093,1082.8861534534303,3258087.7613356803,3255062.6014533937,2,Good,115.18142449134554
WEST STANISLAUS I.D.,Dry Beans,San Joaquin River,0.9,2580.55119,1752.0,1.3,2270.8158922588614,5708.440791787516,5010.716681687494,5877463.390344,5172010.276208783,2,Good,115.18142449134554
WEST STANISLAUS I.D.,Grain,San Joaquin River,0.9,578.0144497,203.0219178,3.642104912,583.7946000151991,269.7343971493554,271.75065869619425,427399.56220855186,431673.5621327716,2,Good,115.18142449134554
WEST STANISLAUS I.D.,Other Deciduous,San Joaquin River,0.9,355.5540354,4009.639737,2.345957883,349.1409638523273,1225.1813196581127,1200.0751999549607,3344499.8159407806,3284175.605060494,2,Good,115.18142449134554
WEST STANISLAUS I.D.,Pasture,San Joaquin River,0.9,3.62836231,344.0,5.0,2.827329352441582,16.691145300285,12.97372818321129,6240.7831731999995,4863.006486199521,2,Good,115.18142449134554
WEST STANISLAUS I.D.,Tomato Processing,San Joaquin River,0.9,1514.092256,100.0,50.3,1468.9006355024703,3603.026081546392,3486.7466028226013,7615884.04768,7388570.196577426,2,Good,115.18142449134554
WEST STANISLAUS I.D.,Truck Crops,San Joaquin River,0.9,4.85550086,717.0,19.8,4.697066273086425,12.9531782880016,12.49919081194244,68931.60350907601,66682.37105249874,2,Good,115.18142449134554
WEST STANISLAUS I.D.,Vineyard,San Joaquin River,0.9,662.6906968,1630.308163,11.30505992,641.7099484093419,2053.3368622693597,1983.357497647623,12213874.280904971,11827183.74126075,2,Good,115.18142449134554
WEST STANISLAUS I.D.,Alfalfa,San Joaquin River,0.95,94.44847871,280.0,7.1,92.37110150465237,390.5411875816505,380.9964228245331,187763.57567548,183633.7497912489,2,Good,55.48893098991807
WEST STANISLAUS I.D.,Almonds & Pistachios,San Joaquin River,0.95,3073.046507,4845.5,1.15,2756.94478974366,12677.851935661874,11345.339898627293,17124013.877118774,15362592.375508338,2,Good,55.48893098991807
WEST STANISLAUS I.D.,Citrus & Subtropical,San Joaquin River,0.95,43.45070261,913.5,3.9,43.144451596154454,141.10467314518507,139.75985680328617,154799.64565351652,153708.58047903967,2,Good,55.48893098991807
WEST STANISLAUS I.D.,Corn,San Joaquin River,0.95,388.2248773,66.77889546,26.94442209,392.10712991400777,937.8850199823743,944.8957104089791,698540.2993809863,705525.7092859934,2,Good,55.48893098991807
WEST STANISLAUS I.D.,Cucurbits,San Joaquin River,0.95,472.5153384,507.0,13.6,472.6139082438255,1086.6090896357093,1084.1186633942323,3258087.7613356803,3258767.4201228255,2,Good,55.48893098991807
WEST STANISLAUS I.D.,Dry Beans,San Joaquin River,0.95,2580.55119,1752.0,1.3,2606.356727568035,5708.440791787516,5751.111385928178,5877463.390344,5936238.082708956,2,Good,55.48893098991807
WEST STANISLAUS I.D.,Grain,San Joaquin River,0.95,578.0144497,203.0219178,3.642104912,583.7946000163231,269.7343971493554,271.75065873203994,427399.56220855186,431673.56213360274,2,Good,55.48893098991807
WEST STANISLAUS I.D.,Other Deciduous,San Joaquin River,0.95,355.5540354,4009.639737,2.345957883,350.40261075350946,1225.1813196581127,1204.4117611980291,3344499.8159407806,3296043.2184431944,2,Good,55.48893098991807
WEST STANISLAUS I.D.,Pasture,San Joaquin River,0.95,3.62836231,344.0,5.0,3.632606646256546,16.691145300285,16.668893292561958,6240.7831731999995,6248.083431561259,2,Good,55.48893098991807
WEST STANISLAUS I.D.,Tomato Processing,San Joaquin River,0.95,1514.092256,100.0,50.3,1507.6241279522428,3603.026081546392,3578.665009385938,7615884.04768,7583349.363599781,2,Good,55.48893098991807
WEST STANISLAUS I.D.,Truck Crops,San Joaquin River,0.95,4.85550086,717.0,19.8,4.722556919395794,12.9531782880016,12.567023085927241,68931.60350907601,67044.25156189433,2,Good,55.48893098991807
WEST STANISLAUS I.D.,Vineyard,San Joaquin River,0.95,662.6906968,1630.308163,11.30505992,642.8569935690148,2053.3368622693597,1986.902714060695,12213874.280904971,11848324.622583538,2,Good,55.48893098991807
WEST STANISLAUS I.D.,Alfalfa,San Joaquin River,1.0,94.44847871,280.0,7.1,95.39296440428245,390.5411875816505,393.46048300760623,187763.57567548,189641.2132357135,2,Good,9.541531004641396e-09
WEST STANISLAUS I.D.,Almonds & Pistachios,San Joaquin River,1.0,3073.046507,4845.5,1.15,2832.622560478197,12677.851935661874,11656.767982107325,17124013.877118774,15784293.50931667,2,Good,9.541531004641396e-09
WEST STANISLAUS I.D.,Citrus & Subtropical,San Joaquin River,1.0,43.45070261,913.5,3.9,43.53024119221282,141.10467314518507,141.00956341389073,154799.64565351652,155083.013783437,2,Good,9.541531004641396e-09
WEST STANISLAUS I.D.,Corn,San Joaquin River,1.0,388.2248773,66.77889546,26.94442209,392.10712995425604,937.8850199823743,944.895710656724,698540.2993809863,705525.7093584128,2,Good,9.541531004641396e-09
WEST STANISLAUS I.D.,Cucurbits,San Joaquin River,1.0,472.5153384,507.0,13.6,473.10264820285073,1086.6090896357093,1085.2397736442776,3258087.7613356803,3262137.379888296,2,Good,9.541531004641396e-09
WEST STANISLAUS I.D.,Dry Beans,San Joaquin River,1.0,2580.55119,1752.0,1.3,2606.356727895871,5708.440791787516,5751.11138680052,5877463.390344,5936238.083455635,2,Good,9.541531004641396e-09
WEST STANISLAUS I.D.,Grain,San Joaquin River,1.0,578.0144497,203.0219178,3.642104912,583.7946000157924,269.7343971493554,271.75065887222047,427399.56220855186,431673.5621332103,2,Good,9.541531004641396e-09
WEST STANISLAUS I.D.,Other Deciduous,San Joaquin River,1.0,355.5540354,4009.639737,2.345957883,351.5453087643684,1225.1813196581127,1208.3394688033572,3344499.8159407806,3306791.9455183744,2,Good,9.541531004641396e-09
WEST STANISLAUS I.D.,Pasture,San Joaquin River,1.0,3.62836231,344.0,5.0,3.6646459285669013,16.691145300285,16.81591165775228,6240.7831731999995,6303.190997135071,2,Good,9.541531004641396e-09
WEST STANISLAUS I.D.,Tomato Processing,San Joaquin River,1.0,1514.092256,100.0,50.3,1529.2331936573096,3603.026081546392,3629.958701419423,7615884.04768,7692042.964096267,2,Good,9.541531004641396e-09
WEST STANISLAUS I.D.,Truck Crops,San Joaquin River,1.0,4.85550086,717.0,19.8,4.745963304621707,12.9531782880016,12.629309336474911,68931.60350907601,67376.54265039253,2,Good,9.541531004641396e-09
WEST STANISLAUS I.D.,Vineyard,San Joaquin River,1.0,662.6906968,1630.308163,11.30505992,643.9097379186519,2053.3368622693597,1990.1564714714134,12213874.280904971,11867727.47099908,2,Good,9.541531004641396e-09
WESTLANDS W.D.,Alfalfa,Tulare Lake,0.5,3395.293146,267.0724982,7.802416606,1.5854299773978767e-18,15362.108879261057,7.233853836706408e-09,7075148.8492231965,3.3037362601003954e-15,14,Good,1356.21568407157
WESTLANDS W.D.,Citrus & Subtropical,Tulare Lake,0.5,7992.489055,1164.0,14.15,7320.919125203607,28840.36694885302,26351.008482282046,131641090.22928302,120579930.54357855,14,Good,1356.21568407157
WESTLANDS W.D.,Corn,Tulare Lake,0.5,3788.208598,72.5777026,22.61157082,7.415454613712996e-18,8638.772334800042,7.233853864278996e-09,6216813.455679802,1.2169471883584438e-14,14,Good,1356.21568407157
WESTLANDS W.D.,Cotton,Tulare Lake,0.5,14217.02475,3609.42348,0.8,4.633573565362428e-18,53303.91522050435,7.233853856363242e-09,41052210.35871291,1.3379623378501171e-14,14,Good,1356.21568407157
WESTLANDS W.D.,Cucurbits,Tulare Lake,0.5,15728.91697,497.5744895,17.10175354,15279.017538513392,38412.09509115986,37220.09736366244,133843587.66651468,130015215.11459999,14,Good,1356.21568407157
WESTLANDS W.D.,Dry Beans,Tulare Lake,0.5,1079.877442,1151.19302,1.475467,3.7395362753470766e-18,2073.129418981344,7.233853844509497e-09,1834222.9260101472,6.351779287272307e-15,14,Good,1356.21568407157
WESTLANDS W.D.,Lettuce,Tulare Lake,0.5,8136.398694,701.9533021,19.41207728,7356.521445826461,18719.921911480833,16883.295304375955,110869593.28882354,100242695.98793676,14,Good,1356.21568407157
WESTLANDS W.D.,Onions & Garlic,Tulare Lake,0.5,27861.59127,2291.043642,9.269283354,25313.72034929273,34928.12362689665,31654.701074553086,591678021.596143,537570587.0624362,14,Good,1356.21568407157
WESTLANDS W.D.,Other Deciduous,Tulare Lake,0.5,7040.991599,1953.728763,8.220821812,6526.488128400602,24658.768474455246,22799.746022681236,113087168.77381705,104823596.80440122,14,Good,1356.21568407157
WESTLANDS W.D.,Pasture,Tulare Lake,0.5,338.6020497,170.0,5.0,1.5041652866329367e-18,1614.5203603004384,7.233853835900193e-09,287811.74224500003,1.2785404936379963e-15,14,Good,1356.21568407157
WESTLANDS W.D.,Potatoes,Tulare Lake,0.5,217.893609,1165.0,14.9,190.1700659136932,268.774415416211,233.99064296933432,3782306.2118265,3301067.089162844,14,Good,1356.21568407157
WESTLANDS W.D.,Safflower,Tulare Lake,0.5,145.8300506,574.0,1.3,7.052088284226653e-18,348.8703643165136,7.233853854581541e-09,108818.38375772,5.262268277689929e-15,14,Good,1356.21568407157
WESTLANDS W.D.,Tomato Processing,Tulare Lake,0.5,63014.98907,93.81401088,51.86477556,3742.6965595354623,139906.26539318694,8288.7838891054,306608416.43430597,18210623.888842534,14,Good,1356.21568407157
WESTLANDS W.D.,Truck Crops,Tulare Lake,0.5,5558.529541,1130.942023,18.46950135,5059.51102886288,10257.457613037875,9313.249974121785,116106204.974034,105682738.6186485,14,Good,1356.21568407157
WESTLANDS W.D.,Vineyard,Tulare Lake,0.5,33975.3929,1380.403848,11.47105969,30375.00699603884,136204.49552358856,121466.42259703747,537989981.9264882,480978969.482819,14,Good,1356.21568407157
WESTLANDS W.D.,Almonds & Pistachios,Tulare Lake,0.5,3958.156814,4773.728857,1.151640212,1.7510179754963315e-18,16219.210576212912,7.233853845533669e-09,21760434.594368696,9.626428138112624e-15,14,Good,1356.21568407157
WESTLANDS W.D.,Grain,Tulare Lake,0.5,26256.70536,299.9701677,2.871144454,1.0036516760458161e-17,18665.794349276995,7.233853865241098e-09,22613789.230948932,8.644027174088959e-15,14,Good,1356.21568407157
WESTLANDS W.D.,Alfalfa,Tulare Lake,0.55,3395.293146,267.0724982,7.802416606,7.128261432095009e-16,15362.108879261057,3.612335372114638e-08,7075148.8492231965,1.4853948834334052e-12,4,Good,1212.4460374555997
WESTLANDS W.D.,Citrus & Subtropical,Tulare Lake,0.55,7992.489055,1164.0,14.15,7384.391425286648,28840.36694885302,26579.471478455987,131641090.22928302,121625357.40932629,4,Good,1212.4460374555997
WESTLANDS W.D.,Corn,Tulare Lake,0.55,3788.208598,72.5777026,22.61157082,3.5306535484887737e-15,8638.772334800042,3.612346442699323e-08,6216813.455679802,5.794140929614311e-12,4,Good,1212.4460374555997
WESTLANDS W.D.,Cotton,Tulare Lake,0.55,14217.02475,3609.42348,0.8,9.325588744182438e-14,53303.91522050435,3.6126150121178595e-08,41052210.35871291,2.6927999182460645e-10,4,Good,1212.4460374555997
WESTLANDS W.D.,Cucurbits,Tulare Lake,0.55,15728.91697,497.5744895,17.10175354,15339.40597235656,38412.09509115986,37367.205211537366,133843587.66651468,130529084.22933611,4,Good,1212.4460374555997
WESTLANDS W.D.,Dry Beans,Tulare Lake,0.55,1079.877442,1151.19302,1.475467,4.903418207494409e-15,2073.129418981344,3.612351524888509e-08,1834222.9260101472,8.328687814187924e-12,4,Good,1212.4460374555997
WESTLANDS W.D.,Lettuce,Tulare Lake,0.55,8136.398694,701.9533021,19.41207728,7431.464359378855,18719.921911480833,17055.29009158735,110869593.28882354,101263895.98782869,4,Good,1212.4460374555997
WESTLANDS W.D.,Onions & Garlic,Tulare Lake,0.55,27861.59127,2291.043642,9.269283354,25437.878593658403,34928.12362689665,31809.96043741918,591678021.596143,540207252.8464984,4,Good,1212.4460374555997
WESTLANDS W.D.,Other Deciduous,Tulare Lake,0.55,7040.991599,1953.728763,8.220821812,6577.822282758188,24658.768474455246,22979.077641586617,113087168.77381705,105648087.80060151,4,Good,1212.4460374555997
WESTLANDS W.D.,Pasture,Tulare Lake,0.55,338.6020497,170.0,5.0,1.4005201820721858e-15,1614.5203603004384,3.6123380297368996e-08,287811.74224500003,1.190442154761358e-12,4,Good,1212.4460374555997
WESTLANDS W.D.,Potatoes,Tulare Lake,0.55,217.893609,1165.0,14.9,191.45259942790264,268.774415416211,235.5687086113441,3782306.2118265,3323329.947169248,4,Good,1212.4460374555997
WESTLANDS W.D.,Safflower,Tulare Lake,0.55,145.8300506,574.0,1.3,3.5513612628499325e-13,348.8703643165136,3.612329049369318e-08,108818.38375772,2.6500257743386197e-10,4,Good,1212.4460374555997
WESTLANDS W.D.,Tomato Processing,Tulare Lake,0.55,63014.98907,93.81401088,51.86477556,15033.416321607161,139906.26539318694,33293.839621477695,306608416.43430597,73147231.15869011,4,Good,1212.4460374555997
WESTLANDS W.D.,Truck Crops,Tulare Lake,0.55,5558.529541,1130.942023,18.46950135,5096.186520002375,10257.457613037875,9380.760058615364,116106204.974034,106448813.90175286,4,Good,1212.4460374555997
WESTLANDS W.D.,Vineyard,Tulare Lake,0.55,33975.3929,1380.403848,11.47105969,30741.315569719973,136204.49552358856,122931.25162632305,537989981.9264882,486779353.9997625,4,Good,1212.4460374555997
WESTLANDS W.D.,Almonds & Pistachios,Tulare Lake,0.55,3958.156814,4773.728857,1.151640212,1.7581517803504866e-15,16219.210576212912,3.612350514674042e-08,21760434.594368696,9.665647072892763e-12,4,Good,1212.4460374555997
WESTLANDS W.D.,Grain,Tulare Lake,0.55,26256.70536,299.9701677,2.871144454,1.1678821716513962e-14,18665.794349276995,3.612376670166932e-08,22613789.230948932,1.0058474935907798e-11,4,Good,1212.4460374555997
WESTLANDS W.D.,Alfalfa,Tulare Lake,0.6,3395.293146,267.0724982,7.802416606,1.1762107411087562e-19,15362.108879261057,1.176210741093488e-06,7075148.8492231965,2.451000757093267e-16,5,Good,7.188549023197327e-10
WESTLANDS W.D.,Citrus & Subtropical,Tulare Lake,0.6,7992.489055,1164.0,14.15,7805.508910286149,28840.36694885302,28095.24705807078,131641090.22928302,128561415.05775906,5,Good,7.188549023197327e-10
WESTLANDS W.D.,Corn,Tulare Lake,0.6,3788.208598,72.5777026,22.61157082,1.1795566308807723e-11,8638.772334800042,1.1779085905516798e-06,6216813.455679802,1.9357655062784686e-08,5,Good,7.188549023197327e-10
WESTLANDS W.D.,Cotton,Tulare Lake,0.6,14217.02475,3609.42348,0.8,1.176209931094734e-19,53303.91522050435,1.1762099310770914e-06,41052210.35871291,3.3963517941620123e-16,5,Good,7.188549023197327e-10
WESTLANDS W.D.,Cucurbits,Tulare Lake,0.6,15728.91697,497.5744895,17.10175354,15720.419348070334,38412.09509115986,38295.364036990155,133843587.66651468,133771278.03401618,5,Good,7.188549023197327e-10
WESTLANDS W.D.,Dry Beans,Tulare Lake,0.6,1079.877442,1151.19302,1.475467,1.1762107411085737e-19,2073.129418981344,1.1762107410932418e-06,1834222.9260101472,1.9978495922324597e-16,5,Good,7.188549023197327e-10
WESTLANDS W.D.,Lettuce,Tulare Lake,0.6,8136.398694,701.9533021,19.41207728,7973.033116141741,18719.921911480833,18298.196175897483,110869593.28882354,108643513.19421174,5,Good,7.188549023197327e-10
WESTLANDS W.D.,Onions & Garlic,Tulare Lake,0.6,27861.59127,2291.043642,9.269283354,26434.499592028897,34928.12362689665,33056.23081655252,591678021.596143,561371827.9377984,5,Good,7.188549023197327e-10
WESTLANDS W.D.,Other Deciduous,Tulare Lake,0.6,7040.991599,1953.728763,8.220821812,6924.179781661106,24658.768474455246,24189.048894886168,113087168.77381705,111211024.26825395,5,Good,7.188549023197327e-10
WESTLANDS W.D.,Pasture,Tulare Lake,0.6,338.6020497,170.0,5.0,1.1762106132101358e-19,1614.5203603004384,1.176210613195342e-06,287811.74224500003,9.997790212286155e-17,5,Good,7.188549023197327e-10
WESTLANDS W.D.,Potatoes,Tulare Lake,0.6,217.893609,1165.0,14.9,1.1849661021536227e-11,268.774415416211,1.1806161311642265e-06,3782306.2118265,2.056923408423366e-07,5,Good,7.188549023197327e-10
WESTLANDS W.D.,Safflower,Tulare Lake,0.6,145.8300506,574.0,1.3,1.1762107411075956e-19,348.8703643165136,1.1762107410927767e-06,108818.38375772,8.776884550144878e-17,5,Good,7.188549023197327e-10
WESTLANDS W.D.,Tomato Processing,Tulare Lake,0.6,63014.98907,93.81401088,51.86477556,1.1762135690802872e-19,139906.26539318694,1.1762135690592098e-06,306608416.43430597,5.723034870380403e-16,5,Good,7.188549023197327e-10
WESTLANDS W.D.,Truck Crops,Tulare Lake,0.6,5558.529541,1130.942023,18.46950135,5383.885876689906,10257.457613037875,9910.340095840791,116106204.974034,112458259.42724173,5,Good,7.188549023197327e-10
WESTLANDS W.D.,Vineyard,Tulare Lake,0.6,33975.3929,1380.403848,11.47105969,33009.51915485896,136204.49552358856,132001.55654098815,537989981.9264882,522695665.82479864,5,Good,7.188549023197327e-10
WESTLANDS W.D.,Almonds & Pistachios,Tulare Lake,0.6,3958.156814,4773.728857,1.151640212,1.1806680664984539e-11,16219.210576212912,1.178478372389554e-06,21760434.594368696,6.490862147711603e-08,5,Good,7.188549023197327e-10
WESTLANDS W.D.,Grain,Tulare Lake,0.6,26256.70536,299.9701677,2.871144454,1.1792701069787332e-11,18665.794349276995,1.177755193803809e-06,22613789.230948932,1.0156554403890248e-08,5,Good,7.188549023197327e-10
WESTLANDS W.D.,Alfalfa,Tulare Lake,0.65,3395.293146,267.0724982,7.802416606,4.9691982738875707e-23,15362.108879261057,4.969198273889765e-10,7075148.8492231965,1.0354869502351223e-19,2,Good,816.0548545494726
WESTLANDS W.D.,Citrus & Subtropical,Tulare Lake,0.65,7992.489055,1164.0,14.15,7541.632565872431,28840.36694885302,27145.447219386453,131641090.22928302,124215213.33945848,2,Good,816.0548545494726
WESTLANDS W.D.,Corn,Tulare Lake,0.65,3788.208598,72.5777026,22.61157082,4.97935903501457e-23,8638.772334800042,4.979359035015645e-10,6216813.455679802,8.171605509232671e-20,2,Good,816.0548545494726
WESTLANDS W.D.,Cotton,Tulare Lake,0.65,14217.02475,3609.42348,0.8,4.9247893529148456e-23,53303.91522050435,4.924789352916615e-10,41052210.35871291,1.422052025957188e-19,2,Good,816.0548545494726
WESTLANDS W.D.,Cucurbits,Tulare Lake,0.65,15728.91697,497.5744895,17.10175354,15485.2691345473,38412.09509115986,37722.53179458351,133843587.66651468,131770291.6801242,2,Good,816.0548545494726
WESTLANDS W.D.,Dry Beans,Tulare Lake,0.65,1079.877442,1151.19302,1.475467,4.9691272196140197e-23,2073.129418981344,4.969127219614926e-10,1834222.9260101472,8.44029768007423e-20,2,Good,816.0548545494726
WESTLANDS W.D.,Lettuce,Tulare Lake,0.65,8136.398694,701.9533021,19.41207728,7624.840823146522,18719.921911480833,17499.09114161401,110869593.28882354,103898915.57030837,2,Good,816.0548545494726
WESTLANDS W.D.,Onions & Garlic,Tulare Lake,0.65,27861.59127,2291.043642,9.269283354,25773.36934985358,34928.12362689665,32229.490220525022,591678021.596143,547331846.160847,2,Good,816.0548545494726
WESTLANDS W.D.,Other Deciduous,Tulare Lake,0.65,7040.991599,1953.728763,8.220821812,6706.04564330115,24658.768474455246,23427.015337450106,113087168.77381705,107707516.02325803,2,Good,816.0548545494726
WESTLANDS W.D.,Pasture,Tulare Lake,0.65,338.6020497,170.0,5.0,4.969198273885121e-23,1614.5203603004384,4.969198273887441e-10,287811.74224500003,4.2238185328023527e-20,2,Good,816.0548545494726
WESTLANDS W.D.,Potatoes,Tulare Lake,0.65,217.893609,1165.0,14.9,194.8962090664795,268.774415416211,239.80582354508215,3782306.2118265,3383105.8450804846,2,Good,816.0548545494726
WESTLANDS W.D.,Safflower,Tulare Lake,0.65,145.8300506,574.0,1.3,4.9702640879886107e-23,348.8703643165136,4.970264087989758e-10,108818.38375772,3.7088110624571016e-20,2,Good,816.0548545494726
WESTLANDS W.D.,Tomato Processing,Tulare Lake,0.65,63014.98907,93.81401088,51.86477556,36742.950321559525,139906.26539318694,81372.98063363307,306608416.43430597,178778065.02042353,2,Good,816.0548545494726
WESTLANDS W.D.,Truck Crops,Tulare Lake,0.65,5558.529541,1130.942023,18.46950135,5194.329296754767,10257.457613037875,9561.415502918235,116106204.974034,108498813.86492372,2,Good,816.0548545494726
WESTLANDS W.D.,Vineyard,Tulare Lake,0.65,33975.3929,1380.403848,11.47105969,31617.562861453876,136204.49552358856,126435.27135352066,537989981.9264882,500654462.5534904,2,Good,816.0548545494726
WESTLANDS W.D.,Almonds & Pistachios,Tulare Lake,0.65,3958.156814,4773.728857,1.151640212,205.9889008364334,16219.210576212912,841.6349011511501,21760434.594368696,1132448.3122959738,2,Good,816.0548545494726
WESTLANDS W.D.,Grain,Tulare Lake,0.65,26256.70536,299.9701677,2.871144454,8.00780384353059e-08,18665.794349276995,7.262707333233419e-08,22613789.230948932,6.896782587058879e-05,2,Good,816.0548545494726
WESTLANDS W.D.,Alfalfa,Tulare Lake,0.7,3395.293146,267.0724982,7.802416606,1.174095431201334e-21,15362.108879261057,2.335517558323961e-09,7075148.8492231965,2.44659285126196e-18,3,Good,686.9702189924745
WESTLANDS W.D.,Citrus & Subtropical,Tulare Lake,0.7,7992.489055,1164.0,14.15,7588.097472894333,28840.36694885302,27312.693591191724,131641090.22928302,124980518.23705341,3,Good,686.9702189924745
WESTLANDS W.D.,Corn,Tulare Lake,0.7,3788.208598,72.5777026,22.61157082,1.3860825617589825e-21,8638.772334800042,2.3355175583303352e-09,6216813.455679802,2.274694356898868e-18,3,Good,686.9702189924745
WESTLANDS W.D.,Cotton,Tulare Lake,0.7,14217.02475,3609.42348,0.8,9.108578665879631e-22,53303.91522050435,2.3355175583270476e-09,41052210.35871291,2.6301374164842414e-18,3,Good,686.9702189924745
WESTLANDS W.D.,Cucurbits,Tulare Lake,0.7,15728.91697,497.5744895,17.10175354,15527.472014179542,38412.09509115986,37825.339143858386,133843587.66651468,132129412.70737681,3,Good,686.9702189924745
WESTLANDS W.D.,Dry Beans,Tulare Lake,0.7,1079.877442,1151.19302,1.475467,1.7960295123317636e-21,2073.129418981344,2.335517558330432e-09,1834222.9260101472,3.050641099797828e-18,3,Good,686.9702189924745
WESTLANDS W.D.,Lettuce,Tulare Lake,0.7,8136.398694,701.9533021,19.41207728,7684.043547061701,18719.921911480833,17634.96202546741,110869593.28882354,104705633.89483035,3,Good,686.9702189924745
WESTLANDS W.D.,Onions & Garlic,Tulare Lake,0.7,27861.59127,2291.043642,9.269283354,25880.529595540327,34928.12362689665,32363.493658517546,591678021.596143,549607536.7898299,3,Good,686.9702189924745
WESTLANDS W.D.,Other Deciduous,Tulare Lake,0.7,7040.991599,1953.728763,8.220821812,6744.202558596343,24658.768474455246,23560.313362457724,113087168.77381705,108320364.00911397,3,Good,686.9702189924745
WESTLANDS W.D.,Pasture,Tulare Lake,0.7,338.6020497,170.0,5.0,2.426826717422809e-21,1614.5203603004384,2.3355175583363583e-09,287811.74224500003,2.062802709809388e-18,3,Good,686.9702189924745
WESTLANDS W.D.,Potatoes,Tulare Lake,0.7,217.893609,1165.0,14.9,195.98957061493334,268.774415416211,241.15112660929896,3782306.2118265,3402084.9615193205,3,Good,686.9702189924745
WESTLANDS W.D.,Safflower,Tulare Lake,0.7,145.8300506,574.0,1.3,1.6652279861090348e-21,348.8703643165136,2.3355175583265484e-09,108818.38375772,1.2425931232345618e-18,3,Good,686.9702189924745
WESTLANDS W.D.,Tomato Processing,Tulare Lake,0.7,63014.98907,93.81401088,51.86477556,42078.0604416871,139906.26539318694,93188.41213161264,306608416.43430597,204736804.1962384,3,Good,686.9702189924745
WESTLANDS W.D.,Truck Crops,Tulare Lake,0.7,5558.529541,1130.942023,18.46950135,5225.391852021084,10257.457613037875,9618.593625542902,116106204.974034,109147646.50711192,3,Good,686.9702189924745
WESTLANDS W.D.,Vineyard,Tulare Lake,0.7,33975.3929,1380.403848,11.47105969,31869.091638039168,136204.49552358856,127441.10818458149,537989981.9264882,504637343.99852335,3,Good,686.9702189924745
WESTLANDS W.D.,Almonds & Pistachios,Tulare Lake,0.7,3958.156814,4773.728857,1.151640212,1456.0507694249163,16219.210576212912,5951.495841453527,21760434.594368696,8004811.083301134,3,Good,686.9702189924745
WESTLANDS W.D.,Grain,Tulare Lake,0.7,26256.70536,299.9701677,2.871144454,12350.889715575515,18665.794349276995,8758.250759890356,22613789.230948932,10637298.663838131,3,Good,686.9702189924745
WESTLANDS W.D.,Alfalfa,Tulare Lake,0.75,3395.293146,267.0724982,7.802416606,5.563612717670445e-22,15362.108879261057,5.56361271767236e-09,7075148.8492231965,1.1593516796428508e-18,6,Good,534.113036917782
WESTLANDS W.D.,Citrus & Subtropical,Tulare Lake,0.75,7992.489055,1164.0,14.15,7640.559992441665,28840.36694885302,27501.527844647437,131641090.22928302,125844607.4115097,6,Good,534.113036917782
WESTLANDS W.D.,Corn,Tulare Lake,0.75,3788.208598,72.5777026,22.61157082,1.2254861215178312e-19,8638.772334800042,5.563612725853563e-09,6216813.455679802,2.011140203320162e-16,6,Good,534.113036917782
WESTLANDS W.D.,Cotton,Tulare Lake,0.75,14217.02475,3609.42348,0.8,1.5227287415431566e-20,53303.91522050435,5.562808978847026e-09,41052210.35871291,4.396938298717377e-17,6,Good,534.113036917782
WESTLANDS W.D.,Cucurbits,Tulare Lake,0.75,15728.91697,497.5744895,17.10175354,15574.683705201496,38412.09509115986,37940.34809205577,133843587.66651468,132531155.69567242,6,Good,534.113036917782
WESTLANDS W.D.,Dry Beans,Tulare Lake,0.75,1079.877442,1151.19302,1.475467,5.563718473353569e-22,2073.129418981344,5.563718473354074e-09,1834222.9260101472,9.450239055638402e-19,6,Good,534.113036917782
WESTLANDS W.D.,Lettuce,Tulare Lake,0.75,8136.398694,701.9533021,19.41207728,7751.990837106229,18719.921911480833,17790.90178197132,110869593.28882354,105631508.92819981,6,Good,534.113036917782
WESTLANDS W.D.,Onions & Garlic,Tulare Lake,0.75,27861.59127,2291.043642,9.269283354,26006.13761900339,34928.12362689665,32520.565964779962,591678021.596143,552274990.565137,6,Good,534.113036917782
WESTLANDS W.D.,Other Deciduous,Tulare Lake,0.75,7040.991599,1953.728763,8.220821812,6787.420929295115,24658.768474455246,23711.293162938735,113087168.77381705,109014505.32608919,6,Good,534.113036917782
WESTLANDS W.D.,Pasture,Tulare Lake,0.75,338.6020497,170.0,5.0,5.563612717669737e-22,1614.5203603004384,5.563612717671851e-09,287811.74224500003,4.729070810019277e-19,6,Good,534.113036917782
WESTLANDS W.D.,Potatoes,Tulare Lake,0.75,217.893609,1165.0,14.9,197.26791057133832,268.774415416211,242.6881459442551,3782306.2118265,3424275.0256525762,6,Good,534.113036917782
WESTLANDS W.D.,Safflower,Tulare Lake,0.75,145.8300506,574.0,1.3,5.563612717670731e-22,348.8703643165136,5.563612717671564e-09,108818.38375772,4.1515678099259e-19,6,Good,534.113036917782
WESTLANDS W.D.,Tomato Processing,Tulare Lake,0.75,63014.98907,93.81401088,51.86477556,47695.32305629037,139906.26539318694,105628.71422953713,306608416.43430597,232068396.5741396,6,Good,534.113036917782
WESTLANDS W.D.,Truck Crops,Tulare Lake,0.75,5558.529541,1130.942023,18.46950135,5261.631425840086,10257.457613037875,9685.301299075736,116106204.974034,109904616.37746432,6,Good,534.113036917782
WESTLANDS W.D.,Vineyard,Tulare Lake,0.75,33975.3929,1380.403848,11.47105969,32149.52463524791,136204.49552358856,128562.52991639046,537989981.9264882,509077914.95951205,6,Good,534.113036917782
WESTLANDS W.D.,Almonds & Pistachios,Tulare Lake,0.75,3958.156814,4773.728857,1.151640212,2247.156705159958,16219.210576212912,9185.080676226038,21760434.594368696,12354009.40482555,6,Good,534.113036917782
WESTLANDS W.D.,Grain,Tulare Lake,0.75,26256.70536,299.9701677,2.871144454,26156.38688808469,18665.794349276995,18547.99186267945,22613789.230948932,22527389.176229205,6,Good,534.113036917782
WESTLANDS W.D.,Alfalfa,Tulare Lake,0.8,3395.293146,267.0724982,7.802416606,1.024620895006036e-21,15362.108879261057,1.0246208950062961e-08,7075148.8492231965,2.1351161842188686e-18,7,Good,399.0178439496213
WESTLANDS W.D.,Citrus & Subtropical,Tulare Lake,0.8,7992.489055,1164.0,14.15,7684.819082694791,28840.36694885302,27660.834571407824,131641090.22928302,126573581.18343285,7,Good,399.0178439496213
WESTLANDS W.D.,Corn,Tulare Lake,0.8,3788.208598,72.5777026,22.61157082,2179.18037246323,8638.772334800042,4957.060529506727,6216813.455679802,3576243.8924390855,7,Good,399.0178439496213
WESTLANDS W.D.,Cotton,Tulare Lake,0.8,14217.02475,3609.42348,0.8,2341.290852869462,53303.91522050435,8756.260198568842,41052210.35871291,6760568.14228501,7,Good,399.0178439496213
WESTLANDS W.D.,Cucurbits,Tulare Lake,0.8,15728.91697,497.5744895,17.10175354,15614.173409650488,38412.09509115986,38036.54607342657,133843587.66651468,132867189.2400941,7,Good,399.0178439496213
WESTLANDS W.D.,Dry Beans,Tulare Lake,0.8,1079.877442,1151.19302,1.475467,1.1216689774255135e-19,2073.129418981344,1.0246208950868203e-08,1834222.9260101472,1.9052078261564752e-16,7,Good,399.0178439496213
WESTLANDS W.D.,Lettuce,Tulare Lake,0.8,8136.398694,701.9533021,19.41207728,7810.209588923407,18719.921911480833,17924.514439319926,110869593.28882354,106424819.28312543,7,Good,399.0178439496213
WESTLANDS W.D.,Onions & Garlic,Tulare Lake,0.8,27861.59127,2291.043642,9.269283354,26116.01178894138,34928.12362689665,32657.963153236073,591678021.596143,554608314.9924259,7,Good,399.0178439496213
WESTLANDS W.D.,Other Deciduous,Tulare Lake,0.8,7040.991599,1953.728763,8.220821812,6823.989312314729,24658.768474455246,23839.0417819413,113087168.77381705,109601839.48835579,7,Good,399.0178439496213
WESTLANDS W.D.,Pasture,Tulare Lake,0.8,338.6020497,170.0,5.0,1.024620895005903e-21,1614.5203603004384,1.02462089500621e-08,287811.74224500003,8.709277607550176e-19,7,Good,399.0178439496213
WESTLANDS W.D.,Potatoes,Tulare Lake,0.8,217.893609,1165.0,14.9,198.38137731378743,268.774415416211,244.09407341944066,3782306.2118265,3443603.138101379,7,Good,399.0178439496213
WESTLANDS W.D.,Safflower,Tulare Lake,0.8,145.8300506,574.0,1.3,1.0246208950060844e-21,348.8703643165136,1.0246208950061611e-08,108818.38375772,7.645721118535402e-19,7,Good,399.0178439496213
WESTLANDS W.D.,Tomato Processing,Tulare Lake,0.8,63014.98907,93.81401088,51.86477556,52152.52395888507,139906.26539318694,115499.8791621727,306608416.43430597,253755543.2457992,7,Good,399.0178439496213
WESTLANDS W.D.,Truck Crops,Tulare Lake,0.8,5558.529541,1130.942023,18.46950135,5293.183604762991,10257.457613037875,9743.380692101422,116106204.974034,110563676.2468738,7,Good,399.0178439496213
WESTLANDS W.D.,Vineyard,Tulare Lake,0.8,33975.3929,1380.403848,11.47105969,32383.366160894584,136204.49552358856,129497.63730842444,537989981.9264882,512780724.18166286,7,Good,399.0178439496213
WESTLANDS W.D.,Almonds & Pistachios,Tulare Lake,0.8,3958.156814,4773.728857,1.151640212,2719.449055342747,16219.210576212912,11115.539432945418,21760434.594368696,14950492.383777393,7,Good,399.0178439496213
WESTLANDS W.D.,Grain,Tulare Lake,0.8,26256.70536,299.9701677,2.871144454,26519.272678693676,18665.794349276995,18805.3210848487,22613789.230948932,22839927.351572387,7,Good,399.0178439496213
WESTLANDS W.D.,Alfalfa,Tulare Lake,0.85,3395.293146,267.0724982,7.802416606,1.57219204257529e-21,15362.108879261057,1.5721920425755232e-08,7075148.8492231965,3.2761509072902977e-18,2,Good,303.4304181194576
WESTLANDS W.D.,Citrus & Subtropical,Tulare Lake,0.85,7992.489055,1164.0,14.15,7715.033656863958,28840.36694885302,27769.58929013185,131641090.22928302,127071233.34874351,2,Good,303.4304181194576
WESTLANDS W.D.,Corn,Tulare Lake,0.85,3788.208598,72.5777026,22.61157082,2954.606868679482,8638.772334800042,6720.951268656011,6216813.455679802,4848793.106891778,2,Good,303.4304181194576
WESTLANDS W.D.,Cotton,Tulare Lake,0.85,14217.02475,3609.42348,0.8,6791.827018470978,53303.91522050435,25400.946885533584,41052210.35871291,19611663.930054035,2,Good,303.4304181194576
WESTLANDS W.D.,Cucurbits,Tulare Lake,0.85,15728.91697,497.5744895,17.10175354,15640.963167186246,38412.09509115986,38101.806642793315,133843587.66651468,133095153.90340441,2,Good,303.4304181194576
WESTLANDS W.D.,Dry Beans,Tulare Lake,0.85,1079.877442,1151.19302,1.475467,181.79269663428852,2073.129418981344,348.1298615262736,1834222.9260101472,308783.49614401866,2,Good,303.4304181194576
WESTLANDS W.D.,Lettuce,Tulare Lake,0.85,8136.398694,701.9533021,19.41207728,7850.418653196153,18719.921911480833,18016.79467136622,110869593.28882354,106972722.9405176,2,Good,303.4304181194576
WESTLANDS W.D.,Onions & Garlic,Tulare Lake,0.85,27861.59127,2291.043642,9.269283354,26193.120402532564,34928.12362689665,32754.38715097227,591678021.596143,556245819.1642274,2,Good,303.4304181194576
WESTLANDS W.D.,Other Deciduous,Tulare Lake,0.85,7040.991599,1953.728763,8.220821812,6849.008390798542,24658.768474455246,23926.443861584903,113087168.77381705,110003677.313509,2,Good,303.4304181194576
WESTLANDS W.D.,Pasture,Tulare Lake,0.85,338.6020497,170.0,5.0,1.5721920425750612e-21,1614.5203603004384,1.5721920425753846e-08,287811.74224500003,1.3363632361888021e-18,2,Good,303.4304181194576
WESTLANDS W.D.,Potatoes,Tulare Lake,0.85,217.893609,1165.0,14.9,199.16140148981063,268.774415416211,245.05383729557246,3782306.2118265,3457143.187760878,2,Good,303.4304181194576
WESTLANDS W.D.,Safflower,Tulare Lake,0.85,145.8300506,574.0,1.3,9.179865068992237e-09,348.8703643165136,4.7682351566632344e-08,108818.38375772,6.850015314482007e-06,2,Good,303.4304181194576
WESTLANDS W.D.,Tomato Processing,Tulare Lake,0.85,63014.98907,93.81401088,51.86477556,55067.19166842174,139906.26539318694,121954.86432291067,306608416.43430597,267937274.67259556,2,Good,303.4304181194576
WESTLANDS W.D.,Truck Crops,Tulare Lake,0.85,5558.529541,1130.942023,18.46950135,5315.245576887371,10257.457613037875,9783.991071281518,116106204.974034,111024505.29144587,2,Good,303.4304181194576
WESTLANDS W.D.,Vineyard,Tulare Lake,0.85,33975.3929,1380.403848,11.47105969,32541.64819573113,136204.49552358856,130130.59033245685,537989981.9264882,515287071.91726184,2,Good,303.4304181194576
WESTLANDS W.D.,Almonds & Pistachios,Tulare Lake,0.85,3958.156814,4773.728857,1.151640212,2984.8466499321858,16219.210576212912,12200.331744933026,21760434.594368696,16409547.006913973,2,Good,303.4304181194576
WESTLANDS W.D.,Grain,Tulare Lake,0.85,26256.70536,299.9701677,2.871144454,26519.27267878399,18665.794349276995,18805.321084918443,22613789.230948932,22839927.351650167,2,Good,303.4304181194576
WESTLANDS W.D.,Alfalfa,Tulare Lake,0.9,3395.293146,267.0724982,7.802416606,2.9950773629262286e-21,15362.108879261057,2.995077362926375e-08,7075148.8492231965,6.241174840118489e-18,3,Good,177.54410047270875
WESTLANDS W.D.,Citrus & Subtropical,Tulare Lake,0.9,7992.489055,1164.0,14.15,7753.530545583666,28840.36694885302,27908.15547614766,131641090.22928302,127705300.20409034,3,Good,177.54410047270875
WESTLANDS W.D.,Corn,Tulare Lake,0.9,3788.208598,72.5777026,22.61157082,3524.637080551759,8638.772334800042,8017.619639767485,6216813.455679802,5784267.32897726,3,Good,177.54410047270875
WESTLANDS W.D.,Cotton,Tulare Lake,0.9,14217.02475,3609.42348,0.8,10620.369304614007,53303.91522050435,39719.42098607624,41052210.35871291,30666728.26747606,3,Good,177.54410047270875
WESTLANDS W.D.,Cucurbits,Tulare Lake,0.9,15728.91697,497.5744895,17.10175354,15674.907373630303,38412.09509115986,38184.49564199568,133843587.66651468,133383998.60769211,3,Good,177.54410047270875
WESTLANDS W.D.,Dry Beans,Tulare Lake,0.9,1079.877442,1151.19302,1.475467,790.996134091382,2073.129418981344,1514.743879781244,1834222.9260101472,1343544.3570788188,3,Good,177.54410047270875
WESTLANDS W.D.,Lettuce,Tulare Lake,0.9,8136.398694,701.9533021,19.41207728,7902.188720541315,18719.921911480833,18135.607528975244,110869593.28882354,107678161.12354639,3,Good,177.54410047270875
WESTLANDS W.D.,Onions & Garlic,Tulare Lake,0.9,27861.59127,2291.043642,9.269283354,26293.88295933083,34928.12362689665,32880.39030538219,591678021.596143,558385646.3435013,3,Good,177.54410047270875
WESTLANDS W.D.,Other Deciduous,Tulare Lake,0.9,7040.991599,1953.728763,8.220821812,6880.947957458814,24658.768474455246,24038.022093814663,113087168.77381705,110516666.87111418,3,Good,177.54410047270875
WESTLANDS W.D.,Pasture,Tulare Lake,0.9,338.6020497,170.0,5.0,2.9949969883297785e-21,1614.5203603004384,2.994996988330187e-08,287811.74224500003,2.5457474400803117e-18,3,Good,177.54410047270875
WESTLANDS W.D.,Potatoes,Tulare Lake,0.9,217.893609,1165.0,14.9,200.17839288299513,268.774415416211,246.30517236678554,3782306.2118265,3474796.632859471,3,Good,177.54410047270875
WESTLANDS W.D.,Safflower,Tulare Lake,0.9,145.8300506,574.0,1.3,34.02963381694401,348.8703643165136,81.19631759080704,108818.38375772,25392.912754203626,3,Good,177.54410047270875
WESTLANDS W.D.,Tomato Processing,Tulare Lake,0.9,63014.98907,93.81401088,51.86477556,58647.24048297197,139906.26539318694,129883.43947297652,306608416.43430597,285356512.7616066,3,Good,177.54410047270875
WESTLANDS W.D.,Truck Crops,Tulare Lake,0.9,5558.529541,1130.942023,18.46950135,5343.976167115906,10257.457613037875,9836.876649999303,116106204.974034,111624627.99898826,3,Good,177.54410047270875
WESTLANDS W.D.,Vineyard,Tulare Lake,0.9,33975.3929,1380.403848,11.47105969,32741.80685510519,136204.49552358856,130931.00352420982,537989981.9264882,518456523.22739166,3,Good,177.54410047270875
WESTLANDS W.D.,Almonds & Pistachios,Tulare Lake,0.9,3958.156814,4773.728857,1.151640212,3277.794540298451,16219.210576212912,13397.733777795373,21760434.594368696,18020062.635129154,3,Good,177.54410047270875
WESTLANDS W.D.,Grain,Tulare Lake,0.9,26256.70536,299.9701677,2.871144454,26519.272678824687,18665.794349276995,18805.321084962383,22613789.230948932,22839927.35168522,3,Good,177.54410047270875
WESTLANDS W.D.,Alfalfa,Tulare Lake,0.95,3395.293146,267.0724982,7.802416606,1859.0907565406835,15362.108879261057,8390.484774723245,7075148.8492231965,3873993.5732018524,2,Good,79.41440156737453
WESTLANDS W.D.,Citrus & Subtropical,Tulare Lake,0.95,7992.489055,1164.0,14.15,7782.580090678699,28840.36694885302,28012.716774582965,131641090.22928302,128183763.6415326,2,Good,79.41440156737453
WESTLANDS W.D.,Corn,Tulare Lake,0.95,3788.208598,72.5777026,22.61157082,3826.0906938005405,8638.772334800042,8703.347093384464,6216813.455679802,6278981.606353048,2,Good,79.41440156737453
WESTLANDS W.D.,Cotton,Tulare Lake,0.95,14217.02475,3609.42348,0.8,12815.392201075036,53303.91522050435,47928.64949765174,41052210.35871291,37004942.012775294,2,Good,79.41440156737453
WESTLANDS W.D.,Cucurbits,Tulare Lake,0.95,15728.91697,497.5744895,17.10175354,15700.386940090124,38412.09509115986,38246.56455072823,133843587.66651468,133600814.3359253,2,Good,79.41440156737453
WESTLANDS W.D.,Dry Beans,Tulare Lake,0.95,1079.877442,1151.19302,1.475467,1090.676227074886,2073.129418981344,2088.6260609818214,1834222.9260101472,1852565.1733680766,2,Good,79.41440156737453
WESTLANDS W.D.,Lettuce,Tulare Lake,0.95,8136.398694,701.9533021,19.41207728,7941.649420644312,18719.921911480833,18226.170257293077,110869593.28882354,108215867.29255919,2,Good,79.41440156737453
WESTLANDS W.D.,Onions & Garlic,Tulare Lake,0.95,27861.59127,2291.043642,9.269283354,26371.816468980964,34928.12362689665,32977.84583227196,591678021.596143,560040668.2824486,2,Good,79.41440156737453
WESTLANDS W.D.,Other Deciduous,Tulare Lake,0.95,7040.991599,1953.728763,8.220821812,6905.094376227814,24658.768474455246,24122.375609014987,113087168.77381705,110904488.68516108,2,Good,79.41440156737453
WESTLANDS W.D.,Pasture,Tulare Lake,0.95,338.6020497,170.0,5.0,341.98807325605327,1614.5203603004384,1626.5888983534098,287811.74224500003,290689.86226764525,2,Good,79.41440156737453
WESTLANDS W.D.,Potatoes,Tulare Lake,0.95,217.893609,1165.0,14.9,200.96319446382412,268.774415416211,247.27081452765933,3782306.2118265,3488419.611100291,2,Good,79.41440156737453
WESTLANDS W.D.,Safflower,Tulare Lake,0.95,145.8300506,574.0,1.3,147.28835253719365,348.8703643165136,351.4781702650448,108818.38375772,109906.5686632539,2,Good,79.41440156737453
WESTLANDS W.D.,Tomato Processing,Tulare Lake,0.95,63014.98907,93.81401088,51.86477556,61258.93881365328,139906.26539318694,135667.45180273583,306608416.43430597,298064103.46649086,2,Good,79.41440156737453
WESTLANDS W.D.,Truck Crops,Tulare Lake,0.95,5558.529541,1130.942023,18.46950135,5366.121494455285,10257.457613037875,9877.64046458803,116106204.974034,112087198.16189152,2,Good,79.41440156737453
WESTLANDS W.D.,Vineyard,Tulare Lake,0.95,33975.3929,1380.403848,11.47105969,32891.77405394633,136204.49552358856,131530.7064036462,537989981.9264882,520831208.07155454,2,Good,79.41440156737453
WESTLANDS W.D.,Almonds & Pistachios,Tulare Lake,0.95,3958.156814,4773.728857,1.151640212,3473.6365537509396,16219.210576212912,14198.222986826328,21760434.594368696,19096727.235553533,2,Good,79.41440156737453
WESTLANDS W.D.,Grain,Tulare Lake,0.95,26256.70536,299.9701677,2.871144454,26519.272678764173,18665.794349276995,18805.321084952906,22613789.230948932,22839927.3516331,2,Good,79.41440156737453
WESTLANDS W.D.,Alfalfa,Tulare Lake,1.0,3395.293146,267.0724982,7.802416606,3429.246111642374,15362.108879261057,15476.940642860021,7075148.8492231965,7145900.408945032,2,Good,9.257291352816246e-10
WESTLANDS W.D.,Citrus & Subtropical,Tulare Lake,1.0,7992.489055,1164.0,14.15,7805.508910300388,28840.36694885302,28095.247056818243,131641090.22928302,128561415.05799359,2,Good,9.257291352816246e-10
WESTLANDS W.D.,Corn,Tulare Lake,1.0,3788.208598,72.5777026,22.61157082,3826.0907221913158,8638.772334800042,8703.34715811709,6216813.455679802,6278981.652945031,2,Good,9.257291352816246e-10
WESTLANDS W.D.,Cotton,Tulare Lake,1.0,14217.02475,3609.42348,0.8,14286.726146084782,53303.91522050435,53431.33313307652,41052210.35871291,41253475.84320666,2,Good,9.257291352816246e-10
WESTLANDS W.D.,Cucurbits,Tulare Lake,1.0,15728.91697,497.5744895,17.10175354,15720.41934810064,38412.09509115986,38295.36403541661,133843587.66651468,133771278.03427406,2,Good,9.257291352816246e-10
WESTLANDS W.D.,Dry Beans,Tulare Lake,1.0,1079.877442,1151.19302,1.475467,1090.6762272784533,2073.129418981344,2088.6260615212345,1834222.9260101472,1852565.1737138454,2,Good,9.257291352816246e-10
WESTLANDS W.D.,Lettuce,Tulare Lake,1.0,8136.398694,701.9533021,19.41207728,7973.033116175338,18719.921911480833,18298.196174060617,110869593.28882354,108643513.19466954,2,Good,9.257291352816246e-10
WESTLANDS W.D.,Onions & Garlic,Tulare Lake,1.0,27861.59127,2291.043642,9.269283354,26434.499592044685,34928.12362689665,33056.23081485534,591678021.596143,561371827.9381337,2,Good,9.257291352816246e-10
WESTLANDS W.D.,Other Deciduous,Tulare Lake,1.0,7040.991599,1953.728763,8.220821812,6924.179781678756,24658.768474455246,24189.048893306714,113087168.77381705,111211024.26853742,2,Good,9.257291352816246e-10
WESTLANDS W.D.,Pasture,Tulare Lake,1.0,338.6020497,170.0,5.0,341.9880735943181,1614.5203603004384,1626.5889001117885,287811.74224500003,290689.8625551704,2,Good,9.257291352816246e-10
WESTLANDS W.D.,Potatoes,Tulare Lake,1.0,217.893609,1165.0,14.9,201.59331025766934,268.774415416211,248.04612704707955,3782306.2118265,3499357.4761077533,2,Good,9.257291352816246e-10
WESTLANDS W.D.,Safflower,Tulare Lake,1.0,145.8300506,574.0,1.3,147.28835255657836,348.8703643165136,351.478170451969,108818.38375772,109906.56867771878,2,Good,9.257291352816246e-10
WESTLANDS W.D.,Tomato Processing,Tulare Lake,1.0,63014.98907,93.81401088,51.86477556,63270.43237995139,139906.26539318694,140122.21729097303,306608416.43430597,307851312.2898607,2,Good,9.257291352816246e-10
WESTLANDS W.D.,Truck Crops,Tulare Lake,1.0,5558.529541,1130.942023,18.46950135,5383.885876714881,10257.457613037875,9910.340093709605,116106204.974034,112458259.42776342,2,Good,9.257291352816246e-10
WESTLANDS W.D.,Vineyard,Tulare Lake,1.0,33975.3929,1380.403848,11.47105969,33009.51915487166,136204.49552358856,132001.55654022042,537989981.9264882,522695665.82499975,2,Good,9.257291352816246e-10
WESTLANDS W.D.,Almonds & Pistachios,Tulare Lake,1.0,3958.156814,4773.728857,1.151640212,3616.1120120830396,16219.210576212912,14780.580495080661,21760434.594368696,19880002.895924672,2,Good,9.257291352816246e-10
WESTLANDS W.D.,Grain,Tulare Lake,1.0,26256.70536,299.9701677,2.871144454,26519.272678768466,18665.794349276995,18805.32108509715,22613789.230948932,22839927.3516368,2,Good,9.257291352816246e-10
