region,crop,Shortage_%,xland,p,y,xlandsc,xwater,xwatersc,grev,grevsc,lambdawater
BANTA-CARBONA I.D.,Alfalfa,0.5,692.4817265,281,6.7,1.7924485585244402e-22,2863.3879501255306,1.7924485585255536e-09,1303735.346,3.374642901133964e-19,720.9093701610806
BANTA-CARBONA I.D.,Almonds & Pistachios,0.5,6944.405664,4883.344789,1.202182209,2519.452875855754,28639.45369734431,10364.510277562194,40768315.567165144,14790876.983463205,720.9093701610806
BANTA-CARBONA I.D.,Citrus & Subtropical,0.5,160.6387081,933,3.6,107.75777900025034,521.6687197067006,349.0648552730262,539553.2928,361936.82810604083,720.9093701610806
BANTA-CARBONA I.D.,Corn,0.5,282.9171526,59,27.1,1.792448558525552e-22,683.4795368215509,1.7924485585263405e-09,452356.23529214005,2.865946000226505e-19,720.9093701610806
BANTA-CARBONA I.D.,Cucurbits,0.5,324.6611668,203,12,301.6869992814791,746.5996259320906,692.0331811834178,790874.6023,734909.5302496831,720.9093701610806
BANTA-CARBONA I.D.,Dry Beans,0.5,1248.750059,1752,1.3,1.792448558524897e-22,2762.361701,1.7924485585256642e-09,2844153.1343783997,4.0824808368963053e-19,720.9093701610806
BANTA-CARBONA I.D.,Grain,0.5,72.81367026,164,2.5,1.792448558524524e-22,33.97899734514724,1.7924485585249948e-09,29853.604806599997,7.349039089950548e-20,720.9093701610806
BANTA-CARBONA I.D.,Other Deciduous,0.5,5966.793346,1941.520674,2.07538957,4807.546371746004,20560.59844055851,16524.60687915906,24042667.26,19371583.871477284,720.9093701610806
BANTA-CARBONA I.D.,Pasture,0.5,8.53927993,276,5,1.7924485585247517e-22,39.282284924693066,1.7924485585259397e-09,11784.206303399998,2.473579010764157e-19,720.9093701610806
BANTA-CARBONA I.D.,Safflower,0.5,52.20934812,574,1.3,1.7924485585244654e-22,125.59767726324469,1.7924485585252763e-09,38958.61556714401,1.337525114370956e-19,720.9093701610806
BANTA-CARBONA I.D.,Tomato Processing,0.5,750.894725,101,43.3,388.6215578626805,1786.8747878138583,922.4755329966152,3283887.9008424995,1699558.6590008603,720.9093701610806
BANTA-CARBONA I.D.,Truck Crops,0.5,43.2080525,555,22.8,38.54898104412302,115.26753339094934,102.58127928807005,546754.6963,487798.80613233265,720.9093701610806
BANTA-CARBONA I.D.,Vineyard,0.5,351.735675,1689.181611,10.69211111,332.9066556710621,1089.8475423605726,1028.9273419660742,6352668.997352641,6012599.633215786,720.9093701610806
BANTA-CARBONA I.D.,Alfalfa,0.55,692.4817265,281,6.7,9.43776607489054e-19,2863.3879501255306,2.7352399610753815e-09,1303735.346,1.776848218919642e-15,663.8388539
BANTA-CARBONA I.D.,Almonds & Pistachios,0.55,6944.405664,4883.344789,1.202182209,3069.0062380780532,28639.45369734431,12625.259635250859,40768315.567165144,18017123.544521727,663.8388539
BANTA-CARBONA I.D.,Citrus & Subtropical,0.55,160.6387081,933,3.6,120.35141090838417,521.6687197067006,389.8600010166908,539553.2928,404236.3189590808,663.8388539
BANTA-CARBONA I.D.,Corn,0.55,282.9171526,59,27.1,2.6536899924890772e-18,683.4795368215509,2.7352399875229017e-09,452356.23529214005,4.242984928990786e-15,663.8388539
BANTA-CARBONA I.D.,Cucurbits,0.55,324.6611668,203,12,305.67729755126294,746.5996259320906,701.1864387395838,790874.6023,744629.8968348765,663.8388539
BANTA-CARBONA I.D.,Dry Beans,0.55,1248.750059,1752,1.3,1.7651457129826835e-18,2762.361701,2.7352399703475737e-09,2844153.1343783997,4.02029587588936e-15,663.8388539
BANTA-CARBONA I.D.,Grain,0.55,72.81367026,164,2.5,8.229013492105787e-18,33.97899734514724,2.735240016267452e-09,29853.604806599997,3.373895531763373e-15,663.8388539
BANTA-CARBONA I.D.,Other Deciduous,0.55,5966.793346,1941.520674,2.07538957,4981.820020398817,20560.59844055851,17123.624197080677,24042667.26,20073804.16025221,663.8388539
BANTA-CARBONA I.D.,Pasture,0.55,8.53927993,276,5,1.6350952306217956e-18,39.282284924693066,2.7352399708689746e-09,11784.206303399998,2.256431418258078e-15,663.8388539
BANTA-CARBONA I.D.,Safflower,0.55,52.20934812,574,1.3,2.788358559449094e-18,125.59767726324469,2.7352399767229032e-09,38958.61556714401,2.080673157060914e-15,663.8388539
BANTA-CARBONA I.D.,Tomato Processing,0.55,750.894725,101,43.3,424.7724669485899,1786.8747878138583,1008.2873683222081,3283887.9008424995,1857657.429706268,663.8388539
BANTA-CARBONA I.D.,Truck Crops,0.55,43.2080525,555,22.8,38.83507930564989,115.26753339094934,103.34260487723662,546754.6963,491419.09353369375,663.8388539
BANTA-CARBONA I.D.,Vineyard,0.55,351.735675,1689.181611,10.69211111,333.5963565529986,1089.8475423605726,1031.059026879635,6352668.997352641,6025056.263923276,663.8388539
BANTA-CARBONA I.D.,Alfalfa,0.6,692.4817265,281,6.7,6.631772503182252e-21,2863.3879501255306,6.631772503179982e-08,1303735.346,1.2485638091741225e-17,582.8889057280475
BANTA-CARBONA I.D.,Almonds & Pistachios,0.6,6944.405664,4883.344789,1.202182209,3699.0607167869407,28639.45369734431,15217.174007905669,40768315.567165144,21715965.613277584,582.8889057280475
BANTA-CARBONA I.D.,Citrus & Subtropical,0.6,160.6387081,933,3.6,6.633157063033596e-13,521.6687197067006,6.632683386876843e-08,539553.2928,2.2279447943317245e-09,582.8889057280475
BANTA-CARBONA I.D.,Corn,0.6,282.9171526,59,27.1,6.631771710068902e-21,683.4795368215509,6.631771710065027e-08,452356.23529214005,1.0603539787229168e-17,582.8889057280475
BANTA-CARBONA I.D.,Cucurbits,0.6,324.6611668,203,12,310.0497369721767,746.5996259320906,711.2162815546287,790874.6023,755281.1592642224,582.8889057280475
BANTA-CARBONA I.D.,Dry Beans,0.6,1248.750059,1752,1.3,6.631772498326453e-21,2762.361701,6.631772498322845e-08,2844153.1343783997,1.5104525042188328e-17,582.8889057280475
BANTA-CARBONA I.D.,Grain,0.6,72.81367026,164,2.5,6.631772420611068e-21,33.97899734514724,6.631772420606704e-08,29853.604806599997,2.7190266924505377e-18,582.8889057280475
BANTA-CARBONA I.D.,Other Deciduous,0.6,5966.793346,1941.520674,2.07538957,5176.580458,20560.59844055851,17793.059169797998,24042667.26,20858574.158961616,582.8889057280475
BANTA-CARBONA I.D.,Pasture,0.6,8.53927993,276,5,6.6317717100669055e-21,39.282284924693066,6.631771710064713e-08,11784.206303399998,9.151844959892329e-18,582.8889057280475
BANTA-CARBONA I.D.,Safflower,0.6,52.20934812,574,1.3,6.631772509428018e-21,125.59767726324469,6.631772509424768e-08,38958.61556714401,4.948628646535187e-18,582.8889057280475
BANTA-CARBONA I.D.,Tomato Processing,0.6,750.894725,101,43.3,472.3233145,1786.8747878138583,1121.1593708189168,3283887.9008424995,2065611.5512307908,582.8889057280475
BANTA-CARBONA I.D.,Truck Crops,0.6,43.2080525,555,22.8,39.23312197364041,115.26753339094934,104.40182168522028,546754.6963,496455.9254544457,582.8889057280475
BANTA-CARBONA I.D.,Vineyard,0.6,351.735675,1689.181611,10.69211111,334.55713596106733,1089.8475423605726,1034.0285446326402,6352668.997352641,6042408.822,582.8889057280475
BANTA-CARBONA I.D.,Alfalfa,0.65,692.4817265,281,6.7,4.86734593123182e-19,2863.3879501255306,6.244624201368297e-09,1303735.346,9.163752184730148e-16,509.6256940271672
BANTA-CARBONA I.D.,Almonds & Pistachios,0.65,6944.405664,4883.344789,1.202182209,4167.437680807286,28639.45369734431,17143.980380719717,40768315.567165144,24465652.310378373,509.6256940271672
BANTA-CARBONA I.D.,Citrus & Subtropical,0.65,160.6387081,933,3.6,137.04059077621378,521.6687197067006,443.9220484,539553.2928,460291.93629914685,509.6256940271672
BANTA-CARBONA I.D.,Corn,0.65,282.9171526,59,27.1,4.227229459562689e-18,683.4795368215509,6.244624238834486e-09,452356.23529214005,6.758917182894784e-15,509.6256940271672
BANTA-CARBONA I.D.,Cucurbits,0.65,324.6611668,203,12,313.1937227243065,746.5996259320906,718.4282013514875,790874.6023,762939.9085564106,509.6256940271672
BANTA-CARBONA I.D.,Dry Beans,0.65,1248.750059,1752,1.3,2.5491645718050136e-17,2762.361701,6.244624392994795e-09,2844153.1343783997,5.805977228743099e-14,509.6256940271672
BANTA-CARBONA I.D.,Grain,0.65,72.81367026,164,2.5,73.54180746032048,33.97899734514724,34.23298986304984,29853.604806599997,30152.14106,509.6256940271672
BANTA-CARBONA I.D.,Other Deciduous,0.65,5966.793346,1941.520674,2.07538957,5318.622862603477,20560.59844055851,18281.29053,24042667.26,21430921.492341504,509.6256940271672
BANTA-CARBONA I.D.,Pasture,0.65,8.53927993,276,5,1.7360359986549394e-18,39.282284924693066,6.2446242125504326e-09,11784.206303399998,2.3957296781438162e-15,509.6256940271672
BANTA-CARBONA I.D.,Safflower,0.65,52.20934812,574,1.3,9.280642905832384e-19,125.59767726324469,6.2446242038166e-09,38958.61556714401,6.925215736332125e-16,509.6256940271672
BANTA-CARBONA I.D.,Tomato Processing,0.65,750.894725,101,43.3,512.1099093552838,1786.8747878138583,1215.6012759144255,3283887.9008424995,2239610.2665834622,509.6256940271672
BANTA-CARBONA I.D.,Truck Crops,0.65,43.2080525,555,22.8,39.58581653264334,115.26753339094934,105.34036417480854,546754.6963,500918.9224040689,509.6256940271672
BANTA-CARBONA I.D.,Vineyard,0.65,351.735675,1689.181611,10.69211111,335.4096150942837,1089.8475423605726,1036.6633344553147,6352668.997352641,6057805.3767888015,509.6256940271672
BANTA-CARBONA I.D.,Alfalfa,0.7,692.4817265,281,6.7,6.4660655509838006e-21,2863.3879501255306,6.46606555098148e-08,1303735.346,1.2173661612837201e-17,412.8454484854608
BANTA-CARBONA I.D.,Almonds & Pistachios,0.7,6944.405664,4883.344789,1.202182209,4685.376008068881,28639.45369734431,19274.67199540864,40768315.567165144,27506297.427007087,412.8454484854608
BANTA-CARBONA I.D.,Citrus & Subtropical,0.7,160.6387081,933,3.6,143.2356940287485,521.6687197067006,463.99013859173783,539553.2928,481100.04910376045,412.8454484854608
BANTA-CARBONA I.D.,Corn,0.7,282.9171526,59,27.1,77.84353157670124,683.4795368215509,187.58653817021397,452356.23529214005,124464.02263798761,412.8454484854608
BANTA-CARBONA I.D.,Cucurbits,0.7,324.6611668,203,12,316.58842544847863,746.5996259320906,726.2152354295214,790874.6023,771209.4043924939,412.8454484854608
BANTA-CARBONA I.D.,Dry Beans,0.7,1248.750059,1752,1.3,9.212048460435927e-19,2762.361701,6.466065463120766e-08,2844153.1343783997,2.0981361573488867e-15,412.8454484854608
BANTA-CARBONA I.D.,Grain,0.7,72.81367026,164,2.5,73.54180728315582,33.97899734514724,34.23298984008176,29853.604806599997,30152.140986093887,412.8454484854608
BANTA-CARBONA I.D.,Other Deciduous,0.7,5966.793346,1941.520674,2.07538957,5473.531137357094,20560.59844055851,18813.744744623666,24042667.26,22055110.715852976,412.8454484854608
BANTA-CARBONA I.D.,Pasture,0.7,8.53927993,276,5,6.4660655449126826e-21,39.282284924693066,6.466065544910356e-08,11784.206303399998,8.923170451979502e-18,412.8454484854608
BANTA-CARBONA I.D.,Safflower,0.7,52.20934812,574,1.3,6.46606554543329e-21,125.59767726324469,6.466065545430074e-08,38958.61556714401,4.8249781100023215e-18,412.8454484854608
BANTA-CARBONA I.D.,Tomato Processing,0.7,750.894725,101,43.3,560.6472658957483,1786.8747878138583,1330.8149663606505,3283887.9008424995,2451878.687941876,412.8454484854608
BANTA-CARBONA I.D.,Truck Crops,0.7,43.2080525,555,22.8,40.04121278374788,115.26753339094934,106.55220249452663,546754.6963,506681.5065655457,412.8454484854608
BANTA-CARBONA I.D.,Vineyard,0.7,351.735675,1689.181611,10.69211111,336.5119085773246,1089.8475423605726,1040.0702351711616,6352668.997352641,6077713.808,412.8454484854608
BANTA-CARBONA I.D.,Alfalfa,0.75,692.4817265,281,6.7,6.426351662917885e-21,2863.3879501255306,6.426351662915228e-08,1303735.346,1.2098892275775502e-17,300.2324680983801
BANTA-CARBONA I.D.,Almonds & Pistachios,0.75,6944.405664,4883.344789,1.202182209,5187.038691,28639.45369734431,21338.40895998703,40768315.567165144,30451393.601538494,300.2324680983801
BANTA-CARBONA I.D.,Citrus & Subtropical,0.75,160.6387081,933,3.6,148.6936887780261,521.6687197067006,481.6704783768728,539553.2928,499432.36186763406,300.2324680983801
BANTA-CARBONA I.D.,Corn,0.75,282.9171526,59,27.1,190.80946356781803,683.4795368215509,459.8106738891216,452356.23529214005,305085.2512985843,300.2324680983801
BANTA-CARBONA I.D.,Cucurbits,0.75,324.6611668,203,12,319.81072527024924,746.5996259320906,733.6067982151329,790874.6023,779058.9267583272,300.2324680983801
BANTA-CARBONA I.D.,Dry Beans,0.75,1248.750059,1752,1.3,2.006828524835395e-07,2762.361701,5.647384247625099e-07,2844153.1343783997,0.000457075,300.2324680983801
BANTA-CARBONA I.D.,Grain,0.75,72.81367026,164,2.5,73.54180750637116,33.97899734514724,34.23298994401468,29853.604806599997,30152.141077612174,300.2324680983801
BANTA-CARBONA I.D.,Other Deciduous,0.75,5966.793346,1941.520674,2.07538957,5621.804147487758,20560.59844055851,19323.392081034395,24042667.26,22652563.726083513,300.2324680983801
BANTA-CARBONA I.D.,Pasture,0.75,8.53927993,276,5,6.426351662918362e-21,39.282284924693066,6.426351662915595e-08,11784.206303399998,8.86836529482734e-18,300.2324680983801
BANTA-CARBONA I.D.,Safflower,0.75,52.20934812,574,1.3,6.426351662918306e-21,125.59767726324469,6.426351662914835e-08,38958.61556714401,4.79534361086964e-18,300.2324680983801
BANTA-CARBONA I.D.,Tomato Processing,0.75,750.894725,101,43.3,612.2559276,1786.8747878138583,1453.319049645753,3283887.9008424995,2677578.848069603,300.2324680983801
BANTA-CARBONA I.D.,Truck Crops,0.75,43.2080525,555,22.8,40.556779685771275,115.26753339094934,107.92415866497309,546754.6963,513205.4901437497,300.2324680983801
BANTA-CARBONA I.D.,Vineyard,0.75,351.735675,1689.181611,10.69211111,337.76194823254053,1089.8475423605726,1043.9337805762714,6352668.997352641,6100290.671460289,300.2324680983801
BANTA-CARBONA I.D.,Alfalfa,0.8,692.4817265,281,6.7,2.6899166740774716e-19,2863.3879501255306,6.359848923768537e-08,1303735.346,5.064306122285656e-16,198.85339240253225
BANTA-CARBONA I.D.,Almonds & Pistachios,0.8,6944.405664,4883.344789,1.202182209,5572.239401411465,28639.45369734431,22923.04535573598,40768315.567165144,32712779.944609817,198.85339240253225
BANTA-CARBONA I.D.,Citrus & Subtropical,0.8,160.6387081,933,3.6,152.62351357682553,521.6687197067006,494.4005451748246,539553.2928,512631.8574018416,198.85339240253225
BANTA-CARBONA I.D.,Corn,0.8,282.9171526,59,27.1,233.9474361117427,683.4795368215509,563.7641144133364,452356.23529214005,374058.5555990654,198.85339240253225
BANTA-CARBONA I.D.,Cucurbits,0.8,324.6611668,203,12,322.2491540208595,746.5996259320906,739.2002563692861,790874.6023,784998.9391948138,198.85339240253225
BANTA-CARBONA I.D.,Dry Beans,0.8,1248.750059,1752,1.3,361.4729574147124,2762.361701,797.6157750263657,2844153.1343783997,823290.8078,198.85339240253225
BANTA-CARBONA I.D.,Grain,0.8,72.81367026,164,2.5,73.54180759788416,33.97899734514724,34.23298998582856,29853.604806599997,30152.141115132505,198.85339240253225
BANTA-CARBONA I.D.,Other Deciduous,0.8,5966.793346,1941.520674,2.07538957,5734.678647236919,20560.59844055851,19711.366858772308,24042667.26,23107381.56241107,198.85339240253225
BANTA-CARBONA I.D.,Pasture,0.8,8.53927993,276,5,8.668569836474126e-21,39.282284924693066,6.359837554783507e-08,11784.206303399998,1.1962626374334293e-17,198.85339240253225
BANTA-CARBONA I.D.,Safflower,0.8,52.20934812,574,1.3,4.282369307409672e-19,125.59767726324469,6.359838976319055e-08,38958.61556714401,3.1955039771890975e-16,198.85339240253225
BANTA-CARBONA I.D.,Tomato Processing,0.8,750.894725,101,43.3,654.9418656881542,1786.8747878138583,1554.6431597329845,3283887.9008424995,2864257.2612140044,198.85339240253225
BANTA-CARBONA I.D.,Truck Crops,0.8,43.2080525,555,22.8,41.008422534685984,115.26753339094934,109.12600888368398,546754.6963,518920.57875391643,198.85339240253225
BANTA-CARBONA I.D.,Vineyard,0.8,351.735675,1689.181611,10.69211111,338.85879016225414,1089.8475423605726,1047.323831906076,6352668.997352641,6120100.643030241,198.85339240253225
BANTA-CARBONA I.D.,Alfalfa,0.85,692.4817265,281,6.7,58.19478760195281,2863.3879501255306,240.0318448372186,1303735.346,109563.32661819656,100.95243625900363
BANTA-CARBONA I.D.,Almonds & Pistachios,0.85,6944.405664,4883.344789,1.202182209,5899.522681,28639.45369734431,24269.421367621984,40768315.567165144,34634152.14946715,100.95243625900363
BANTA-CARBONA I.D.,Citrus & Subtropical,0.85,160.6387081,933,3.6,155.82446024424294,521.6687197067006,504.7695226564107,539553.2928,523383.1970683632,100.95243625900363
BANTA-CARBONA I.D.,Corn,0.85,282.9171526,59,27.1,261.57795829126763,683.4795368215509,630.3478612632372,452356.23529214005,418236.99751190783,100.95243625900363
BANTA-CARBONA I.D.,Cucurbits,0.85,324.6611668,203,12,324.30036126559696,746.5996259320906,743.9054756055291,790874.6023,789995.6800429942,100.95243625900363
BANTA-CARBONA I.D.,Dry Beans,0.85,1248.750059,1752,1.3,717.8960606,2762.361701,1584.0886875768856,2844153.1343783997,1635080.0675438368,100.95243625900363
BANTA-CARBONA I.D.,Grain,0.85,72.81367026,164,2.5,73.54180765822908,33.97899734514724,34.232990002307986,29853.604806599997,30152.141139873922,100.95243625900363
BANTA-CARBONA I.D.,Other Deciduous,0.85,5966.793346,1941.520674,2.07538957,5830.01442,20560.59844055851,20039.057128809054,24042667.26,23491528.646565136,100.95243625900363
BANTA-CARBONA I.D.,Pasture,0.85,8.53927993,276,5,4.813872391512536,39.282284924693066,22.08935148069624,11784.206303399998,6643.143900287299,100.95243625900363
BANTA-CARBONA I.D.,Safflower,0.85,52.20934812,574,1.3,41.17201406920091,125.59767726324469,98.79804478,38958.61556714401,30722.556898437724,100.95243625900363
BANTA-CARBONA I.D.,Tomato Processing,0.85,750.894725,101,43.3,693.2670716350036,1786.8747878138583,1645.6161489138144,3283887.9008424995,3031864.884381361,100.95243625900363
BANTA-CARBONA I.D.,Truck Crops,0.85,43.2080525,555,22.8,41.43390568528558,115.26753339094934,110.25824647760331,546754.6963,524304.6425416038,100.95243625900363
BANTA-CARBONA I.D.,Vineyard,0.85,351.735675,1689.181611,10.69211111,339.89359750287343,1089.8475423605726,1050.5221505486422,6352668.997352641,6138790.213,100.95243625900363
BANTA-CARBONA I.D.,Alfalfa,0.9,692.4817265,281,6.7,415.9635580764539,2863.3879501255306,1715.6948985355118,1303735.346,783134.5907905399,39.76153364709933
BANTA-CARBONA I.D.,Almonds & Pistachios,0.9,6944.405664,4883.344789,1.202182209,6086.085119309411,28639.45369734431,25036.90081838953,40768315.567165144,35729398.70130173,39.76153364709933
BANTA-CARBONA I.D.,Citrus & Subtropical,0.9,160.6387081,933,3.6,157.60155041869336,521.6687197067006,510.5261347186542,539553.2928,529352.0875463072,39.76153364709933
BANTA-CARBONA I.D.,Corn,0.9,282.9171526,59,27.1,275.16974834896223,683.4795368215509,663.1012165598838,452356.23529214005,439968.91063515574,39.76153364709933
BANTA-CARBONA I.D.,Cucurbits,0.9,324.6611668,203,12,325.4621467261801,746.5996259320906,746.5704698347038,790874.6023,792825.7894249747,39.76153364709933
BANTA-CARBONA I.D.,Dry Beans,0.9,1248.750059,1752,1.3,913.3772330852792,2762.361701,2015.4317900891533,2844153.1343783997,2080307.9860750318,39.76153364709933
BANTA-CARBONA I.D.,Grain,0.9,72.81367026,164,2.5,73.54180766,33.97899734514724,34.23299005200035,29853.604806599997,30152.141141682278,39.76153364709933
BANTA-CARBONA I.D.,Other Deciduous,0.9,5966.793346,1941.520674,2.07538957,5884.1517710998905,20560.59844055851,20225.139253305275,24042667.26,23709670.325024016,39.76153364709933
BANTA-CARBONA I.D.,Pasture,0.9,8.53927993,276,5,7.527323845190095,39.282284924693066,34.540529673496984,11784.206303399998,10387.706906362331,39.76153364709933
BANTA-CARBONA I.D.,Safflower,0.9,52.20934812,574,1.3,52.73144202030878,125.59767726324469,126.53651975205837,38958.61556714401,39348.202035554415,39.76153364709933
BANTA-CARBONA I.D.,Tomato Processing,0.9,750.894725,101,43.3,715.9448753167406,1786.8747878138583,1699.4467165722608,3283887.9008424995,3131041.7232227013,39.76153364709933
BANTA-CARBONA I.D.,Truck Crops,0.9,43.2080525,555,22.8,41.69474683579384,115.26753339094934,110.95236136605162,546754.6963,527605.3264601353,39.76153364709933
BANTA-CARBONA I.D.,Vineyard,0.9,351.735675,1689.181611,10.69211111,340.5286871039304,1089.8475423605726,1052.485046336049,6352668.997352641,6150260.513876895,39.76153364709933
BANTA-CARBONA I.D.,Alfalfa,0.95,692.4817265,281,6.7,604.4552352,2863.3879501255306,2493.152929485582,1303735.346,1138007.8712311627,6.850974544770862e-09
BANTA-CARBONA I.D.,Almonds & Pistachios,0.95,6944.405664,4883.344789,1.202182209,6200.924166,28639.45369734431,25509.325008459466,40768315.567165144,36403580.87592322,6.850974544770862e-09
BANTA-CARBONA I.D.,Citrus & Subtropical,0.95,160.6387081,933,3.6,158.68018397230028,521.6687197067006,514.0202033926112,539553.2928,532975.0019261623,6.850974544770862e-09
BANTA-CARBONA I.D.,Corn,0.95,282.9171526,59,27.1,282.96185908451497,683.4795368215509,681.8785646138114,452356.23529214005,452427.7165,6.850974544770862e-09
BANTA-CARBONA I.D.,Cucurbits,0.95,324.6611668,203,12,326.1748122548731,746.5996259320906,748.2052379675129,790874.6023,794561.8426528708,6.850974544770862e-09
BANTA-CARBONA I.D.,Dry Beans,0.95,1248.750059,1752,1.3,1031.285211097461,2762.361701,2275.604124883187,2844153.1343783997,2348855.1967955767,6.850974544770862e-09
BANTA-CARBONA I.D.,Grain,0.95,72.81367026,164,2.5,73.54180766501679,33.97899734514724,34.232990158555516,29853.604806599997,30152.141142656885,6.850974544770862e-09
BANTA-CARBONA I.D.,Other Deciduous,0.95,5966.793346,1941.520674,2.07538957,5917.407243485469,20560.59844055851,20339.44571362331,24042667.26,23843670.31643104,6.850974544770862e-09
BANTA-CARBONA I.D.,Pasture,0.95,8.53927993,276,5,8.624667047649014,39.282284924693066,39.575893756250395,11784.206303399998,11902.04052575564,6.850974544770862e-09
BANTA-CARBONA I.D.,Safflower,0.95,52.20934812,574,1.3,52.73144207784968,125.59767726324469,126.53651999466729,38958.61556714401,39348.202078491435,6.850974544770862e-09
BANTA-CARBONA I.D.,Tomato Processing,0.95,750.894725,101,43.3,730.1997228344742,1786.8747878138583,1733.283614904777,3283887.9008424995,3193382.4478720054,6.850974544770862e-09
BANTA-CARBONA I.D.,Truck Crops,0.95,43.2080525,555,22.8,41.86220439721009,115.26753339094934,111.39797679302644,546754.6963,529724.3344422965,6.850974544770862e-09
BANTA-CARBONA I.D.,Vineyard,0.95,351.735675,1689.181611,10.69211111,340.9366867400151,1089.8475423605726,1053.7460665455928,6352668.997352641,6157629.3616319215,6.850974544770862e-09
BANTA-CARBONA I.D.,Alfalfa,1,692.4817265,281,6.7,604.4552352,2863.3879501255306,2493.152929573469,1303735.346,1138007.8712712794,2.0193328499137176e-09
BANTA-CARBONA I.D.,Almonds & Pistachios,1,6944.405664,4883.344789,1.202182209,6200.924166432989,28639.45369734431,25509.325008515705,40768315.567165144,36403580.87600347,2.0193328499137176e-09
BANTA-CARBONA I.D.,Citrus & Subtropical,1,160.6387081,933,3.6,158.680184,521.6687197067006,514.0202033930249,539553.2928,532975.0019265913,2.0193328499137176e-09
BANTA-CARBONA I.D.,Corn,1,282.9171526,59,27.1,282.9618590854197,683.4795368215509,681.8785646159914,452356.23529214005,452427.71649167757,2.0193328499137176e-09
BANTA-CARBONA I.D.,Cucurbits,1,324.6611668,203,12,326.17481225495777,746.5996259320906,748.205238,790874.6023,794561.8426530771,2.0193328499137176e-09
BANTA-CARBONA I.D.,Dry Beans,1,1248.750059,1752,1.3,1031.2852111113941,2762.361701,2275.604124913932,2844153.1343783997,2348855.196827311,2.0193328499137176e-09
BANTA-CARBONA I.D.,Grain,1,72.81367026,164,2.5,73.54180766501679,33.97899734514724,34.232990158555516,29853.604806599997,30152.141142656885,2.0193328499137176e-09
BANTA-CARBONA I.D.,Other Deciduous,1,5966.793346,1941.520674,2.07538957,5917.407243489424,20560.59844055851,20339.445713636906,24042667.26,23843670.31644698,2.0193328499137176e-09
BANTA-CARBONA I.D.,Pasture,1,8.53927993,276,5,8.624667016856087,39.282284924693066,39.57589361495131,11784.206303399998,11902.04048,2.0193328499137176e-09
BANTA-CARBONA I.D.,Safflower,1,52.20934812,574,1.3,52.731442077849685,125.59767726324469,126.53651999466729,38958.61556714401,39348.202078491435,2.0193328499137176e-09
BANTA-CARBONA I.D.,Tomato Processing,1,750.894725,101,43.3,730.1997228361844,1786.8747878138583,1733.2836149088364,3283887.9008424995,3193382.4478794844,2.0193328499137176e-09
BANTA-CARBONA I.D.,Truck Crops,1,43.2080525,555,22.8,41.86220439723034,115.26753339094934,111.39797679308035,546754.6963,529724.3344425528,2.0193328499137176e-09
BANTA-CARBONA I.D.,Vineyard,1,351.735675,1689.181611,10.69211111,340.93668674006443,1089.8475423605726,1053.7460665457452,6352668.997352641,6157629.361632813,2.0193328499137176e-09
BROADVIEW W.D.,Grain,0.5,2599.513597,303,2.9,986.7702952012489,1213.080803312567,459.3318911280948,2284192.598,867075.0583933374,1321.2826145749686
BROADVIEW W.D.,Onions & Garlic,0.5,248.9715926,2366,7.7,224.45694067572296,368.68262090906615,331.5498288543235,4535814.268,4089201.436618456,1321.2826145749686
BROADVIEW W.D.,Grain,0.55,2599.513597,303,2.9,1156.6722180952356,1213.080803312567,538.4195693076271,2284192.598,1016367.8780402835,1321.252465
BROADVIEW W.D.,Onions & Garlic,0.55,248.9715926,2366,7.7,224.4572749946605,368.68262090906615,331.5503226819314,4535814.268,4089207.527307724,1321.252465
BROADVIEW W.D.,Grain,0.6,2599.513597,303,2.9,1326.5740430287906,1213.080803312567,617.5072018884534,2284192.598,1165660.6116093982,1321.2195307669397
BROADVIEW W.D.,Onions & Garlic,0.6,248.9715926,2366,7.7,224.4576401836017,368.68262090906615,331.55086210751864,4535814.268,4089214.180392893,1321.2195307669397
BROADVIEW W.D.,Grain,0.65,2599.513597,303,2.9,1496.4757609565315,1213.080803312567,696.5947846596052,2284192.598,1314953.2511525042,1321.1835556988005
BROADVIEW W.D.,Onions & Garlic,0.65,248.9715926,2366,7.7,224.45803909252973,368.68262090906615,331.5514513416406,4535814.268,4089221.447795525,1321.1835556988005
BROADVIEW W.D.,Grain,0.7,2599.513597,303,2.9,1666.377361999643,1213.080803312567,775.682313,2284192.598,1464245.7879890862,1321.1442586704009
BROADVIEW W.D.,Onions & Garlic,0.7,248.9715926,2366,7.7,224.4584748349116,368.68262090906615,331.5520949830882,4535814.268,4089229.386237387,1321.1442586704009
BROADVIEW W.D.,Grain,0.75,2599.513597,303,2.9,1836.2788353701212,1213.080803312567,854.7697819555254,2284192.598,1613538.2126397253,1321.101332921544
BROADVIEW W.D.,Onions & Garlic,0.75,248.9715926,2366,7.7,224.4589508121288,368.68262090906615,331.55279805439056,4535814.268,4089238.0576855247,1321.101332921544
BROADVIEW W.D.,Grain,0.8,2599.513597,303,2.9,2006.1801692109343,1213.080803312567,933.857186,2284192.598,1762830.5146856478,1321.054443329304
BROADVIEW W.D.,Onions & Garlic,0.8,248.9715926,2366,7.7,224.45947073933863,368.68262090906615,331.5535660455699,4535814.268,4089247.529823419,1321.054443329304
BROADVIEW W.D.,Grain,0.85,2599.513597,303,2.9,2176.0813507200924,1213.080803312567,1012.9445190292006,2284192.598,1912122.682877745,1321.0032243565379
BROADVIEW W.D.,Onions & Garlic,0.85,248.9715926,2366,7.7,224.46003867487224,368.68262090906615,331.55440497710185,4535814.268,4089257.8765865574,1321.0032243565379
BROADVIEW W.D.,Grain,0.9,2599.513597,303,2.9,2345.982365990606,1213.080803312567,1092.0317747018403,2284192.598,2061414.7049959453,1320.9472758514391
BROADVIEW W.D.,Onions & Garlic,0.9,248.9715926,2366,7.7,224.46065905037767,368.68262090906615,331.55532132661824,4535814.268,4089269.178711591,1320.9472758514391
BROADVIEW W.D.,Grain,0.95,2599.513597,303,2.9,2515.8831993789545,1213.080803312567,1171.1189457296257,2284192.598,2210706.567294287,1320.8861606632022
BROADVIEW W.D.,Onions & Garlic,0.95,248.9715926,2366,7.7,224.46133670297172,368.68262090906615,331.55632230079596,4535814.268,4089281.5243220795,1320.8861606632022
BROADVIEW W.D.,Grain,1,2599.513597,303,2.9,2614.4558820036723,1213.080803312567,1217.0035631743508,2284192.598,2297322.3835166264,-2.04E-06
BROADVIEW W.D.,Onions & Garlic,1,248.9715926,2366,7.7,234.0293360666532,368.68262090906615,345.6894068,4535814.268,4263593.250329502,-2.04E-06
Byron Bethany (CVP),Alfalfa,0.5,68.96354348,281,6.7,6.503860720934766e-21,285.1618632547267,6.503860720932639e-08,129837.6633,1.2244818579303884e-17,597.7584838
Byron Bethany (CVP),Almonds & Pistachios,0.5,1444.741029,4883,1.2,745.5872483944655,5960.2784433349225,3068.2300163305354,8465604.533528399,4368843.041,597.7584838
Byron Bethany (CVP),Citrus & Subtropical,0.5,3.822909039,933,3.6,3.0736571394432137,12.41476657474627,9.956642599075627,12840.38688,10323.799599961867,597.7584838
Byron Bethany (CVP),Grain,0.5,241.5843527,164,2.5,1.9144357826822207e-05,112.73699086601182,8.988093515940322e-06,99049.58460700001,0.007849187,597.7584838
Byron Bethany (CVP),Other Deciduous,0.5,74.72139195,1769,2.2,63.82346923468727,257.4777515687622,219.37546881228792,290800.7132,248388.17756755595,597.7584838
Byron Bethany (CVP),Vineyard,0.5,11.85939473,1689.181611,10.69211111,11.274290010785004,36.746150928177606,34.84587971140756,214191.54946008333,203624.02141516202,597.7584838
Byron Bethany (CVP),Alfalfa,0.55,68.96354348,281,6.7,7.139398490664968e-19,285.1618632547267,4.86624627716992e-09,129837.6633,1.3441345538374935e-15,561.5134193829825
Byron Bethany (CVP),Almonds & Pistachios,0.55,1444.741029,4883,1.2,798.0054948794603,5960.2784433349225,3283.9408369831704,8465604.533528399,4675992.997795685,561.5134193829825
Byron Bethany (CVP),Citrus & Subtropical,0.55,3.822909039,933,3.6,3.1595549727630092,12.41476657474627,10.23489543985126,12840.38688,10612.313242516397,561.5134193829825
Byron Bethany (CVP),Grain,0.55,241.5843527,164,2.5,244.0001980219121,112.73699086601182,113.5796982833118,99049.58460700001,100040.08118898395,561.5134193829825
Byron Bethany (CVP),Other Deciduous,0.55,74.72139195,1769,2.2,64.87888938651983,257.4777515687622,223.00318271342698,290800.7132,252495.66171445788,561.5134193829825
Byron Bethany (CVP),Vineyard,0.55,11.85939473,1689.181611,10.69211111,11.288631294845853,36.746150928177606,34.89020480571159,214191.54946008333,203883.03816299568,561.5134193829825
Byron Bethany (CVP),Alfalfa,0.6,68.96354348,281,6.7,1.7819905300526984e-18,285.1618632547267,6.5342840035869285e-09,129837.6633,3.3549535709302153e-15,499.8217579929581
Byron Bethany (CVP),Almonds & Pistachios,0.6,1444.741029,4883,1.2,877.5620411557721,5960.2784433349225,3611.3308021434405,8465604.533528399,5142162.536356362,499.8217579929581
Byron Bethany (CVP),Citrus & Subtropical,0.6,3.822909039,933,3.6,3.278406187868355,12.41476657474627,10.619895787598656,12840.38688,11011.510703812231,499.8217579929581
Byron Bethany (CVP),Grain,0.6,241.5843527,164,2.5,244.00019845464388,112.73699086601182,113.5796984864596,99049.58460700001,100040.08136640399,499.8217579929581
Byron Bethany (CVP),Other Deciduous,0.6,74.72139195,1769,2.2,66.44740196227758,257.4777515687622,228.39450953667196,290800.7132,258599.9989567919,499.8217579929581
Byron Bethany (CVP),Vineyard,0.6,11.85939473,1689.181611,10.69211111,11.312738518553218,36.746150928177606,34.96471392641007,214191.54946008333,204318.43674079995,499.8217579929581
Byron Bethany (CVP),Alfalfa,0.65,68.96354348,281,6.7,8.979219031279542e-22,285.1618632547267,8.97921903128185e-09,129837.6633,1.6905175670189995e-18,428.9927907953732
Byron Bethany (CVP),Almonds & Pistachios,0.65,1444.741029,4883,1.2,957.1523018206558,5960.2784433349225,3938.8595082757697,8465604.533528399,5608529.627748314,428.9927907953732
Byron Bethany (CVP),Citrus & Subtropical,0.65,3.822909039,933,3.6,3.3869943930852386,12.41476657474627,10.97165068425705,12840.38688,11376.23677,428.9927907953732
Byron Bethany (CVP),Grain,0.65,241.5843527,164,2.5,244.00019854703672,112.73699086601182,113.57969853199124,99049.58460700001,100040.08140428505,428.9927907953732
Byron Bethany (CVP),Other Deciduous,0.65,74.72139195,1769,2.2,67.98242277587394,257.4777515687622,233.67071772007608,290800.7132,264573.9929591462,428.9927907953732
Byron Bethany (CVP),Vineyard,0.65,11.85939473,1689.181611,10.69211111,11.33995932647114,36.746150928177606,35.04884632181514,214191.54946008333,204810.0695060663,428.9927907953732
Byron Bethany (CVP),Alfalfa,0.7,68.96354348,281,6.7,2.60398279906706e-18,285.1618632547267,1.2860092161455409e-08,129837.6633,4.9025184158035536e-15,347.6759600962377
Byron Bethany (CVP),Almonds & Pistachios,0.7,1444.741029,4883,1.2,1036.7693976850087,5960.2784433349225,4266.498646239918,8465604.533528399,6075053.962675076,347.6759600962377
Byron Bethany (CVP),Citrus & Subtropical,0.7,3.822909039,933,3.6,3.487988246316253,12.41476657474627,11.298804839951773,12840.38688,11715.45492172703,347.6759600962377
Byron Bethany (CVP),Grain,0.7,241.5843527,164,2.5,244.0001985869987,112.73699086601182,113.57969855462188,99049.58460700001,100040.08142066946,347.6759600962377
Byron Bethany (CVP),Other Deciduous,0.7,74.72139195,1769,2.2,69.48937093953846,257.4777515687622,238.85043395924257,290800.7132,270438.7338224958,347.6759600962377
Byron Bethany (CVP),Vineyard,0.7,11.85939473,1689.181611,10.69211111,11.370629430452201,36.746150928177606,35.14363959011104,214191.54946008333,205363.99972285784,347.6759600962377
Byron Bethany (CVP),Alfalfa,0.75,68.96354348,281,6.7,3.8704210966177205e-20,285.1618632547267,1.9872792204304154e-08,129837.6633,7.286841798602183e-17,254.32070188899655
Byron Bethany (CVP),Almonds & Pistachios,0.75,1444.741029,4883,1.2,1116.407964890307,5960.2784433349225,4594.226142763566,8465604.533528399,6541704.111071243,254.32070188899655
Byron Bethany (CVP),Citrus & Subtropical,0.75,3.822909039,933,3.6,3.583183371987332,12.41476657474627,11.607174907494088,12840.38688,12035.196309831052,254.32070188899655
Byron Bethany (CVP),Grain,0.75,241.5843527,164,2.5,244.0001986091304,112.73699086601182,113.5796986,99049.58460700001,100040.08142974346,254.32070188899655
Byron Bethany (CVP),Other Deciduous,0.75,74.72139195,1769,2.2,70.97265684211729,257.4777515687622,243.94881774425755,290800.7132,276211.3858981521,254.32070188899655
Byron Bethany (CVP),Vineyard,0.75,11.85939473,1689.181611,10.69211111,11.405103795929284,36.746150928177606,35.25019083841753,214191.54946008333,205986.63839256248,254.32070188899655
Byron Bethany (CVP),Alfalfa,0.8,68.96354348,281,6.7,6.100403197730058e-08,285.1618632547267,3.394975684716648e-07,129837.6633,0.000114852,147.1451259454046
Byron Bethany (CVP),Almonds & Pistachios,0.8,1444.741029,4883,1.2,1196.0637045381163,5960.2784433349225,4922.024307115799,8465604.533528399,7008454.883111546,147.1451259454046
Byron Bethany (CVP),Citrus & Subtropical,0.8,3.822909039,933,3.6,3.673844018934091,12.41476657474627,11.900856264131171,12840.38688,12339.707290795826,147.1451259454046
Byron Bethany (CVP),Grain,0.8,241.5843527,164,2.5,244.00019859744964,112.73699086601182,113.57969861228352,99049.58460700001,100040.08142495435,147.1451259454046
Byron Bethany (CVP),Other Deciduous,0.8,74.72139195,1769,2.2,72.43590218378894,257.4777515687622,248.97831770236635,290800.7132,281906.0441188698,147.1451259454046
Byron Bethany (CVP),Vineyard,0.8,11.85939473,1689.181611,10.69211111,11.443753307179053,36.746150928177606,35.369646408495285,214191.54946008333,206684.68402549194,147.1451259454046
Byron Bethany (CVP),Alfalfa,0.85,68.96354348,281,6.7,26.839117164522015,285.1618632547267,110.70137164280973,129837.6633,50530.00589,66.88092090528554
Byron Bethany (CVP),Almonds & Pistachios,0.85,1444.741029,4883,1.2,1249.265895490251,5960.2784433349225,5140.961204932576,8465604.533528399,7320198.441214674,66.88092090528554
Byron Bethany (CVP),Citrus & Subtropical,0.85,3.822909039,933,3.6,3.7323293850970902,12.41476657474627,12.090310678924785,12840.38688,12536.147938664108,66.88092090528554
Byron Bethany (CVP),Grain,0.85,241.5843527,164,2.5,244.00019862979588,112.73699086601182,113.57969863474314,99049.58460700001,100040.08143821631,66.88092090528554
Byron Bethany (CVP),Other Deciduous,0.85,74.72139195,1769,2.2,73.40340858433365,257.4777515687622,252.3038525481004,290800.7132,285671.3855285097,66.88092090528554
Byron Bethany (CVP),Vineyard,0.85,11.85939473,1689.181611,10.69211111,11.472077675415925,36.746150928177606,35.457189626098476,214191.54946008333,207196.24810260176,66.88092090528554
Byron Bethany (CVP),Alfalfa,0.9,68.96354348,281,6.7,60.19707543046344,285.1618632547267,248.2905372444864,129837.6633,113333.03391293352,3.679101711990069e-07
Byron Bethany (CVP),Almonds & Pistachios,0.9,1444.741029,4883,1.2,1290.1367807422746,5960.2784433349225,5309.152489438612,8465604.533528399,7559685.4804374315,3.679101711990069e-07
Byron Bethany (CVP),Citrus & Subtropical,0.9,3.822909039,933,3.6,3.7762997069844695,12.41476657474627,12.23274598504341,12840.38688,12683.835455819437,3.679101711990069e-07
Byron Bethany (CVP),Grain,0.9,241.5843527,164,2.5,244.00019863400075,112.73699086601182,113.57969876987946,99049.58460700001,100040.0814399403,3.679101711990069e-07
Byron Bethany (CVP),Other Deciduous,0.9,74.72139195,1769,2.2,74.14192711178059,257.4777515687622,254.84230530286058,290800.7132,288545.5519336277,3.679101711990069e-07
Byron Bethany (CVP),Vineyard,0.9,11.85939473,1689.181611,10.69211111,11.495287605555445,36.746150928177606,35.52892559426963,214191.54946008333,207615.4407,3.679101711990069e-07
Byron Bethany (CVP),Alfalfa,0.95,68.96354348,281,6.7,60.19707558093994,285.1618632547267,248.29053786513794,129837.6633,113333.03419623562,2.5306260326523328e-08
Byron Bethany (CVP),Almonds & Pistachios,0.95,1444.741029,4883,1.2,1290.1367809444068,5960.2784433349225,5309.152490270418,8465604.533528399,7559685.481621846,2.5306260326523328e-08
Byron Bethany (CVP),Citrus & Subtropical,0.95,3.822909039,933,3.6,3.7762997072063933,12.41476657474627,12.232745985721914,12840.38688,12683.835456564835,2.5306260326523328e-08
Byron Bethany (CVP),Grain,0.95,241.5843527,164,2.5,244.0001986340007,112.73699086601182,113.57969876987228,99049.58460700001,100040.08143994029,2.5306260326523328e-08
Byron Bethany (CVP),Other Deciduous,0.95,74.72139195,1769,2.2,74.14192711542381,257.4777515687622,254.84230531536713,290800.7132,288545.5519478064,2.5306260326523328e-08
Byron Bethany (CVP),Vineyard,0.95,11.85939473,1689.181611,10.69211111,11.495287605673452,36.746150928177606,35.52892559462323,214191.54946008333,207615.44073746234,2.5306260326523328e-08
Byron Bethany (CVP),Alfalfa,1,68.96354348,281,6.7,60.19707558632136,285.1618632547267,248.29053788733333,129837.6633,113333.03420636723,1.3061597766478912e-08
Byron Bethany (CVP),Almonds & Pistachios,1,1444.741029,4883,1.2,1290.1367809516319,5960.2784433349225,5309.152490300148,8465604.533528399,7559685.481664182,1.3061597766478912e-08
Byron Bethany (CVP),Citrus & Subtropical,1,3.822909039,933,3.6,3.776299707226221,12.41476657474627,12.232745985785847,12840.38688,12683.835456631432,1.3061597766478912e-08
Byron Bethany (CVP),Grain,1,241.5843527,164,2.5,244.0001986340007,112.73699086601182,113.57969876987578,99049.58460700001,100040.08143994029,1.3061597766478912e-08
Byron Bethany (CVP),Other Deciduous,1,74.72139195,1769,2.2,74.14192711555442,257.4777515687622,254.84230531581653,290800.7132,288545.5519483147,1.3061597766478912e-08
Byron Bethany (CVP),Vineyard,1,11.85939473,1689.181611,10.69211111,11.495287605677671,36.746150928177606,35.52892559463588,214191.54946008333,207615.44073753853,1.3061597766478912e-08
CENTRAL CALIFORNIA I.D.,Alfalfa,0.5,19802.72127,275.42882,7.145726841,7.367028250086336e-21,81883.56644557975,7.367028250082477e-08,38974510.25272828,1.449933643716477e-17,357.01120921257984
CENTRAL CALIFORNIA I.D.,Almonds & Pistachios,0.5,28538.44605,4767.847432,1.096167772,20710.583126155965,116389.67104976428,84253.77065569247,149152212.7826499,108240977.65775768,357.01120921257984
CENTRAL CALIFORNIA I.D.,Citrus & Subtropical,0.5,96.91437253,883,6,92.12773764971251,314.7261157468393,298.43372530437284,513452.34566393995,488092.7540681769,357.01120921257984
CENTRAL CALIFORNIA I.D.,Corn,0.5,26028.98387,63.79287272,25.8602491,18313.130394721764,62881.58097135896,44130.79240925437,42940003.74108541,30211163.50864055,357.01120921257984
CENTRAL CALIFORNIA I.D.,Cotton,0.5,24444.64851,3677.344642,0.8,10727.804235425412,88833.01471059621,38887.88679397554,71913117.77905743,31559866.74045324,357.01120921257984
CENTRAL CALIFORNIA I.D.,Cucurbits,0.5,2718.97765,437.2073532,16.16521809,2705.194586,6252.634758927733,6205.386441753814,19216516.512873635,19119103.987664632,357.01120921257984
CENTRAL CALIFORNIA I.D.,Dry Beans,0.5,945.675192,1536.60837,1.3,7.368441889793049e-13,2091.929376450111,7.367916111760533e-08,1889072.1399271244,1.4719132326229002e-09,357.01120921257984
CENTRAL CALIFORNIA I.D.,Grain,0.5,5671.416352,232.9810303,3.79451607,5728.130573,2646.605238820064,2666.3885824079703,5013817.120281912,5063955.342048013,357.01120921257984
CENTRAL CALIFORNIA I.D.,Lettuce,0.5,384.1177091,825.6667179,12.01770726,365.92938669488854,1277.610982187625,1214.0721423703467,3811454.4122350886,3630978.5840194495,357.01120921257984
CENTRAL CALIFORNIA I.D.,Onions & Garlic,0.5,388.6026678,1496.923068,5.92805482,367.66572691915565,575.4513941152303,543.0863865521021,3448398.678110282,3262607.5725939013,357.01120921257984
CENTRAL CALIFORNIA I.D.,Other Deciduous,0.5,6308.455812,2039.881954,2.411512797,6022.647331481914,21737.91167369507,20701.179318788414,31032564.89211097,29626615.404199563,357.01120921257984
CENTRAL CALIFORNIA I.D.,Pasture,0.5,4288.844844,206.6887348,5,1.4987047029586668e-19,19729.488497961538,7.367028250248575e-08,4432279.572799317,1.548826894466683e-16,357.01120921257984
CENTRAL CALIFORNIA I.D.,Rice,0.5,2000.559108,579,4.7,3.475687971333553e-07,9670.541879118597,1.7647214565541352e-06,5444121.501,0.000945839,357.01120921257984
CENTRAL CALIFORNIA I.D.,Tomato Processing,0.5,8520.581878,96.28659996,49.55284439,7411.933754343083,20276.095208022478,17593.79376203713,40654038.48760269,35364373.51709998,357.01120921257984
CENTRAL CALIFORNIA I.D.,Truck Crops,0.5,531.3190118,883.1369862,18.44217052,504.3278586516287,1417.4170875649327,1342.048363332176,8653573.029010959,8213969.119270625,357.01120921257984
CENTRAL CALIFORNIA I.D.,Vineyard,0.5,107.2820422,1492.427601,10.07028874,103.04660455022992,332.41174649427654,318.4900846520711,1612360.7867282275,1548705.6451865458,357.01120921257984
CENTRAL CALIFORNIA I.D.,Alfalfa,0.55,19802.72127,275.42882,7.145726841,7.75582152764211e-21,81883.56644557975,7.755821527637588e-08,38974510.25272828,1.5264535693150125e-17,321.3475736426708
CENTRAL CALIFORNIA I.D.,Almonds & Pistachios,0.55,28538.44605,4767.847432,1.096167772,21464.392938805395,116389.67104976428,87320.38247855256,149152212.7826499,112180659.63542925,321.3475736426708
CENTRAL CALIFORNIA I.D.,Citrus & Subtropical,0.55,96.91437253,883,6,92.60963553451799,314.7261157468393,299.99475985278457,513452.34566393995,490645.8490618763,321.3475736426708
CENTRAL CALIFORNIA I.D.,Corn,0.55,26028.98387,63.79287272,25.8602491,20470.344398670502,62881.58097135896,49329.22442707742,42940003.74108541,33769918.54350933,321.3475736426708
CENTRAL CALIFORNIA I.D.,Cotton,0.55,24444.64851,3677.344642,0.8,13062.22747231819,88833.01471059621,47350.08321116778,71913117.77905743,38427449.766331606,321.3475736426708
CENTRAL CALIFORNIA I.D.,Cucurbits,0.55,2718.97765,437.2073532,16.16521809,2707.1817025308787,6252.634758927733,6209.944644951544,19216516.512873635,19133148.038209878,321.3475736426708
CENTRAL CALIFORNIA I.D.,Dry Beans,0.55,945.675192,1536.60837,1.3,221.35613608895275,2091.929376450111,488.43804892641566,1889072.1399271244,442178.99890468706,321.3475736426708
CENTRAL CALIFORNIA I.D.,Grain,0.55,5671.416352,232.9810303,3.79451607,5728.130572722257,2646.605238820064,2666.388582415466,5013817.120281912,5063955.3420544015,321.3475736426708
CENTRAL CALIFORNIA I.D.,Lettuce,0.55,384.1177091,825.6667179,12.01770726,367.45109148903566,1277.610982187625,1219.1208197060473,3811454.4122350886,3646077.8838287727,321.3475736426708
CENTRAL CALIFORNIA I.D.,Onions & Garlic,0.55,388.6026678,1496.923068,5.92805482,368.8582856354137,575.4513941152303,544.8479388484399,3448398.678110282,3273190.1502277474,321.3475736426708
CENTRAL CALIFORNIA I.D.,Other Deciduous,0.55,6308.455812,2039.881954,2.411512797,6057.996560026196,21737.91167369507,20822.682484858764,31032564.89211097,29800505.380031653,321.3475736426708
CENTRAL CALIFORNIA I.D.,Pasture,0.55,4288.844844,206.6887348,5,7.755821527641142e-21,19729.488497961538,7.755821527637241e-08,4432279.572799317,8.015204694413754e-18,321.3475736426708
CENTRAL CALIFORNIA I.D.,Rice,0.55,2000.559108,579,4.7,844.8036908408657,9670.541879118597,4073.5037941782675,5444121.501,2298964.283885248,321.3475736426708
CENTRAL CALIFORNIA I.D.,Tomato Processing,0.55,8520.581878,96.28659996,49.55284439,7575.146682613974,20276.095208022478,17981.214197039517,40654038.48760269,36143107.26587496,321.3475736426708
CENTRAL CALIFORNIA I.D.,Truck Crops,0.55,531.3190118,883.1369862,18.44217052,505.8470282440493,1417.4170875649327,1346.0909698081998,8653573.029010959,8238711.778049064,321.3475736426708
CENTRAL CALIFORNIA I.D.,Vineyard,0.55,107.2820422,1492.427601,10.07028874,103.19384547541482,332.41174649427654,318.9451678191102,1612360.7867282275,1550918.5550930067,321.3475736426708
CENTRAL CALIFORNIA I.D.,Alfalfa,0.6,19802.72127,275.42882,7.145726841,1.7971188082147212e-21,81883.56644557975,1.797118808214812e-08,38974510.25272828,3.53697981510475e-18,275.01098757145286
CENTRAL CALIFORNIA I.D.,Almonds & Pistachios,0.6,28538.44605,4767.847432,1.096167772,22374.862661895142,116389.67104976428,91024.31041,149152212.7826499,116939102.81178582,275.01098757145286
CENTRAL CALIFORNIA I.D.,Citrus & Subtropical,0.6,96.91437253,883,6,93.20942055869119,314.7261157468393,301.93767170499063,513452.34566393995,493823.5101199459,275.01098757145286
CENTRAL CALIFORNIA I.D.,Corn,0.6,26028.98387,63.79287272,25.8602491,22600.456474704308,62881.58097135896,54462.34649896992,42940003.74108541,37283963.53929743,275.01098757145286
CENTRAL CALIFORNIA I.D.,Cotton,0.6,24444.64851,3677.344642,0.8,15675.32439614679,88833.01471059621,56822.46126026405,71913117.77905743,46114856.14382584,275.01098757145286
CENTRAL CALIFORNIA I.D.,Cucurbits,0.6,2718.97765,437.2073532,16.16521809,2709.7208600664267,6252.634758927733,6215.769162585777,19216516.512873635,19151093.666674547,275.01098757145286
CENTRAL CALIFORNIA I.D.,Dry Beans,0.6,945.675192,1536.60837,1.3,441.81117334367457,2091.929376450111,974.8877591,1889072.1399271244,882557.9709952347,275.01098757145286
CENTRAL CALIFORNIA I.D.,Grain,0.6,5671.416352,232.9810303,3.79451607,5728.130572780306,2646.605238820064,2666.387921781599,5013817.120281912,5063955.342105719,275.01098757145286
CENTRAL CALIFORNIA I.D.,Lettuce,0.6,384.1177091,825.6667179,12.01770726,369.3928454767873,1277.610982187625,1225.5631265722961,3811454.4122350886,3665345.1725498047,275.01098757145286
CENTRAL CALIFORNIA I.D.,Onions & Garlic,0.6,388.6026678,1496.923068,5.92805482,370.3945234301397,575.4513941152303,547.1171463064593,3448398.678110282,3286822.482,275.01098757145286
CENTRAL CALIFORNIA I.D.,Other Deciduous,0.6,6308.455812,2039.881954,2.411512797,6101.760138897953,21737.91167369507,20973.107645691154,31032564.89211097,30015787.24008137,275.01098757145286
CENTRAL CALIFORNIA I.D.,Pasture,0.6,4288.844844,206.6887348,5,1.7971082328197374e-21,19729.488497961538,1.7971082328199623e-08,4432279.572799317,1.8572101347008767e-18,275.01098757145286
CENTRAL CALIFORNIA I.D.,Rice,0.6,2000.559108,579,4.7,1333.8548252002065,9670.541879118597,6431.627548683295,5444121.501,3629819.1358173224,275.01098757145286
CENTRAL CALIFORNIA I.D.,Tomato Processing,0.6,8520.581878,96.28659996,49.55284439,7781.082833376428,20276.095208022478,18470.047244427624,40654038.48760269,37125685.253970146,275.01098757145286
CENTRAL CALIFORNIA I.D.,Truck Crops,0.6,531.3190118,883.1369862,18.44217052,507.8051419,1417.4170875649327,1351.3016340499444,8653573.029010959,8270603.501827511,275.01098757145286
CENTRAL CALIFORNIA I.D.,Vineyard,0.6,107.2820422,1492.427601,10.07028874,103.38285785764307,332.41174649427654,319.52935556156814,1612360.7867282275,1553759.2556153063,275.01098757145286
CENTRAL CALIFORNIA I.D.,Alfalfa,0.65,19802.72127,275.42882,7.145726841,1.8980444878810736e-08,81883.56644557975,2.0542224822002176e-07,38974510.25272828,3.735615592647046e-05,216.99965045606487
CENTRAL CALIFORNIA I.D.,Almonds & Pistachios,0.65,28538.44605,4767.847432,1.096167772,23421.03205689583,116389.67104976428,95280.28503210186,149152212.7826499,122406761.41998248,216.99965045606487
CENTRAL CALIFORNIA I.D.,Citrus & Subtropical,0.65,96.91437253,883,6,93.92108885414854,314.7261157468393,304.24301243868746,513452.34566393995,497593.92874927894,216.99965045606487
CENTRAL CALIFORNIA I.D.,Corn,0.65,26028.98387,63.79287272,25.8602491,24644.21759454894,62881.58097135896,59387.380928744926,42940003.74108541,40655555.39898433,216.99965045606487
CENTRAL CALIFORNIA I.D.,Cotton,0.65,24444.64851,3677.344642,0.8,18458.15187722934,88833.01471059621,66910.10619459006,71913117.77905743,54301588.72556125,216.99965045606487
CENTRAL CALIFORNIA I.D.,Cucurbits,0.65,2718.97765,437.2073532,16.16521809,2712.8480725261543,6252.634758927733,6222.942607,19216516.512873635,19173195.404021163,216.99965045606487
CENTRAL CALIFORNIA I.D.,Dry Beans,0.65,945.675192,1536.60837,1.3,681.1243175003524,2091.929376450111,1502.949222700884,1889072.1399271244,1360607.7254660528,216.99965045606487
CENTRAL CALIFORNIA I.D.,Grain,0.65,5671.416352,232.9810303,3.79451607,5728.130572750806,2646.605238820064,2666.3885824289337,5013817.120281912,5063955.342,216.99965045606487
CENTRAL CALIFORNIA I.D.,Lettuce,0.65,384.1177091,825.6667179,12.01770726,371.769607,1277.610982187625,1233.4486915759474,3811454.4122350886,3688928.8760351245,216.99965045606487
CENTRAL CALIFORNIA I.D.,Onions & Garlic,0.65,388.6026678,1496.923068,5.92805482,372.29943658823555,575.4513941152303,549.9309316323606,3448398.678110282,3303726.380110235,216.99965045606487
CENTRAL CALIFORNIA I.D.,Other Deciduous,0.65,6308.455812,2039.881954,2.411512797,6153.481363813184,21737.91167369507,21150.88500720831,31032564.89211097,30270214.36397883,216.99965045606487
CENTRAL CALIFORNIA I.D.,Pasture,0.65,4288.844844,206.6887348,5,6.834213933903963e-12,19729.488497961538,7.708639192744785e-08,4432279.572799317,7.0627751567557036e-09,216.99965045606487
CENTRAL CALIFORNIA I.D.,Rice,0.65,2000.559108,579,4.7,1587.5503191649516,9670.541879118597,7654.905297660987,5444121.501,4320200.683543583,216.99965045606487
CENTRAL CALIFORNIA I.D.,Tomato Processing,0.65,8520.581878,96.28659996,49.55284439,8029.809516340535,20276.095208022478,19060.45267824361,40654038.48760269,38312428.63451613,216.99965045606487
CENTRAL CALIFORNIA I.D.,Truck Crops,0.65,531.3190118,883.1369862,18.44217052,510.2328296,1417.4170875649327,1357.7618650281897,8653573.029010959,8310143.162742284,216.99965045606487
CENTRAL CALIFORNIA I.D.,Vineyard,0.65,107.2820422,1492.427601,10.07028874,103.61511068430386,332.41174649427654,320.24718832368757,1612360.7867282275,1557249.8244247304,216.99965045606487
CENTRAL CALIFORNIA I.D.,Alfalfa,0.7,19802.72127,275.42882,7.145726841,1370.5265717445957,81883.56644557975,5652.912140202735,38974510.25272828,2697386.95,166.54670669463002
CENTRAL CALIFORNIA I.D.,Almonds & Pistachios,0.7,28538.44605,4767.847432,1.096167772,24260.62797317194,116389.67104976428,98695.88764176362,149152212.7826499,126794792.51797768,166.54670669463002
CENTRAL CALIFORNIA I.D.,Citrus & Subtropical,0.7,96.91437253,883,6,94.51212121904892,314.7261157468393,306.1575714515777,513452.34566393995,500725.2182185212,166.54670669463002
CENTRAL CALIFORNIA I.D.,Corn,0.7,26028.98387,63.79287272,25.8602491,26069.893876198355,62881.58097135896,62822.96090202148,42940003.74108541,43007492.96110179,166.54670669463002
CENTRAL CALIFORNIA I.D.,Cotton,0.7,24444.64851,3677.344642,0.8,20550.743915029703,88833.01471059621,74495.67361229693,71913117.77905743,60457734.42003887,166.54670669463002
CENTRAL CALIFORNIA I.D.,Cucurbits,0.7,2718.97765,437.2073532,16.16521809,2715.490954292738,6252.634758927733,6229.005055062826,19216516.512873635,19191874.108904645,166.54670669463002
CENTRAL CALIFORNIA I.D.,Dry Beans,0.7,945.675192,1536.60837,1.3,863.0107905,2091.929376450111,1904.294654287154,1889072.1399271244,1723942.4852711053,166.54670669463002
CENTRAL CALIFORNIA I.D.,Grain,0.7,5671.416352,232.9810303,3.79451607,5728.130573,2646.605238820064,2666.3885824345334,5013817.120281912,5063955.342090032,166.54670669463002
CENTRAL CALIFORNIA I.D.,Lettuce,0.7,384.1177091,825.6667179,12.01770726,373.7944527145966,1277.610982187625,1240.166678371113,3811454.4122350886,3709020.6525655068,166.54670669463002
CENTRAL CALIFORNIA I.D.,Onions & Garlic,0.7,388.6026678,1496.923068,5.92805482,373.93711352885674,575.4513941152303,552.3499769424071,3448398.678110282,3318258.8665421507,166.54670669463002
CENTRAL CALIFORNIA I.D.,Other Deciduous,0.7,6308.455812,2039.881954,2.411512797,6195.988048249347,21737.91167369507,21296.989942186705,31032564.89211097,30479313.30711552,166.54670669463002
CENTRAL CALIFORNIA I.D.,Pasture,0.7,4288.844844,206.6887348,5,2.7543793299691988e-08,19729.488497961538,2.431965486107397e-07,4432279.572799317,2.846495894353027e-05,166.54670669463002
CENTRAL CALIFORNIA I.D.,Rice,0.7,2000.559108,579,4.7,1724.2296622593476,9670.541879118597,8313.950503908198,5444121.501,4692146.179906363,166.54670669463002
CENTRAL CALIFORNIA I.D.,Tomato Processing,0.7,8520.581878,96.28659996,49.55284439,8238.795230925542,20276.095208022478,19556.524510976902,40654038.48760269,39309556.929948024,166.54670669463002
CENTRAL CALIFORNIA I.D.,Truck Crops,0.7,531.3190118,883.1369862,18.44217052,512.3254231451905,1417.4170875649327,1363.3303888222908,8653573.029010959,8344225.1554037975,166.54670669463002
CENTRAL CALIFORNIA I.D.,Vineyard,0.7,107.2820422,1492.427601,10.07028874,103.81595139594127,332.41174649427654,320.8679343984158,1612360.7867282275,1560268.2950017452,166.54670669463002
CENTRAL CALIFORNIA I.D.,Alfalfa,0.75,19802.72127,275.42882,7.145726841,5568.701071718397,81883.56644557975,22968.81982592111,38974510.25272828,10959978.38149987,149.52457889603974
CENTRAL CALIFORNIA I.D.,Almonds & Pistachios,0.75,28538.44605,4767.847432,1.096167772,24529.691978711082,116389.67104976428,99790.48053059772,149152212.7826499,128201018.06144333,149.52457889603974
CENTRAL CALIFORNIA I.D.,Citrus & Subtropical,0.75,96.91437253,883,6,94.70449232953115,314.7261157468393,306.7807282181879,513452.34566393995,501744.40036185604,149.52457889603974
CENTRAL CALIFORNIA I.D.,Corn,0.75,26028.98387,63.79287272,25.8602491,26289.273971142542,62881.58097135896,63351.620788082975,42940003.74108541,43369404.21144762,149.52457889603974
CENTRAL CALIFORNIA I.D.,Cotton,0.75,24444.64851,3677.344642,0.8,21199.745281481544,88833.01471059621,76848.27915144835,71913117.77905743,62367015.77809676,149.52457889603974
CENTRAL CALIFORNIA I.D.,Cucurbits,0.75,2718.97765,437.2073532,16.16521809,2716.3729445154454,6252.634758927733,6231.028233014999,19216516.512873635,19198107.620856773,149.52457889603974
CENTRAL CALIFORNIA I.D.,Dry Beans,0.75,945.675192,1536.60837,1.3,919.9302878653449,2091.929376450111,2029.8915712036135,1889072.1399271244,1837644.354195518,149.52457889603974
CENTRAL CALIFORNIA I.D.,Grain,0.75,5671.416352,232.9810303,3.79451607,5728.130572782803,2646.605238820064,2666.3885824016306,5013817.120281912,5063955.342107927,149.52457889603974
CENTRAL CALIFORNIA I.D.,Lettuce,0.75,384.1177091,825.6667179,12.01770726,374.4659604444855,1277.610982187625,1242.394591299518,3811454.4122350886,3715683.7692073607,149.52457889603974
CENTRAL CALIFORNIA I.D.,Onions & Garlic,0.75,388.6026678,1496.923068,5.92805482,374.48492237612857,575.4513941152303,553.1591563,3448398.678110282,3323120.0357036595,149.52457889603974
CENTRAL CALIFORNIA I.D.,Other Deciduous,0.75,6308.455812,2039.881954,2.411512797,6209.813424474276,21737.91167369507,21344.51083729476,31032564.89211097,30547323.11770052,149.52457889603974
CENTRAL CALIFORNIA I.D.,Pasture,0.75,4288.844844,206.6887348,5,2.587621497343136e-08,19729.488497961538,1.7578657165763618e-07,4432279.572799317,2.6741610671356714e-05,149.52457889603974
CENTRAL CALIFORNIA I.D.,Rice,0.75,2000.559108,579,4.7,1761.4866144231175,9670.541879118597,8493.597370517871,5444121.501,4793533.524,149.52457889603974
CENTRAL CALIFORNIA I.D.,Tomato Processing,0.75,8520.581878,96.28659996,49.55284439,8307.569863937983,20276.095208022478,19719.775660952233,40654038.48760269,39637699.61051749,149.52457889603974
CENTRAL CALIFORNIA I.D.,Truck Crops,0.75,531.3190118,883.1369862,18.44217052,513.0250138,1417.4170875649327,1365.1920439161988,8653573.029010959,8355619.363131539,149.52457889603974
CENTRAL CALIFORNIA I.D.,Vineyard,0.75,107.2820422,1492.427601,10.07028874,103.88258484702094,332.41174649427654,321.07388091293035,1612360.7867282275,1561269.740923188,149.52457889603974
CENTRAL CALIFORNIA I.D.,Alfalfa,0.8,19802.72127,275.42882,7.145726841,9818.919881360747,81883.56644557975,40499.39092359497,38974510.25272828,19325000.25,130.1252742050422
CENTRAL CALIFORNIA I.D.,Almonds & Pistachios,0.8,28538.44605,4767.847432,1.096167772,24827.70137139492,116389.67104976428,101002.82761287615,149152212.7826499,129758522.63863483,130.1252742050422
CENTRAL CALIFORNIA I.D.,Citrus & Subtropical,0.8,96.91437253,883,6,94.91941516623457,314.7261157468393,307.4769379431177,513452.34566393995,502883.06155071076,130.1252742050422
CENTRAL CALIFORNIA I.D.,Corn,0.8,26028.98387,63.79287272,25.8602491,26289.273971360464,62881.58097135896,63351.62078865128,42940003.74108541,43369404.211807124,130.1252742050422
CENTRAL CALIFORNIA I.D.,Cotton,0.8,24444.64851,3677.344642,0.8,21907.176582494256,88833.01471059621,79412.69100544759,71913117.77905743,64448190.74158651,130.1252742050422
CENTRAL CALIFORNIA I.D.,Cucurbits,0.8,2718.97765,437.2073532,16.16521809,2717.3675020127675,6252.634758927733,6233.309626662851,19216516.512873635,19205136.707899947,130.1252742050422
CENTRAL CALIFORNIA I.D.,Dry Beans,0.8,945.675192,1536.60837,1.3,955.1319529469495,2091.929376450111,2107.566547472958,1889072.1399271244,1907962.8793585475,130.1252742050422
CENTRAL CALIFORNIA I.D.,Grain,0.8,5671.416352,232.9810303,3.79451607,5728.130572770318,2646.605238820064,2666.3885824383688,5013817.120281912,5063955.342,130.1252742050422
CENTRAL CALIFORNIA I.D.,Lettuce,0.8,384.1177091,825.6667179,12.01770726,375.22276663620306,1277.610982187625,1244.9055056051297,3811454.4122350886,3723193.27,130.1252742050422
CENTRAL CALIFORNIA I.D.,Onions & Garlic,0.8,388.6026678,1496.923068,5.92805482,375.1046508094568,575.4513941152303,554.0745695735347,3448398.678110282,3328619.4079091437,130.1252742050422
CENTRAL CALIFORNIA I.D.,Other Deciduous,0.8,6308.455812,2039.881954,2.411512797,6225.233825,21737.91167369507,21397.514185575947,31032564.89211097,30623179.173489556,130.1252742050422
CENTRAL CALIFORNIA I.D.,Pasture,0.8,4288.844844,206.6887348,5,3.944384575720987e-07,19729.488497961538,1.8529567803568328e-06,4432279.572799317,0.00040763,130.1252742050422
CENTRAL CALIFORNIA I.D.,Rice,0.8,2000.559108,579,4.7,1799.9684560503456,9670.541879118597,8679.150452,5444121.501,4898254.1594498055,130.1252742050422
CENTRAL CALIFORNIA I.D.,Tomato Processing,0.8,8520.581878,96.28659996,49.55284439,8384.760476148618,20276.095208022478,19903.003919184885,40654038.48760269,40005997.24143344,130.1252742050422
CENTRAL CALIFORNIA I.D.,Truck Crops,0.8,531.3190118,883.1369862,18.44217052,513.8166419203286,1417.4170875649327,1367.2986164014255,8653573.029010959,8368512.580258355,130.1252742050422
CENTRAL CALIFORNIA I.D.,Vineyard,0.8,107.2820422,1492.427601,10.07028874,103.95785908681164,332.41174649427654,321.3065339303273,1612360.7867282275,1562401.050786427,130.1252742050422
CENTRAL CALIFORNIA I.D.,Alfalfa,0.85,19802.72127,275.42882,7.145726841,12290.66849014388,81883.56644557975,50694.43420543658,38974510.25272828,24189745.36634465,117.82779296851743
CENTRAL CALIFORNIA I.D.,Almonds & Pistachios,0.85,28538.44605,4767.847432,1.096167772,25013.523078996135,116389.67104976428,101758.7782994895,149152212.7826499,130729693.90784876,117.82779296851743
CENTRAL CALIFORNIA I.D.,Citrus & Subtropical,0.85,96.91437253,883,6,95.05441006,314.7261157468393,307.91423324861415,513452.34566393995,503598.2645211372,117.82779296851743
CENTRAL CALIFORNIA I.D.,Corn,0.85,26028.98387,63.79287272,25.8602491,26289.273971498398,62881.58097135896,63351.62078895013,42940003.74108541,43369404.21203467,117.82779296851743
CENTRAL CALIFORNIA I.D.,Cotton,0.85,24444.64851,3677.344642,0.8,22342.526433512572,88833.01471059621,80990.81783832413,71913117.77905743,65728935.895216666,117.82779296851743
CENTRAL CALIFORNIA I.D.,Cucurbits,0.85,2718.97765,437.2073532,16.16521809,2717.9971513351284,6252.634758927733,6234.753965375825,19216516.512873635,19209586.787362892,117.82779296851743
CENTRAL CALIFORNIA I.D.,Dry Beans,0.85,945.675192,1536.60837,1.3,955.1319532730469,2091.929376450111,2107.566548159055,1889072.1399271244,1907962.8800099567,117.82779296851743
CENTRAL CALIFORNIA I.D.,Grain,0.85,5671.416352,232.9810303,3.79451607,5728.1305727833405,2646.605238820064,2666.3885824112717,5013817.120281912,5063955.342108402,117.82779296851743
CENTRAL CALIFORNIA I.D.,Lettuce,0.85,384.1177091,825.6667179,12.01770726,375.70167634886747,1277.610982187625,1246.4944212503838,3811454.4122350886,3727945.309679059,117.82779296851743
CENTRAL CALIFORNIA I.D.,Onions & Garlic,0.85,388.6026678,1496.923068,5.92805482,375.49809514912505,575.4513941152303,554.6557340281737,3448398.678110282,3332110.7708184696,117.82779296851743
CENTRAL CALIFORNIA I.D.,Other Deciduous,0.85,6308.455812,2039.881954,2.411512797,6234.905864604923,21737.91167369507,21430.759138774734,31032564.89211097,30670757.885234993,117.82779296851743
CENTRAL CALIFORNIA I.D.,Pasture,0.85,4288.844844,206.6887348,5,1966.26832,19729.488497961538,9022.588962110467,4432279.572799317,2032027.5568775677,117.82779296851743
CENTRAL CALIFORNIA I.D.,Rice,0.85,2000.559108,579,4.7,1822.678483284721,9670.541879118597,8788.654450269498,5444121.501,4960054.956562712,117.82779296851743
CENTRAL CALIFORNIA I.D.,Tomato Processing,0.85,8520.581878,96.28659996,49.55284439,8433.434136782955,20276.095208022478,20018.541156153646,40654038.48760269,40238232.65693599,117.82779296851743
CENTRAL CALIFORNIA I.D.,Truck Crops,0.85,531.3190118,883.1369862,18.44217052,514.3193243504628,1417.4170875649327,1368.636286138473,8653573.029010959,8376699.75,117.82779296851743
CENTRAL CALIFORNIA I.D.,Vineyard,0.85,107.2820422,1492.427601,10.07028874,104.00558938160157,332.41174649427654,321.4540557454512,1612360.7867282275,1563118.3978286728,117.82779296851743
CENTRAL CALIFORNIA I.D.,Alfalfa,0.9,19802.72127,275.42882,7.145726841,14391.12811318137,81883.56644557975,59358.04857649967,38974510.25272828,28323742.103325255,106.70897136111623
CENTRAL CALIFORNIA I.D.,Almonds & Pistachios,0.9,28538.44605,4767.847432,1.096167772,25178.96977,116389.67104976428,102431.8403520756,149152212.7826499,131594377.99295147,106.70897136111623
CENTRAL CALIFORNIA I.D.,Citrus & Subtropical,0.9,96.91437253,883,6,95.17523350369467,314.7261157468393,308.3056223180993,513452.34566393995,504238.38710257434,106.70897136111623
CENTRAL CALIFORNIA I.D.,Corn,0.9,26028.98387,63.79287272,25.8602491,26289.273971518916,62881.58097135896,63351.62078900395,42940003.74108541,43369404.21206852,106.70897136111623
CENTRAL CALIFORNIA I.D.,Cotton,0.9,24444.64851,3677.344642,0.8,22726.56917515495,88833.01471059621,82382.95832982706,71913117.77905743,66858741.909838736,106.70897136111623
CENTRAL CALIFORNIA I.D.,Cucurbits,0.9,2718.97765,437.2073532,16.16521809,2718.563951997571,6252.634758927733,6236.054136971631,19216516.512873635,19213592.680640217,106.70897136111623
CENTRAL CALIFORNIA I.D.,Dry Beans,0.9,945.675192,1536.60837,1.3,955.1319533421641,2091.929376450111,2107.566548315914,1889072.1399271244,1907962.8801480245,106.70897136111623
CENTRAL CALIFORNIA I.D.,Grain,0.9,5671.416352,232.9810303,3.79451607,5728.130572783523,2646.605238820064,2666.3885824155986,5013817.120281912,5063955.342108564,106.70897136111623
CENTRAL CALIFORNIA I.D.,Lettuce,0.9,384.1177091,825.6667179,12.01770726,376.1326382371067,1277.610982187625,1247.924256742883,3811454.4122350886,3732221.5811227346,106.70897136111623
CENTRAL CALIFORNIA I.D.,Onions & Garlic,0.9,388.6026678,1496.923068,5.92805482,375.85299513942294,575.4513941152303,555.1799638952248,3448398.678110282,3335260.0972611653,106.70897136111623
CENTRAL CALIFORNIA I.D.,Other Deciduous,0.9,6308.455812,2039.881954,2.411512797,6243.553759198104,21737.91167369507,21460.483877229333,31032564.89211097,30713298.62073995,106.70897136111623
CENTRAL CALIFORNIA I.D.,Pasture,0.9,4288.844844,206.6887348,5,4331.733335578323,19729.488497961538,19876.96642372393,4432279.572799317,4476602.413108337,106.70897136111623
CENTRAL CALIFORNIA I.D.,Rice,0.9,2000.559108,579,4.7,1842.1580227291208,9670.541879118597,8882.581570495959,5444121.501,5013064.627252757,106.70897136111623
CENTRAL CALIFORNIA I.D.,Tomato Processing,0.9,8520.581878,96.28659996,49.55284439,8477.121513775131,20276.095208022478,20122.24239341708,40654038.48760269,40446677.14242919,106.70897136111623
CENTRAL CALIFORNIA I.D.,Truck Crops,0.9,531.3190118,883.1369862,18.44217052,514.7728304888593,1417.4170875649327,1369.8430946919023,8653573.029010959,8384085.987991787,106.70897136111623
CENTRAL CALIFORNIA I.D.,Vineyard,0.9,107.2820422,1492.427601,10.07028874,104.04860476906939,332.41174649427654,321.5870050542593,1612360.7867282275,1563764.8836948697,106.70897136111623
CENTRAL CALIFORNIA I.D.,Alfalfa,0.95,19802.72127,275.42882,7.145726841,18524.181492558935,81883.56644557975,76405.35587116331,38974510.25272828,36458166.11067908,82.88941109959708
CENTRAL CALIFORNIA I.D.,Almonds & Pistachios,0.95,28538.44605,4767.847432,1.096167772,25525.53148772191,116389.67104976428,103841.70560192602,149152212.7826499,133405634.5316296,82.88941109959708
CENTRAL CALIFORNIA I.D.,Citrus & Subtropical,0.95,96.91437253,883,6,95.43023510422587,314.7261157468393,309.13166104117533,513452.34566393995,505589.38558218867,82.88941109959708
CENTRAL CALIFORNIA I.D.,Corn,0.95,26028.98387,63.79287272,25.8602491,26289.273971542385,62881.58097135896,63351.62078907251,42940003.74108541,43369404.21210724,82.88941109959708
CENTRAL CALIFORNIA I.D.,Cotton,0.95,24444.64851,3677.344642,0.8,23520.59233691093,88833.01471059621,85261.26242156862,71913117.77905743,69194659.36544454,82.88941109959708
CENTRAL CALIFORNIA I.D.,Cucurbits,0.95,2718.97765,437.2073532,16.16521809,2719.7702983609074,6252.634758927733,6238.821348414256,19216516.512873635,19222118.59655251,82.88941109959708
CENTRAL CALIFORNIA I.D.,Dry Beans,0.95,945.675192,1536.60837,1.3,955.1319533973776,2091.929376450111,2107.566548,1889072.1399271244,1907962.8802583185,82.88941109959708
CENTRAL CALIFORNIA I.D.,Grain,0.95,5671.416352,232.9810303,3.79451607,5728.130573,2646.605238820064,2666.388582,5013817.120281912,5063955.342108897,82.88941109959708
CENTRAL CALIFORNIA I.D.,Lettuce,0.95,384.1177091,825.6667179,12.01770726,377.0494179,1277.610982187625,1250.9659273133084,3811454.4122350886,3741318.4381063264,82.88941109959708
CENTRAL CALIFORNIA I.D.,Onions & Garlic,0.95,388.6026678,1496.923068,5.92805482,376.61063769208323,575.4513941152303,556.2990928518839,3448398.678110282,3341983.297572334,82.88941109959708
CENTRAL CALIFORNIA I.D.,Other Deciduous,0.95,6308.455812,2039.881954,2.411512797,6261.778570517007,21737.91167369507,21523.126609981402,31032564.89211097,30802950.138758756,82.88941109959708
CENTRAL CALIFORNIA I.D.,Pasture,0.95,4288.844844,206.6887348,5,4331.733335700545,19729.488497961538,19876.96642,4432279.572799317,4476602.4132346455,82.88941109959708
CENTRAL CALIFORNIA I.D.,Rice,0.95,2000.559108,579,4.7,1880.9465648692867,9670.541879118597,9069.613510931062,5444121.501,5118619.887,82.88941109959708
CENTRAL CALIFORNIA I.D.,Tomato Processing,0.95,8520.581878,96.28659996,49.55284439,8569.705279529784,20276.095208022478,20342.009560055372,40654038.48760269,40888419.74055328,82.88941109959708
CENTRAL CALIFORNIA I.D.,Truck Crops,0.95,531.3190118,883.1369862,18.44217052,515.7411986913439,1417.4170875649327,1372.4199838064765,8653573.029010959,8399857.764971465,82.88941109959708
CENTRAL CALIFORNIA I.D.,Vineyard,0.95,107.2820422,1492.427601,10.07028874,104.14031137224013,332.41174649427654,321.8704461747974,1612360.7867282275,1565143.1584536678,82.88941109959708
CENTRAL CALIFORNIA I.D.,Alfalfa,1,19802.72127,275.42882,7.145726841,20000.748682677582,81883.56644557975,82495.64610486027,38974510.25272828,39364255.74883927,1.4180146161370312e-09
CENTRAL CALIFORNIA I.D.,Almonds & Pistachios,1,28538.44605,4767.847432,1.096167772,26655.578981152466,116389.67104976428,108438.9089623728,149152212.7826499,139311670.33678007,1.4180146161370312e-09
CENTRAL CALIFORNIA I.D.,Citrus & Subtropical,1,96.91437253,883,6,96.27942002,314.7261157468393,311.88246595602465,513452.34566393995,510088.3672514891,1.4180146161370312e-09
CENTRAL CALIFORNIA I.D.,Corn,1,26028.98387,63.79287272,25.8602491,26289.273971568833,62881.58097135896,63351.620789289685,42940003.74108541,43369404.21215087,1.4180146161370312e-09
CENTRAL CALIFORNIA I.D.,Cotton,1,24444.64851,3677.344642,0.8,24689.09524193607,88833.01471059621,89497.04149560476,71913117.77905743,72632249.68300904,1.4180146161370312e-09
CENTRAL CALIFORNIA I.D.,Cucurbits,1,2718.97765,437.2073532,16.16521809,2723.886723840901,6252.634758927733,6248.263926792788,19216516.512873635,19251211.648571644,1.4180146161370312e-09
CENTRAL CALIFORNIA I.D.,Dry Beans,1,945.675192,1536.60837,1.3,955.1319534415957,2091.929376450111,2107.5665486989406,1889072.1399271244,1907962.8803466482,1.4180146161370312e-09
CENTRAL CALIFORNIA I.D.,Grain,1,5671.416352,232.9810303,3.79451607,5728.130572785098,2646.605238820064,2666.3885825707193,5013817.120281912,5063955.342109956,1.4180146161370312e-09
CENTRAL CALIFORNIA I.D.,Lettuce,1,384.1177091,825.6667179,12.01770726,380.17316674118257,1277.610982187625,1261.3298300036747,3811454.4122350886,3772314.2137449197,1.4180146161370312e-09
CENTRAL CALIFORNIA I.D.,Onions & Garlic,1,388.6026678,1496.923068,5.92805482,379.2194157255626,575.4513941152303,560.1525712033966,3448398.678110282,3365133.1816764832,1.4180146161370312e-09
CENTRAL CALIFORNIA I.D.,Other Deciduous,1,6308.455812,2039.881954,2.411512797,6322.216632657438,21737.91167369507,21730.865681273062,31032564.89211097,31100257.140855636,1.4180146161370312e-09
CENTRAL CALIFORNIA I.D.,Pasture,1,4288.844844,206.6887348,5,4331.733335740511,19729.488497961538,19876.96642462842,4432279.572799317,4476602.413275949,1.4180146161370312e-09
CENTRAL CALIFORNIA I.D.,Rice,1,2000.559108,579,4.7,1992.4903867774683,9670.541879118597,9607.459387777824,5444121.501,5422164.089537525,1.4180146161370312e-09
CENTRAL CALIFORNIA I.D.,Tomato Processing,1,8520.581878,96.28659996,49.55284439,8605.787783,20276.095208022478,20427.65901992659,40654038.48760269,41060579.28283593,1.4180146161370312e-09
CENTRAL CALIFORNIA I.D.,Truck Crops,1,531.3190118,883.1369862,18.44217052,519.0778485513682,1417.4170875649327,1381.299020655316,8653573.029010959,8454201.657425342,1.4180146161370312e-09
CENTRAL CALIFORNIA I.D.,Vineyard,1,107.2820422,1492.427601,10.07028874,104.45482016850075,332.41174649427654,322.8425107087232,1612360.7867282275,1569869.9667784602,1.4180146161370312e-09
CITY OF TRACY,Alfalfa,0.5,239.8092865,281,6.7,16.21442536832886,991.6030922041971,66.87847139629736,451488.9437,30526.898640952746,102.63258873754748
CITY OF TRACY,Almonds & Pistachios,0.5,138.3210303,4883,1.2,117.39496147709298,570.6433461833709,483.10207209072746,810505.9091458799,687887.5163,102.63258873754748
CITY OF TRACY,Dry Beans,0.5,216.6351777,1752,1.3,123.56454485986569,479.21897078074136,272.65395160025304,493408.2807,281430.6073728301,102.63258873754748
CITY OF TRACY,Grain,0.5,244.8236702,164,2.5,247.27190932111412,114.24864053755783,115.10264786335118,100377.7048,101381.48282165678,102.63258873754748
CITY OF TRACY,Other Deciduous,0.5,84.02201911,1769,2.2,82.06873437205287,289.52619856421677,282.0885058912384,326996.894,319395.1004291554,102.63258873754748
CITY OF TRACY,Pasture,0.5,12.1251035,276,5,6.686741271782124,55.77774406423437,30.68335971145389,16732.64283,9227.702955059332,102.63258873754748
CITY OF TRACY,Alfalfa,0.55,239.8092865,281,6.7,41.32223257502015,991.6030922041971,170.43883359320898,451488.9437,77797.36726899045,91.66352720392719
CITY OF TRACY,Almonds & Pistachios,0.55,138.3210303,4883,1.2,118.08279079229402,570.6433461833709,485.93261748359885,810505.9091458799,691917.9209,91.66352720392719
CITY OF TRACY,Dry Beans,0.55,216.6351777,1752,1.3,129.8976079,479.21897078074136,286.6283053231085,493408.2807,295854.79170611687,91.66352720392719
CITY OF TRACY,Grain,0.55,244.8236702,164,2.5,247.27190932627855,114.24864053755783,115.10264786573522,100377.7048,101381.4828237742,91.66352720392719
CITY OF TRACY,Other Deciduous,0.55,84.02201911,1769,2.2,82.21549406016563,289.52619856421677,282.59295160373534,326996.894,319966.2597833526,91.66352720392719
CITY OF TRACY,Pasture,0.55,12.1251035,276,5,7.597937494292664,55.77774406423437,34.864553547059415,16732.64283,10485.153742123875,91.66352720392719
CITY OF TRACY,Alfalfa,0.6,239.8092865,281,6.7,66.35872894845815,991.6030922041971,273.7050651374829,451488.9437,124933.57899126217,80.09320233017206
CITY OF TRACY,Almonds & Pistachios,0.6,138.3210303,4883,1.2,118.79917403176353,570.6433461833709,488.8806675785733,810505.9091458799,696115.6401565215,80.09320233017206
CITY OF TRACY,Dry Beans,0.6,216.6351777,1752,1.3,136.46049867976296,479.21897078074136,301.1097903811282,493408.2807,310802.43179302814,80.09320233017206
CITY OF TRACY,Grain,0.6,244.8236702,164,2.5,247.27190933148623,114.24864053755783,115.10264786813491,100377.7048,101381.48282590935,80.09320233017206
CITY OF TRACY,Other Deciduous,0.6,84.02201911,1769,2.2,82.36819066473585,289.52619856421677,283.11780381963024,326996.894,320560.5244,80.09320233017206
CITY OF TRACY,Pasture,0.6,12.1251035,276,5,8.432660441297115,55.77774406423437,38.69483549317857,16732.64283,11637.071408990018,80.09320233017206
CITY OF TRACY,Alfalfa,0.65,239.8092865,281,6.7,91.30844821647733,991.6030922041971,376.6133734113885,451488.9437,171906.41545716187,67.8984791
CITY OF TRACY,Almonds & Pistachios,0.65,138.3210303,4883,1.2,119.54431002621618,570.6433461833709,491.94704060096893,810505.9091458799,700481.8390296162,67.8984791
CITY OF TRACY,Dry Beans,0.65,216.6351777,1752,1.3,143.25180686697615,479.21897078074136,316.09529463973695,493408.2807,326270.31532022485,67.8984791
CITY OF TRACY,Grain,0.65,244.8236702,164,2.5,247.27190933672594,114.24864053755783,115.10264787054268,100377.7048,101381.48282805763,67.8984791
CITY OF TRACY,Other Deciduous,0.65,84.02201911,1769,2.2,82.52685003,289.52619856421677,283.6631513752503,326996.894,321177.9949511202,67.8984791
CITY OF TRACY,Pasture,0.65,12.1251035,276,5,9.205292810172296,55.77774406423437,42.24020323957907,16732.64283,12703.304078037767,67.8984791
CITY OF TRACY,Alfalfa,0.7,239.8092865,281,6.7,116.15989996682326,991.6030922041971,479.11636474946323,451488.9437,218694.24366753816,55.05442287792829
CITY OF TRACY,Almonds & Pistachios,0.7,138.3210303,4883,1.2,120.31842051287327,570.6433461833709,495.132649,810505.9091458799,705017.8168372322,55.05442287792829
CITY OF TRACY,Dry Beans,0.7,216.6351777,1752,1.3,150.27029730017182,479.21897078074136,331.5820926823938,493408.2807,342255.6291308713,55.05442287792829
CITY OF TRACY,Grain,0.7,244.8236702,164,2.5,247.2719093383328,114.24864053755783,115.10264788066151,100377.7048,101381.48282871644,55.05442287792829
CITY OF TRACY,Other Deciduous,0.7,84.02201911,1769,2.2,82.69150248493476,289.52619856421677,284.2290985172995,326996.894,321818.7893708691,55.05442287792829
CITY OF TRACY,Pasture,0.7,12.1251035,276,5,9.926535331974948,55.77774406423437,45.54975909621126,16732.64283,13698.618758125429,55.05442287792829
CITY OF TRACY,Alfalfa,0.75,239.8092865,281,6.7,140.9044051469938,991.6030922041971,581.1782413,451488.9437,265280.72357024526,41.534524848876664
CITY OF TRACY,Almonds & Pistachios,0.75,138.3210303,4883,1.2,121.12173019323693,570.6433461833709,498.43841761045843,810505.9091458799,709724.8902,41.534524848876664
CITY OF TRACY,Dry Beans,0.75,216.6351777,1752,1.3,157.51473338465036,479.21897078074136,347.56745587142854,493408.2807,358755.5567568796,41.534524848876664
CITY OF TRACY,Grain,0.75,244.8236702,164,2.5,247.2719093392268,114.24864053755783,115.1026478962542,100377.7048,101381.48282908299,41.534524848876664
CITY OF TRACY,Other Deciduous,0.75,84.02201911,1769,2.2,82.86217860562131,289.52619856421677,284.8157503509465,326996.894,322483.0267,41.534524848876664
CITY OF TRACY,Pasture,0.75,12.1251035,276,5,10.60455956,55.77774406423437,48.66099977440004,16732.64283,14634.292198319035,41.534524848876664
CITY OF TRACY,Alfalfa,0.8,239.8092865,281,6.7,165.53535028216115,991.6030922041971,682.7717248997426,451488.9437,311653.40397622477,27.310825905782895
CITY OF TRACY,Almonds & Pistachios,0.8,138.3210303,4883,1.2,121.95445387670345,570.6433461833709,501.8652302642535,810505.9091458799,714604.3179359315,27.310825905782895
CITY OF TRACY,Dry Beans,0.8,216.6351777,1752,1.3,164.98376931294874,479.21897078074136,364.04841458857516,493408.2807,375767.033,27.310825905782895
CITY OF TRACY,Grain,0.8,244.8236702,164,2.5,247.27190934012114,114.24864053755783,115.10264791903256,100377.7048,101381.48282944967,27.310825905782895
CITY OF TRACY,Other Deciduous,0.8,84.02201911,1769,2.2,83.03890652457527,289.52619856421677,285.42320357335757,326996.894,323170.8164,27.310825905782895
CITY OF TRACY,Pasture,0.8,12.1251035,276,5,11.245743588946032,55.77774406423437,51.60319229777009,16732.64283,15519.126152745524,27.310825905782895
CITY OF TRACY,Alfalfa,0.85,239.8092865,281,6.7,190.0476909060513,991.6030922041971,783.8760090513556,451488.9437,357802.78766882274,12.353979093598195
CITY OF TRACY,Almonds & Pistachios,0.85,138.3210303,4883,1.2,122.81678790977895,570.6433461833709,505.4138950201424,810505.9091458799,719657.2504361407,12.353979093598195
CITY OF TRACY,Dry Beans,0.85,216.6351777,1752,1.3,172.67588406854395,479.21897078074136,381.0216126,493408.2807,393286.5935545157,12.353979093598195
CITY OF TRACY,Grain,0.85,244.8236702,164,2.5,247.27190934101407,114.24864053755783,115.10264795559067,100377.7048,101381.48282981577,12.353979093598195
CITY OF TRACY,Other Deciduous,0.85,84.02201911,1769,2.2,83.22171015401688,289.52619856421677,286.05154038901645,326996.894,323882.2515774029,12.353979093598195
CITY OF TRACY,Pasture,0.85,12.1251035,276,5,11.85515907772916,55.77774406423437,54.399608981109594,16732.64283,16360.11952726624,12.353979093598195
CITY OF TRACY,Alfalfa,0.9,239.8092865,281,6.7,209.32534779902173,991.6030922041971,863.3891706,451488.9437,394096.83230121824,3.4205961204061687e-07
CITY OF TRACY,Almonds & Pistachios,0.9,138.3210303,4883,1.2,123.51905646090962,570.6433461833709,508.30386059917953,810505.9091458799,723772.2632,3.4205961204061687e-07
CITY OF TRACY,Dry Beans,0.9,216.6351777,1752,1.3,178.9090243279698,479.21897078074136,394.77547971252454,493408.2807,407483.1938,3.4205961204061687e-07
CITY OF TRACY,Grain,0.9,244.8236702,164,2.5,247.27190934171784,114.24864053755783,115.10264800522913,100377.7048,101381.48283010432,3.4205961204061687e-07
CITY OF TRACY,Other Deciduous,0.9,84.02201911,1769,2.2,83.37042786,289.52619856421677,286.5627163159253,326996.894,324461.0311285813,3.4205961204061687e-07
CITY OF TRACY,Pasture,0.9,12.1251035,276,5,12.24635358921173,55.77774406423437,56.19467801806553,16732.64283,16899.967953112187,3.4205961204061687e-07
CITY OF TRACY,Alfalfa,0.95,239.8092865,281,6.7,209.32534823000316,991.6030922041971,863.3891724131505,451488.9437,394096.8331,5.986026064373223e-08
CITY OF TRACY,Almonds & Pistachios,0.95,138.3210303,4883,1.2,123.51905647685014,570.6433461833709,508.3038606647739,810505.9091458799,723772.2633,5.986026064373223e-08
CITY OF TRACY,Dry Beans,0.95,216.6351777,1752,1.3,178.9090244691419,479.21897078074136,394.7754800240263,493408.2807,407483.1941309176,5.986026064373223e-08
CITY OF TRACY,Grain,0.95,244.8236702,164,2.5,247.27190934171782,114.24864053755783,115.10264800522496,100377.7048,101381.4828301043,5.986026064373223e-08
CITY OF TRACY,Other Deciduous,0.95,84.02201911,1769,2.2,83.37042786,289.52619856421677,286.5627163275159,326996.894,324461.03114171576,5.986026064373223e-08
CITY OF TRACY,Pasture,0.95,12.1251035,276,5,12.246353636133627,55.77774406423437,56.19467823337101,16732.64283,16899.968017864405,5.986026064373223e-08
CITY OF TRACY,Alfalfa,1,239.8092865,281,6.7,209.32534827132903,991.6030922041971,863.3891725836049,451488.9437,394096.8331904312,3.278638803903368e-08
CITY OF TRACY,Almonds & Pistachios,1,138.3210303,4883,1.2,123.51905647837863,570.6433461833709,508.30386067106423,810505.9091458799,723772.2633407074,3.278638803903368e-08
CITY OF TRACY,Dry Beans,1,216.6351777,1752,1.3,178.90902448267295,479.21897078074136,394.77548005388405,493408.2807,407483.1941617359,3.278638803903368e-08
CITY OF TRACY,Grain,1,244.8236702,164,2.5,247.27190934171784,114.24864053755783,115.10264800522546,100377.7048,101381.48283010432,3.278638803903368e-08
CITY OF TRACY,Other Deciduous,1,84.02201911,1769,2.2,83.37042785933816,289.52619856421677,286.5627163286283,326996.894,324461.0311429723,3.278638803903368e-08
CITY OF TRACY,Pasture,1,12.1251035,276,5,12.246344073780332,55.77774406423437,56.19463435473012,16732.64283,16899.954821816857,3.278638803903368e-08
COLUMBIA CANAL CO.,Almonds & Pistachios,0.5,3213.413409,5009.424971,1.245620333,1823.1198396613793,12509.006898668344,7079.202699,20051190.669132642,11375979.018244289,628.1889793271087
COLUMBIA CANAL CO.,Almonds & Pistachios,0.5,873.7217547,4738,1.1,338.075193,3618.1144677749344,1396.4820508590751,4553663.041145461,1761980.2907283686,628.1889793271087
COLUMBIA CANAL CO.,Corn,0.5,29.13194869,71,27.3,1.8521789653256326e-07,70.37781419178042,5.341857741797366e-07,56466.456145827004,0.000359008,628.1889793271087
COLUMBIA CANAL CO.,Cotton,0.5,195.569537,2718,0.7,6.535718323459982e-21,710.7089942470803,6.535718323457035e-08,372090.6011,1.243485768221496e-17,628.1889793271087
COLUMBIA CANAL CO.,Grain,0.5,8.72700116,207,2.9,8.814270382753868,4.072514792728936,4.102956461707281,5238.8187963479995,5291.206510767147,628.1889793271087
COLUMBIA CANAL CO.,Grain,0.5,165.5737132,303,2.9,74.45371538902675,118.47205795384876,53.140277472412855,145489.62178883998,65422.47971,628.1889793271087
COLUMBIA CANAL CO.,Pasture,0.5,27.51344268,149,5,6.5357183234580415e-21,126.56698263491297,6.535718323456286e-08,20497.5148,4.869110150976241e-18,628.1889793271087
COLUMBIA CANAL CO.,Truck Crops,0.5,1.6301472,941,19.4,1.5053762920648874,4.348796947239466,4.005901704144798,29758.989194879996,27481.246362161342,628.1889793271087
COLUMBIA CANAL CO.,Vineyard,0.5,31.56846022,1652.208451,11.31279551,30.027665918264535,97.81438515406349,92.80765637321883,590049.1314686832,561249.9967254902,628.1889793271087
COLUMBIA CANAL CO.,Almonds & Pistachios,0.55,3213.413409,5009.424971,1.245620333,1961.913697044424,12509.006898668344,7618.141406168007,20051190.669132642,12242030.70343903,573.12704
COLUMBIA CANAL CO.,Almonds & Pistachios,0.55,873.7217547,4738,1.1,411.7163900965082,3618.1144677749344,1700.670622220171,4553663.041145461,2145783.481904981,573.12704
COLUMBIA CANAL CO.,Corn,0.55,29.13194869,71,27.3,1.8644147757995584e-18,70.37781419178042,4.5891744724565035e-09,56466.456145827004,3.613795159932284e-15,573.12704
COLUMBIA CANAL CO.,Cotton,0.55,195.569537,2718,0.7,9.8825037200413e-19,710.7089942470803,4.589174461127915e-09,372090.6011,1.8802451577750575e-15,573.12704
COLUMBIA CANAL CO.,Grain,0.55,8.72700116,207,2.9,8.814271151395909,4.072514792728936,4.102956758033621,5238.8187963479995,5291.206972182964,573.12704
COLUMBIA CANAL CO.,Grain,0.55,165.5737132,303,2.9,101.99325955732844,118.47205795384876,72.79623425,145489.62178883998,89621.47717,573.12704
COLUMBIA CANAL CO.,Pasture,0.55,27.51344268,149,5,2.1060392061412154e-19,126.56698263491297,4.5891744518431395e-09,20497.5148,1.5689992085752056e-16,573.12704
COLUMBIA CANAL CO.,Truck Crops,0.55,1.6301472,941,19.4,1.5120465293773928,4.348796947239466,4.023651564710171,29758.989194879996,27603.014212396054,573.12704
COLUMBIA CANAL CO.,Vineyard,0.55,31.56846022,1652.208451,11.31279551,30.08369442,97.81438515406349,92.98082573,590049.1314686832,562297.2307740765,573.12704
COLUMBIA CANAL CO.,Almonds & Pistachios,0.6,3213.413409,5009.424971,1.245620333,2102.3636911991575,12509.006898668344,8163.5109183842105,20051190.669132642,13118416.42,511.0139712955864
COLUMBIA CANAL CO.,Almonds & Pistachios,0.6,873.7217547,4738,1.1,479.58219504795784,3618.1144677749344,1981.0028691508326,4553663.041145461,2499486.4841509466,511.0139712955864
COLUMBIA CANAL CO.,Corn,0.6,29.13194869,71,27.3,7.952870752342604,70.37781419178042,19.164745784359898,56466.456145827004,15415.049379265669,511.0139712955864
COLUMBIA CANAL CO.,Cotton,0.6,195.569537,2718,0.7,1.4874920039998563e-18,710.7089942470803,6.204425494603762e-09,372090.6011,2.8301022868101265e-15,511.0139712955864
COLUMBIA CANAL CO.,Grain,0.6,8.72700116,207,2.9,8.814271179162887,4.072514792728936,4.102956772618245,5238.8187963479995,5291.206988851481,511.0139712955864
COLUMBIA CANAL CO.,Grain,0.6,165.5737132,303,2.9,127.06596285449385,118.47205795384876,90.69151861181199,145489.62178883998,111652.86156024373,511.0139712955864
COLUMBIA CANAL CO.,Pasture,0.6,27.51344268,149,5,1.1742434376702192e-18,126.56698263491297,6.204425487774185e-09,20497.5148,8.748113610643133e-16,511.0139712955864
COLUMBIA CANAL CO.,Truck Crops,0.6,1.6301472,941,19.4,1.5194918847459844,4.348796947239466,4.043464128521297,29758.989194879996,27738.93215279184,511.0139712955864
COLUMBIA CANAL CO.,Vineyard,0.6,31.56846022,1652.208451,11.31279551,30.14599306569788,97.81438515406349,93.17337456,590049.1314686832,563461.6608,511.0139712955864
COLUMBIA CANAL CO.,Almonds & Pistachios,0.65,3213.413409,5009.424971,1.245620333,2246.6755460387794,12509.006898668344,8723.876095717682,20051190.669132642,14018899.535033733,439.7151335741157
COLUMBIA CANAL CO.,Almonds & Pistachios,0.65,873.7217547,4738,1.1,544.056987,3618.1144677749344,2247.3279102911633,4553663.041145461,2835516.204797437,439.7151335741157
COLUMBIA CANAL CO.,Corn,0.65,29.13194869,71,27.3,15.920094043401406,70.37781419178042,38.36407815417911,56466.456145827004,30857.918284324944,439.7151335741157
COLUMBIA CANAL CO.,Cotton,0.65,195.569537,2718,0.7,2.1174126037067046e-18,710.7089942470803,8.563667890887757e-09,372090.6011,4.028589219812376e-15,439.7151335741157
COLUMBIA CANAL CO.,Grain,0.65,8.72700116,207,2.9,8.814271197479446,4.072514792728936,4.102956783576615,5238.8187963479995,5291.206999846911,439.7151335741157
COLUMBIA CANAL CO.,Grain,0.65,165.5737132,303,2.9,150.66663174609565,118.47205795384876,107.53615940996241,145489.62178883998,132390.76931529422,439.7151335741157
COLUMBIA CANAL CO.,Pasture,0.65,27.51344268,149,5,2.467233144405118e-18,126.56698263491297,8.563667886871573e-09,20497.5148,1.838088692581813e-15,439.7151335741157
COLUMBIA CANAL CO.,Truck Crops,0.65,1.6301472,941,19.4,1.5279373077936889,4.348796947239466,4.0659379365956125,29758.989194879996,27893.106728696905,439.7151335741157
COLUMBIA CANAL CO.,Vineyard,0.65,31.56846022,1652.208451,11.31279551,30.216358178554092,97.81438515406349,93.39085470624676,590049.1314686832,564776.8619423176,439.7151335741157
COLUMBIA CANAL CO.,Almonds & Pistachios,0.7,3213.413409,5009.424971,1.245620333,2396.4039502735386,12509.006898668344,9305.273818616562,20051190.669132642,14953181.06055659,356.7727152113571
COLUMBIA CANAL CO.,Almonds & Pistachios,0.7,873.7217547,4738,1.1,606.6028959156671,3618.1144677749344,2505.685343729098,4553663.041145461,3161492.9729332738,356.7727152113571
COLUMBIA CANAL CO.,Corn,0.7,29.13194869,71,27.3,20.53598648146477,70.37781419178042,49.48740806278167,56466.456145827004,39804.90259702317,356.7727152113571
COLUMBIA CANAL CO.,Cotton,0.7,195.569537,2718,0.7,2.940589002934711e-19,710.7089942470803,1.2348866460553748e-08,372090.6011,5.59476463698358e-16,356.7727152113571
COLUMBIA CANAL CO.,Grain,0.7,8.72700116,207,2.9,8.814271210500577,4.072514792728936,4.102956793561315,5238.8187963479995,5291.2070076634955,356.7727152113571
COLUMBIA CANAL CO.,Grain,0.7,165.5737132,303,2.9,167.22945147446742,118.47205795384876,119.35763575297136,145489.62178883998,146944.51901061452,356.7727152113571
COLUMBIA CANAL CO.,Pasture,0.7,27.51344268,149,5,1.2348866457735481e-21,126.56698263491297,1.2348866457738657e-08,20497.5148,9.199905511012933e-19,356.7727152113571
COLUMBIA CANAL CO.,Truck Crops,0.7,1.6301472,941,19.4,1.5376294975231248,4.348796947239466,4.091729471418053,29758.989194879996,28070.04152908365,356.7727152113571
COLUMBIA CANAL CO.,Vineyard,0.7,31.56846022,1652.208451,11.31279551,30.296724565715405,97.81438515406349,93.63924617887842,590049.1314686832,566278.9978277342,356.7727152113571
COLUMBIA CANAL CO.,Almonds & Pistachios,0.75,3213.413409,5009.424971,1.245620333,2532.1248267871774,12509.006898668344,9832.280093,20051190.669132642,15800057.831884826,272.7689714875548
COLUMBIA CANAL CO.,Almonds & Pistachios,0.75,873.7217547,4738,1.1,660.2653093642579,3618.1144677749344,2727.347857698398,4553663.041145461,3441170.7393446392,272.7689714875548
COLUMBIA CANAL CO.,Corn,0.75,29.13194869,71,27.3,23.573217800505383,70.37781419178042,56.806496720091914,56466.456145827004,45691.968062719585,272.7689714875548
COLUMBIA CANAL CO.,Cotton,0.75,195.569537,2718,0.7,29.43859907423443,710.7089942470803,106.71381424955324,372090.6011,56009.87859863842,272.7689714875548
COLUMBIA CANAL CO.,Grain,0.75,8.72700116,207,2.9,8.814271219107392,4.072514792728936,4.102956803648299,5238.8187963479995,5291.207012830167,272.7689714875548
COLUMBIA CANAL CO.,Grain,0.75,165.5737132,303,2.9,167.22945188640637,118.47205795384876,119.3576360530679,145489.62178883998,146944.51937258526,272.7689714875548
COLUMBIA CANAL CO.,Pasture,0.75,27.51344268,149,5,1.1840068837898927e-17,126.56698263491297,1.816537499331849e-08,20497.5148,8.8208512842347e-15,272.7689714875548
COLUMBIA CANAL CO.,Truck Crops,0.75,1.6301472,941,19.4,1.5473045103485554,4.348796947239466,4.117475299922599,29758.989194879996,28246.662758217015,272.7689714875548
COLUMBIA CANAL CO.,Vineyard,0.75,31.56846022,1652.208451,11.31279551,30.37654619,97.81438515406349,93.88595392928299,590049.1314686832,567770.9514676885,272.7689714875548
COLUMBIA CANAL CO.,Almonds & Pistachios,0.8,3213.413409,5009.424971,1.245620333,2639.3023447990363,12509.006898668344,10248.452063225077,20051190.669132642,16468828.567415226,199.87114819650463
COLUMBIA CANAL CO.,Almonds & Pistachios,0.8,873.7217547,4738,1.1,700.9690980675954,3618.1144677749344,2895.482377792603,4553663.041145461,3653310.745308694,199.87114819650463
COLUMBIA CANAL CO.,Corn,0.8,29.13194869,71,27.3,25.556579168154364,70.37781419178042,61.58598046007455,56466.456145827004,49536.317401633605,199.87114819650463
COLUMBIA CANAL CO.,Cotton,0.8,195.569537,2718,0.7,104.93065366457206,710.7089942470803,380.36967228152173,372090.6011,199641.0616622148,199.87114819650463
COLUMBIA CANAL CO.,Grain,0.8,8.72700116,207,2.9,8.814271224,4.072514792728936,4.102956815,5238.8187963479995,5291.207016042809,199.87114819650463
COLUMBIA CANAL CO.,Grain,0.8,165.5737132,303,2.9,167.22945193390117,118.47205795384876,119.35763609566564,145489.62178883998,146944.51941431896,199.87114819650463
COLUMBIA CANAL CO.,Pasture,0.8,27.51344268,149,5,8.791089005002326e-18,126.56698263491297,2.638238818092685e-08,20497.5148,6.549361308726733e-15,199.87114819650463
COLUMBIA CANAL CO.,Truck Crops,0.8,1.6301472,941,19.4,1.5555883887577358,4.348796947239466,4.139519234927213,29758.989194879996,28397.888272127966,199.87114819650463
COLUMBIA CANAL CO.,Vineyard,0.8,31.56846022,1652.208451,11.31279551,30.44457847020158,97.81438515406349,94.09622391537462,590049.1314686832,569042.5494,199.87114819650463
COLUMBIA CANAL CO.,Almonds & Pistachios,0.85,3213.413409,5009.424971,1.245620333,2760.024721856766,12509.006898668344,10717.218931397756,20051190.669132642,17222117.07789317,110.14202293405292
COLUMBIA CANAL CO.,Almonds & Pistachios,0.85,873.7217547,4738,1.1,745.3256027972709,3618.1144677749344,3078.7051163766087,4553663.041145461,3884487.9766588164,110.14202293405292
COLUMBIA CANAL CO.,Corn,0.85,29.13194869,71,27.3,27.506125614352563,70.37781419178042,66.28397738241677,56466.456145827004,53315.12327829957,110.14202293405292
COLUMBIA CANAL CO.,Cotton,0.85,195.569537,2718,0.7,161.76038958927248,710.7089942470803,586.3753272,372090.6011,307765.31723254983,110.14202293405292
COLUMBIA CANAL CO.,Grain,0.85,8.72700116,207,2.9,8.814271220910065,4.072514792728936,4.102956851989876,5238.8187963479995,5291.207013912312,110.14202293405292
COLUMBIA CANAL CO.,Grain,0.85,165.5737132,303,2.9,167.22945194410786,118.47205795384876,119.35763614175858,145489.62178883998,146944.51942328757,110.14202293405292
COLUMBIA CANAL CO.,Pasture,0.85,27.51344268,149,5,3.1308890486207226e-08,126.56698263491297,2.387115780042534e-07,20497.5148,2.3325123412224384e-05,110.14202293405292
COLUMBIA CANAL CO.,Truck Crops,0.85,1.6301472,941,19.4,1.565645937979424,4.348796947239466,4.166283056814672,29758.989194879996,28581.492856189576,110.14202293405292
COLUMBIA CANAL CO.,Vineyard,0.85,31.56846022,1652.208451,11.31279551,30.526799207657433,97.81438515406349,94.35034673545648,590049.1314686832,570579.3451270572,110.14202293405292
COLUMBIA CANAL CO.,Almonds & Pistachios,0.9,3213.413409,5009.424971,1.245620333,2872.3563430050126,12509.006898668344,11153.404363884534,20051190.669132642,17923048.60058735,18.731124462368673
COLUMBIA CANAL CO.,Almonds & Pistachios,0.9,873.7217547,4738,1.1,785.3781318051343,3618.1144677749344,3244.1494880369087,4553663.041145461,4093233.7473419993,18.731124462368673
COLUMBIA CANAL CO.,Corn,0.9,29.13194869,71,27.3,29.12636744863332,70.37781419178042,70.18841949932995,56466.456145827004,56455.63802568596,18.731124462368673
COLUMBIA CANAL CO.,Cotton,0.9,195.569537,2718,0.7,197.5252341202682,710.7089942470803,716.0215433365225,372090.6011,375811.51043722226,18.731124462368673
COLUMBIA CANAL CO.,Grain,0.9,8.72700116,207,2.9,8.814271231743398,4.072514792728936,4.102956938077135,5238.8187963479995,5291.207020415562,18.731124462368673
COLUMBIA CANAL CO.,Grain,0.9,165.5737132,303,2.9,167.22945196724515,118.47205795384876,119.35763623928796,145489.62178883998,146944.5194436183,18.731124462368673
COLUMBIA CANAL CO.,Pasture,0.9,27.51344268,149,5,27.788577346314128,126.56698263491297,127.51307081708896,20497.5148,20702.490123004027,18.731124462368673
COLUMBIA CANAL CO.,Truck Crops,0.9,1.6301472,941,19.4,1.5757386998119636,4.348796947239466,4.193140701308962,29758.989194879996,28765.740260547318,18.731124462368673
COLUMBIA CANAL CO.,Vineyard,0.9,31.56846022,1652.208451,11.31279551,30.608900737518017,97.81438515406349,94.60410116458492,590049.1314686832,572113.9127,18.731124462368673
COLUMBIA CANAL CO.,Almonds & Pistachios,0.95,3213.413409,5009.424971,1.245620333,2894.2103856594254,12509.006898668344,11238.26395154183,20051190.669132642,18059414.365081795,1.2100815826883955e-08
COLUMBIA CANAL CO.,Almonds & Pistachios,0.95,873.7217547,4738,1.1,793.0477477722641,3618.1144677749344,3275.8302539632055,4553663.041145461,4133206.251839486,1.2100815826883955e-08
COLUMBIA CANAL CO.,Corn,0.95,29.13194869,71,27.3,29.422917757611216,70.37781419178042,70.90304343387997,56466.456145827004,57030.44148957782,1.2100815826883955e-08
COLUMBIA CANAL CO.,Cotton,0.95,195.569537,2718,0.7,197.52523426309017,710.7089942470803,716.0215439296334,372090.6011,375811.51070895535,1.2100815826883955e-08
COLUMBIA CANAL CO.,Grain,0.95,8.72700116,207,2.9,8.814271234,4.072514792728936,4.102956998,5238.8187963479995,5291.207022,1.2100815826883955e-08
COLUMBIA CANAL CO.,Grain,0.95,165.5737132,303,2.9,167.2294519708474,118.47205795384876,119.35763630046618,145489.62178883998,146944.5194467836,1.2100815826883955e-08
COLUMBIA CANAL CO.,Pasture,0.95,27.51344268,149,5,27.788577357590867,126.56698263491297,127.51307093318773,20497.5148,20702.490131405197,1.2100815826883955e-08
COLUMBIA CANAL CO.,Truck Crops,0.95,1.6301472,941,19.4,1.5777881384897527,4.348796947239466,4.198594532,29758.989194879996,28803.15358338583,1.2100815826883955e-08
COLUMBIA CANAL CO.,Vineyard,0.95,31.56846022,1652.208451,11.31279551,30.625523390278552,97.81438515406349,94.65547750186433,590049.1314686832,572424.6083361142,1.2100815826883955e-08
COLUMBIA CANAL CO.,Almonds & Pistachios,1,3213.413409,5009.424971,1.245620333,2894.2103856669914,12509.006898668344,11238.263951571209,20051190.669132642,18059414.365129005,5.560405856954258e-09
COLUMBIA CANAL CO.,Almonds & Pistachios,1,873.7217547,4738,1.1,793.0477477749129,3618.1144677749344,3275.8302539741467,4553663.041145461,4133206.251853291,5.560405856954258e-09
COLUMBIA CANAL CO.,Corn,1,29.13194869,71,27.3,29.42308754381933,70.37781419178042,70.90345258293002,56466.456145827004,57030.77058618501,5.560405856954258e-09
COLUMBIA CANAL CO.,Cotton,1,195.569537,2718,0.7,197.52523426309017,710.7089942470803,716.0215439296334,372090.6011,375811.51070895535,5.560405856954258e-09
COLUMBIA CANAL CO.,Grain,1,8.72700116,207,2.9,8.814271234,4.072514792728936,4.102956998,5238.8187963479995,5291.207022,5.560405856954258e-09
COLUMBIA CANAL CO.,Grain,1,165.5737132,303,2.9,167.22945197084738,118.47205795384876,119.35763630046617,145489.62178883998,146944.51944678358,5.560405856954258e-09
COLUMBIA CANAL CO.,Pasture,1,27.51344268,149,5,27.788577357590867,126.56698263491297,127.5130709331877,20497.5148,20702.490131405197,5.560405856954258e-09
COLUMBIA CANAL CO.,Truck Crops,1,1.6301472,941,19.4,1.577788138490467,4.348796947239466,4.198594531814041,29758.989194879996,28803.153583398867,5.560405856954258e-09
COLUMBIA CANAL CO.,Vineyard,1,31.56846022,1652.208451,11.31279551,30.625523390284343,97.81438515406349,94.65547750188222,590049.1314686832,572424.6083362225,5.560405856954258e-09
DEL PUERTO WATER DISTRICT,Alfalfa,0.5,221.5665338,282,6.8,2.9888405599679335e-18,916.1699418,3.138499493749893e-09,424875.98521487997,5.731400657794509e-15,641.9290226306917
DEL PUERTO WATER DISTRICT,Almonds & Pistachios,0.5,12950.42778,4814.53711,1.102171091,5337.242864535629,53382.043727976044,21945.270970012774,68720714.85894491,28321778.342575442,641.9290226306917
DEL PUERTO WATER DISTRICT,Citrus & Subtropical,0.5,726.9274325,913.5,3.9,594.1648740209129,2360.6720168334946,1924.7062966307724,2589788.017396125,2116801.4884306053,641.9290226306917
DEL PUERTO WATER DISTRICT,Corn,0.5,354.5718744,68.49940443,26.84994044,6.257263293663218e-19,856.5851107214244,3.13849946964223e-09,652130.3391241422,1.150838949251312e-15,641.9290226306917
DEL PUERTO WATER DISTRICT,Cucurbits,0.5,397.8931947,507,13.6,393.21864864633994,915.0059837829193,901.9956211927919,2743553.1560954396,2711321.226146243,641.9290226306917
DEL PUERTO WATER DISTRICT,Dry Beans,0.5,857.710369,1674.192022,1.3,3.717503374831326e-19,1897.3422720355811,3.138499465182312e-09,1866763.414056419,8.090958839470886e-16,641.9290226306917
DEL PUERTO WATER DISTRICT,Grain,0.5,2251.452928,196.1962307,4.091278634,2273.9674799848426,1050.6559110406804,1058.5095518182052,1807226.5109362276,1825298.7942706184,641.9290226306917
DEL PUERTO WATER DISTRICT,Lettuce,0.5,151.2744347,898,10.5,138.34904664254788,503.15274333428215,459.0112998629784,1426366.645,1304493.1607925838,641.9290226306917
DEL PUERTO WATER DISTRICT,Onions & Garlic,0.5,183.5599741,1186,5.6,167.5175046652825,271.81965475842924,247.4434509994799,1219131.924,1112584.2589849401,641.9290226306917
DEL PUERTO WATER DISTRICT,Other Deciduous,0.5,1666.210439,3913.054303,3.386026932,1595.1649296093624,5741.489903737268,5482.9368935839475,22076800.544201907,21135468.342898652,641.9290226306917
DEL PUERTO WATER DISTRICT,Pasture,0.5,15.9755367,233.7674522,5,1.4653085925212293e-19,73.49045699621313,3.1384994625969496e-09,18672.80255943298,1.712707281802279e-16,641.9290226306917
DEL PUERTO WATER DISTRICT,Tomato Processing,0.5,1717.722813,99.84747344,50.20848406,1211.9446918683534,4087.5977481429222,2876.807276809021,8611271.307535792,6075709.347528039,641.9290226306917
DEL PUERTO WATER DISTRICT,Truck Crops,0.5,48.43551713,837.0086212,18.74292924,44.737196855950636,129.2130115813522,119.04851336986533,759856.0711440248,701836.8472,641.9290226306917
DEL PUERTO WATER DISTRICT,Vineyard,0.5,772.4922471,1659.744887,10.99858551,735.6388342008863,2393.5552655969036,2273.6670998397735,14101727.056795271,13428973.677372158,641.9290226306917
DEL PUERTO WATER DISTRICT,Alfalfa,0.55,221.5665338,282,6.8,4.0230134969537777e-22,916.1699418,4.023013496955114e-09,424875.98521487997,7.714530681758563e-19,598.2849847447417
DEL PUERTO WATER DISTRICT,Almonds & Pistachios,0.55,12950.42778,4814.53711,1.102171091,6197.024617897153,53382.043727976044,25480.456463952065,68720714.85894491,32884161.74159556,598.2849847447417
DEL PUERTO WATER DISTRICT,Citrus & Subtropical,0.55,726.9274325,913.5,3.9,612.9394018717346,2360.6720168334946,1985.5235100861946,2589788.017396125,2183688.5600783355,598.2849847447417
DEL PUERTO WATER DISTRICT,Corn,0.55,354.5718744,68.49940443,26.84994044,4.023013496955556e-22,856.5851107214244,4.02301349695612e-09,652130.3391241422,7.399146253520857e-19,598.2849847447417
DEL PUERTO WATER DISTRICT,Cucurbits,0.55,397.8931947,507,13.6,393.63409502194696,915.0059837829193,902.9486045095917,2743553.1560954396,2714185.8119953284,598.2849847447417
DEL PUERTO WATER DISTRICT,Dry Beans,0.55,857.710369,1674.192022,1.3,4.0230055640641753e-22,1897.3422720355811,4.023005564064735e-09,1866763.414056419,8.755868965763207e-19,598.2849847447417
DEL PUERTO WATER DISTRICT,Grain,0.55,2251.452928,196.1962307,4.091278634,2273.9674799958752,1050.6559110406804,1058.5095518242465,1807226.5109362276,1825298.794279474,598.2849847447417
DEL PUERTO WATER DISTRICT,Lettuce,0.55,151.2744347,898,10.5,139.24682291383536,503.15274333428215,461.9899214248174,1426366.645,1312958.2932545536,598.2849847447417
DEL PUERTO WATER DISTRICT,Onions & Garlic,0.55,183.5599741,1186,5.6,168.54773903947907,271.81965475842924,248.96523076537753,1219131.924,1119426.663604604,598.2849847447417
DEL PUERTO WATER DISTRICT,Other Deciduous,0.55,1666.210439,3913.054303,3.386026932,1598.8020192075558,5741.489903737268,5495.4383800187015,22076800.544201907,21183658.715339784,598.2849847447417
DEL PUERTO WATER DISTRICT,Pasture,0.55,15.9755367,233.7674522,5,4.0230135021576526e-22,73.49045699621313,4.023013502159185e-09,18672.80255943298,4.702248082827969e-19,598.2849847447417
DEL PUERTO WATER DISTRICT,Tomato Processing,0.55,1717.722813,99.84747344,50.20848406,1258.7130524126148,4087.5977481429222,2987.8218807273406,8611271.307535792,6310168.037956624,598.2849847447417
DEL PUERTO WATER DISTRICT,Truck Crops,0.55,48.43551713,837.0086212,18.74292924,44.92436030474841,129.2130115813522,119.54656715827609,759856.0711440248,704773.0662,598.2849847447417
DEL PUERTO WATER DISTRICT,Vineyard,0.55,772.4922471,1659.744887,10.99858551,736.7613657744985,2393.5552655969036,2277.136551137684,14101727.056795271,13449465.318450939,598.2849847447417
DEL PUERTO WATER DISTRICT,Alfalfa,0.6,221.5665338,282,6.8,5.227397041146134e-22,916.1699418,5.227397041147745e-09,424875.98521487997,1.0024056566101825e-18,547.0100514450922
DEL PUERTO WATER DISTRICT,Almonds & Pistachios,0.6,12950.42778,4814.53711,1.102171091,7052.979697908944,53382.043727976044,28999.907732335498,68720714.85894491,37426239.11423627,547.0100514450922
DEL PUERTO WATER DISTRICT,Citrus & Subtropical,0.6,726.9274325,913.5,3.9,631.0845579327776,2360.6720168334946,2044.3019698228015,2589788.017396125,2248333.4,547.0100514450922
DEL PUERTO WATER DISTRICT,Corn,0.6,354.5718744,68.49940443,26.84994044,9.161125724187377e-08,856.5851107214244,2.371834023742512e-07,652130.3391241422,0.000168492,547.0100514450922
DEL PUERTO WATER DISTRICT,Cucurbits,0.6,397.8931947,507,13.6,394.11134833085293,915.0059837829193,904.0433653934732,2743553.1560954396,2717476.569010897,547.0100514450922
DEL PUERTO WATER DISTRICT,Dry Beans,0.6,857.710369,1674.192022,1.3,1.288585375868293e-21,1897.3422720355811,5.227397041154723e-09,1866763.414056419,2.8045411627279374e-18,547.0100514450922
DEL PUERTO WATER DISTRICT,Grain,0.6,2251.452928,196.1962307,4.091278634,2273.9674799898853,1050.6559110406804,1058.5095518226935,1807226.5109362276,1825298.7942746659,547.0100514450922
DEL PUERTO WATER DISTRICT,Lettuce,0.6,151.2744347,898,10.5,140.2750437860741,503.15274333428215,465.4013290978928,1426366.645,1322653.3878588926,547.0100514450922
DEL PUERTO WATER DISTRICT,Onions & Garlic,0.6,183.5599741,1186,5.6,169.7403572714463,271.81965475842924,250.72687097027574,1219131.924,1127347.5568540376,547.0100514450922
DEL PUERTO WATER DISTRICT,Other Deciduous,0.6,1666.210439,3913.054303,3.386026932,1602.9984440642766,5741.489903737268,5509.862426246721,22076800.544201907,21239260.116214547,547.0100514450922
DEL PUERTO WATER DISTRICT,Pasture,0.6,15.9755367,233.7674522,5,5.227397041145756e-22,73.49045699621313,5.227397041147623e-09,18672.80255943298,6.10997643973231e-19,547.0100514450922
DEL PUERTO WATER DISTRICT,Tomato Processing,0.6,1717.722813,99.84747344,50.20848406,1311.546669477987,4087.5977481429222,3113.233654923364,8611271.307535792,6575033.013414322,547.0100514450922
DEL PUERTO WATER DISTRICT,Truck Crops,0.6,48.43551713,837.0086212,18.74292924,45.14201801613943,129.2130115813522,120.12576811053883,759856.0711440248,708187.6789132259,547.0100514450922
DEL PUERTO WATER DISTRICT,Vineyard,0.6,772.4922471,1659.744887,10.99858551,738.0643324,2393.5552655969036,2281.1636799828543,14101727.056795271,13473250.773781903,547.0100514450922
DEL PUERTO WATER DISTRICT,Alfalfa,0.65,221.5665338,282,6.8,6.798048254413035e-22,916.1699418,6.79804825441492e-09,424875.98521487997,1.3035937332662437e-18,491.1884138695279
DEL PUERTO WATER DISTRICT,Almonds & Pistachios,0.65,12950.42778,4814.53711,1.102171091,7847.713095007817,53382.043727976044,32267.63232177462,68720714.85894491,41643447.078227736,491.1884138695279
DEL PUERTO WATER DISTRICT,Citrus & Subtropical,0.65,726.9274325,913.5,3.9,647.5386217,2360.6720168334946,2097.6023946257797,2589788.017396125,2306953.4706913573,491.1884138695279
DEL PUERTO WATER DISTRICT,Corn,0.65,354.5718744,68.49940443,26.84994044,103.76766868087151,856.5851107214244,250.05825584970341,652130.3391241422,190850.0077212508,491.1884138695279
DEL PUERTO WATER DISTRICT,Cucurbits,0.65,397.8931947,507,13.6,394.6182263257302,915.0059837829193,905.2060816942284,2743553.1560954396,2720971.5941611747,491.1884138695279
DEL PUERTO WATER DISTRICT,Dry Beans,0.65,857.710369,1674.192022,1.3,6.798048254414469e-22,1897.3422720355811,6.7980482544150306e-09,1866763.414056419,1.4795609598525248e-18,491.1884138695279
DEL PUERTO WATER DISTRICT,Grain,0.65,2251.452928,196.1962307,4.091278634,2273.9674799922227,1050.6559110406804,1058.5095518253963,1807226.5109362276,1825298.7942765423,491.1884138695279
DEL PUERTO WATER DISTRICT,Lettuce,0.65,151.2744347,898,10.5,141.36354385714176,503.15274333428215,469.01272971733516,1426366.645,1332916.8550289897,491.1884138695279
DEL PUERTO WATER DISTRICT,Onions & Garlic,0.65,183.5599741,1186,5.6,171.0175956020867,271.81965475842924,252.61350521294798,1219131.924,1135830.462950819,491.1884138695279
DEL PUERTO WATER DISTRICT,Other Deciduous,0.65,1666.210439,3913.054303,3.386026932,1607.4764016392896,5741.489903737268,5525.254163077709,22076800.544201907,21298591.743189763,491.1884138695279
DEL PUERTO WATER DISTRICT,Pasture,0.65,15.9755367,233.7674522,5,6.79804825441255e-22,73.49045699621313,6.798048254414774e-09,18672.80255943298,7.945812101833397e-19,491.1884138695279
DEL PUERTO WATER DISTRICT,Tomato Processing,0.65,1717.722813,99.84747344,50.20848406,1366.673363975656,4087.5977481429222,3244.0885338157027,8611271.307535792,6851393.622363787,491.1884138695279
DEL PUERTO WATER DISTRICT,Truck Crops,0.65,48.43551713,837.0086212,18.74292924,45.376294888390206,129.2130115813522,120.74919370250221,759856.0711440248,711863.0129295964,491.1884138695279
DEL PUERTO WATER DISTRICT,Vineyard,0.65,772.4922471,1659.744887,10.99858551,739.4638766885837,2393.5552655969036,2285.489305055405,14101727.056795271,13498799.239175074,491.1884138695279
DEL PUERTO WATER DISTRICT,Alfalfa,0.7,221.5665338,282,6.8,6.465441466405755e-21,916.1699418,6.465441466403183e-08,424875.98521487997,1.2398130555979675e-17,426.6486230706867
DEL PUERTO WATER DISTRICT,Almonds & Pistachios,0.7,12950.42778,4814.53711,1.102171091,8636.354485237256,53382.043727976044,35510.30826,68720714.85894491,45828328.15123884,426.6486230706867
DEL PUERTO WATER DISTRICT,Citrus & Subtropical,0.7,726.9274325,913.5,3.9,663.5601136980539,2360.6720168334946,2149.5015691883245,2589788.017396125,2364032.439066372,426.6486230706867
DEL PUERTO WATER DISTRICT,Corn,0.7,354.5718744,68.49940443,26.84994044,211.3611258830063,856.5851107214244,509.3358574,652130.3391241422,388736.42454858345,426.6486230706867
DEL PUERTO WATER DISTRICT,Cucurbits,0.7,397.8931947,507,13.6,395.18861005462213,915.0059837829193,906.5144724636069,2743553.1560954396,2724904.5040486306,426.6486230706867
DEL PUERTO WATER DISTRICT,Dry Beans,0.7,857.710369,1674.192022,1.3,2.3791111099432247e-07,1897.3422720355811,6.106454919271539e-07,1866763.414056419,0.000517802,426.6486230706867
DEL PUERTO WATER DISTRICT,Grain,0.7,2251.452928,196.1962307,4.091278634,2273.9674799211593,1050.6559110406804,1058.5095518511728,1807226.5109362276,1825298.7942195002,426.6486230706867
DEL PUERTO WATER DISTRICT,Lettuce,0.7,151.2744347,898,10.5,142.58419308739792,503.15274333428215,473.06257185133563,1426366.645,1344426.356621075,426.6486230706867
DEL PUERTO WATER DISTRICT,Onions & Garlic,0.7,183.5599741,1186,5.6,172.46778899599258,271.81965475842924,254.7556149,1219131.924,1145462.0673957842,426.6486230706867
DEL PUERTO WATER DISTRICT,Other Deciduous,0.7,1666.210439,3913.054303,3.386026932,1612.540901394024,5741.489903737268,5542.6619759838195,22076800.544201907,21365694.882339783,426.6486230706867
DEL PUERTO WATER DISTRICT,Pasture,0.7,15.9755367,233.7674522,5,6.465441465884908e-21,73.49045699621313,6.465441465882692e-08,18672.80255943298,7.557048894140741e-18,426.6486230706867
DEL PUERTO WATER DISTRICT,Tomato Processing,0.7,1717.722813,99.84747344,50.20848406,1427.565293348816,4087.5977481429222,3388.6284181587025,8611271.307535792,7156656.450745161,426.6486230706867
DEL PUERTO WATER DISTRICT,Truck Crops,0.7,48.43551713,837.0086212,18.74292924,45.643760049458926,129.2130115813522,121.46093549206694,759856.0711440248,716059.0046005866,426.6486230706867
DEL PUERTO WATER DISTRICT,Vineyard,0.7,772.4922471,1659.744887,10.99858551,741.0580562434237,2393.5552655969036,2290.4164968785826,14101727.056795271,13527900.741547778,426.6486230706867
DEL PUERTO WATER DISTRICT,Alfalfa,0.75,221.5665338,282,6.8,6.443539740060182e-21,916.1699418,6.443539740057442e-08,424875.98521487997,1.2356131805539405e-17,353.2554773795745
DEL PUERTO WATER DISTRICT,Almonds & Pistachios,0.75,12950.42778,4814.53711,1.102171091,9407.838230295565,53382.043727976044,38682.436689926515,68720714.85894491,49922163.14751129,353.2554773795745
DEL PUERTO WATER DISTRICT,Citrus & Subtropical,0.75,726.9274325,913.5,3.9,678.9878895,2360.6720168334946,2199.4774908271042,2589788.017396125,2418996.204445077,353.2554773795745
DEL PUERTO WATER DISTRICT,Corn,0.75,354.5718744,68.49940443,26.84994044,269.2720802893774,856.5851107214244,648.889077,652130.3391241422,495246.5373428811,353.2554773795745
DEL PUERTO WATER DISTRICT,Cucurbits,0.75,397.8931947,507,13.6,395.81796676516717,915.0059837829193,907.9581399990432,2743553.1560954396,2729244.0444391808,353.2554773795745
DEL PUERTO WATER DISTRICT,Dry Beans,0.75,857.710369,1674.192022,1.3,80.21902414,1897.3422720355811,177.0089790112716,1866763.414056419,174592.6652943514,353.2554773795745
DEL PUERTO WATER DISTRICT,Grain,0.75,2251.452928,196.1962307,4.091278634,2273.967479943754,1050.6559110406804,1058.5095518616984,1807226.5109362276,1825298.7942376367,353.2554773795745
DEL PUERTO WATER DISTRICT,Lettuce,0.75,151.2744347,898,10.5,143.92603566200088,503.15274333428215,477.5145064282955,1426366.645,1357078.5902570062,353.2554773795745
DEL PUERTO WATER DISTRICT,Onions & Garlic,0.75,183.5599741,1186,5.6,174.08365640690414,271.81965475842924,257.1424449091872,1219131.924,1156194.0123920944,353.2554773795745
DEL PUERTO WATER DISTRICT,Other Deciduous,0.75,1666.210439,3913.054303,3.386026932,1618.1598127516238,5741.489903737268,5561.975424902498,22076800.544201907,21440143.812927283,353.2554773795745
DEL PUERTO WATER DISTRICT,Pasture,0.75,15.9755367,233.7674522,5,6.443539740059731e-21,73.49045699621313,6.443539740057356e-08,18672.80255943298,7.531449340916069e-18,353.2554773795745
DEL PUERTO WATER DISTRICT,Tomato Processing,0.75,1717.722813,99.84747344,50.20848406,1493.4409022437462,4087.5977481429222,3544.9981207568876,8611271.307535792,7486903.412856947,353.2554773795745
DEL PUERTO WATER DISTRICT,Truck Crops,0.75,48.43551713,837.0086212,18.74292924,45.94360105804543,129.2130115813522,122.25883140090737,759856.0711440248,720762.9083524738,353.2554773795745
DEL PUERTO WATER DISTRICT,Vineyard,0.75,772.4922471,1659.744887,10.99858551,742.8406908921131,2393.5552655969036,2295.9261540138295,14101727.056795271,13560442.462648768,353.2554773795745
DEL PUERTO WATER DISTRICT,Alfalfa,0.8,221.5665338,282,6.8,6.411525147720793e-21,916.1699418,6.41152514771781e-08,424875.98521487997,1.2294740623269392e-17,279.16805462965743
DEL PUERTO WATER DISTRICT,Almonds & Pistachios,0.8,12950.42778,4814.53711,1.102171091,10085.13122531674,53382.043727976044,41467.27872898471,68720714.85894491,53516180.239262596,279.16805462965743
DEL PUERTO WATER DISTRICT,Citrus & Subtropical,0.8,726.9274325,913.5,3.9,692.3638683011231,2360.6720168334946,2242.806929829894,2589788.017396125,2466650.1354029966,279.16805462965743
DEL PUERTO WATER DISTRICT,Corn,0.8,354.5718744,68.49940443,26.84994044,306.8558285980455,856.5851107214244,739.4580053176712,652130.3391241422,564370.7524870255,279.16805462965743
DEL PUERTO WATER DISTRICT,Cucurbits,0.8,397.8931947,507,13.6,396.43370567014557,915.0059837829193,909.3705699497997,2743553.1560954396,2733489.6873367876,279.16805462965743
DEL PUERTO WATER DISTRICT,Dry Beans,0.8,857.710369,1674.192022,1.3,364.2773315493025,1897.3422720355811,803.8038258976181,1866763.414056419,792831.2629578785,279.16805462965743
DEL PUERTO WATER DISTRICT,Grain,0.8,2251.452928,196.1962307,4.091278634,2273.9674799629192,1050.6559110406804,1058.5095518706312,1807226.5109362276,1825298.7942530205,279.16805462965743
DEL PUERTO WATER DISTRICT,Lettuce,0.8,151.2744347,898,10.5,145.2339440504887,503.15274333428215,481.8538549,1426366.645,1369410.858452058,279.16805462965743
DEL PUERTO WATER DISTRICT,Onions & Garlic,0.8,183.5599741,1186,5.6,175.6803648689954,271.81965475842924,259.50097486086116,1219131.924,1166798.7113139199,279.16805462965743
DEL PUERTO WATER DISTRICT,Other Deciduous,0.8,1666.210439,3913.054303,3.386026932,1623.6877980210527,5741.489903737268,5580.9763406192005,22076800.544201907,21513387.999464557,279.16805462965743
DEL PUERTO WATER DISTRICT,Pasture,0.8,15.9755367,233.7674522,5,6.411525147720478e-21,73.49045699621313,6.411525147717872e-08,18672.80255943298,7.494029492494225e-18,279.16805462965743
DEL PUERTO WATER DISTRICT,Tomato Processing,0.8,1717.722813,99.84747344,50.20848406,1556.648023304842,4087.5977481429222,3695.033602602587,8611271.307535792,7803772.737701476,279.16805462965743
DEL PUERTO WATER DISTRICT,Truck Crops,0.8,48.43551713,837.0086212,18.74292924,46.241755419882836,129.2130115813522,123.05223903628355,759856.0711440248,725440.3520013597,279.16805462965743
DEL PUERTO WATER DISTRICT,Vineyard,0.8,772.4922471,1659.744887,10.99858551,744.6086570289383,2393.5552655969036,2301.3904746181065,14101727.056795271,13592716.41232368,279.16805462965743
DEL PUERTO WATER DISTRICT,Alfalfa,0.85,221.5665338,282,6.8,7.789881659743774e-08,916.1699418,3.552733505228476e-07,424875.98521487997,0.000149379,193.82877205201478
DEL PUERTO WATER DISTRICT,Almonds & Pistachios,0.85,12950.42778,4814.53711,1.102171091,10769.214924543736,53382.043727976044,44280.04227115356,68720714.85894491,57146231.82001668,193.82877205201478
DEL PUERTO WATER DISTRICT,Citrus & Subtropical,0.85,726.9274325,913.5,3.9,705.7379693965067,2360.6720168334946,2286.1302861790537,2589788.017396125,2514297.376670465,193.82877205201478
DEL PUERTO WATER DISTRICT,Corn,0.85,354.5718744,68.49940443,26.84994044,338.2141664834416,856.5851107214244,815.0250039138305,652130.3391241422,622045.1620948869,193.82877205201478
DEL PUERTO WATER DISTRICT,Cucurbits,0.85,397.8931947,507,13.6,397.1201194,915.0059837829193,910.9451192036521,2743553.1560954396,2738222.6470312127,193.82877205201478
DEL PUERTO WATER DISTRICT,Dry Beans,0.85,857.710369,1674.192022,1.3,634.2903940586834,1897.3422720355811,1399.6068415011594,1866763.414056419,1380501.0925735692,193.82877205201478
DEL PUERTO WATER DISTRICT,Grain,0.85,2251.452928,196.1962307,4.091278634,2273.967480000315,1050.6559110406804,1058.5095518506387,1807226.5109362276,1825298.7942830378,193.82877205201478
DEL PUERTO WATER DISTRICT,Lettuce,0.85,151.2744347,898,10.5,146.68648587039954,503.15274333428215,486.67306489939756,1426366.645,1383106.8752719972,193.82877205201478
DEL PUERTO WATER DISTRICT,Onions & Garlic,0.85,183.5599741,1186,5.6,177.4785502897121,271.81965475842924,262.1571104120725,1219131.924,1178741.5396041519,193.82877205201478
DEL PUERTO WATER DISTRICT,Other Deciduous,0.85,1666.210439,3913.054303,3.386026932,1629.8852832673324,5741.489903737268,5602.278476715718,22076800.544201907,21595502.864703227,193.82877205201478
DEL PUERTO WATER DISTRICT,Pasture,0.85,15.9755367,233.7674522,5,4.440539278195667e-19,73.49045699621313,2.7283988347493987e-08,18672.80255943298,5.190267767289142e-16,193.82877205201478
DEL PUERTO WATER DISTRICT,Tomato Processing,0.85,1717.722813,99.84747344,50.20848406,1625.7609202844937,4087.5977481429222,3859.0876937164385,8611271.307535792,8150248.840968757,193.82877205201478
DEL PUERTO WATER DISTRICT,Truck Crops,0.85,48.43551713,837.0086212,18.74292924,46.57973497649589,129.2130115813522,123.95162399668308,759856.0711440248,730742.5730414636,193.82877205201478
DEL PUERTO WATER DISTRICT,Vineyard,0.85,772.4922471,1659.744887,10.99858551,746.6072952398554,2393.5552655969036,2307.567742192425,14101727.056795271,13629201.245202508,193.82877205201478
DEL PUERTO WATER DISTRICT,Alfalfa,0.9,221.5665338,282,6.8,139.14233362157478,916.1699418,573.9103518530333,424875.98521487997,266819.3389527318,113.27216078410066
DEL PUERTO WATER DISTRICT,Almonds & Pistachios,0.9,12950.42778,4814.53711,1.102171091,11341.343174056956,53382.043727976044,46632.47587,68720714.85894491,60182198.119003706,113.27216078410066
DEL PUERTO WATER DISTRICT,Citrus & Subtropical,0.9,726.9274325,913.5,3.9,716.8323081427568,2360.6720168334946,2322.068701,2589788.017396125,2553822.6226047925,113.27216078410066
DEL PUERTO WATER DISTRICT,Corn,0.9,354.5718744,68.49940443,26.84994044,358.1175964049196,856.5851107214244,862.9880837116114,652130.3391241422,658651.6485,113.27216078410066
DEL PUERTO WATER DISTRICT,Cucurbits,0.9,397.8931947,507,13.6,397.7470264811409,915.0059837829193,912.3831676982524,2743553.1560954396,2742545.2969927625,113.27216078410066
DEL PUERTO WATER DISTRICT,Dry Beans,0.9,857.710369,1674.192022,1.3,849.7678688562977,1897.3422720355811,1875.0732063485168,1866763.414056419,1849476.9625685024,113.27216078410066
DEL PUERTO WATER DISTRICT,Grain,0.9,2251.452928,196.1962307,4.091278634,2273.9674800017465,1050.6559110406804,1058.5095518712671,1807226.5109362276,1825298.7942841868,113.27216078410066
DEL PUERTO WATER DISTRICT,Lettuce,0.9,151.2744347,898,10.5,148.00824441056272,503.15274333428215,491.0583651501432,1426366.645,1395569.7365471958,113.27216078410066
DEL PUERTO WATER DISTRICT,Onions & Garlic,0.9,183.5599741,1186,5.6,179.13741036307331,271.81965475842924,264.6074457721285,1219131.924,1189759.0246673876,113.27216078410066
DEL PUERTO WATER DISTRICT,Other Deciduous,0.9,1666.210439,3913.054303,3.386026932,1635.5770530835507,5741.489903737268,5621.842356404996,22076800.544201907,21670917.148538575,113.27216078410066
DEL PUERTO WATER DISTRICT,Pasture,0.9,15.9755367,233.7674522,5,13.458019717935267,73.49045699621313,61.75463390604006,18672.80255943298,15730.234905595451,113.27216078410066
DEL PUERTO WATER DISTRICT,Tomato Processing,0.9,1717.722813,99.84747344,50.20848406,1687.723026363335,4087.5977481429222,4006.167869,8611271.307535792,8460876.668807482,113.27216078410066
DEL PUERTO WATER DISTRICT,Truck Crops,0.9,48.43551713,837.0086212,18.74292924,46.893577700512225,129.2130115813522,124.78677938098876,759856.0711440248,735666.1356120484,113.27216078410066
DEL PUERTO WATER DISTRICT,Vineyard,0.9,772.4922471,1659.744887,10.99858551,748.4580971622308,2393.5552655969036,2313.288086550014,14101727.056795271,13662987.349391269,113.27216078410066
DEL PUERTO WATER DISTRICT,Alfalfa,0.95,221.5665338,282,6.8,223.78220134481836,916.1699418,923.0183121651748,424875.98521487997,429124.74929882365,4.401743037697305e-08
DEL PUERTO WATER DISTRICT,Almonds & Pistachios,0.95,12950.42778,4814.53711,1.102171091,12051.945920014343,53382.043727976044,49554.278425111435,68720714.85894491,63952971.52606724,4.401743037697305e-08
DEL PUERTO WATER DISTRICT,Citrus & Subtropical,0.95,726.9274325,913.5,3.9,730.5117811894462,2360.6720168334946,2366.3812632450285,2589788.017396125,2602557.7972545805,4.401743037697305e-08
DEL PUERTO WATER DISTRICT,Corn,0.95,354.5718744,68.49940443,26.84994044,358.11759669500856,856.5851107214244,862.9880845783906,652130.3391241422,658651.649,4.401743037697305e-08
DEL PUERTO WATER DISTRICT,Cucurbits,0.95,397.8931947,507,13.6,398.59640007616605,915.0059837829193,914.3315275,2743553.1560954396,2748401.898,4.401743037697305e-08
DEL PUERTO WATER DISTRICT,Dry Beans,0.95,857.710369,1674.192022,1.3,866.2874813142208,1897.3422720355811,1911.5249056589764,1866763.414056419,1885431.0669671653,4.401743037697305e-08
DEL PUERTO WATER DISTRICT,Grain,0.95,2251.452928,196.1962307,4.091278634,2273.9674800034354,1050.6559110406804,1058.509552,1807226.5109362276,1825298.7942855426,4.401743037697305e-08
DEL PUERTO WATER DISTRICT,Lettuce,0.95,151.2744347,898,10.5,149.79196513284717,503.15274333428215,496.9763532190208,1426366.645,1412388.439237616,4.401743037697305e-08
DEL PUERTO WATER DISTRICT,Onions & Garlic,0.95,183.5599741,1186,5.6,181.40980168649077,271.81965475842924,267.96404061517006,1219131.924,1204851.338880997,4.401743037697305e-08
DEL PUERTO WATER DISTRICT,Other Deciduous,0.95,1666.210439,3913.054303,3.386026932,1643.3355355741887,5741.489903737268,5648.509987737412,22076800.544201907,21773714.770292938,4.401743037697305e-08
DEL PUERTO WATER DISTRICT,Pasture,0.95,15.9755367,233.7674522,5,16.13529220917551,73.49045699621313,74.03979829464139,18672.80255943298,18859.530751207345,4.401743037697305e-08
DEL PUERTO WATER DISTRICT,Tomato Processing,0.95,1717.722813,99.84747344,50.20848406,1734.9000584012363,4087.5977481429222,4118.152541473298,8611271.307535792,8697384.107195143,4.401743037697305e-08
DEL PUERTO WATER DISTRICT,Truck Crops,0.95,48.43551713,837.0086212,18.74292924,47.32665418253637,129.2130115813522,125.93922365143925,759856.0711440248,742460.2366,4.401743037697305e-08
DEL PUERTO WATER DISTRICT,Vineyard,0.95,772.4922471,1659.744887,10.99858551,751.0041711850616,2393.5552655969036,2321.157335152813,14101727.056795271,13709465.538746752,4.401743037697305e-08
DEL PUERTO WATER DISTRICT,Alfalfa,1,221.5665338,282,6.8,223.78220134481828,916.1699418,923.0183121651714,424875.98521487997,429124.74929882353,2.219346817343078e-09
DEL PUERTO WATER DISTRICT,Almonds & Pistachios,1,12950.42778,4814.53711,1.102171091,12051.945920259375,53382.043727976044,49554.27842611894,68720714.85894491,63952971.52736749,2.219346817343078e-09
DEL PUERTO WATER DISTRICT,Citrus & Subtropical,1,726.9274325,913.5,3.9,730.5117811941393,2360.6720168334946,2366.3812632602267,2589788.017396125,2602557.7972713006,2.219346817343078e-09
DEL PUERTO WATER DISTRICT,Corn,1,354.5718744,68.49940443,26.84994044,358.11759669500884,856.5851107214244,862.9880846,652130.3391241422,658651.6490464166,2.219346817343078e-09
DEL PUERTO WATER DISTRICT,Cucurbits,1,397.8931947,507,13.6,398.5964000764731,915.0059837829193,914.3315275391282,2743553.1560954396,2748401.8978072973,2.219346817343078e-09
DEL PUERTO WATER DISTRICT,Dry Beans,1,857.710369,1674.192022,1.3,866.2874813142208,1897.3422720355811,1911.5249056589732,1866763.414056419,1885431.0669671653,2.219346817343078e-09
DEL PUERTO WATER DISTRICT,Grain,1,2251.452928,196.1962307,4.091278634,2273.967480003435,1050.6559110406804,1058.5095520291172,1807226.5109362276,1825298.794285542,2.219346817343078e-09
DEL PUERTO WATER DISTRICT,Lettuce,1,151.2744347,898,10.5,149.79196513349083,503.15274333428215,496.97635322113643,1426366.645,1412388.439243685,2.219346817343078e-09
DEL PUERTO WATER DISTRICT,Onions & Garlic,1,183.5599741,1186,5.6,181.40980168731917,271.81965475842924,267.9640406163763,1219131.924,1204851.338886499,2.219346817343078e-09
DEL PUERTO WATER DISTRICT,Other Deciduous,1,1666.210439,3913.054303,3.386026932,1643.335535577001,5741.489903737268,5648.509987747073,22076800.544201907,21773714.77,2.219346817343078e-09
DEL PUERTO WATER DISTRICT,Pasture,1,15.9755367,233.7674522,5,16.135292209175855,73.49045699621313,74.03979829463871,18672.80255943298,18859.53075120775,2.219346817343078e-09
DEL PUERTO WATER DISTRICT,Tomato Processing,1,1717.722813,99.84747344,50.20848406,1734.9000584012374,4087.5977481429222,4118.152541473291,8611271.307535792,8697384.107195148,2.219346817343078e-09
DEL PUERTO WATER DISTRICT,Truck Crops,1,48.43551713,837.0086212,18.74292924,47.32665418269485,129.2130115813522,125.93922365190535,759856.0711440248,742460.2365890841,2.219346817343078e-09
DEL PUERTO WATER DISTRICT,Vineyard,1,772.4922471,1659.744887,10.99858551,751.0041711859894,2393.5552655969036,2321.157335155677,14101727.056795271,13709465.538763689,2.219346817343078e-09
EAGLE FIELD W.D.,Cotton,0.5,714.320309,3810.565698,0.8,358.05529988503173,2595.8739595505285,1297.9369927398914,2177571.5734881284,1091514.5949832043,616.6366531299824
EAGLE FIELD W.D.,Cotton,0.55,714.320309,3810.565698,0.8,393.86082987432525,2595.8739595505285,1427.7306920153549,2177571.5734881284,1200666.054483934,616.6351477110904
EAGLE FIELD W.D.,Cotton,0.6,714.320309,3810.565698,0.8,429.66635986361877,2595.8739595505285,1557.5243912908181,2177571.5734881284,1309817.5139846639,616.6335271297154
EAGLE FIELD W.D.,Cotton,0.65,714.320309,3810.565698,0.8,465.4718898529123,2595.8739595505285,1687.3180905662816,2177571.5734881284,1418968.9734853937,616.6317825759262
EAGLE FIELD W.D.,Cotton,0.7,714.320309,3810.565698,0.8,501.2774198422058,2595.8739595505285,1817.1117898417447,2177571.5734881284,1528120.4329861233,616.6299046
EAGLE FIELD W.D.,Cotton,0.75,714.320309,3810.565698,0.8,537.0829498314994,2595.8739595505285,1946.9054891172082,2177571.5734881284,1637271.8924868533,616.6278828895541
EAGLE FIELD W.D.,Cotton,0.8,714.320309,3810.565698,0.8,572.8884798207929,2595.8739595505285,2076.6991883926717,2177571.5734881284,1746423.351987583,616.6257065561841
EAGLE FIELD W.D.,Cotton,0.85,714.320309,3810.565698,0.8,608.6940098100864,2595.8739595505285,2206.4928876681347,2177571.5734881284,1855574.811488313,616.6233637
EAGLE FIELD W.D.,Cotton,0.9,714.320309,3810.565698,0.8,644.4995397693234,2595.8739595505285,2336.286586887534,2177571.5734881284,1964726.2708974166,616.6208414291709
EAGLE FIELD W.D.,Cotton,0.95,714.320309,3810.565698,0.8,680.3050697630644,2595.8739595505285,2466.0802861714174,2177571.5734881284,2073877.7304117042,616.6181261
EAGLE FIELD W.D.,Cotton,1,714.320309,3810.565698,0.8,714.3203161236481,2595.8739595505285,2589.3842757631223,2177571.5734881284,2177571.5952042323,6.7278471924877625e-06
FIREBAUGH CANAL W.D.,Alfalfa,0.5,758.348669,264,7.7,1.2786689966748106e-18,3135.745475600408,1.1916472564304181e-08,1541571.174,2.599278336440555e-15,364.7980061
FIREBAUGH CANAL W.D.,Almonds & Pistachios,0.5,8134.667215,4653.159559,1.382801469,6129.964339201036,31721.068539893367,23843.986402245366,52341669.16192825,39442617.25,364.7980061
FIREBAUGH CANAL W.D.,Corn,0.5,96.84837588,71,20.6,1.0905442838204267e-17,233.96914071862415,1.1916472651134579e-08,141650.43456208802,1.5950300695157562e-14,364.7980061
FIREBAUGH CANAL W.D.,Cotton,0.5,4267.500545,3438,0.8,1206.2676440903865,15508.299844703406,4372.6745476354945,11737333.5,3317718.5283061992,364.7980061
FIREBAUGH CANAL W.D.,Cucurbits,0.5,1230.088879,485,17.3,1222.3721217485963,2828.7457535393314,2803.9725610000996,10321060.74,10256313.287531598,364.7980061
FIREBAUGH CANAL W.D.,Grain,0.5,1721.821751,303,2.9,1739.039985872237,803.4998990867485,809.5060515241504,1512964.773,1528094.4355859344,364.7980061
FIREBAUGH CANAL W.D.,Onions & Garlic,0.5,248.9715926,2366,7.7,1.1926571943227937e-13,368.68262090906615,1.192439958614794e-08,4535814.268,2.172806729761152e-09,364.7980061
FIREBAUGH CANAL W.D.,Other Deciduous,0.5,463.8898093,1850,7.8,449.8853342818816,1598.4887588035072,1546.3560234154827,6693929.948,6491845.373687552,364.7980061
FIREBAUGH CANAL W.D.,Pasture,0.5,532.7035162,170,5,9.271692020310443e-19,2450.5358151145947,1.1916472560881227e-08,452797.9888,7.880938217263876e-16,364.7980061
FIREBAUGH CANAL W.D.,Tomato Processing,0.5,3626.49182,93,51.2,1.191816922894134e-13,8629.820646790658,1.191781696856887e-08,17267903.450112004,5.674955460052709e-10,364.7980061
FIREBAUGH CANAL W.D.,Truck Crops,0.5,222.6026133,941,19.4,210.38766380986382,593.8442645955944,559.8548940547442,4063699.7468368197,3840710.9579145876,364.7980061
FIREBAUGH CANAL W.D.,Alfalfa,0.55,758.348669,264,7.7,9.66578392508785e-22,3135.745475600408,9.665783925459714e-09,1541571.174,1.964860556291858e-18,412.27036261832257
FIREBAUGH CANAL W.D.,Almonds & Pistachios,0.55,8134.667215,4653.159559,1.382801469,5925.708856,31721.068539893367,23049.485047190534,52341669.16192825,38128356.60884051,412.27036261832257
FIREBAUGH CANAL W.D.,Corn,0.55,96.84837588,71,20.6,9.665790197851084e-22,233.96914071862415,9.665790198221037e-09,141650.43456208802,1.4137184743376998e-18,412.27036261832257
FIREBAUGH CANAL W.D.,Cotton,0.55,4267.500545,3438,0.8,358.4972985963175,15508.299844703406,1299.4132383517629,11737333.5,986010.9700593116,412.27036261832257
FIREBAUGH CANAL W.D.,Cucurbits,0.55,1230.088879,485,17.3,1221.372195283776,2828.7457535393314,2801.678851642981,10321060.74,10247923.404528521,412.27036261832257
FIREBAUGH CANAL W.D.,Grain,0.55,1721.821751,303,2.9,1739.0399858574826,803.4998990867485,809.5060515339457,1512964.773,1528094.436,412.27036261832257
FIREBAUGH CANAL W.D.,Onions & Garlic,0.55,248.9715926,2366,7.7,232.6905902757769,368.68262090906615,343.71191708166316,4535814.268,4239203.711762159,412.27036261832257
FIREBAUGH CANAL W.D.,Other Deciduous,0.55,463.8898093,1850,7.8,448.9684143793273,1598.4887588035072,1543.172121,6693929.948,6478614.219493694,412.27036261832257
FIREBAUGH CANAL W.D.,Pasture,0.55,532.7035162,170,5,9.665889673829582e-22,2450.5358151145947,9.665889674202061e-09,452797.9888,8.216006222755145e-19,412.27036261832257
FIREBAUGH CANAL W.D.,Tomato Processing,0.55,3626.49182,93,51.2,2917.4460348965513,8629.820646790658,6925.175743733635,17267903.450112004,13891711.039763419,412.27036261832257
FIREBAUGH CANAL W.D.,Truck Crops,0.55,222.6026133,941,19.4,209.63144462165585,593.8442645955944,557.8425469,4063699.7468368197,3826905.8741461756,412.27036261832257
FIREBAUGH CANAL W.D.,Alfalfa,0.6,758.348669,264,7.7,1.139727130963353e-21,3135.745475600408,1.1397271309635752e-08,1541571.174,2.316837311822304e-18,374.86300994151867
FIREBAUGH CANAL W.D.,Almonds & Pistachios,0.6,8134.667215,4653.159559,1.382801469,6087.716594685102,31721.068539893367,23679.653530484335,52341669.16192825,39170778.53695433,374.86300994151867
FIREBAUGH CANAL W.D.,Corn,0.6,96.84837588,71,20.6,35.31848528260864,233.96914071862415,85.10367474,141650.43456208802,51656.81657,374.86300994151867
FIREBAUGH CANAL W.D.,Cotton,0.6,4267.500545,3438,0.8,1045.9059780617893,15508.299844703406,3791.3698255086256,11737333.5,2876659.802061145,374.86300994151867
FIREBAUGH CANAL W.D.,Cucurbits,0.6,1230.088879,485,17.3,1222.1621309915927,2828.7457535393314,2803.267503271616,10321060.74,10254551.360084958,374.86300994151867
FIREBAUGH CANAL W.D.,Grain,0.6,1721.821751,303,2.9,1739.0399858585804,803.4998990867485,809.1894683289406,1512964.773,1528094.4355739346,374.86300994151867
FIREBAUGH CANAL W.D.,Onions & Garlic,0.6,248.9715926,2366,7.7,233.06741032494094,368.68262090906615,344.2685255022048,4535814.268,4246068.694781839,374.86300994151867
FIREBAUGH CANAL W.D.,Other Deciduous,0.6,463.8898093,1850,7.8,449.6924691830506,1598.4887588035072,1545.6108402591797,6693929.948,6489062.33,374.86300994151867
FIREBAUGH CANAL W.D.,Pasture,0.6,532.7035162,170,5,1.1397377058374963e-21,2450.5358151145947,1.1397377058377966e-08,452797.9888,9.687770499618719e-19,374.86300994151867
FIREBAUGH CANAL W.D.,Tomato Processing,0.6,3626.49182,93,51.2,2993.509111417442,8629.820646790658,7105.727557278652,17267903.450112004,14253892.984925292,374.86300994151867
FIREBAUGH CANAL W.D.,Truck Crops,0.6,222.6026133,941,19.4,210.22785414994516,593.8442645955944,559.4296304308233,4063699.7468368197,3837793.5686489083,374.86300994151867
FIREBAUGH CANAL W.D.,Alfalfa,0.65,758.348669,264,7.7,1.3948822523230579e-21,3135.745475600408,1.394882252323262e-08,1541571.174,2.835516642522312e-18,329.59733018573354
FIREBAUGH CANAL W.D.,Almonds & Pistachios,0.65,8134.667215,4653.159559,1.382801469,6273.548612869855,31721.068539893367,24402.492338279608,52341669.16192825,40366495.31,329.59733018573354
FIREBAUGH CANAL W.D.,Corn,0.65,96.84837588,71,20.6,58.94667071909583,233.96914071862415,142.04907807113042,141650.43456208802,86215.40059374957,329.59733018573354
FIREBAUGH CANAL W.D.,Cotton,0.65,4267.500545,3438,0.8,1706.2358340742578,15508.299844703406,6185.040713207195,11737333.5,4692831.038037838,329.59733018573354
FIREBAUGH CANAL W.D.,Cucurbits,0.65,1230.088879,485,17.3,1223.1032086386617,2828.7457535393314,2805.649585161467,10321060.74,10262447.472082691,329.59733018573354
FIREBAUGH CANAL W.D.,Grain,0.65,1721.821751,303,2.9,1739.0399858596502,803.4998990867485,809.5060515,1512964.773,1528094.4355748745,329.59733018573354
FIREBAUGH CANAL W.D.,Onions & Garlic,0.65,248.9715926,2366,7.7,233.5215383670004,368.68262090906615,344.93932710360224,4535814.268,4254342.090277687,329.59733018573354
FIREBAUGH CANAL W.D.,Other Deciduous,0.65,463.8898093,1850,7.8,450.55646947621136,1598.4887588035072,1548.6628644557584,6693929.948,6501529.855,329.59733018573354
FIREBAUGH CANAL W.D.,Pasture,0.65,532.7035162,170,5,1.3948822523228446e-21,2450.5358151145947,1.3948822523231512e-08,452797.9888,1.1856499144744179e-18,329.59733018573354
FIREBAUGH CANAL W.D.,Tomato Processing,0.65,3626.49182,93,51.2,3082.758250701382,8629.820646790658,7317.579282085871,17267903.450112004,14678861.686539702,329.59733018573354
FIREBAUGH CANAL W.D.,Truck Crops,0.65,222.6026133,941,19.4,210.94438104878677,593.8442645955944,561.3363538782676,4063699.7468368197,3850874.0537980213,329.59733018573354
FIREBAUGH CANAL W.D.,Alfalfa,0.7,758.348669,264,7.7,6.647902001031048e-19,3135.745475600408,1.8201662510412023e-08,1541571.174,1.3513855187695914e-15,272.35365873681417
FIREBAUGH CANAL W.D.,Almonds & Pistachios,0.7,8134.667215,4653.159559,1.382801469,6494.308784339202,31721.068539893367,25261.192688803578,52341669.16192825,41786953.64,272.35365873681417
FIREBAUGH CANAL W.D.,Corn,0.7,96.84837588,71,20.6,7.12190682880569e-15,233.96914071862415,1.8201730947928372e-08,141650.43456208802,1.0416500927811202e-11,272.35365873681417
FIREBAUGH CANAL W.D.,Cotton,0.7,4267.500545,3438,0.8,2370.840319180301,15508.299844703406,8594.206970568444,11737333.5,6520759.214,272.35365873681417
FIREBAUGH CANAL W.D.,Cucurbits,0.7,1230.088879,485,17.3,1224.2738590236272,2828.7457535393314,2808.3349143716105,10321060.74,10272269.814137744,272.35365873681417
FIREBAUGH CANAL W.D.,Grain,0.7,1721.821751,303,2.9,1739.039985863998,803.4998990867485,809.5060515490396,1512964.773,1528094.435578695,272.35365873681417
FIREBAUGH CANAL W.D.,Onions & Garlic,0.7,248.9715926,2366,7.7,234.09295771150923,368.68262090906615,345.7833820317869,4535814.268,4264752.322179818,272.35365873681417
FIREBAUGH CANAL W.D.,Other Deciduous,0.7,463.8898093,1850,7.8,451.63217400304785,1598.4887588035072,1552.3603003352052,6693929.948,6517052.271,272.35365873681417
FIREBAUGH CANAL W.D.,Pasture,0.7,532.7035162,170,5,7.830925695861744e-20,2450.5358151145947,1.820166250545914e-08,452797.9888,6.656286841482483e-17,272.35365873681417
FIREBAUGH CANAL W.D.,Tomato Processing,0.7,3626.49182,93,51.2,3191.5333211333545,8629.820646790658,7575.779938,17267903.450112004,15196805.061908582,272.35365873681417
FIREBAUGH CANAL W.D.,Truck Crops,0.7,222.6026133,941,19.4,211.84253043167553,593.8442645955944,563.7263862572017,4063699.7468368197,3867270.130042409,272.35365873681417
FIREBAUGH CANAL W.D.,Alfalfa,0.75,758.348669,264,7.7,1.4216510878594525e-09,3135.745475600408,7.461991218030147e-08,1541571.174,2.889932331400695e-06,211.6825047663479
FIREBAUGH CANAL W.D.,Almonds & Pistachios,0.75,8134.667215,4653.159559,1.382801469,6713.008788670164,31721.068539893367,26111.879518484555,52341669.16192825,43194156.05,211.6825047663479
FIREBAUGH CANAL W.D.,Corn,0.75,96.84837588,71,20.6,84.99234715,233.96914071862415,204.8136800819634,141650.43456208802,124309.80694792993,211.6825047663479
FIREBAUGH CANAL W.D.,Cotton,0.75,4267.500545,3438,0.8,2940.6122186187977,15508.299844703406,10659.608672345168,11737333.5,8087859.846089141,211.6825047663479
FIREBAUGH CANAL W.D.,Cucurbits,0.75,1230.088879,485,17.3,1225.4907486887266,2828.7457535393314,2811.126310893534,10321060.74,10282480.126872761,211.6825047663479
FIREBAUGH CANAL W.D.,Grain,0.75,1721.821751,303,2.9,1739.0399858442704,803.4998990867485,809.5060515828044,1512964.773,1528094.4355613603,211.6825047663479
FIREBAUGH CANAL W.D.,Onions & Garlic,0.75,248.9715926,2366,7.7,234.69511828840172,368.68262090906615,346.6728454888646,4535814.268,4275722.6040017605,211.6825047663479
FIREBAUGH CANAL W.D.,Other Deciduous,0.75,463.8898093,1850,7.8,452.7517198071255,1598.4887588035072,1556.2084284826208,6693929.948,6533207.316816821,211.6825047663479
FIREBAUGH CANAL W.D.,Pasture,0.75,532.7035162,170,5,8.310142656581634e-20,2450.5358151145947,5.970633516723423e-08,452797.9888,7.063621258094389e-17,211.6825047663479
FIREBAUGH CANAL W.D.,Tomato Processing,0.75,3626.49182,93,51.2,3302.2022465025902,8629.820646790658,7838.476059197657,17267903.450112004,15723766.216946734,211.6825047663479
FIREBAUGH CANAL W.D.,Truck Crops,0.75,222.6026133,941,19.4,212.78490441179034,593.8442645955944,566.2341031,4063699.7468368197,3884473.5439989967,211.6825047663479
FIREBAUGH CANAL W.D.,Alfalfa,0.8,758.348669,264,7.7,48.65878915,3135.745475600408,200.6993995470293,1541571.174,98913.58658372318,141.97881903485012
FIREBAUGH CANAL W.D.,Almonds & Pistachios,0.8,8134.667215,4653.159559,1.382801469,6947.365236895712,31721.068539893367,27023.46589250824,52341669.16192825,44702098.21320596,141.97881903485012
FIREBAUGH CANAL W.D.,Corn,0.8,96.84837588,71,20.6,93.71049513761751,233.96914071862415,225.82258301786084,141650.43456208802,137060.97018827937,141.97881903485012
FIREBAUGH CANAL W.D.,Cotton,0.8,4267.500545,3438,0.8,3481.304434940049,15508.299844703406,12619.597616704456,11737333.5,9574979.718,141.97881903485012
FIREBAUGH CANAL W.D.,Cucurbits,0.8,1230.088879,485,17.3,1226.8597211560254,2828.7457535393314,2814.2665667744104,10321060.74,10293966.490359632,141.97881903485012
FIREBAUGH CANAL W.D.,Grain,0.8,1721.821751,303,2.9,1739.039985855602,803.4998990867485,809.5060515917367,1512964.773,1528094.4355713173,141.97881903485012
FIREBAUGH CANAL W.D.,Onions & Garlic,0.8,248.9715926,2366,7.7,235.38257254409876,368.68262090906615,347.6882979019232,4535814.268,4288246.783,141.97881903485012
FIREBAUGH CANAL W.D.,Other Deciduous,0.8,463.8898093,1850,7.8,454.01280116617636,1598.4887588035072,1560.5430457935925,6693929.948,6551404.720827925,141.97881903485012
FIREBAUGH CANAL W.D.,Pasture,0.8,532.7035162,170,5,7.723455522065268e-20,2450.5358151145947,6.243734555704805e-08,452797.9888,6.564937193755478e-17,141.97881903485012
FIREBAUGH CANAL W.D.,Tomato Processing,0.8,3626.49182,93,51.2,3423.957398859459,8629.820646790658,8127.487687075571,17267903.450112004,16303515.55,141.97881903485012
FIREBAUGH CANAL W.D.,Truck Crops,0.8,222.6026133,941,19.4,213.85570328204028,593.8442645955944,569.0835667290505,4063699.7468368197,3904021.405694958,141.97881903485012
FIREBAUGH CANAL W.D.,Alfalfa,0.85,758.348669,264,7.7,390.3838892616129,3135.745475600408,1610.1882827583397,1541571.174,793572.3700910067,93.49905727632753
FIREBAUGH CANAL W.D.,Almonds & Pistachios,0.85,8134.667215,4653.159559,1.382801469,7100.9489771719045,31721.068539893367,27620.86718429945,52341669.16192825,45690316.79790292,93.49905727632753
FIREBAUGH CANAL W.D.,Corn,0.85,96.84837588,71,20.6,97.81685999177155,233.96914071862415,235.71805862677135,141650.43456208802,143066.9394239651,93.49905727632753
FIREBAUGH CANAL W.D.,Cotton,0.85,4267.500545,3438,0.8,3805.5920481768358,15508.299844703406,13795.128015619397,11737333.5,10466900.36930557,93.49905727632753
FIREBAUGH CANAL W.D.,Cucurbits,0.85,1230.088879,485,17.3,1227.7942031952261,2828.7457535393314,2816.410154616154,10321060.74,10301807.261909544,93.49905727632753
FIREBAUGH CANAL W.D.,Grain,0.85,1721.821751,303,2.9,1739.0399858688547,803.4998990867485,809.5060516097094,1512964.773,1528094.4355829626,93.49905727632753
FIREBAUGH CANAL W.D.,Onions & Garlic,0.85,248.9715926,2366,7.7,235.85798934365496,368.68262090906615,348.3905455630037,4535814.268,4296908.021460575,93.49905727632753
FIREBAUGH CANAL W.D.,Other Deciduous,0.85,463.8898093,1850,7.8,454.8746028093725,1598.4887588035072,1563.5052498640575,6693929.948,6563840.518539245,93.49905727632753
FIREBAUGH CANAL W.D.,Pasture,0.85,532.7035162,170,5,1.2782955958007095e-06,2450.5358151145947,5.966053155646039e-06,452797.9888,0.001086551,93.49905727632753
FIREBAUGH CANAL W.D.,Tomato Processing,0.85,3626.49182,93,51.2,3505.4957931374006,8629.820646790658,8321.036326373633,17267903.450112004,16691768.768603047,93.49905727632753
FIREBAUGH CANAL W.D.,Truck Crops,0.85,222.6026133,941,19.4,214.59311671459105,593.8442645955944,571.0458705788087,4063699.7468368197,3917483.1828715447,93.49905727632753
FIREBAUGH CANAL W.D.,Alfalfa,0.9,758.348669,264,7.7,478.54334004469933,3135.745475600408,1973.813213390772,1541571.174,972782.9016428648,78.96652792027004
FIREBAUGH CANAL W.D.,Almonds & Pistachios,0.9,8134.667215,4653.159559,1.382801469,7145.610441,31721.068539893367,27794.588805317242,52341669.16192825,45977686.337988965,78.96652792027004
FIREBAUGH CANAL W.D.,Corn,0.9,96.84837588,71,20.6,97.81686044240575,233.96914071862415,235.7180597013289,141650.43456208802,143066.94008306268,78.96652792027004
FIREBAUGH CANAL W.D.,Cotton,0.9,4267.500545,3438,0.8,3896.139781,15508.299844703406,14123.360141540657,11737333.5,10715942.85418019,78.96652792027004
FIREBAUGH CANAL W.D.,Cucurbits,0.9,1230.088879,485,17.3,1228.0715843195628,2828.7457535393314,2817.0464330733175,10321060.74,10304134.628233291,78.96652792027004
FIREBAUGH CANAL W.D.,Grain,0.9,1721.821751,303,2.9,1739.0399858736425,803.4998990867485,809.5060515996583,1512964.773,1528094.4355871696,78.96652792027004
FIREBAUGH CANAL W.D.,Onions & Garlic,0.9,248.9715926,2366,7.7,236.00007231577482,368.68262090906615,348.6004191471024,4535814.268,4299496.517463249,78.96652792027004
FIREBAUGH CANAL W.D.,Other Deciduous,0.9,463.8898093,1850,7.8,455.13055958012313,1598.4887588035072,1564.3850302404146,6693929.948,6567533.974741177,78.96652792027004
FIREBAUGH CANAL W.D.,Pasture,0.9,532.7035162,170,5,538.0305565513645,2450.5358151145947,2468.853569532537,452797.9888,457325.97306865983,78.96652792027004
FIREBAUGH CANAL W.D.,Tomato Processing,0.9,3626.49182,93,51.2,3529.463197969768,8629.820646790658,8377.928035274394,17267903.450112004,16805891.96345285,78.96652792027004
FIREBAUGH CANAL W.D.,Truck Crops,0.9,222.6026133,941,19.4,214.8130116253533,593.8442645955944,571.6310248,4063699.7468368197,3921497.4524254743,78.96652792027004
FIREBAUGH CANAL W.D.,Alfalfa,0.95,758.348669,264,7.7,765.9321629073099,3135.745475600408,3159.1851713928972,1541571.174,1556986.9007579796,18.393548763553206
FIREBAUGH CANAL W.D.,Almonds & Pistachios,0.95,8134.667215,4653.159559,1.382801469,7325.4304546626345,31721.068539893367,28494.04245927777,52341669.16192825,47134719.49038609,18.393548763553206
FIREBAUGH CANAL W.D.,Corn,0.95,96.84837588,71,20.6,97.81686056081669,233.96914071862415,235.7180601,141650.43456208802,143066.9402562505,18.393548763553206
FIREBAUGH CANAL W.D.,Cotton,0.95,4267.500545,3438,0.8,4245.787518136246,15508.299844703406,15390.820035016224,11737333.5,11677613.98988193,18.393548763553206
FIREBAUGH CANAL W.D.,Cucurbits,0.95,1230.088879,485,17.3,1229.2144480187342,2828.7457535393314,2819.668023,10321060.74,10313723.82610119,18.393548763553206
FIREBAUGH CANAL W.D.,Grain,0.95,1721.821751,303,2.9,1739.039985870536,803.4998990867485,809.5060517043078,1512964.773,1528094.436,18.393548763553206
FIREBAUGH CANAL W.D.,Onions & Garlic,0.95,248.9715926,2366,7.7,236.5901669321371,368.68262090906615,349.4720598335159,4535814.268,4310246.979,18.393548763553206
FIREBAUGH CANAL W.D.,Other Deciduous,0.95,463.8898093,1850,7.8,456.1858635550119,1598.4887588035072,1568.0123450181106,6693929.948,6582762.011098822,18.393548763553206
FIREBAUGH CANAL W.D.,Pasture,0.95,532.7035162,170,5,538.0305567085229,2450.5358151145947,2468.8535703640828,452797.9888,457325.9732022445,18.393548763553206
FIREBAUGH CANAL W.D.,Tomato Processing,0.95,3626.49182,93,51.2,3627.1183086993356,8629.820646790658,8609.733113,17267903.450112004,17270886.538702756,18.393548763553206
FIREBAUGH CANAL W.D.,Truck Crops,0.95,222.6026133,941,19.4,215.72389087235706,593.8442645955944,574.0549323731735,4063699.7468368197,3938125.9174312265,18.393548763553206
FIREBAUGH CANAL W.D.,Alfalfa,1,758.348669,264,7.7,765.9321632603106,3135.745475600408,3159.1851728863644,1541571.174,1556986.9014755595,3.061816084084956e-09
FIREBAUGH CANAL W.D.,Almonds & Pistachios,1,8134.667215,4653.159559,1.382801469,7378.124108,31721.068539893367,28699.00723165294,52341669.16192825,47473771.31371359,3.061816084084956e-09
FIREBAUGH CANAL W.D.,Corn,1,96.84837588,71,20.6,97.81686057967379,233.96914071862415,235.71806018357498,141650.43456208802,143066.9402838309,3.061816084084956e-09
FIREBAUGH CANAL W.D.,Cotton,1,4267.500545,3438,0.8,4310.175593161105,15508.299844703406,15624.224384872557,11737333.5,11854706.951430304,3.061816084084956e-09
FIREBAUGH CANAL W.D.,Cucurbits,1,1230.088879,485,17.3,1229.5573272376914,2828.7457535393314,2820.4545465011456,10321060.74,10316600.75418785,3.061816084084956e-09
FIREBAUGH CANAL W.D.,Grain,1,1721.821751,303,2.9,1739.039985876255,803.4998990867485,809.5060517412891,1512964.773,1528094.4355894653,3.061816084084956e-09
FIREBAUGH CANAL W.D.,Onions & Garlic,1,248.9715926,2366,7.7,236.76868154246245,368.68262090906615,349.73574740773097,4535814.268,4313499.194076889,3.061816084084956e-09
FIREBAUGH CANAL W.D.,Other Deciduous,1,463.8898093,1850,7.8,456.5026951312365,1598.4887588035072,1569.101365734017,6693929.948,6587333.890743743,3.061816084084956e-09
FIREBAUGH CANAL W.D.,Pasture,1,532.7035162,170,5,538.0305567201306,2450.5358151145947,2468.8535704555834,452797.9888,457325.9732,3.061816084084956e-09
FIREBAUGH CANAL W.D.,Tomato Processing,1,3626.49182,93,51.2,3656.082264144082,8629.820646790658,8678.485192471451,17267903.450112004,17408801.30894846,3.061816084084956e-09
FIREBAUGH CANAL W.D.,Truck Crops,1,222.6026133,941,19.4,215.9986980026403,593.8442645955944,574.7862116773966,4063699.7468368197,3943142.6315173996,3.061816084084956e-09
FRESNO SLOUGH W.D.,Almonds & Pistachios,0.5,180.5327118,4738,1.1,109.37450388735597,747.5927123898848,451.79159746910034,940900.3874,570038.0393601218,486.7815312551947
FRESNO SLOUGH W.D.,Cotton,0.5,171.3936328,3438,0.8,6.935949363713007e-22,642.6064407115458,6.935949363714165e-09,471401.0477,1.9076635129956256e-18,486.7815312551947
FRESNO SLOUGH W.D.,Grain,0.5,199.5809002,303,2.9,201.5767112,142.80503540084712,143.87250245374804,175371.737,177125.45611623145,486.7815312551947
FRESNO SLOUGH W.D.,Onions & Garlic,0.5,160.0698856,2366,7.7,150.44492274625512,200.66839323711048,188.13074460924992,2916185.19,2740835.691575825,486.7815312551947
FRESNO SLOUGH W.D.,Tomato Processing,0.5,116.6653386,93,51.2,95.97519664435448,259.02110061823765,212.55200658457144,555513.6762777601,456995.49634175835,486.7815312551947
FRESNO SLOUGH W.D.,Almonds & Pistachios,0.55,180.5327118,4738,1.1,121.5107170434321,747.5927123898848,501.9224683812448,940900.3874,633289.5550869594,417.94138647824605
FRESNO SLOUGH W.D.,Cotton,0.55,171.3936328,3438,0.8,10.573469448775478,642.6064407115458,39.54401895945105,471401.0477,29081.270371912076,417.94138647824605
FRESNO SLOUGH W.D.,Grain,0.55,199.5809002,303,2.9,201.57671110297935,142.80503540084712,143.87250245776434,175371.737,177125.45604618793,417.94138647824605
FRESNO SLOUGH W.D.,Onions & Garlic,0.55,160.0698856,2366,7.7,150.8217075518242,200.66839323711048,188.6019124890326,2916185.19,2747700.032520644,417.94138647824605
FRESNO SLOUGH W.D.,Tomato Processing,0.55,116.6653386,93,51.2,100.25966744224702,259.02110061823765,222.04063388506995,555513.6762777601,477396.43249300343,417.94138647824605
FRESNO SLOUGH W.D.,Almonds & Pistachios,0.6,180.5327118,4738,1.1,125.24353566019303,747.5927123898848,517.3415654,940900.3874,652744.2592,394.3338014591619
FRESNO SLOUGH W.D.,Cotton,0.6,171.3936328,3438,0.8,32.20654468055578,642.6064407115458,120.4501718176251,471401.0477,88580.88048940062,394.3338014591619
FRESNO SLOUGH W.D.,Grain,0.6,199.5809002,303,2.9,201.57671111488892,142.80503540084712,143.8725024664643,175371.737,177125.45605665288,394.3338014591619
FRESNO SLOUGH W.D.,Onions & Garlic,0.6,160.0698856,2366,7.7,150.95042314015257,200.66839323711048,188.76287079247157,2916185.19,2750044.9988519275,394.3338014591619
FRESNO SLOUGH W.D.,Tomato Processing,0.6,116.6653386,93,51.2,101.68132277072259,259.02110061823765,225.18911081784694,555513.6762777601,484165.7865050727,394.3338014591619
FRESNO SLOUGH W.D.,Almonds & Pistachios,0.65,180.5327118,4738,1.1,129.3760351932571,747.5927123898848,534.4116182753927,940900.3874,674282.0202202174,366.73503447679417
FRESNO SLOUGH W.D.,Cotton,0.65,171.3936328,3438,0.8,53.265944095856106,642.6064407115458,199.21081818357965,471401.0477,146502.65264124263,366.73503447679417
FRESNO SLOUGH W.D.,Grain,0.65,199.5809002,303,2.9,201.57671112671423,142.80503540084712,143.87250247469487,175371.737,177125.4560670438,366.73503447679417
FRESNO SLOUGH W.D.,Onions & Garlic,0.65,160.0698856,2366,7.7,151.10058046568443,200.66839323711048,188.95064189790094,2916185.19,2752780.595039932,366.73503447679417
FRESNO SLOUGH W.D.,Tomato Processing,0.65,116.6653386,93,51.2,103.31417925318736,259.02110061823765,228.8053255682897,555513.6762777601,491940.7959,366.73503447679417
FRESNO SLOUGH W.D.,Almonds & Pistachios,0.7,180.5327118,4738,1.1,133.90002142415628,747.5927123898848,553.0987792998638,940900.3874,697860.1316584178,334.6545992312579
FRESNO SLOUGH W.D.,Cotton,0.7,171.3936328,3438,0.8,73.75044215,642.6064407115458,275.8213745969825,471401.0477,202843.2160783983,334.6545992312579
FRESNO SLOUGH W.D.,Grain,0.7,199.5809002,303,2.9,201.5767111391094,142.80503540084712,143.87250248353388,175371.737,177125.4560779354,334.6545992312579
FRESNO SLOUGH W.D.,Onions & Garlic,0.7,160.0698856,2366,7.7,151.2746906405175,200.66839323711048,189.16836594113045,2916185.19,2755952.569027076,334.6545992312579
FRESNO SLOUGH W.D.,Tomato Processing,0.7,116.6653386,93,51.2,105.17417212338833,259.02110061823765,232.92456919174577,555513.6762777601,500797.33798272593,334.6545992312579
FRESNO SLOUGH W.D.,Almonds & Pistachios,0.75,180.5327118,4738,1.1,138.80019264160003,747.5927123898848,573.3398419191091,940900.3874,723398.844,297.56250957069045
FRESNO SLOUGH W.D.,Cotton,0.75,171.3936328,3438,0.8,93.66737587598094,642.6064407115458,350.30928107976194,471401.0477,257622.75060929797,297.56250957069045
FRESNO SLOUGH W.D.,Grain,0.75,199.5809002,303,2.9,201.57671115167344,142.80503540084712,143.87250249257238,175371.737,177125.45608897542,297.56250957069045
FRESNO SLOUGH W.D.,Onions & Garlic,0.75,160.0698856,2366,7.7,151.4754264695741,200.66839323711048,189.41938525340697,2916185.19,2759609.614507995,297.56250957069045
FRESNO SLOUGH W.D.,Tomato Processing,0.75,116.6653386,93,51.2,107.27594211970398,259.02110061823765,237.57926588135365,555513.6762777601,510805.1259971825,297.56250957069045
FRESNO SLOUGH W.D.,Almonds & Pistachios,0.8,180.5327118,4738,1.1,144.05541656258546,747.5927123898848,595.0475153,940900.3874,750788.02,254.8837876057715
FRESNO SLOUGH W.D.,Cotton,0.8,171.3936328,3438,0.8,113.03136236357393,642.6064407115458,422.7292044,471401.0477,310881.4590447738,254.8837876057715
FRESNO SLOUGH W.D.,Grain,0.8,199.5809002,303,2.9,201.57671119622557,142.80503540084712,143.8725024786633,175371.737,177125.4561281234,254.8837876057715
FRESNO SLOUGH W.D.,Onions & Garlic,0.8,160.0698856,2366,7.7,151.70563905843167,200.66839323711048,189.70726508241503,2916185.19,2763803.673,254.8837876057715
FRESNO SLOUGH W.D.,Tomato Processing,0.8,116.6653386,93,51.2,109.63261044487005,259.02110061823765,242.79847453372182,555513.6762777601,522026.6378942933,254.8837876057715
FRESNO SLOUGH W.D.,Almonds & Pistachios,0.85,180.5327118,4738,1.1,149.6402148,747.5927123898848,618.1165563734863,940900.3874,779894.8715152787,205.99194698558122
FRESNO SLOUGH W.D.,Cotton,0.85,171.3936328,3438,0.8,131.86276322267636,642.6064407115458,493.1572957049127,471401.0477,362675.3439676491,205.99194698558122
FRESNO SLOUGH W.D.,Grain,0.85,199.5809002,303,2.9,201.57671117633296,142.80503540084712,143.8725025101666,175371.737,177125.45611064378,205.99194698558122
FRESNO SLOUGH W.D.,Onions & Garlic,0.85,160.0698856,2366,7.7,151.96837707865328,200.66839323711048,190.0358179,2916185.19,2768590.287294321,205.99194698558122
FRESNO SLOUGH W.D.,Tomato Processing,0.85,116.6653386,93,51.2,112.25559153491054,259.02110061823765,248.60747433877702,555513.6762777601,534516.2247,205.99194698558122
FRESNO SLOUGH W.D.,Almonds & Pistachios,0.9,180.5327118,4738,1.1,155.52627191206162,747.5927123898848,642.4300028263343,940900.3874,810571.8239512828,150.20165704626243
FRESNO SLOUGH W.D.,Cotton,0.9,171.3936328,3438,0.8,150.18610474186912,642.6064407115458,561.6852813900214,471401.0477,413071.8624820368,150.20165704626243
FRESNO SLOUGH W.D.,Grain,0.9,199.5809002,303,2.9,201.57671118821364,142.80503540084712,143.87250251867613,175371.737,177125.45612108332,150.20165704626243
FRESNO SLOUGH W.D.,Onions & Garlic,0.9,160.0698856,2366,7.7,152.26690709005027,200.66839323711048,190.40912845048496,2916185.19,2774028.966747954,150.20165704626243
FRESNO SLOUGH W.D.,Tomato Processing,0.9,116.6653386,93,51.2,115.15443613932578,259.02110061823765,255.02741677285465,555513.6762777601,548319.3631210137,150.20165704626243
FRESNO SLOUGH W.D.,Almonds & Pistachios,0.95,180.5327118,4738,1.1,161.75996547022783,747.5927123898848,668.1794258839171,940900.3874,843060.5880377335,85.94195255831488
FRESNO SLOUGH W.D.,Cotton,0.95,171.3936328,3438,0.8,168.24193379680727,642.6064407115458,629.2127896237613,471401.0477,462732.61471473874,85.94195255831488
FRESNO SLOUGH W.D.,Grain,0.95,199.5809002,303,2.9,201.5767111962105,142.80503540084712,143.87250253938487,175371.737,177125.45612811015,85.94195255831488
FRESNO SLOUGH W.D.,Onions & Garlic,0.95,160.0698856,2366,7.7,152.60908192559245,200.66839323711048,190.83701666611995,2916185.19,2780262.7763368282,85.94195255831488
FRESNO SLOUGH W.D.,Tomato Processing,0.95,116.6653386,93,51.2,117.8319927,259.02110061823765,260.9572823210826,555513.6762777601,561068.8162246958,85.94195255831488
FRESNO SLOUGH W.D.,Almonds & Pistachios,1,180.5327118,4738,1.1,169.33565801320523,747.5927123898848,699.4722238179144,940900.3874,882543.5824,1.832763766563699e-07
FRESNO SLOUGH W.D.,Cotton,1,171.3936328,3438,0.8,173.10757082271687,642.6064407115458,647.4099239661372,471401.0477,476115.06279080047,1.832763766563699e-07
FRESNO SLOUGH W.D.,Grain,1,199.5809002,303,2.9,201.5767112027146,142.80503540084712,143.87250266869296,175371.737,177125.4561338253,1.832763766563699e-07
FRESNO SLOUGH W.D.,Onions & Garlic,1,160.0698856,2366,7.7,153.0639411571874,200.66839323711048,191.40581643396868,2916185.19,2788549.4927898715,1.832763766563699e-07
FRESNO SLOUGH W.D.,Tomato Processing,1,116.6653386,93,51.2,117.83199312198704,259.02110061823765,260.9572835992299,555513.6762777601,561068.8184496536,1.832763766563699e-07
GRASSLANDS W.D.,Alfalfa,0.5,689.7245575,282,6.8,424.94740772293875,2851.9871518243785,1752.749935444944,1322615.8114619998,814879.1490495073,112.65246782426213
GRASSLANDS W.D.,Corn,0.5,235.961025,62,26.2,238.32063746186637,570.0415495943967,574.3026098561245,383295.089,387128.0434930557,112.65246782426213
GRASSLANDS W.D.,Cotton,0.5,274.9930646,3927,0.8,248.44664151049534,999.3378691017119,900.6097294800876,863918.2117473602,780519.9689693722,112.65246782426213
GRASSLANDS W.D.,Cucurbits,0.5,40.80997137,372,15.4,40.82845074114455,93.84771717373538,93.65548647413969,233792.164,233898.0286058689,112.65246782426213
GRASSLANDS W.D.,Grain,0.5,926.2253268,206.2919153,4.233904617,935.4875893936718,432.2293850586806,435.4602947882121,808983.9959827935,817073.8440878524,112.65246782426213
GRASSLANDS W.D.,Pasture,0.5,815.9913879,200,5,43.187998893463636,3753.7130130811324,198.17618902184876,815991.3879,43187.998893463635,112.65246782426213
GRASSLANDS W.D.,Rice,0.5,158.8750946,579,4.7,144.85035033082377,767.9894334210439,698.4444529777461,432346.79493498005,394181.2583552708,112.65246782426213
GRASSLANDS W.D.,Tomato Processing,0.5,70.38321942,97,48.5,69.47705858307549,167.48819252494914,164.91850590625586,331117.8558,326854.82210407866,112.65246782426213
GRASSLANDS W.D.,Alfalfa,0.55,689.7245575,282,6.8,424.97108499804875,2851.9871518243785,1752.8475953628601,1322615.8114619998,814924.5525922582,112.64904165678273
GRASSLANDS W.D.,Corn,0.55,235.961025,62,26.2,238.32063752150785,570.0415495943967,574.3026099680142,383295.089,387128.0435899373,112.64904165678273
GRASSLANDS W.D.,Cotton,0.55,274.9930646,3927,0.8,248.44786370540402,999.3378691017119,900.6141598581988,863918.2117473602,780523.8086168973,112.64904165678273
GRASSLANDS W.D.,Cucurbits,0.55,40.80997137,372,15.4,40.828454027328874,93.84771717373538,93.65549397536472,233792.164,233898.04743176166,112.64904165678273
GRASSLANDS W.D.,Grain,0.55,926.2253268,206.2919153,4.233904617,935.4875894038432,432.2293850586806,435.46029476157213,808983.9959827935,817073.8440967364,112.64904165678273
GRASSLANDS W.D.,Pasture,0.55,815.9913879,200,5,148.1694677657174,3753.7130130811324,679.9032414709661,815991.3879,148169.4677657174,112.64904165678273
GRASSLANDS W.D.,Rice,0.55,158.8750946,579,4.7,144.85082773055032,767.9894334210439,698.4467548893551,432346.79493498005,394182.55750314664,112.64904165678273
GRASSLANDS W.D.,Tomato Processing,0.55,70.38321942,97,48.5,69.47717158846811,167.48819252494914,164.9187741134712,331117.8558,326855.35373794823,112.64904165678273
GRASSLANDS W.D.,Alfalfa,0.6,689.7245575,282,6.8,425.0015528952373,2851.9871518243785,1752.973264101762,1322615.8114619998,814982.9778,112.6446327709023
GRASSLANDS W.D.,Corn,0.6,235.961025,62,26.2,238.32063752151942,570.0415495943967,574.3026099680438,383295.089,387128.0435899561,112.6446327709023
GRASSLANDS W.D.,Cotton,0.6,274.9930646,3927,0.8,248.4494364283182,999.3378691017119,900.6198609196016,863918.2117473602,780528.7494832046,112.6446327709023
GRASSLANDS W.D.,Cucurbits,0.6,40.80997137,372,15.4,40.82845824943518,93.84771717373538,93.65550366036388,233792.164,233898.07161936426,112.6446327709023
GRASSLANDS W.D.,Grain,0.6,926.2253268,206.2919153,4.233904617,935.4875894038433,432.2293850586806,435.4602947615739,808983.9959827935,817073.8440967365,112.6446327709023
GRASSLANDS W.D.,Pasture,0.6,815.9913879,200,5,253.1443947409127,3753.7130130811324,1161.600275236734,815991.3879,253144.3947409127,112.6446327709023
GRASSLANDS W.D.,Rice,0.6,158.8750946,579,4.7,144.85144204050255,767.9894334210439,698.449717,432346.79493498005,394184.22922481963,112.6446327709023
GRASSLANDS W.D.,Tomato Processing,0.6,70.38321942,97,48.5,69.47731695369363,167.48819252494914,164.91911916860764,331117.8558,326856.0376086517,112.6446327709023
GRASSLANDS W.D.,Alfalfa,0.65,689.7245575,282,6.8,425.0407578870712,2851.9871518243785,1753.1349701050337,1322615.8114619998,815058.1573242478,112.63895942142236
GRASSLANDS W.D.,Corn,0.65,235.961025,62,26.2,238.3206375215374,570.0415495943967,574.3026099680892,383295.089,387128.04358998535,112.63895942142236
GRASSLANDS W.D.,Cotton,0.65,274.9930646,3927,0.8,248.4514601869659,999.3378691017119,900.6271969685719,863918.2117473602,780535.1073233722,112.63895942142236
GRASSLANDS W.D.,Cucurbits,0.65,40.80997137,372,15.4,40.82846368242403,93.84771717373538,93.65551612298061,233792.164,233898.10274387078,112.63895942142236
GRASSLANDS W.D.,Grain,0.65,926.2253268,206.2919153,4.233904617,935.4875894038435,432.2293850586806,435.4602948,808983.9959827935,817073.8440967366,112.63895942142236
GRASSLANDS W.D.,Pasture,0.65,815.9913879,200,5,358.11090461628066,3753.7130130811324,1643.2586855698737,815991.3879,358110.9046162807,112.63895942142236
GRASSLANDS W.D.,Rice,0.65,158.8750946,579,4.7,144.85223251639664,767.9894334210439,698.4535285345698,432346.79493498005,394186.3803468702,112.63895942142236
GRASSLANDS W.D.,Tomato Processing,0.65,70.38321942,97,48.5,69.47750400890007,167.48819252494914,164.91956318373957,331117.8558,326856.9176098704,112.63895942142236
GRASSLANDS W.D.,Alfalfa,0.7,689.7245575,282,6.8,425.0912027648935,2851.9871518243785,1753.3430364556837,1322615.8114619998,815154.8904219598,112.63165929436188
GRASSLANDS W.D.,Corn,0.7,235.961025,62,26.2,238.32063752156103,570.0415495943967,574.30261,383295.089,387128.0435900237,112.63165929436188
GRASSLANDS W.D.,Cotton,0.7,274.9930646,3927,0.8,248.45406420642175,999.3378691017119,900.6366364,863918.2117473602,780543.2881108946,112.63165929436188
GRASSLANDS W.D.,Cucurbits,0.7,40.80997137,372,15.4,40.82847067324808,93.84771717373538,93.65553215908214,233792.164,233898.14279290359,112.63165929436188
GRASSLANDS W.D.,Grain,0.7,926.2253268,206.2919153,4.233904617,935.4875894038436,432.2293850586806,435.4602947615788,808983.9959827935,817073.8440967366,112.63165929436188
GRASSLANDS W.D.,Pasture,0.7,815.9913879,200,5,463.0665862421389,3753.7130130811324,2124.8674084603076,815991.3879,463066.5862421389,112.63165929436188
GRASSLANDS W.D.,Rice,0.7,158.8750946,579,4.7,144.85324962460473,767.9894334210439,698.4584328622756,432346.79493498005,394189.14820343687,112.63165929436188
GRASSLANDS W.D.,Tomato Processing,0.7,70.38321942,97,48.5,69.47774469937058,167.48819252494914,164.92013451352537,331117.8558,326858.04993818887,112.63165929436188
GRASSLANDS W.D.,Alfalfa,0.75,689.7245575,282,6.8,425.1561054540186,2851.9871518243785,1753.6107358982558,1322615.8114619998,815279.3478,112.62226648381959
GRASSLANDS W.D.,Corn,0.75,235.961025,62,26.2,238.32063752159152,570.0415495943967,574.3026099682262,383295.089,387128.04359007324,112.62226648381959
GRASSLANDS W.D.,Cotton,0.75,274.9930646,3927,0.8,248.4574146510966,999.3378691017119,900.6487816770568,863918.2117473602,780553.8138678852,112.62226648381959
GRASSLANDS W.D.,Cucurbits,0.75,40.80997137,372,15.4,40.828479668054264,93.84771717373538,93.65555279207538,233792.164,233898.19432234927,112.62226648381959
GRASSLANDS W.D.,Grain,0.75,926.2253268,206.2919153,4.233904617,935.4875894038437,432.2293850586806,435.46029476158236,808983.9959827935,817073.8440967367,112.62226648381959
GRASSLANDS W.D.,Pasture,0.75,815.9913879,200,5,568.0083395051356,3753.7130130811324,2606.4122184596454,815991.3879,568008.3395051357,112.62226648381959
GRASSLANDS W.D.,Rice,0.75,158.8750946,579,4.7,144.85455825320196,767.9894334210439,698.4647428531251,432346.79493498005,394192.7093744385,112.62226648381959
GRASSLANDS W.D.,Tomato Processing,0.75,70.38321942,97,48.5,69.47805438549022,167.48819252494914,164.92086961909067,331117.8558,326859.50685653876,112.62226648381959
GRASSLANDS W.D.,Alfalfa,0.8,689.7245575,282,6.8,425.23960220755094,2851.9871518243785,1753.9551289377198,1322615.8114619998,815439.4611931996,112.61018201447506
GRASSLANDS W.D.,Corn,0.8,235.961025,62,26.2,238.3206375216302,570.0415495943967,574.3026099683241,383295.089,387128.04359013605,112.61018201447506
GRASSLANDS W.D.,Cotton,0.8,274.9930646,3927,0.8,248.46172513047108,999.3378691017119,900.6644070026422,863918.2117473602,780567.3556698881,112.61018201447506
GRASSLANDS W.D.,Cucurbits,0.8,40.80997137,372,15.4,40.82849124040625,93.84771717373538,93.65557933764569,233792.164,233898.26061803935,112.61018201447506
GRASSLANDS W.D.,Grain,0.8,926.2253268,206.2919153,4.233904617,935.4875894038439,432.2293850586806,435.4602948,808983.9959827935,817073.8441,112.61018201447506
GRASSLANDS W.D.,Pasture,0.8,815.9913879,200,5,672.9321795605268,3753.7130130811324,3087.874830364474,815991.3879,672932.1795605269,112.61018201447506
GRASSLANDS W.D.,Rice,0.8,158.8750946,579,4.7,144.85624181078902,767.9894334210439,698.4728606896078,432346.79493498005,394197.29083970014,112.61018201447506
GRASSLANDS W.D.,Tomato Processing,0.8,70.38321942,97,48.5,69.47845281436335,167.48819252494914,164.92181537436818,331117.8558,326861.3812651724,112.61018201447506
GRASSLANDS W.D.,Alfalfa,0.85,689.7245575,282,6.8,425.34700786578156,2851.9871518243785,1754.398137312642,1322615.8114619998,815645.4222834227,112.59463605690878
GRASSLANDS W.D.,Corn,0.85,235.961025,62,26.2,238.32063752167326,570.0415495943967,574.3026099684337,383295.089,387128.0436,112.59463605690878
GRASSLANDS W.D.,Cotton,0.85,274.9930646,3927,0.8,248.46727016186892,999.3378691017119,900.6845075328719,863918.2117473602,780584.7759405276,112.59463605690878
GRASSLANDS W.D.,Cucurbits,0.85,40.80997137,372,15.4,40.828506127457985,93.84771717373538,93.65561348673445,233792.164,233898.34590298132,112.59463605690878
GRASSLANDS W.D.,Grain,0.85,926.2253268,206.2919153,4.233904617,935.4875894038444,432.2293850586806,435.4602947615929,808983.9959827935,817073.8440967373,112.59463605690878
GRASSLANDS W.D.,Pasture,0.85,815.9913879,200,5,777.8329861,3753.7130130811324,3569.231748584196,815991.3879,777832.9860780339,112.59463605690878
GRASSLANDS W.D.,Rice,0.85,158.8750946,579,4.7,144.85840747717896,767.9894334210439,698.4833031750709,432346.79493498005,394203.1842676471,112.59463605690878
GRASSLANDS W.D.,Tomato Processing,0.85,70.38321942,97,48.5,69.47896536513676,167.48819252494914,164.92303202213526,331117.8558,326863.7925602859,112.59463605690878
GRASSLANDS W.D.,Alfalfa,0.9,689.7245575,282,6.8,486.2148083004597,2851.9871518243785,2005.4551654052937,1322615.8114619998,932365.5163969615,103.57187309530715
GRASSLANDS W.D.,Corn,0.9,235.961025,62,26.2,238.32063754519078,570.0415495943967,574.3026100288517,383295.089,387128.0436284079,103.57187309530715
GRASSLANDS W.D.,Cotton,0.9,274.9930646,3927,0.8,251.65813965892613,999.3378691017119,912.2512894,863918.2117473602,790609.2115524824,103.57187309530715
GRASSLANDS W.D.,Cucurbits,0.9,40.80997137,372,15.4,40.83712819435646,93.84771717373538,93.67539146169035,233792.164,233947.7399998293,103.57187309530715
GRASSLANDS W.D.,Grain,0.9,926.2253268,206.2919153,4.233904617,935.4875894040102,432.2293850586806,435.4602947653053,808983.9959827935,817073.8440968823,103.57187309530715
GRASSLANDS W.D.,Pasture,0.9,815.9913879,200,5,824.1513098007032,3753.7130130811324,3781.772016908197,815991.3879,824151.3098007032,103.57187309530715
GRASSLANDS W.D.,Rice,0.9,158.8750946,579,4.7,146.09107988378256,767.9894334210439,704.4270458,432346.79493498005,397557.6556877375,103.57187309530715
GRASSLANDS W.D.,Tomato Processing,0.9,70.38321942,97,48.5,69.77559843900843,167.48819252494914,165.62715342033314,331117.8558,328259.30285631516,103.57187309530715
GRASSLANDS W.D.,Alfalfa,0.95,689.7245575,282,6.8,594.8778581721872,2851.9871518243785,2453.649813009531,1322615.8114619998,1140737.780830986,86.36038362401288
GRASSLANDS W.D.,Corn,0.95,235.961025,62,26.2,238.3206375434571,570.0415495943967,574.3026100642022,383295.089,387128.0436255917,86.36038362401288
GRASSLANDS W.D.,Cotton,0.95,274.9930646,3927,0.8,257.59794231725203,999.3378691017119,933.7828506622177,863918.2117473602,809269.6955838791,86.36038362401288
GRASSLANDS W.D.,Cucurbits,0.95,40.80997137,372,15.4,40.85347497318357,93.84771717373538,93.71288902770824,233792.164,234041.38742637407,86.36038362401288
GRASSLANDS W.D.,Grain,0.95,926.2253268,206.2919153,4.233904617,935.4875893963509,432.2293850586806,435.4602948004517,808983.9959827935,817073.8440901925,86.36038362401288
GRASSLANDS W.D.,Pasture,0.95,815.9913879,200,5,824.1513099125284,3753.7130130811324,3781.7720174605074,815991.3879,824151.3099125284,86.36038362401288
GRASSLANDS W.D.,Rice,0.95,158.8750946,579,4.7,148.31759294141665,767.9894334210439,715.1629238975121,432346.79493498005,403616.66567147715,86.36038362401288
GRASSLANDS W.D.,Tomato Processing,0.95,70.38321942,97,48.5,70.33680189478679,167.48819252494914,166.95928866646224,331117.8558,330899.48451402446,86.36038362401288
GRASSLANDS W.D.,Alfalfa,1,689.7245575,282,6.8,693.3819962,2851.9871518243785,2859.9427293793287,1322615.8114619998,1329629.315886588,1.6853596691906352e-07
GRASSLANDS W.D.,Corn,1,235.961025,62,26.2,238.32063749630814,570.0415495943967,574.3026100752242,383295.089,387128.0435490029,1.6853596691906352e-07
GRASSLANDS W.D.,Cotton,1,274.9930646,3927,0.8,260.07506052114945,999.3378691017119,942.7623111070658,863918.2117473602,817051.8101332432,1.6853596691906352e-07
GRASSLANDS W.D.,Cucurbits,1,40.80997137,372,15.4,40.816714608405356,93.84771717373538,93.62856558803463,233792.164,233830.7946486326,1.6853596691906352e-07
GRASSLANDS W.D.,Grain,1,926.2253268,206.2919153,4.233904617,935.4875893855569,432.2293850586806,435.4602949,808983.9959827935,817073.8440807648,1.6853596691906352e-07
GRASSLANDS W.D.,Pasture,1,815.9913879,200,5,824.1513099810121,3753.7130130811324,3781.7720178949103,815991.3879,824151.3099810121,1.6853596691906352e-07
GRASSLANDS W.D.,Rice,1,158.8750946,579,4.7,151.51842573871966,767.9894334210439,730.5968108173475,432346.79493498005,412327.09196277783,1.6853596691906352e-07
GRASSLANDS W.D.,Tomato Processing,1,70.38321942,97,48.5,69.21194537058878,167.48819252494914,164.28920382333246,331117.8558,325607.5969959349,1.6853596691906352e-07
HENRY MILLER RECLAMATION DIST. 2131,Alfalfa,0.5,3708.141917,281.5865269,6.820673657,5.2082957689391124e-18,15333.03836934271,1.065913058204683e-08,7121893.728545332,1.0003103927377722e-14,390.0431602393234
HENRY MILLER RECLAMATION DIST. 2131,Almonds & Pistachios,0.5,482.3624499,5084.931574,1.008661116,342.20635403261684,1862.4996888363683,1318.025114969255,2474023.8641579705,1755167.066836778,390.0431602393234
HENRY MILLER RECLAMATION DIST. 2131,Citrus & Subtropical,0.5,5.731683796,872,7.8,5.458195608117368,18.61344742489847,17.680990457598117,38984.62051,37124.46324817109,390.0431602393234
HENRY MILLER RECLAMATION DIST. 2131,Corn,0.5,3153.419258,62,26.2,1778.5277285767881,7618.122528290985,4285.877744133872,5122414.242695199,2889040.4423001343,390.0431602393234
HENRY MILLER RECLAMATION DIST. 2131,Cotton,0.5,11606.96075,3922.445125,0.8,4529.168311,42180.247125593174,16418.06474946432,36422133.28792308,14212331.330068694,390.0431602393234
HENRY MILLER RECLAMATION DIST. 2131,Cucurbits,0.5,1109.713777,372,15.4,1102.4774944620544,2551.9279036851144,2528.948908922013,6357328.286,6315873.070274218,390.0431602393234
HENRY MILLER RECLAMATION DIST. 2131,Grain,0.5,3404.89204,189.1543272,4.470285142,3438.9409947639156,1588.9161633324456,1600.7932932810443,2879087.4273993834,2907878.3307306026,390.0431602393234
HENRY MILLER RECLAMATION DIST. 2131,Lettuce,0.5,369.5729814,674,15.2,350.6242234615753,1229.233874331838,1163.2930220951746,3786201.28,3592075.0445191464,390.0431602393234
HENRY MILLER RECLAMATION DIST. 2131,Onions & Garlic,0.5,772.3914929,2039,6.5,725.9695625,1143.774343877649,1072.3441363907518,10236890.65115015,9621637.597196028,390.0431602393234
HENRY MILLER RECLAMATION DIST. 2131,Other Deciduous,0.5,96.43715622,3553,6.1,93.84566329190983,332.3067397864645,322.5684316701137,2090111.417902926,2033945.2142245492,390.0431602393234
HENRY MILLER RECLAMATION DIST. 2131,Pasture,0.5,539.0958288,200,5,1.3512606992824603e-16,2479.941649,1.0659131531185249e-08,539095.8288,1.3512606992824603e-13,390.0431602393234
HENRY MILLER RECLAMATION DIST. 2131,Tomato Processing,0.5,10615.20198,97,48.5,8961.691382778563,25260.580683415705,21272.471553676343,49939217.71,42160277.11028175,390.0431602393234
HENRY MILLER RECLAMATION DIST. 2131,Truck Crops,0.5,621.5500005,910,18.1,587.8418889,1658.1292442370166,1564.2844854526672,10237550.06,9682343.752262963,390.0431602393234
HENRY MILLER RECLAMATION DIST. 2131,Vineyard,0.5,45.41249677,1501.721891,10.6898472,43.57163143399806,140.7099180293325,134.66850890282004,729014.8737141341,699463.1356265525,390.0431602393234
HENRY MILLER RECLAMATION DIST. 2131,Alfalfa,0.55,3708.141917,281.5865269,6.820673657,1.1007981892941844e-17,15333.03836934271,1.2402784517291403e-08,7121893.728545332,2.114203796997856e-14,355.79371371294815
HENRY MILLER RECLAMATION DIST. 2131,Almonds & Pistachios,0.55,482.3624499,5084.931574,1.008661116,354.44154485288465,1862.4996888363683,1365.1495724723984,2474023.8641579705,1817921.027221017,355.79371371294815
HENRY MILLER RECLAMATION DIST. 2131,Citrus & Subtropical,0.55,5.731683796,872,7.8,5.478253511834114,18.61344742489847,17.745964972887023,38984.62051,37260.88908609091,355.79371371294815
HENRY MILLER RECLAMATION DIST. 2131,Corn,0.55,3153.419258,62,26.2,2150.163718207977,7618.122528290985,5181.442312109122,5122414.242695199,3492725.943857038,355.79371371294815
HENRY MILLER RECLAMATION DIST. 2131,Cotton,0.55,11606.96075,3922.445125,0.8,5557.873855027732,42180.247125593174,20147.083647887976,36422133.28792308,17440364.16641479,355.79371371294815
HENRY MILLER RECLAMATION DIST. 2131,Cucurbits,0.55,1109.713777,372,15.4,1103.4934859334767,2551.9279036851144,2531.2794694443355,6357328.286,6321693.482215702,355.79371371294815
HENRY MILLER RECLAMATION DIST. 2131,Grain,0.55,3404.89204,189.1543272,4.470285142,3438.9409947650065,1588.9161633324456,1600.7932932833621,2879087.4273993834,2907878.330731525,355.79371371294815
HENRY MILLER RECLAMATION DIST. 2131,Lettuce,0.55,369.5729814,674,15.2,351.99858218433394,1229.233874331838,1167.8528380055393,3786201.28,3606155.074762064,355.79371371294815
HENRY MILLER RECLAMATION DIST. 2131,Onions & Garlic,0.55,772.3914929,2039,6.5,727.4609000175816,1143.774343877649,1074.5470207505132,10236890.65115015,9641403.038383018,355.79371371294815
HENRY MILLER RECLAMATION DIST. 2131,Other Deciduous,0.55,96.43715622,3553,6.1,93.93289804,332.3067397864645,322.8682769,2090111.417902926,2035835.879068134,355.79371371294815
HENRY MILLER RECLAMATION DIST. 2131,Pasture,0.55,539.0958288,200,5,4.314962130840616e-18,2479.941649,1.2402784460848974e-08,539095.8288,4.314962130840616e-15,355.79371371294815
HENRY MILLER RECLAMATION DIST. 2131,Tomato Processing,0.55,10615.20198,97,48.5,9165.610840026162,25260.580683415705,21756.51755,49939217.71,43119616.19690308,355.79371371294815
HENRY MILLER RECLAMATION DIST. 2131,Truck Crops,0.55,621.5500005,910,18.1,589.5391496309642,1658.1292442370166,1568.801003690452,10237550.06,9710299.333571611,355.79371371294815
HENRY MILLER RECLAMATION DIST. 2131,Vineyard,0.55,45.41249677,1501.721891,10.6898472,43.62778719,140.7099180293325,134.8420716581824,729014.8737141341,700364.6139960265,355.79371371294815
HENRY MILLER RECLAMATION DIST. 2131,Alfalfa,0.6,3708.141917,281.5865269,6.820673657,1.4853685425871413e-21,15333.03836934271,1.4853685425873162e-08,7121893.728545332,2.8528133887033973e-18,315.77710448718835
HENRY MILLER RECLAMATION DIST. 2131,Almonds & Pistachios,0.6,482.3624499,5084.931574,1.008661116,367.81853447048286,1862.4996888363683,1416.671725908475,2474023.8641579705,1886531.242529842,315.77710448718835
HENRY MILLER RECLAMATION DIST. 2131,Citrus & Subtropical,0.6,5.731683796,872,7.8,5.501024765419717,18.61344742489847,17.819728971141288,38984.62051,37415.77004447875,315.77710448718835
HENRY MILLER RECLAMATION DIST. 2131,Corn,0.6,3153.419258,62,26.2,2454.564999174869,7618.122528290985,5914.985373832422,5122414.242695199,3987195.3846596573,315.77710448718835
HENRY MILLER RECLAMATION DIST. 2131,Cotton,0.6,11606.96075,3922.445125,0.8,6611.242186,42180.247125593174,23965.504223545242,36422133.28792308,20745787.747509897,315.77710448718835
HENRY MILLER RECLAMATION DIST. 2131,Cucurbits,0.6,1109.713777,372,15.4,1104.6574603668944,2551.9279036851144,2533.949484833639,6357328.286,6328361.658949865,315.77710448718835
HENRY MILLER RECLAMATION DIST. 2131,Grain,0.6,3404.89204,189.1543272,4.470285142,3438.940994766169,1588.9161633324456,1600.7932932864567,2879087.4273993834,2907878.330732508,315.77710448718835
HENRY MILLER RECLAMATION DIST. 2131,Lettuce,0.6,369.5729814,674,15.2,353.5788887312366,1229.233874331838,1173.0959428930987,3786201.28,3622344.9992737724,315.77710448718835
HENRY MILLER RECLAMATION DIST. 2131,Onions & Garlic,0.6,772.3914929,2039,6.5,729.1945091177979,1143.774343877649,1077.1077693703876,10236890.65115015,9664379.426592734,315.77710448718835
HENRY MILLER RECLAMATION DIST. 2131,Other Deciduous,0.6,96.43715622,3553,6.1,94.03405896108107,332.3067397864645,323.21598952027585,2090111.417902926,2038028.3700811984,315.77710448718835
HENRY MILLER RECLAMATION DIST. 2131,Pasture,0.6,539.0958288,200,5,1.4853685425869432e-21,2479.941649,1.4853685425872207e-08,539095.8288,1.4853685425869433e-18,315.77710448718835
HENRY MILLER RECLAMATION DIST. 2131,Tomato Processing,0.6,10615.20198,97,48.5,9397.349604277226,25260.580683415705,22306.598564766875,49939217.71,44209831.21332221,315.77710448718835
HENRY MILLER RECLAMATION DIST. 2131,Truck Crops,0.6,621.5500005,910,18.1,591.5079926808141,1658.1292442370166,1574.040219705661,10237550.06,9742728.147,315.77710448718835
HENRY MILLER RECLAMATION DIST. 2131,Vineyard,0.6,45.41249677,1501.721891,10.6898472,43.69272928190548,140.7099180293325,135.04279066054428,729014.8737141341,701407.1408801373,315.77710448718835
HENRY MILLER RECLAMATION DIST. 2131,Alfalfa,0.65,3708.141917,281.5865269,6.820673657,1.8443638962279206e-21,15333.03836934271,1.8443638962280055e-08,7121893.728545332,3.542303385283585e-18,269.61132339527154
HENRY MILLER RECLAMATION DIST. 2131,Almonds & Pistachios,0.65,482.3624499,5084.931574,1.008661116,382.18026771636994,1862.4996888363683,1471.986669335115,2474023.8641579705,1960192.1810800168,269.61132339527154
HENRY MILLER RECLAMATION DIST. 2131,Citrus & Subtropical,0.65,5.731683796,872,7.8,5.526458748790222,18.61344742489847,17.902118476827837,38984.62051,37588.761825771566,269.61132339527154
HENRY MILLER RECLAMATION DIST. 2131,Corn,0.65,3153.419258,62,26.2,2715.3556152455144,7618.122528290985,6543.435905886719,5122414.242695199,4410823.661404814,269.61132339527154
HENRY MILLER RECLAMATION DIST. 2131,Cotton,0.65,11606.96075,3922.445125,0.8,7674.001343397554,42180.247125593174,27817.966188556285,36422133.28792308,24080679.32692255,269.61132339527154
HENRY MILLER RECLAMATION DIST. 2131,Cucurbits,0.65,1109.713777,372,15.4,1105.9706475036517,2551.9279036851144,2536.961775967156,6357328.286,6335884.645,269.61132339527154
HENRY MILLER RECLAMATION DIST. 2131,Grain,0.65,3404.89204,189.1543272,4.470285142,3438.9409947673794,1588.9161633324456,1600.7932932907804,2879087.4273993834,2907878.3307335316,269.61132339527154
HENRY MILLER RECLAMATION DIST. 2131,Lettuce,0.65,369.5729814,674,15.2,355.36907507521914,1229.233874331838,1179.0353821681892,3786201.28,3640685.1003306047,269.61132339527154
HENRY MILLER RECLAMATION DIST. 2131,Onions & Garlic,0.65,772.3914929,2039,6.5,731.1827949239183,1143.774343877649,1080.0447060390477,10236890.65115015,9690731.172524152,269.61132339527154
HENRY MILLER RECLAMATION DIST. 2131,Other Deciduous,0.65,96.43715622,3553,6.1,94.14975969466407,332.3067397864645,323.61367869675547,2090111.417902926,2040535.9867903627,269.61132339527154
HENRY MILLER RECLAMATION DIST. 2131,Pasture,0.65,539.0958288,200,5,5.467088445086314e-20,2479.941649,1.8443638962703035e-08,539095.8288,5.467088445086314e-17,269.61132339527154
HENRY MILLER RECLAMATION DIST. 2131,Tomato Processing,0.65,10615.20198,97,48.5,9656.472314022018,25260.580683415705,22921.681168769705,49939217.71,45428874.001316585,269.61132339527154
HENRY MILLER RECLAMATION DIST. 2131,Truck Crops,0.65,621.5500005,910,18.1,593.7606415409359,1658.1292442370166,1580.0346609524856,10237550.06,9779831.526820755,269.61132339527154
HENRY MILLER RECLAMATION DIST. 2131,Vineyard,0.65,45.41249677,1501.721891,10.6898472,43.766773864315965,140.7099180293325,135.27164308913447,729014.8737141341,702595.7917083133,269.61132339527154
HENRY MILLER RECLAMATION DIST. 2131,Alfalfa,0.7,3708.141917,281.5865269,6.820673657,3.4574054327818647e-18,15333.03836934271,5.904613170131944e-08,7121893.728545332,6.6403267781856374e-15,216.75732694036213
HENRY MILLER RECLAMATION DIST. 2131,Almonds & Pistachios,0.7,482.3624499,5084.931574,1.008661116,397.40853135692225,1862.4996888363683,1530.6390985291541,2474023.8641579705,2038297.530416861,216.75732694036213
HENRY MILLER RECLAMATION DIST. 2131,Citrus & Subtropical,0.7,5.731683796,872,7.8,5.554549844347246,18.61344742489847,17.99311533061875,38984.62051,37779.82622131223,216.75732694036213
HENRY MILLER RECLAMATION DIST. 2131,Corn,0.7,3153.419258,62,26.2,2945.813323075215,7618.122528290985,7098.790509108065,5122414.242695199,4785179.162003379,216.75732694036213
HENRY MILLER RECLAMATION DIST. 2131,Cotton,0.7,11606.96075,3922.445125,0.8,8737.401160733221,42180.247125593174,31672.75052336871,36422133.28792308,27417581.270469896,216.75732694036213
HENRY MILLER RECLAMATION DIST. 2131,Cucurbits,0.7,1109.713777,372,15.4,1107.4368848677843,2551.9279036851144,2540.3251456978064,6357328.286,6344284.426030563,216.75732694036213
HENRY MILLER RECLAMATION DIST. 2131,Grain,0.7,3404.89204,189.1543272,4.470285142,3438.9409947472864,1588.9161633324456,1600.7932933234001,2879087.4273993834,2907878.3307165415,216.75732694036213
HENRY MILLER RECLAMATION DIST. 2131,Lettuce,0.7,369.5729814,674,15.2,357.3769092005259,1229.233874331838,1185.6969283107746,3786201.28,3661254.9593775477,216.75732694036213
HENRY MILLER RECLAMATION DIST. 2131,Onions & Garlic,0.7,772.3914929,2039,6.5,733.4439088238636,1143.774343877649,1083.3846425730437,10236890.65115015,9720698.845597075,216.75732694036213
HENRY MILLER RECLAMATION DIST. 2131,Other Deciduous,0.7,96.43715622,3553,6.1,94.28092452863933,332.3067397864645,324.0645214681853,2090111.417902926,2043378.7615865588,216.75732694036213
HENRY MILLER RECLAMATION DIST. 2131,Pasture,0.7,539.0958288,200,5,1.4836816124196618e-19,2479.941649,5.9046017974688e-08,539095.8288,1.4836816124196619e-16,216.75732694036213
HENRY MILLER RECLAMATION DIST. 2131,Tomato Processing,0.7,10615.20198,97,48.5,9943.005448790507,25260.580683415705,23601.828218943134,49939217.71,46776869.13383494,216.75732694036213
HENRY MILLER RECLAMATION DIST. 2131,Truck Crops,0.7,621.5500005,910,18.1,596.3154261278396,1658.1292442370166,1586.8331045394643,10237550.06,9821911.383751646,216.75732694036213
HENRY MILLER RECLAMATION DIST. 2131,Vineyard,0.7,45.41249677,1501.721891,10.6898472,43.85042077804813,140.7099180293325,135.53017384942305,729014.8737141341,703938.5904661062,216.75732694036213
HENRY MILLER RECLAMATION DIST. 2131,Alfalfa,0.75,3708.141917,281.5865269,6.820673657,121.30199892433703,15333.03836934271,500.32560954017566,7121893.728545332,232973.80864488863,162.7338020469168
HENRY MILLER RECLAMATION DIST. 2131,Almonds & Pistachios,0.75,482.3624499,5084.931574,1.008661116,411.8232417777442,1862.4996888363683,1586.1580861993364,2474023.8641579705,2112230.1874539778,162.7338020469168
HENRY MILLER RECLAMATION DIST. 2131,Citrus & Subtropical,0.75,5.731683796,872,7.8,5.582208295361781,18.61344742489847,18.082710628182838,38984.62051,37967.94794173269,162.7338020469168
HENRY MILLER RECLAMATION DIST. 2131,Corn,0.75,3153.419258,62,26.2,3134.697015699877,7618.122528290985,7553.960479972582,5122414.242695199,5092001.832,162.7338020469168
HENRY MILLER RECLAMATION DIST. 2131,Cotton,0.75,11606.96075,3922.445125,0.8,9693.916324168518,42180.247125593174,35140.08200839122,36422133.28792308,30419083.862314183,162.7338020469168
HENRY MILLER RECLAMATION DIST. 2131,Cucurbits,0.75,1109.713777,372,15.4,1108.896568,2551.9279036851144,2543.673481471022,6357328.286,6352646.660582851,162.7338020469168
HENRY MILLER RECLAMATION DIST. 2131,Grain,0.75,3404.89204,189.1543272,4.470285142,3438.940994769749,1588.9161633324456,1600.7932933070902,2879087.4273993834,2907878.3307355354,162.7338020469168
HENRY MILLER RECLAMATION DIST. 2131,Lettuce,0.75,369.5729814,674,15.2,359.38505096923114,1229.233874331838,1192.3594950726613,3786201.28,3681827.970169579,162.7338020469168
HENRY MILLER RECLAMATION DIST. 2131,Onions & Garlic,0.75,772.3914929,2039,6.5,735.7384912754933,1143.774343877649,1086.7740161010788,10236890.65115015,9751110.094,162.7338020469168
HENRY MILLER RECLAMATION DIST. 2131,Other Deciduous,0.75,96.43715622,3553,6.1,94.41358842788259,332.3067397864645,324.52051678901506,2090111.417902926,2046254.0260740276,162.7338020469168
HENRY MILLER RECLAMATION DIST. 2131,Pasture,0.75,539.0958288,200,5,5.952052582334721e-19,2479.941649,3.2733731048083e-08,539095.8288,5.9520525823347205e-16,162.7338020469168
HENRY MILLER RECLAMATION DIST. 2131,Tomato Processing,0.75,10615.20198,97,48.5,10225.462033099522,25260.580683415705,24272.298713624892,49939217.71,48105686.134716704,162.7338020469168
HENRY MILLER RECLAMATION DIST. 2131,Truck Crops,0.75,621.5500005,910,18.1,598.9005394526245,1658.1292442370166,1593.7122547445238,10237550.06,9864490.785324177,162.7338020469168
HENRY MILLER RECLAMATION DIST. 2131,Vineyard,0.75,45.41249677,1501.721891,10.6898472,43.93471113688104,140.7099180293325,135.79069326052706,729014.8737141341,705291.7185623462,162.7338020469168
HENRY MILLER RECLAMATION DIST. 2131,Alfalfa,0.8,3708.141917,281.5865269,6.820673657,1013.7523499010666,15333.03836934271,4181.351229573508,7121893.728545332,1947022.7042711375,143.9343670013601
HENRY MILLER RECLAMATION DIST. 2131,Almonds & Pistachios,0.8,482.3624499,5084.931574,1.008661116,416.5970207,1862.4996888363683,1604.5445376391467,2474023.8641579705,2136714.769441524,143.9343670013601
HENRY MILLER RECLAMATION DIST. 2131,Citrus & Subtropical,0.8,5.731683796,872,7.8,5.591597200507039,18.61344742489847,18.11312458382413,38984.62051,38031.80751896867,143.9343670013601
HENRY MILLER RECLAMATION DIST. 2131,Corn,0.8,3153.419258,62,26.2,3184.9534801101245,7618.122528290985,7675.067988663117,5122414.242695199,5173638.433090886,143.9343670013601
HENRY MILLER RECLAMATION DIST. 2131,Cotton,0.8,11606.96075,3922.445125,0.8,10001.326703426494,42180.247125593174,36254.43306916939,36422133.28792308,31383724.13711006,143.9343670013601
HENRY MILLER RECLAMATION DIST. 2131,Cucurbits,0.8,1109.713777,372,15.4,1109.3956433870483,2551.9279036851144,2544.8182988495946,6357328.286,6355505.761835722,143.9343670013601
HENRY MILLER RECLAMATION DIST. 2131,Grain,0.8,3404.89204,189.1543272,4.470285142,3438.940994759587,1588.9161633324456,1600.793293,2879087.4273993834,2907878.3307269425,143.9343670013601
HENRY MILLER RECLAMATION DIST. 2131,Lettuce,0.8,369.5729814,674,15.2,360.0737438,1229.233874331838,1194.6444243693563,3786201.28,3688883.49,143.9343670013601
HENRY MILLER RECLAMATION DIST. 2131,Onions & Garlic,0.8,772.3914929,2039,6.5,736.5330904983127,1143.774343877649,1087.9477345127198,10236890.65115015,9761641.314919388,143.9343670013601
HENRY MILLER RECLAMATION DIST. 2131,Other Deciduous,0.8,96.43715622,3553,6.1,94.45942631823019,332.3067397864645,324.6780719,2090111.417902926,2047247.4844228982,143.9343670013601
HENRY MILLER RECLAMATION DIST. 2131,Pasture,0.8,539.0958288,200,5,5.8028916476575136e-08,2479.941649,3.5718843771922656e-07,539095.8288,5.802891647657514e-05,143.9343670013601
HENRY MILLER RECLAMATION DIST. 2131,Tomato Processing,0.8,10615.20198,97,48.5,10321.418354703723,25260.580683415705,24500.071355555636,49939217.71,48557112.64970367,143.9343670013601
HENRY MILLER RECLAMATION DIST. 2131,Truck Crops,0.8,621.5500005,910,18.1,599.7940074043993,1658.1292442370166,1596.0898295691247,10237550.06,9879207.096,143.9343670013601
HENRY MILLER RECLAMATION DIST. 2131,Vineyard,0.8,45.41249677,1501.721891,10.6898472,43.96376300392209,140.7099180293325,135.88048500969185,729014.8737141341,705758.0933421641,143.9343670013601
HENRY MILLER RECLAMATION DIST. 2131,Alfalfa,0.85,3708.141917,281.5865269,6.820673657,1903.9526738579245,15333.03836934271,7853.096325324507,7121893.728545332,3656750.1759388214,122.59550282462878
HENRY MILLER RECLAMATION DIST. 2131,Almonds & Pistachios,0.85,482.3624499,5084.931574,1.008661116,421.8762714499157,1862.4996888363683,1624.877839461622,2474023.8641579705,2163791.902759961,122.59550282462878
HENRY MILLER RECLAMATION DIST. 2131,Citrus & Subtropical,0.85,5.731683796,872,7.8,5.602112951769165,18.61344742489847,18.14718873200011,38984.62051,38103.33145275315,122.59550282462878
HENRY MILLER RECLAMATION DIST. 2131,Corn,0.85,3153.419258,62,26.2,3184.9534822713767,7618.122528290985,7675.067993864757,5122414.242695199,5173638.436601624,122.59550282462878
HENRY MILLER RECLAMATION DIST. 2131,Cotton,0.85,11606.96075,3922.445125,0.8,10336.342477234817,42180.247125593174,37468.85264654963,36422133.28792308,32434988.92812811,122.59550282462878
HENRY MILLER RECLAMATION DIST. 2131,Cucurbits,0.85,1109.713777,372,15.4,1109.9567468031523,2551.9279036851144,2546.1054016292696,6357328.286,6358720.211085899,122.59550282462878
HENRY MILLER RECLAMATION DIST. 2131,Grain,0.85,3404.89204,189.1543272,4.470285142,3438.940994770513,1588.9161633324456,1600.7932933182517,2879087.4273993834,2907878.3307361812,122.59550282462878
HENRY MILLER RECLAMATION DIST. 2131,Lettuce,0.85,369.5729814,674,15.2,360.8492949423389,1229.233874331838,1197.2175302200774,3786201.28,3696828.856825273,122.59550282462878
HENRY MILLER RECLAMATION DIST. 2131,Onions & Garlic,0.85,772.3914929,2039,6.5,737.4326149030089,1143.774343877649,1089.2764399505718,10236890.65115015,9773563.162,122.59550282462878
HENRY MILLER RECLAMATION DIST. 2131,Other Deciduous,0.85,96.43715622,3553,6.1,94.51125372033317,332.3067397864645,324.8562141484957,2090111.417902926,2048370.7552568968,122.59550282462878
HENRY MILLER RECLAMATION DIST. 2131,Pasture,0.85,539.0958288,200,5,1.737356773412647e-07,2479.941649,8.554646533608327e-07,539095.8288,0.000173736,122.59550282462878
HENRY MILLER RECLAMATION DIST. 2131,Tomato Processing,0.85,10615.20198,97,48.5,10428.93474812868,25260.580683415705,24755.284274947884,49939217.71,49062923.52257138,122.59550282462878
HENRY MILLER RECLAMATION DIST. 2131,Truck Crops,0.85,621.5500005,910,18.1,600.8043836819459,1658.1292442370166,1598.7785047936097,10237550.06,9895849.004,122.59550282462878
HENRY MILLER RECLAMATION DIST. 2131,Vineyard,0.85,45.41249677,1501.721891,10.6898472,43.99656688915681,140.7099180293325,135.98187321271007,729014.8737141341,706284.6999,122.59550282462878
HENRY MILLER RECLAMATION DIST. 2131,Alfalfa,0.9,3708.141917,281.5865269,6.820673657,2354.7279213766283,15333.03836934271,9712.376489387963,7121893.728545332,4522513.536712299,110.69299979932633
HENRY MILLER RECLAMATION DIST. 2131,Almonds & Pistachios,0.9,482.3624499,5084.931574,1.008661116,424.75939048496815,1862.4996888363683,1635.9823185406028,2474023.8641579705,2178579.3417436685,110.69299979932633
HENRY MILLER RECLAMATION DIST. 2131,Citrus & Subtropical,0.9,5.731683796,872,7.8,5.607914639207767,18.61344742489847,18.16598241639903,38984.62051,38142.79221003554,110.69299979932633
HENRY MILLER RECLAMATION DIST. 2131,Corn,0.9,3153.419258,62,26.2,3184.953482324025,7618.122528290985,7675.067993996048,5122414.242695199,5173638.436687146,110.69299979932633
HENRY MILLER RECLAMATION DIST. 2131,Cotton,0.9,11606.96075,3922.445125,0.8,10517.210671317178,42180.247125593174,38124.493046186384,36422133.28792308,33002545.38104484,110.69299979932633
HENRY MILLER RECLAMATION DIST. 2131,Cucurbits,0.9,1109.713777,372,15.4,1110.2672742580942,2551.9279036851144,2546.817713743387,6357328.286,6360499.161,110.69299979932633
HENRY MILLER RECLAMATION DIST. 2131,Grain,0.9,3404.89204,189.1543272,4.470285142,3438.9409947707286,1588.9161633324456,1600.793293322647,2879087.4273993834,2907878.330736364,110.69299979932633
HENRY MILLER RECLAMATION DIST. 2131,Lettuce,0.9,369.5729814,674,15.2,361.2790742521976,1229.233874331838,1198.6434421811277,3786201.28,3701231.8598989137,110.69299979932633
HENRY MILLER RECLAMATION DIST. 2131,Onions & Garlic,0.9,772.3914929,2039,6.5,737.9332485,1143.774343877649,1090.0159357940602,10236890.65115015,9780198.308600618,110.69299979932633
HENRY MILLER RECLAMATION DIST. 2131,Other Deciduous,0.9,96.43715622,3553,6.1,94.54006946491448,332.3067397864645,324.95526028103075,2090111.417902926,2048995.287533931,110.69299979932633
HENRY MILLER RECLAMATION DIST. 2131,Pasture,0.9,539.0958288,200,5,544.4867914864235,2479.941649,2498.479207819964,539095.8288,544486.7914864235,110.69299979932633
HENRY MILLER RECLAMATION DIST. 2131,Tomato Processing,0.9,10615.20198,97,48.5,10488.272569676947,25260.580683415705,24896.135155331318,49939217.71,49342078.30404519,110.69299979932633
HENRY MILLER RECLAMATION DIST. 2131,Truck Crops,0.9,621.5500005,910,18.1,601.3662210778592,1658.1292442370166,1600.2735896822783,10237550.06,9905103.027,110.69299979932633
HENRY MILLER RECLAMATION DIST. 2131,Vineyard,0.9,45.41249677,1501.721891,10.6898472,44.01478552870992,140.7099180293325,136.03818226374594,729014.8737141341,706577.1669917183,110.69299979932633
HENRY MILLER RECLAMATION DIST. 2131,Alfalfa,0.95,3708.141917,281.5865269,6.820673657,3209.676425544214,15333.03836934271,13238.720945624162,7121893.728545332,6164536.018,85.86579322871934
HENRY MILLER RECLAMATION DIST. 2131,Almonds & Pistachios,0.95,482.3624499,5084.931574,1.008661116,430.63805325618677,1862.4996888363683,1658.6242861353057,2474023.8641579705,2208730.842940221,85.86579322871934
HENRY MILLER RECLAMATION DIST. 2131,Citrus & Subtropical,0.95,5.731683796,872,7.8,5.619872806693676,18.61344742489847,18.204719084978283,38984.62051,38224.12688,85.86579322871934
HENRY MILLER RECLAMATION DIST. 2131,Corn,0.95,3153.419258,62,26.2,3184.9534823672643,7618.122528290985,7675.067994112152,5122414.242695199,5173638.436757384,85.86579322871934
HENRY MILLER RECLAMATION DIST. 2131,Cotton,0.95,11606.96075,3922.445125,0.8,10881.645719579676,42180.247125593174,39445.55638679916,36422133.28792308,34146126.563793935,85.86579322871934
HENRY MILLER RECLAMATION DIST. 2131,Cucurbits,0.95,1109.713777,372,15.4,1110.9094578434645,2551.9279036851144,2548.2908045810373,6357328.286,6364178.102,85.86579322871934
HENRY MILLER RECLAMATION DIST. 2131,Grain,0.95,3404.89204,189.1543272,4.470285142,3438.9409947711615,1588.9161633324456,1600.7932933343775,2879087.4273993834,2907878.331,85.86579322871934
HENRY MILLER RECLAMATION DIST. 2131,Lettuce,0.95,369.5729814,674,15.2,362.16915982308905,1229.233874331838,1201.5965477271475,3786201.28,3710350.6085555824,85.86579322871934
HENRY MILLER RECLAMATION DIST. 2131,Onions & Garlic,0.95,772.3914929,2039,6.5,738.9749703401253,1143.774343877649,1091.554683982211,10236890.65115015,9794004.769,85.86579322871934
HENRY MILLER RECLAMATION DIST. 2131,Other Deciduous,0.95,96.43715622,3553,6.1,94.59996336153617,332.3067397864645,325.16112894777643,2090111.417902926,2050293.3859235817,85.86579322871934
HENRY MILLER RECLAMATION DIST. 2131,Pasture,0.95,539.0958288,200,5,544.4867924587245,2479.941649,2498.4792122932927,539095.8288,544486.7924587245,85.86579322871934
HENRY MILLER RECLAMATION DIST. 2131,Tomato Processing,0.95,10615.20198,97,48.5,10610.620143772378,25260.580683415705,25186.553021621276,49939217.71,49917662.46637715,85.86579322871934
HENRY MILLER RECLAMATION DIST. 2131,Truck Crops,0.95,621.5500005,910,18.1,602.5341756169397,1658.1292442370166,1603.381590675023,10237550.06,9924340.406586614,85.86579322871934
HENRY MILLER RECLAMATION DIST. 2131,Vineyard,0.95,45.41249677,1501.721891,10.6898472,44.05260745510849,140.7099180293325,136.15507995134615,729014.8737141341,707184.3290915414,85.86579322871934
HENRY MILLER RECLAMATION DIST. 2131,Alfalfa,1,3708.141917,281.5865269,6.820673657,3745.223373553817,15333.03836934271,15447.652831094643,7121893.728545332,7193112.737630511,2.101322500325716e-08
HENRY MILLER RECLAMATION DIST. 2131,Almonds & Pistachios,1,482.3624499,5084.931574,1.008661116,441.26415517183574,1862.4996888363683,1699.5512563181417,2474023.8641579705,2263231.830170343,2.101322500325716e-08
HENRY MILLER RECLAMATION DIST. 2131,Citrus & Subtropical,1,5.731683796,872,7.8,5.6384959242213455,18.61344742489847,18.26504600861413,38984.62051,38350.793878183904,2.101322500325716e-08
HENRY MILLER RECLAMATION DIST. 2131,Corn,1,3153.419258,62,26.2,3184.9534823846507,7618.122528290985,7675.067994309294,5122414.242695199,5173638.436785626,2.101322500325716e-08
HENRY MILLER RECLAMATION DIST. 2131,Cotton,1,11606.96075,3922.445125,0.8,11494.211758354124,42180.247125593174,41666.08523396236,36422133.28792308,36068331.90181905,2.101322500325716e-08
HENRY MILLER RECLAMATION DIST. 2131,Cucurbits,1,1109.713777,372,15.4,1111.430163562543,2551.9279036851144,2549.4852403828186,6357328.286,6367161.121017097,2.101322500325716e-08
HENRY MILLER RECLAMATION DIST. 2131,Grain,1,3404.89204,189.1543272,4.470285142,3438.940994765967,1588.9161633324456,1600.793293476455,2879087.4273993834,2907878.330732337,2.101322500325716e-08
HENRY MILLER RECLAMATION DIST. 2131,Lettuce,1,369.5729814,674,15.2,363.60522286117634,1229.233874331838,1206.361085073658,3786201.28,3725062.787168179,2.101322500325716e-08
HENRY MILLER RECLAMATION DIST. 2131,Onions & Garlic,1,772.3914929,2039,6.5,738.3087468934718,1143.774343877649,1090.570592256757,10236890.65115015,9785174.977,2.101322500325716e-08
HENRY MILLER RECLAMATION DIST. 2131,Other Deciduous,1,96.43715622,3553,6.1,94.70096823963914,332.3067397864645,325.50830541140857,2090111.417902926,2052482.4949481708,2.101322500325716e-08
HENRY MILLER RECLAMATION DIST. 2131,Pasture,1,539.0958288,200,5,544.4867925,2479.941649,2498.4792126701504,539095.8288,544486.7925,2.101322500325716e-08
HENRY MILLER RECLAMATION DIST. 2131,Tomato Processing,1,10615.20198,97,48.5,10720.101261075328,25260.580683415705,25446.429629328937,49939217.71,50432716.38272888,2.101322500325716e-08
HENRY MILLER RECLAMATION DIST. 2131,Truck Crops,1,621.5500005,910,18.1,603.9096141769959,1658.1292442370166,1607.0417200834759,10237550.06,9946995.255109299,2.101322500325716e-08
HENRY MILLER RECLAMATION DIST. 2131,Vineyard,1,45.41249677,1501.721891,10.6898472,44.10888275371735,140.7099180293325,136.3290123325163,729014.8737141341,708087.7264518836,2.101322500325716e-08
JAMES I.D.,Alfalfa,0.5,1366.866941,264,7.7,2.2533109577300835e-10,6184.431761317053,9.49085723208886e-09,2778567.118,4.580530514873714e-07,424.46793517923544
JAMES I.D.,Almonds & Pistachios,0.5,11747.80143,4706.761177,1.204129409,7548.4800530481425,47666.77984058819,30551.436030593122,66581246.759366825,42781384.76078726,424.46793517923544
JAMES I.D.,Corn,0.5,1119.139446,71,20.6,6.273752889722934e-07,2552.127380206174,1.547322670300842e-06,1636853.354,0.000917599,424.46793517923544
JAMES I.D.,Cotton,0.5,3617.99277,3438,0.8,2.9920974207909594e-07,13564.946482946629,1.1479554113332651e-06,9950927.315,0.000822946,424.46793517923544
JAMES I.D.,Dry Beans,0.5,30.06125249,1030,1.5,3.0635636381115943e-08,57.711055425903766,8.432585752285824e-08,46444.6351,4.7332058208824134e-05,424.46793517923544
JAMES I.D.,Grain,0.5,614.0946858,303,2.9,620.2356377959037,439.39982862719387,442.5517048672892,539605.0004,545001.0549312605,424.46793517923544
JAMES I.D.,Onions & Garlic,0.5,619.2037239,2366,7.7,578.9208926141636,776.2522968995512,723.9381469447518,11280777.28275498,10546896.605823355,424.46793517923544
JAMES I.D.,Other Deciduous,0.5,290.231365,1787.850878,4.718225356,276.6546210270527,1016.4403597039591,966.4700175,2448241.845748865,2333715.448081307,424.46793517923544
JAMES I.D.,Pasture,0.5,4.2751005,170,5,1.1507075371278734e-10,20.384509797551246,8.739571309766343e-09,3633.8354249999998,9.781014065586924e-08,424.46793517923544
JAMES I.D.,Tomato Processing,0.5,671.8933679,93,51.2,528.8834668,1491.7417781492854,1171.2947306598521,3199287.4605926406,2518331.5153685897,424.46793517923544
JAMES I.D.,Vineyard,0.5,1694.099139,1492.427601,10.07028874,1606.7363203058007,6791.501110041341,6425.167668611304,25460915.58791796,24147924.33428414,424.46793517923544
JAMES I.D.,Alfalfa,0.55,1366.866941,264,7.7,1.0001840128637726e-21,6184.431761317053,1.000184012864032e-08,2778567.118,2.033174061349477e-18,404.50363740713715
JAMES I.D.,Almonds & Pistachios,0.55,11747.80143,4706.761177,1.204129409,8153.280747,47666.77984058819,32999.28375363223,66581246.759366825,46209122.66385151,404.50363740713715
JAMES I.D.,Corn,0.55,1119.139446,71,20.6,355.83239598840515,2552.127380206174,809.4248404584054,1636853.354,520440.4623726414,404.50363740713715
JAMES I.D.,Cotton,0.55,3617.99277,3438,0.8,183.3653014362567,13564.946482946629,685.7731019798191,9950927.315,504327.9250702804,404.50363740713715
JAMES I.D.,Dry Beans,0.55,30.06125249,1030,1.5,7.705441291346866e-19,57.711055425903766,1.0001840128911519e-08,46444.6351,1.1904906795130908e-15,404.50363740713715
JAMES I.D.,Grain,0.55,614.0946858,303,2.9,620.2356387481296,439.39982862719387,442.68434051092527,539605.0004,545001.0557679815,404.50363740713715
JAMES I.D.,Onions & Garlic,0.55,619.2037239,2366,7.7,580.3461376147942,776.2522968995512,725.7204098409497,11280777.28275498,10572862.004293844,404.50363740713715
JAMES I.D.,Other Deciduous,0.55,290.231365,1787.850878,4.718225356,278.28329532164355,1016.4403597039591,972.1596563103885,2448241.845748865,2347454.1029682895,404.50363740713715
JAMES I.D.,Pasture,0.55,4.2751005,170,5,1.0001840121697583e-21,20.384509797551246,1.0001840121700623e-08,3633.8354249999998,8.501564103442946e-19,404.50363740713715
JAMES I.D.,Tomato Processing,0.55,671.8933679,93,51.2,552.7954436710058,1491.7417781492854,1224.2515241798253,3199287.4605926406,2632190.7845838615,404.50363740713715
JAMES I.D.,Vineyard,0.55,1694.099139,1492.427601,10.07028874,1612.8577200227694,6791.501110041341,6449.646495071531,25460915.58791796,24239923.93329559,404.50363740713715
JAMES I.D.,Alfalfa,0.6,1366.866941,264,7.7,1.1709057259803669e-21,6184.431761317053,1.1709057259806322e-08,2778567.118,2.38021715977289e-18,368.7611180952778
JAMES I.D.,Almonds & Pistachios,0.6,11747.80143,4706.761177,1.204129409,8445.01348,47666.77984058819,34180.03191245174,66581246.759366825,47862532.38368986,368.7611180952778
JAMES I.D.,Corn,0.6,1119.139446,71,20.6,600.3439809208601,2552.127380206174,1365.6241996259955,1636853.354,878063.1065,368.7611180952778
JAMES I.D.,Cotton,0.6,3617.99277,3438,0.8,784.3071423337751,13564.946482946629,2933.252571114673,9950927.315,2157158.364274815,368.7611180952778
JAMES I.D.,Dry Beans,0.6,30.06125249,1030,1.5,2.8126356196685995e-19,57.711055425903766,1.1709057261811183e-08,46444.6351,4.3455220323879864e-16,368.7611180952778
JAMES I.D.,Grain,0.6,614.0946858,303,2.9,620.2356387750082,439.39982862719387,442.68434053188037,539605.0004,545001.0557915997,368.7611180952778
JAMES I.D.,Onions & Garlic,0.6,619.2037239,2366,7.7,581.0987747832214,776.2522968995512,726.6615795,11280777.28275498,10586573.698755685,368.7611180952778
JAMES I.D.,Other Deciduous,0.6,290.231365,1787.850878,4.718225356,279.1193579470088,1016.4403597039591,975.0803718858328,2448241.845748865,2354506.6953202076,368.7611180952778
JAMES I.D.,Pasture,0.6,4.2751005,170,5,1.1709057259802157e-21,20.384509797551246,1.1709057259805373e-08,3633.8354249999998,9.952698670831833e-19,368.7611180952778
JAMES I.D.,Tomato Processing,0.6,671.8933679,93,51.2,565.0255323932889,1491.7417781492854,1251.336958640856,3199287.4605926406,2690425.5750438846,368.7611180952778
JAMES I.D.,Vineyard,0.6,1694.099139,1492.427601,10.07028874,1616.0364775708013,6791.501110041341,6462.358008447239,25460915.58791796,24287698.042697873,368.7611180952778
JAMES I.D.,Alfalfa,0.65,1366.866941,264,7.7,6.3165196966585e-21,6184.431761317053,6.316519696656144e-08,2778567.118,1.28402212393674e-17,323.97978400262895
JAMES I.D.,Almonds & Pistachios,0.65,11747.80143,4706.761177,1.204129409,8786.679384,47666.77984058819,35562.87772302535,66581246.759366825,49798940.82699633,323.97978400262895
JAMES I.D.,Corn,0.65,1119.139446,71,20.6,768.0813485020491,2552.127380206174,1747.1824656506265,1636853.354,1123395.780319097,323.97978400262895
JAMES I.D.,Cotton,0.65,3617.99277,3438,0.8,1375.2927423130548,13564.946482946629,5143.496412,9950927.315,3782605.158457826,323.97978400262895
JAMES I.D.,Dry Beans,0.65,30.06125249,1030,1.5,2.2496604065689973e-06,57.711055425903766,4.384288713014751e-06,46444.6351,0.003475725,323.97978400262895
JAMES I.D.,Grain,0.65,614.0946858,303,2.9,620.2356386627627,439.39982862719387,442.68434050438634,539605.0004,545001.0556929695,323.97978400262895
JAMES I.D.,Onions & Garlic,0.65,619.2037239,2366,7.7,582.0386058729077,776.2522968995512,727.8368343522015,11280777.28275498,10603695.72951381,323.97978400262895
JAMES I.D.,Other Deciduous,0.65,290.231365,1787.850878,4.718225356,280.14136191910893,1016.4403597039591,978.6506582,2448241.845748865,2363127.792805716,323.97978400262895
JAMES I.D.,Pasture,0.65,4.2751005,170,5,6.316519696657721e-21,20.384509797551246,6.316519696655785e-08,3633.8354249999998,5.369041742159063e-18,323.97978400262895
JAMES I.D.,Tomato Processing,0.65,671.8933679,93,51.2,579.9357138195394,1491.7417781492854,1284.3578754664802,3199287.4605926406,2761421.894923119,323.97978400262895
JAMES I.D.,Vineyard,0.65,1694.099139,1492.427601,10.07028874,1619.9554215402397,6791.501110041341,6478.029448654711,25460915.58791796,24346596.54,323.97978400262895
JAMES I.D.,Alfalfa,0.7,1366.866941,264,7.7,1.8410060237700607e-21,6184.431761317053,1.8410060237702413e-08,2778567.118,3.742397045119779e-18,269.9890818550827
JAMES I.D.,Almonds & Pistachios,0.7,11747.80143,4706.761177,1.204129409,9168.084738867707,47666.77984058819,37106.5635,66581246.759366825,51960574.57615165,269.9890818550827
JAMES I.D.,Corn,0.7,1119.139446,71,20.6,898.3642927541841,2552.127380206174,2043.5417981218318,1636853.354,1313947.615,269.9890818550827
JAMES I.D.,Cotton,0.7,3617.99277,3438,0.8,1938.9105408388173,13564.946482946629,7251.386634238061,9950927.315,5332779.551523083,269.9890818550827
JAMES I.D.,Dry Beans,0.7,30.06125249,1030,1.5,9.134269104872303,57.711055425903766,17.49030701,46444.6351,14112.445767027708,269.9890818550827
JAMES I.D.,Grain,0.7,614.0946858,303,2.9,620.2356388123835,439.39982862719387,442.68434056555975,539605.0004,545001.0558244414,269.9890818550827
JAMES I.D.,Onions & Garlic,0.7,619.2037239,2366,7.7,583.1671083858837,776.2522968995512,729.2480219621591,11280777.28275498,10624255.013995707,269.9890818550827
JAMES I.D.,Other Deciduous,0.7,290.231365,1787.850878,4.718225356,281.3378315426551,1016.4403597039591,982.8304257574434,2448241.845748865,2373220.592388329,269.9890818550827
JAMES I.D.,Pasture,0.7,4.2751005,170,5,1.841006023770462e-21,20.384509797551246,1.841006023770756e-08,3633.8354249999998,1.5648551202048928e-18,269.9890818550827
JAMES I.D.,Tomato Processing,0.7,671.8933679,93,51.2,597.3372342460844,1491.7417781492854,1322.8962500543241,3199287.4605926406,2844280.9745861557,269.9890818550827
JAMES I.D.,Vineyard,0.7,1694.099139,1492.427601,10.07028874,1624.5894171240905,6791.501110041341,6496.5603041233835,25460915.58791796,24416241.683965173,269.9890818550827
JAMES I.D.,Alfalfa,0.75,1366.866941,264,7.7,1.1983355593103838e-08,6184.431761317053,8.531193463032374e-08,2778567.118,2.435976524966148e-05,205.81331441594855
JAMES I.D.,Almonds & Pistachios,0.75,11747.80143,4706.761177,1.204129409,9584.520111256152,47666.77984058819,38792.02846205276,66581246.759366825,54320742.68535367,205.81331441594855
JAMES I.D.,Corn,0.75,1119.139446,71,20.6,1007.0578223142129,2552.127380206174,2290.790907010933,1636853.354,1472922.770916768,205.81331441594855
JAMES I.D.,Cotton,0.75,3617.99277,3438,0.8,2475.0739291203645,13564.946482946629,9255.246831524344,9950927.315,6807443.334652651,205.81331441594855
JAMES I.D.,Dry Beans,0.75,30.06125249,1030,1.5,19.25835787228073,57.711055425903766,36.87942134179117,46444.6351,29754.162912673728,205.81331441594855
JAMES I.D.,Grain,0.75,614.0946858,303,2.9,620.2356388195565,439.39982862719387,442.6843405771115,539605.0004,545001.0558307442,205.81331441594855
JAMES I.D.,Onions & Garlic,0.75,619.2037239,2366,7.7,584.5020044310295,776.2522968995512,730.9173038733617,11280777.28275498,10648574.417125382,205.81331441594855
JAMES I.D.,Other Deciduous,0.75,290.231365,1787.850878,4.718225356,282.71235190431634,1016.4403597039591,987.6321989,2448241.845748865,2384815.3360069343,205.81331441594855
JAMES I.D.,Pasture,0.75,4.2751005,170,5,1.8807251176772992e-11,20.384509797551246,2.569642613305042e-08,3633.8354249999998,1.5986163500257044e-08,205.81331441594855
JAMES I.D.,Tomato Processing,0.75,671.8933679,93,51.2,617.2591812623589,1491.7417781492854,1367.016501555697,3199287.4605926406,2939141.3174988483,205.81331441594855
JAMES I.D.,Vineyard,0.75,1694.099139,1492.427601,10.07028874,1629.9736892680457,6791.501110041341,6518.091435817779,25460915.58791796,24497162.862309285,205.81331441594855
JAMES I.D.,Alfalfa,0.8,1366.866941,264,7.7,16.673891752574008,6184.431761317053,75.25293455775918,2778567.118,33894.68715463244,131.90349051028718
JAMES I.D.,Almonds & Pistachios,0.8,11747.80143,4706.761177,1.204129409,10022.42892634574,47666.77984058819,40564.40423277204,66581246.759366825,56802612.595167235,131.90349051028718
JAMES I.D.,Corn,0.8,1119.139446,71,20.6,1099.8914098156633,2552.127380206174,2501.962831253519,1636853.354,1608701.1759963892,131.90349051028718
JAMES I.D.,Cotton,0.8,3617.99277,3438,0.8,2974.934906672714,13564.946482946629,11126.043603187061,9950927.315,8182260.967312633,131.90349051028718
JAMES I.D.,Dry Beans,0.8,30.06125249,1030,1.5,28.855949836241503,57.711055425903766,55.25864361492685,46444.6351,44582.44249699312,131.90349051028718
JAMES I.D.,Grain,0.8,614.0946858,303,2.9,620.2356388082092,439.39982862719387,442.6843406160416,539605.0004,545001.0558207734,131.90349051028718
JAMES I.D.,Onions & Garlic,0.8,619.2037239,2366,7.7,586.0307262,776.2522968995512,732.8289640654339,11280777.28275498,10676424.97582995,131.90349051028718
JAMES I.D.,Other Deciduous,0.8,290.231365,1787.850878,4.718225356,284.2356965714919,1016.4403597039591,992.9538774124902,2448241.845748865,2397665.484576086,131.90349051028718
JAMES I.D.,Pasture,0.8,4.2751005,170,5,2.242562016988008e-08,20.384509797551246,2.1089799685922556e-07,3633.8354249999998,1.906177714439807e-05,131.90349051028718
JAMES I.D.,Tomato Processing,0.8,671.8933679,93,51.2,639.2554292080689,1491.7417781492854,1415.7306152666786,3199287.4605926406,3043878.6517171413,131.90349051028718
JAMES I.D.,Vineyard,0.8,1694.099139,1492.427601,10.07028874,1636.0157964471828,6791.501110041341,6542.253179896485,25460915.58791796,24587970.75974554,131.90349051028718
JAMES I.D.,Alfalfa,0.85,1366.866941,264,7.7,537.1392227,6184.431761317053,2424.227248812934,2778567.118,1091896.6118892978,96.52675887
JAMES I.D.,Almonds & Pistachios,0.85,11747.80143,4706.761177,1.204129409,10218.41901231705,47666.77984058819,41357.64718129914,66581246.759366825,57913396.11957393,96.52675887
JAMES I.D.,Corn,0.85,1119.139446,71,20.6,1130.3308509713142,2552.127380206174,2571.2045306553623,1636853.354,1653221.9026306444,96.52675887
JAMES I.D.,Cotton,0.85,3617.99277,3438,0.8,3182.5454889048333,13564.946482946629,11902.492319829695,9950927.315,8753273.112683853,96.52675887
JAMES I.D.,Dry Beans,0.85,30.06125249,1030,1.5,30.361865052795793,57.711055425903766,58.14244513987878,46444.6351,46909.08151,96.52675887
JAMES I.D.,Grain,0.85,614.0946858,303,2.9,620.2356388223783,439.39982862719387,442.68434062598266,539605.0004,545001.0558332237,96.52675887
JAMES I.D.,Onions & Garlic,0.85,619.2037239,2366,7.7,586.7592028359396,776.2522968995512,733.7399210590206,11280777.28275498,10689696.509105716,96.52675887
JAMES I.D.,Other Deciduous,0.85,290.231365,1787.850878,4.718225356,284.94363741905335,1016.4403597039591,995.4270101624877,2448241.845748865,2403637.3078051666,96.52675887
JAMES I.D.,Pasture,0.85,4.2751005,170,5,1.7458433290867012e-07,20.384509797551246,9.192082850798474e-07,3633.8354249999998,0.000148397,96.52675887
JAMES I.D.,Tomato Processing,0.85,671.8933679,93,51.2,649.4492058360912,1491.7417781492854,1438.306319748129,3199287.4605926406,3092417.338509132,96.52675887
JAMES I.D.,Vineyard,0.85,1694.099139,1492.427601,10.07028874,1638.8502166324547,6791.501110041341,6553.587725,25460915.58791796,24630569.762021463,96.52675887
JAMES I.D.,Alfalfa,0.9,1366.866941,264,7.7,1034.9582984373162,6184.431761317053,4670.994041069937,2778567.118,2103863.2290633763,55.192791509648124
JAMES I.D.,Almonds & Pistachios,0.9,11747.80143,4706.761177,1.204129409,10437.51439824345,47666.77984058819,42244.40565727919,66581246.759366825,59155130.07644455,55.192791509648124
JAMES I.D.,Corn,0.9,1119.139446,71,20.6,1130.3308516794807,2552.127380206174,2571.204532278103,1636853.354,1653221.9036664087,55.192791509648124
JAMES I.D.,Cotton,0.9,3617.99277,3438,0.8,3404.8132864263757,13564.946482946629,12733.757972493973,9950927.315,9364598.462987104,55.192791509648124
JAMES I.D.,Dry Beans,0.9,30.06125249,1030,1.5,30.361865244080477,57.711055425903766,58.14244551790536,46444.6351,46909.08180210434,55.192791509648124
JAMES I.D.,Grain,0.9,614.0946858,303,2.9,620.2356388328349,439.39982862719387,442.68434064447723,539605.0004,545001.0558424119,55.192791509648124
JAMES I.D.,Onions & Garlic,0.9,619.2037239,2366,7.7,587.6077087935582,776.2522968995512,734.8009742152121,11280777.28275498,10705154.760342803,55.192791509648124
JAMES I.D.,Other Deciduous,0.9,290.231365,1787.850878,4.718225356,285.75430560479947,1016.4403597039591,998.2590123794507,2448241.845748865,2410475.685784614,55.192791509648124
JAMES I.D.,Pasture,0.9,4.2751005,170,5,4.317851483430146,20.384509797551246,20.536883795510374,3633.8354249999998,3670.173760915624,55.192791509648124
JAMES I.D.,Tomato Processing,0.9,671.8933679,93,51.2,661.1006638453703,1491.7417781492854,1464.1102864778507,3199287.4605926406,3147896.9209661153,55.192791509648124
JAMES I.D.,Vineyard,0.9,1694.099139,1492.427601,10.07028874,1642.1163680657298,6791.501110041341,6566.648717016245,25460915.58791796,24679657.32958204,55.192791509648124
JAMES I.D.,Alfalfa,0.95,1366.866941,264,7.7,1380.5356241014888,6184.431761317053,6230.660388488717,2778567.118,2806352.8166735065,3.0638107580211875e-08
JAMES I.D.,Almonds & Pistachios,0.95,11747.80143,4706.761177,1.204129409,10714.998253749885,47666.77984058819,43367.48344283244,66581246.759366825,60727783.57806358,3.0638107580211875e-08
JAMES I.D.,Corn,0.95,1119.139446,71,20.6,1130.330851716417,2552.127380206174,2571.2045325413687,1636853.354,1653221.9037204317,3.0638107580211875e-08
JAMES I.D.,Cotton,0.95,3617.99277,3438,0.8,3654.1727335344153,13564.946482946629,13666.34445555857,9950927.315,10050436.686313055,3.0638107580211875e-08
JAMES I.D.,Dry Beans,0.95,30.06125249,1030,1.5,30.36186527035865,57.711055425903766,58.14244575,46444.6351,46909.081842704116,3.0638107580211875e-08
JAMES I.D.,Grain,0.95,614.0946858,303,2.9,620.2356388306783,439.39982862719387,442.6843408101959,539605.0004,545001.0558,3.0638107580211875e-08
JAMES I.D.,Onions & Garlic,0.95,619.2037239,2366,7.7,588.7363058660429,776.2522968995512,736.2122803837201,11280777.28275498,10725715.767528744,3.0638107580211875e-08
JAMES I.D.,Other Deciduous,0.95,290.231365,1787.850878,4.718225356,286.8103186832578,1016.4403597039591,1001.9481069059974,2448241.845748865,2419383.666520396,3.0638107580211875e-08
JAMES I.D.,Pasture,0.95,4.2751005,170,5,4.317851520945198,20.384509797551246,20.53688415087836,3633.8354249999998,3670.1737928034186,3.0638107580211875e-08
JAMES I.D.,Tomato Processing,0.95,671.8933679,93,51.2,676.2448509,1491.7417781492854,1497.6494453943194,3199287.4605926406,3220007.481966531,3.0638107580211875e-08
JAMES I.D.,Vineyard,0.95,1694.099139,1492.427601,10.07028874,1646.4034452804262,6791.501110041341,6583.792283054363,25460915.58791796,24744088.57127826,3.0638107580211875e-08
JAMES I.D.,Alfalfa,1,1366.866941,264,7.7,1380.5356241014874,6184.431761317053,6230.660388,2778567.118,2806352.8166735037,2.3925532047792827e-09
JAMES I.D.,Almonds & Pistachios,1,11747.80143,4706.761177,1.204129409,10714.998253887781,47666.77984058819,43367.48344339055,66581246.759366825,60727783.578845106,2.3925532047792827e-09
JAMES I.D.,Corn,1,1119.139446,71,20.6,1130.330851716417,2552.127380206174,2571.204532541367,1636853.354,1653221.9037204317,2.3925532047792827e-09
JAMES I.D.,Cotton,1,3617.99277,3438,0.8,3654.172733534147,13564.946482946629,13666.344455557564,9950927.315,10050436.686312318,2.3925532047792827e-09
JAMES I.D.,Dry Beans,1,30.06125249,1030,1.5,30.361865270358518,57.711055425903766,58.142445745539234,46444.6351,46909.08184270391,2.3925532047792827e-09
JAMES I.D.,Grain,1,614.0946858,303,2.9,620.2356388306782,439.39982862719387,442.6843408101944,539605.0004,545001.0558405169,2.3925532047792827e-09
JAMES I.D.,Onions & Garlic,1,619.2037239,2366,7.7,588.7363058666187,776.2522968995512,736.2122803844368,11280777.28275498,10725715.767539235,2.3925532047792827e-09
JAMES I.D.,Other Deciduous,1,290.231365,1787.850878,4.718225356,286.8103186837907,1016.4403597039591,1001.9481069078561,2448241.845748865,2419383.6665248913,2.3925532047792827e-09
JAMES I.D.,Pasture,1,4.2751005,170,5,4.317851520945097,20.384509797551246,20.536884150874315,3633.8354249999998,3670.1737928033326,2.3925532047792827e-09
JAMES I.D.,Tomato Processing,1,671.8933679,93,51.2,676.2448508929581,1491.7417781492854,1497.649445415421,3199287.4605926406,3220007.4820119096,2.3925532047792827e-09
JAMES I.D.,Vineyard,1,1694.099139,1492.427601,10.07028874,1646.4034452825993,6791.501110041341,6583.7922830630505,25460915.58791796,24744088.57131092,2.3925532047792827e-09
LAGUNA W.D.,Cotton,0.5,85.7174307,3927,0.8,33.80801752225434,311.50121791330315,122.55279179268797,269289.8803,106211.26784791425,394.3220309
LAGUNA W.D.,Grain,0.5,140.1836207,187,4.5,141.58545825177646,65.41764559580422,65.90664177299784,117964.51681905001,119144.1631188699,394.3220309
LAGUNA W.D.,Cotton,0.55,85.7174307,3927,0.8,39.00695243362298,311.50121791330315,141.39873522699494,269289.8803,122544.24176546997,371.6950374087333
LAGUNA W.D.,Grain,0.55,140.1836207,187,4.5,141.58545830094306,65.41764559580422,65.90664175160978,117964.51681905001,119144.16316024358,371.6950374087333
LAGUNA W.D.,Cotton,0.6,85.7174307,3927,0.8,44.20588731171334,311.50121791330315,160.2446785874942,269289.8803,138877.21557847864,346.9571064301602
LAGUNA W.D.,Grain,0.6,140.1836207,187,4.5,141.58545830153477,65.41764559580422,65.90664175328152,117964.51681905001,119144.1631607415,346.9571064301602
LAGUNA W.D.,Cotton,0.65,85.7174307,3927,0.8,49.40482218947543,311.50121791330315,179.09062194716444,269289.8803,155210.18939045604,319.9113024532937
LAGUNA W.D.,Grain,0.65,140.1836207,187,4.5,141.58545830214624,65.41764559580422,65.90664175531101,117964.51681905001,119144.16316125606,319.9113024532937
LAGUNA W.D.,Cotton,0.7,85.7174307,3927,0.8,54.603757066773625,311.50121791330315,197.93656530565963,269289.8803,171543.16320097604,290.34231734216365
LAGUNA W.D.,Grain,0.7,140.1836207,187,4.5,141.58545830277578,65.41764559580422,65.90664175783652,117964.51681905001,119144.16316178582,290.34231734216365
LAGUNA W.D.,Cotton,0.75,85.7174307,3927,0.8,59.80269194338475,311.50121791330315,216.7825086624066,269289.8803,187876.13700933754,258.01475624279203
LAGUNA W.D.,Grain,0.75,140.1836207,187,4.5,141.5854583034217,65.41764559580422,65.90664176108127,117964.51681905001,119144.16316232935,258.01475624279203
LAGUNA W.D.,Cotton,0.8,85.7174307,3927,0.8,65.00162679343818,311.50121791330315,235.62845195590862,269289.8803,204209.1107342654,222.67126362609375
LAGUNA W.D.,Grain,0.8,140.1836207,187,4.5,141.58545828698846,65.41764559580422,65.90664178872653,117964.51681905001,119144.16314850078,222.67126362609375
LAGUNA W.D.,Cotton,0.85,85.7174307,3927,0.8,70.20056167,311.50121791330315,254.47439532150193,269289.8803,220542.08455493415,184.03047422829408
LAGUNA W.D.,Grain,0.85,140.1836207,187,4.5,141.58545829977734,65.41764559580422,65.90664178692714,117964.51681905001,119144.16315926264,184.03047422829408
LAGUNA W.D.,Cotton,0.9,85.7174307,3927,0.8,75.39949656263978,311.50121791330315,273.3203387051993,269289.8803,236875.05840118916,141.78477464782833
LAGUNA W.D.,Grain,0.9,140.1836207,187,4.5,141.58545830543625,65.41764559580422,65.90664178115048,117964.51681905001,119144.1631640246,141.78477464782833
LAGUNA W.D.,Cotton,0.95,85.7174307,3927,0.8,80.59843142398562,311.50121791330315,292.1662820212656,269289.8803,253208.03216159323,95.59785112823477
LAGUNA W.D.,Grain,0.95,140.1836207,187,4.5,141.5854583,65.41764559580422,65.90664179803103,117964.51681905001,119144.16316460502,95.59785112823477
LAGUNA W.D.,Cotton,1,85.7174307,3927,0.8,84.31559531888367,311.50121791330315,305.6408614847033,269289.8803,264885.87425380497,1.6911785106353903e-06
LAGUNA W.D.,Grain,1,140.1836207,187,4.5,141.5854582983163,65.41764559580422,65.90664194400077,117964.51681905001,119144.16315803316,1.6911785106353903e-06
MERCY SPRINGS W.D.,Almonds & Pistachios,0.5,672.1308137,4618,1.5,587.9583150960885,2558.0154762449233,2232.075077787839,4655850.146,4072787.2486706055,89.39624637
MERCY SPRINGS W.D.,Pasture,0.5,2298.616176,170,5,944.4892070131586,10574.064358859872,4333.964905323266,1953823.75,802815.8259611848,89.39624637
MERCY SPRINGS W.D.,Almonds & Pistachios,0.55,672.1308137,4618,1.5,587.9590287729328,2558.0154762449233,2232.077787130079,4655850.146,4072792.1923101055,89.39311887365665
MERCY SPRINGS W.D.,Pasture,0.55,2298.616176,170,5,1087.5805435396571,10574.064358859872,4990.566194302303,1953823.75,924443.4620087085,89.39311887365665
MERCY SPRINGS W.D.,Almonds & Pistachios,0.6,672.1308137,4618,1.5,587.9598350986537,2558.0154762449233,2232.080848196656,4655850.146,4072797.777728374,89.38958536
MERCY SPRINGS W.D.,Pasture,0.6,2298.616176,170,5,1230.671803415825,10574.064358859872,5647.167131557001,1953823.75,1046071.0329034512,89.38958536
MERCY SPRINGS W.D.,Almonds & Pistachios,0.65,672.1308137,4618,1.5,587.9607461003931,2558.0154762449233,2232.084306646392,4655850.146,4072804.088237423,89.38559311473568
MERCY SPRINGS W.D.,Pasture,0.65,2298.616176,170,5,1373.7629766913599,10574.064358859872,6303.767671428541,1953823.75,1167698.530187656,89.38559311473568
MERCY SPRINGS W.D.,Almonds & Pistachios,0.7,672.1308137,4618,1.5,587.9617753664604,2558.0154762449233,2232.0882140647914,4655850.146,4072811.217963471,89.38108259
MERCY SPRINGS W.D.,Pasture,0.7,2298.616176,170,5,1516.8540521243726,10574.064358859872,6960.367762331416,1953823.75,1289325.9443057168,89.38108259
MERCY SPRINGS W.D.,Almonds & Pistachios,0.75,672.1308137,4618,1.5,587.9629382,2558.0154762449233,2232.092628743791,4655850.146,4072819.273243467,89.37598649982998
MERCY SPRINGS W.D.,Pasture,0.75,2298.616176,170,5,1659.9450170036437,10574.064358859872,7616.967345952451,1953823.75,1410953.264453097,89.37598649982998
MERCY SPRINGS W.D.,Almonds & Pistachios,0.8,672.1308137,4618,1.5,587.9642520916303,2558.0154762449233,2232.0976165085435,4655850.146,4072828.3742387234,89.37022882781724
MERCY SPRINGS W.D.,Pasture,0.8,2298.616176,170,5,1803.035855897732,10574.064358859872,8273.566351452346,1953823.75,1532580.4775130723,89.37022882781724
MERCY SPRINGS W.D.,Almonds & Pistachios,0.85,672.1308137,4618,1.5,587.9657364925721,2558.0154762449233,2232.1032517613608,4655850.146,4072838.656684047,89.36372369
MERCY SPRINGS W.D.,Pasture,0.85,2298.616176,170,5,1946.1265533581202,10574.064358859872,8930.164708,1953823.75,1654207.570354402,89.36372369
MERCY SPRINGS W.D.,Almonds & Pistachios,0.9,672.1308137,4618,1.5,587.9674135912474,2558.0154762449233,2232.1096185431597,4655850.146,4072850.274,89.35637404100467
MERCY SPRINGS W.D.,Pasture,0.9,2298.616176,170,5,2089.2170914050744,10574.064358859872,9586.762332949418,1953823.75,1775834.5276943133,89.35637404100467
MERCY SPRINGS W.D.,Almonds & Pistachios,0.95,672.1308137,4618,1.5,587.9693084002886,2558.0154762449233,2232.116811849814,4655850.146,4072863.399288799,89.34807023645905
MERCY SPRINGS W.D.,Pasture,0.95,2298.616176,170,5,2232.307449314689,10574.064358859872,10243.359131376894,1953823.75,1897461.3319174857,89.34807023645905
MERCY SPRINGS W.D.,Almonds & Pistachios,1,672.1308137,4618,1.5,607.6211685,2558.0154762449233,2306.7214668062848,4655850.146,4208991.834169706,5.2684936315388983e-08
MERCY SPRINGS W.D.,Pasture,1,2298.616176,170,5,2321.602360953849,10574.064358859872,10653.105490065362,1953823.75,1973362.0068107715,5.2684936315388983e-08
ORO LOMA W.D.,Pasture,0.5,1049.217692,170,5,525.9236656188966,4826.597636221636,2413.2988421421087,891835.0382,447035.1157760621,89.39157671608274
ORO LOMA W.D.,Pasture,0.55,1049.217692,170,5,578.5160321845273,4826.597636221636,2654.628726366486,891835.0382,491738.62735684816,89.38860645311568
ORO LOMA W.D.,Pasture,0.6,1049.217692,170,5,631.1083987501579,4826.597636221636,2895.958610590863,891835.0382,536442.1389376342,89.38532942998411
ORO LOMA W.D.,Pasture,0.65,1049.217692,170,5,683.7007653157884,4826.597636221636,3137.2884948152396,891835.0382,581145.6505184202,89.38171396530298
ORO LOMA W.D.,Pasture,0.7,1049.217692,170,5,736.2931318814187,4826.597636221636,3378.6183790396153,891835.0382,625849.1620992059,89.37772510568249
ORO LOMA W.D.,Pasture,0.75,1049.217692,170,5,788.8854984470488,4826.597636221636,3619.948263263991,891835.0382,670552.6736799915,89.37332428775053
ORO LOMA W.D.,Pasture,0.8,1049.217692,170,5,841.4778650126789,4826.597636221636,3861.2781474883664,891835.0382,715256.1853,89.36846896519268
ORO LOMA W.D.,Pasture,0.85,1049.217692,170,5,894.0702315783087,4826.597636221636,4102.608031712741,891835.0382,759959.6968415624,89.36311219700626
ORO LOMA W.D.,Pasture,0.9,1049.217692,170,5,946.6625981439385,4826.597636221636,4343.937915937116,891835.0382,804663.2084223477,89.35720219201532
ORO LOMA W.D.,Pasture,0.95,1049.217692,170,5,999.2549647062302,4826.597636221636,4585.267800154133,891835.0382,849366.7200002957,89.35068177325083
ORO LOMA W.D.,Pasture,1,1049.217692,170,5,1049.2177024653763,4826.597636221636,4814.531142279801,891835.0382,891835.0470955699,9.103697112604246e-07
PACHECO W.D.,Almonds & Pistachios,0.5,1767.952722,4804.970221,1.007195762,800.5412348683182,7230.584504073097,3265.8735528591187,8556087.893010333,3874255.8453508005,570.4533383342464
PACHECO W.D.,Corn,0.5,84.18710627,62,26.2,9.587672861888338e-08,203.3816751,3.266805052980976e-07,136753.5354,0.000155742,570.4533383342464
PACHECO W.D.,Cotton,0.5,548.3779211,3707.279528,0.8,8.730254521855832e-08,1992.831433518635,4.0756321195630235e-07,1626392.1924009835,0.000258924,570.4533383342464
PACHECO W.D.,Cucurbits,0.5,380.3157961,372,15.4,376.07745676022586,874.5845212,862.6758176917862,2178753.133,2154472.534287982,570.4533383342464
PACHECO W.D.,Grain,0.5,519.8582881,187,4.5,525.0568760884775,242.59542649241388,244.4088245076492,437460.74943614996,441835.36122845375,570.4533383342464
PACHECO W.D.,Tomato Processing,0.5,710.6489481,95.55716397,49.47391432,528.9530703079599,1691.1034877043903,1255.5820839423372,3359654.688033108,2500671.628602167,570.4533383342464
PACHECO W.D.,Truck Crops,0.5,239.6583274,910,18.1,223.44294247332283,639.3443503615111,594.5958172,3947412.311,3680328.705,570.4533383342464
PACHECO W.D.,Vineyard,0.5,153.6229118,1492.427601,10.07028874,146.2678931699063,475.99821336151075,452.0757755785243,2308825.912053053,2198286.036211477,570.4533383342464
PACHECO W.D.,Almonds & Pistachios,0.55,1767.952722,4804.970221,1.007195762,948.2190262486349,7230.584504073097,3868.3372014453676,8556087.893010333,4588949.257,515.1222469939803
PACHECO W.D.,Corn,0.55,84.18710627,62,26.2,2.2012268643455367e-07,203.3816751,6.154042610612822e-07,136753.5354,0.000357567,515.1222469939803
PACHECO W.D.,Cotton,0.55,548.3779211,3707.279528,0.8,2.4610064368169224e-07,1992.831433518635,9.736392726430115e-07,1626392.1924009835,0.000729891,515.1222469939803
PACHECO W.D.,Cucurbits,0.55,380.3157961,372,15.4,376.69620379565396,874.5845212,864.0951479260369,2178753.133,2158017.2123045423,515.1222469939803
PACHECO W.D.,Grain,0.55,519.8582881,187,4.5,525.0568761,242.59542649241388,244.40882451814858,437460.74943614996,441835.3612474292,515.1222469939803
PACHECO W.D.,Tomato Processing,0.55,710.6489481,95.55716397,49.47391432,554.0836526,1691.1034877043903,1315.2348406642523,3359654.688033108,2619478.6410777546,515.1222469939803
PACHECO W.D.,Truck Crops,0.55,239.6583274,910,18.1,224.53632450243904,639.3443503615111,597.5053760305625,3947412.311,3698337.8008796736,515.1222469939803
PACHECO W.D.,Vineyard,0.55,153.6229118,1492.427601,10.07028874,146.61599512859598,475.99821336151075,453.1516676251308,2308825.912053053,2203517.7221158915,515.1222469939803
PACHECO W.D.,Almonds & Pistachios,0.6,1767.952722,4804.970221,1.007195762,1066.1302860762885,7230.584504073097,4349.365845852525,8556087.893010333,5159586.180986674,461.8531546
PACHECO W.D.,Corn,0.6,84.18710627,62,26.2,3.16000477033734e-07,203.3816751,7.80393814700882e-07,136753.5354,0.000513311,461.8531546
PACHECO W.D.,Cotton,0.6,548.3779211,3707.279528,0.8,34.90332508252058,1992.831433518635,126.52324044586247,1626392.1924009835,103517.10603004598,461.8531546
PACHECO W.D.,Cucurbits,0.6,380.3157961,372,15.4,377.2734541690828,874.5845212,865.4192898,2178753.133,2161324.1642438415,461.8531546
PACHECO W.D.,Grain,0.6,519.8582881,187,4.5,525.0568762081457,242.59542649241388,244.4088245051421,437460.74943614996,441835.3613291546,461.8531546
PACHECO W.D.,Tomato Processing,0.6,710.6489481,95.55716397,49.47391432,577.1934168049929,1691.1034877043903,1370.0907580574287,3359654.688033108,2728732.060823186,461.8531546
PACHECO W.D.,Truck Crops,0.6,239.6583274,910,18.1,225.57758835998052,639.3443503615111,600.2762450235475,3947412.311,3715488.457877239,461.8531546
PACHECO W.D.,Vineyard,0.6,153.6229118,1492.427601,10.07028874,146.94548762553214,475.99821336151075,454.1700426384049,2308825.912053053,2208469.7231282387,461.8531546
PACHECO W.D.,Almonds & Pistachios,0.65,1767.952722,4804.970221,1.007195762,1131.0910112681843,7230.584504073097,4614.378446246298,8556087.893010333,5473966.576,428.4818379
PACHECO W.D.,Corn,0.65,84.18710627,62,26.2,29.57344772809749,203.3816751,71.26578879401339,136753.5354,48039.10848952156,428.4818379
PACHECO W.D.,Cotton,0.65,548.3779211,3707.279528,0.8,116.25763145240066,1992.831433518635,421.4295406441925,1626392.1924009835,344799.6296458031,428.4818379
PACHECO W.D.,Cucurbits,0.65,380.3157961,372,15.4,377.62635365403736,874.5845212,866.2287981974295,2178753.133,2163345.8548132493,428.4818379
PACHECO W.D.,Grain,0.65,519.8582881,187,4.5,525.0568762081656,242.59542649241388,244.4088245073851,437460.74943614996,441835.36132917134,428.4818379
PACHECO W.D.,Tomato Processing,0.65,710.6489481,95.55716397,49.47391432,591.1700304961291,1691.1034877043903,1403.2672092957202,3359654.688033108,2794807.7172155543,428.4818379
PACHECO W.D.,Truck Crops,0.65,239.6583274,910,18.1,226.22432835346655,639.3443503615111,601.9972611,3947412.311,3726140.9123099474,428.4818379
PACHECO W.D.,Vineyard,0.65,153.6229118,1492.427601,10.07028874,147.14916807543233,475.99821336151075,454.79956560163106,2308825.912053053,2211530.8726338567,428.4818379
PACHECO W.D.,Almonds & Pistachios,0.7,1767.952722,4804.970221,1.007195762,1202.1295310754172,7230.584504073097,4904.185907703243,8556087.893010333,5817760.734590824,388.3021780092948
PACHECO W.D.,Corn,0.7,84.18710627,62,26.2,49.797849718681924,203.3816751,120.00234374895633,136753.5354,80891.62708,388.3021780092948
PACHECO W.D.,Cotton,0.7,548.3779211,3707.279528,0.8,195.2669982543679,1992.831433518635,707.8355231215298,1626392.1924009835,579127.4761,388.3021780092948
PACHECO W.D.,Cucurbits,0.7,380.3157961,372,15.4,378.0427402828271,874.5845212,867.1839383413839,2178753.133,2165731.2505322597,388.3021780092948
PACHECO W.D.,Grain,0.7,519.8582881,187,4.5,525.0568762092406,242.59542649241388,244.40882450968826,437460.74943614996,441835.3613,388.3021780092948
PACHECO W.D.,Tomato Processing,0.7,710.6489481,95.55716397,49.47391432,607.5196560154743,1691.1034877043903,1442.0765064401076,3359654.688033108,2872101.9933423437,388.3021780092948
PACHECO W.D.,Truck Crops,0.7,239.6583274,910,18.1,226.9974086333733,639.3443503615111,604.0544766699057,3947412.311,3738874.3176002917,388.3021780092948
PACHECO W.D.,Vineyard,0.7,153.6229118,1492.427601,10.07028874,147.39167825831143,475.99821336151075,455.5491011072315,2308825.912053053,2215175.6010640594,388.3021780092948
PACHECO W.D.,Almonds & Pistachios,0.75,1767.952722,4804.970221,1.007195762,1278.3304181826325,7230.584504073097,5215.053669493389,8556087.893010333,6186538.405792991,340.4709803822546
PACHECO W.D.,Corn,0.75,84.18710627,62,26.2,62.536404564561096,203.3816751,150.69958160115917,136753.5354,101584.13557467304,340.4709803822546
PACHECO W.D.,Cotton,0.75,548.3779211,3707.279528,0.8,271.6422185682008,1992.831433518635,984.6928236718089,1626392.1924009835,805642.9086707139,340.4709803822546
PACHECO W.D.,Cucurbits,0.75,380.3157961,372,15.4,378.526819,874.5845212,868.2943559809521,2178753.133,2168504.4409368094,340.4709803822546
PACHECO W.D.,Grain,0.75,519.8582881,187,4.5,525.0568762103983,242.59542649241388,244.40882451286674,437460.74943614996,441835.36133105017,340.4709803822546
PACHECO W.D.,Tomato Processing,0.75,710.6489481,95.55716397,49.47391432,626.3424321451569,1691.1034877043903,1486.7563500882136,3359654.688033108,2961088.304002424,340.4709803822546
PACHECO W.D.,Truck Crops,0.75,239.6583274,910,18.1,227.90984855273058,639.3443503615111,606.4825370690927,3947412.311,3753903.1155120255,340.4709803822546
PACHECO W.D.,Vineyard,0.75,153.6229118,1492.427601,10.07028874,147.67658275920263,475.99821336151075,456.42966635491615,2308825.912053053,2219457.4811977632,340.4709803822546
PACHECO W.D.,Almonds & Pistachios,0.8,1767.952722,4804.970221,1.007195762,1357.9389419712988,7230.584504073097,5539.8231643009585,8556087.893010333,6571807.490250235,284.6788569
PACHECO W.D.,Corn,0.8,84.18710627,62,26.2,72.12961081965992,203.3816751,173.8171909192981,136753.5354,117167.33981545556,284.6788569
PACHECO W.D.,Cotton,0.8,548.3779211,3707.279528,0.8,344.5768906522264,1992.831433518635,1249.0782663173657,1626392.1924009835,1021954.2820295148,284.6788569
PACHECO W.D.,Cucurbits,0.8,380.3157961,372,15.4,379.0763238141164,874.5845212,869.5548529090133,2178753.133,2171652.444,284.6788569
PACHECO W.D.,Grain,0.8,519.8582881,187,4.5,525.0568762116056,242.59542649241388,244.40882451748388,437460.74943614996,441835.3613320661,284.6788569
PACHECO W.D.,Tomato Processing,0.8,710.6489481,95.55716397,49.47391432,647.4792253375575,1691.1034877043903,1536.9290030792279,3359654.688033108,3061014.3315138896,284.6788569
PACHECO W.D.,Truck Crops,0.8,239.6583274,910,18.1,228.96355672714532,639.3443503615111,609.2865212409746,3947412.311,3771258.7428528103,284.6788569
PACHECO W.D.,Vineyard,0.8,153.6229118,1492.427601,10.07028874,148.0038508,475.99821336151075,457.4411660694509,2308825.912053053,2224376.049742001,284.6788569
PACHECO W.D.,Almonds & Pistachios,0.85,1767.952722,4804.970221,1.007195762,1440.0053465077453,7230.584504073097,5874.619784986203,8556087.893010333,6968971.600771726,220.1970712420151
PACHECO W.D.,Corn,0.85,84.18710627,62,26.2,79.99276247451951,203.3816751,192.7657325,136753.5354,129940.24336360948,220.1970712420151
PACHECO W.D.,Cotton,0.85,548.3779211,3707.279528,0.8,414.2133409934435,1992.831433518635,1501.5077792209588,1626392.1924009835,1228483.711431581,220.1970712420151
PACHECO W.D.,Cucurbits,0.85,380.3157961,372,15.4,379.69224256083453,874.5845212,870.9676954016717,2178753.133,2175180.9191825087,220.1970712420151
PACHECO W.D.,Grain,0.85,519.8582881,187,4.5,525.0568762,242.59542649241388,244.40882452489336,437460.74943614996,441835.3613331049,220.1970712420151
PACHECO W.D.,Tomato Processing,0.85,710.6489481,95.55716397,49.47391432,670.8945452422838,1691.1034877043903,1592.5102215553306,3359654.688033108,3171712.2921596277,220.1970712420151
PACHECO W.D.,Truck Crops,0.85,239.6583274,910,18.1,230.1674686133889,639.3443503615111,612.4902070034411,3947412.311,3791088.3755311286,220.1970712420151
PACHECO W.D.,Vineyard,0.85,153.6229118,1492.427601,10.07028874,148.37552849378486,475.99821336151075,458.5899246985421,2308825.912053053,2229962.060262267,220.1970712420151
PACHECO W.D.,Almonds & Pistachios,0.9,1767.952722,4804.970221,1.007195762,1524.407265219965,7230.584504073097,6218.944327,8556087.893010333,7377438.5387470415,145.5944912178566
PACHECO W.D.,Corn,0.9,84.18710627,62,26.2,85.02897788327526,203.3816751,204.9019524378355,136753.5354,138121.07167359232,145.5944912178566
PACHECO W.D.,Cotton,0.9,548.3779211,3707.279528,0.8,481.2922684246088,1992.831433518635,1744.6663678198101,1626392.1924009835,1427427.9789721863,145.5944912178566
PACHECO W.D.,Cucurbits,0.9,380.3157961,372,15.4,380.38079855731553,874.5845212,872.5471589259716,2178753.133,2179125.5187751492,145.5944912178566
PACHECO W.D.,Grain,0.9,519.8582881,187,4.5,525.0568762043631,242.59542649241388,244.4088245616537,437460.74943614996,441835.36132597155,145.5944912178566
PACHECO W.D.,Tomato Processing,0.9,710.6489481,95.55716397,49.47391432,696.7448810578502,1691.1034877043903,1653.8714657902601,3359654.688033108,3293922.0022312403,145.5944912178566
PACHECO W.D.,Truck Crops,0.9,239.6583274,910,18.1,231.54218178593086,639.3443503615111,616.1484058,3947412.311,3813731.276196067,145.5944912178566
PACHECO W.D.,Vineyard,0.9,153.6229118,1492.427601,10.07028874,148.7970857738212,475.99821336151075,459.89284795979785,2308825.912053053,2236297.719182921,145.5944912178566
PACHECO W.D.,Almonds & Pistachios,0.95,1767.952722,4804.970221,1.007195762,1614.097693898864,7230.584504073097,6584.843779,8556087.893010333,7811499.462090236,55.926429493490645
PACHECO W.D.,Corn,0.95,84.18710627,62,26.2,85.02897814108994,203.3816751,204.9019530997109,136753.5354,138121.0720923865,55.926429493490645
PACHECO W.D.,Cotton,0.95,548.3779211,3707.279528,0.8,548.6204752798201,1992.831433518635,1988.7285849543534,1626392.1924009835,1627111.5653172059,55.926429493490645
PACHECO W.D.,Cucurbits,0.95,380.3157961,372,15.4,381.1767079958377,874.5845212,874.3728781685002,2178753.133,2183685.124766555,55.926429493490645
PACHECO W.D.,Grain,0.95,519.8582881,187,4.5,525.0568762116193,242.59542649241388,244.4088246038829,437460.74943614996,441835.36133207765,55.926429493490645
PACHECO W.D.,Tomato Processing,0.95,710.6489481,95.55716397,49.47391432,717.7554445779409,1691.1034877043903,1703.7444859827958,3359654.688033108,3393251.267992086,55.926429493490645
PACHECO W.D.,Truck Crops,0.95,239.6583274,910,18.1,233.1694548616244,639.3443503615111,620.4786825847425,3947412.311,3840534.0910258153,55.926429493490645
PACHECO W.D.,Vineyard,0.95,153.6229118,1492.427601,10.07028874,149.2922731620808,475.99821336151075,461.4233426145427,2308825.912053053,2243739.9780226965,55.926429493490645
PACHECO W.D.,Almonds & Pistachios,1,1767.952722,4804.970221,1.007195762,1664.7759733687892,7230.584504073097,6791.589972003187,8556087.893010333,8056759.308700106,2.0707938841709215e-08
PACHECO W.D.,Corn,1,84.18710627,62,26.2,85.02897816,203.3816751,204.9019532568933,136753.5354,138121.0721237547,2.0707938841709215e-08
PACHECO W.D.,Cotton,1,548.3779211,3707.279528,0.8,553.8617057976309,1992.831433518635,2007.7278485414686,1626392.1924009835,1642656.1305973728,2.0707938841709215e-08
PACHECO W.D.,Cucurbits,1,380.3157961,372,15.4,381.65676463409665,874.5845212,875.4740698739158,2178753.133,2186435.273235813,2.0707938841709215e-08
PACHECO W.D.,Grain,1,519.8582881,187,4.5,525.0568762161054,242.59542649241388,244.40882470726635,437460.74943614996,441835.36133585265,2.0707938841709215e-08
PACHECO W.D.,Tomato Processing,1,710.6489481,95.55716397,49.47391432,717.7554447119603,1691.1034877043903,1703.7444865122493,3359654.688033108,3393251.2686256743,2.0707938841709215e-08
PACHECO W.D.,Truck Crops,1,239.6583274,910,18.1,234.17091467287366,639.3443503615111,623.1436308056499,3947412.311,3857029.135576902,2.0707938841709215e-08
PACHECO W.D.,Vineyard,1,153.6229118,1492.427601,10.07028874,149.5950201296886,475.99821336151075,462.3590543708443,2308825.912053053,2248290.015744403,2.0707938841709215e-08
PANOCHE W.D.,Alfalfa,0.5,1157.379182,272.8591274,7.257043628,3.4200096592886343e-18,4785.722823640376,1.2720466606202814e-09,2291785.072220375,6.772134150938256e-15,756.5003115153097
PANOCHE W.D.,Alfalfa,0.5,128.2301119,264,7.7,3.0273239009467073e-18,580.1811083465218,1.272046653929091e-09,260666.1715,6.153944025844466e-15,756.5003115153097
PANOCHE W.D.,Almonds & Pistachios,0.5,16013.1856,4668.818509,1.33120053,6999.688407253574,63085.04062963565,27506.81189212787,99524089.05,43503999.12501149,756.5003115153097
PANOCHE W.D.,Almonds & Pistachios,0.5,464.1133358,4658.050883,1.366497057,213.5999917070494,1822.6926508081356,836.7650387,2954180.1563482108,1359609.406201225,756.5003115153097
PANOCHE W.D.,Citrus & Subtropical,0.5,165.7962113,583,16.5,154.14651545985367,538.4175352509113,499.3340769309432,1594876.6546003502,1482812.4054660625,756.5003115153097
PANOCHE W.D.,Corn,0.5,123.685401,62,26.2,6.908626017324877e-18,298.8028113890603,1.2720467562840148e-09,200914.5654,1.122237210254253e-14,756.5003115153097
PANOCHE W.D.,Cotton,0.5,487.8407532,3438,0.8,8.65521405085196e-19,1772.8364876146848,1.2720466210085377e-09,1341757.208,2.380530072546323e-15,756.5003115153097
PANOCHE W.D.,Cucurbits,0.5,1371.918493,485,17.3,1353.5173944043577,3154.9009811638407,3104.8038213595705,11511082.115516499,11356687.697749764,756.5003115153097
PANOCHE W.D.,Grain,0.5,2464.280152,277.5031915,3.251680117,2488.9229778906038,1149.9731910713197,1158.5692271410076,2223647.163,2245883.656774798,756.5003115153097
PANOCHE W.D.,Onions & Garlic,0.5,305.4238675,2366,7.7,281.11539599394223,452.27839361976805,415.2411645036469,5564273.102888499,5121416.507296839,756.5003115153097
PANOCHE W.D.,Other Deciduous,0.5,402.1734858,1850,7.8,383.0788613601499,1385.8243558102708,1316.7273070824735,5803363.4,5527827.9694269635,756.5003115153097
PANOCHE W.D.,Pasture,0.5,240.7535507,170,5,3.163152194973111e-18,1107.511365449398,1.2720466499293726e-09,204640.5181,2.6886793657271442e-15,756.5003115153097
PANOCHE W.D.,Tomato Processing,0.5,4402.542612,93,51.2,2540.683144139891,10476.55834266111,6030.849267419463,20963146.9,12097716.859136505,756.5003115153097
PANOCHE W.D.,Truck Crops,0.5,480.3086554,941,19.4,440.06651744071183,1281.335093135278,1171.044865603953,8768226.628,8033590.302,756.5003115153097
PANOCHE W.D.,Vineyard,0.5,2864.138053,1492.914288,10.10273139,2699.3987489506376,8874.487406,8343.135027,43198396.66847179,40713714.131693125,756.5003115153097
PANOCHE W.D.,Alfalfa,0.55,1157.379182,272.8591274,7.257043628,2.2421840715798245e-22,4785.722823640376,2.2421840715806536e-09,2291785.072220375,4.439862116352584e-19,692.5888254709245
PANOCHE W.D.,Alfalfa,0.55,128.2301119,264,7.7,2.2421840715255637e-22,580.1811083465218,2.2421840715264786e-09,260666.1715,4.5579117805971655e-19,692.5888254709245
PANOCHE W.D.,Almonds & Pistachios,0.55,16013.1856,4668.818509,1.33120053,8114.037200308826,63085.04062963565,31885.890052381517,99524089.05,50429825.83292556,692.5888254709245
PANOCHE W.D.,Almonds & Pistachios,0.55,464.1133358,4658.050883,1.366497057,243.37109278913144,1822.6926508081356,953.3915251723789,2954180.1563482108,1549108.8005630008,692.5888254709245
PANOCHE W.D.,Citrus & Subtropical,0.55,165.7962113,583,16.5,154.99643746633842,538.4175352509113,502.0872693689999,1594876.6546003502,1490988.2302074425,692.5888254709245
PANOCHE W.D.,Corn,0.55,123.685401,62,26.2,2.242176138744625e-22,298.8028113890603,2.242176138745048e-09,200914.5654,3.6421909197767686e-19,692.5888254709245
PANOCHE W.D.,Cotton,0.55,487.8407532,3438,0.8,2.242184021328746e-22,1772.8364876146848,2.242184021329411e-09,1341757.208,6.166902932262583e-19,692.5888254709245
PANOCHE W.D.,Cucurbits,0.55,1371.918493,485,17.3,1355.2140820503587,3154.9009811638407,3108.6958158844577,11511082.115516499,11370923.755443534,692.5888254709245
PANOCHE W.D.,Grain,0.55,2464.280152,277.5031915,3.251680117,2488.9229782169473,1149.9731910713197,1158.5692272939073,2223647.163,2245883.6570692747,692.5888254709245
PANOCHE W.D.,Onions & Garlic,0.55,305.4238675,2366,7.7,281.9318503008174,452.27839361976805,416.44716546361053,5564273.102888499,5136290.835150352,692.5888254709245
PANOCHE W.D.,Other Deciduous,0.55,402.1734858,1850,7.8,384.2784232341678,1385.8243558102708,1320.8504682269527,5803363.4,5545137.647269041,692.5888254709245
PANOCHE W.D.,Pasture,0.55,240.7535507,170,5,2.2421840715794347e-22,1107.511365449398,2.2421840715803773e-09,204640.5181,1.9058564608425195e-19,692.5888254709245
PANOCHE W.D.,Tomato Processing,0.55,4402.542612,93,51.2,2751.3117235979403,10476.55834266111,6530.820787698269,20963146.9,13100645.903083954,692.5888254709245
PANOCHE W.D.,Truck Crops,0.55,480.3086554,941,19.4,442.4001145867618,1281.335093135278,1177.2547153616533,8768226.628,8076191.052,692.5888254709245
PANOCHE W.D.,Vineyard,0.55,2864.138053,1492.914288,10.10273139,2707.315237054561,8874.487406,8367.602819725422,43198396.66847179,40833114.658834726,692.5888254709245
PANOCHE W.D.,Alfalfa,0.6,1157.379182,272.8591274,7.257043628,3.6179746375510127e-22,4785.722823640376,3.617974637552255e-09,2291785.072220375,7.16413461980806e-19,617.5668959096113
PANOCHE W.D.,Alfalfa,0.6,128.2301119,264,7.7,3.617974693062071e-22,580.1811083465218,3.617974693063452e-09,260666.1715,7.354618956056577e-19,617.5668959096113
PANOCHE W.D.,Almonds & Pistachios,0.6,16013.1856,4668.818509,1.33120053,9214.461865761965,63085.04062963565,36210.250296686136,99524089.05,57269112.22650347,617.5668959096113
PANOCHE W.D.,Almonds & Pistachios,0.6,464.1133358,4658.050883,1.366497057,273.1398806623048,1822.6926508081356,1070.0089498124642,2954180.1563482108,1738593.4708577688,617.5668959096113
PANOCHE W.D.,Citrus & Subtropical,0.6,165.7962113,583,16.5,155.9531455426609,538.4175352509113,505.1863789594292,1594876.6546003502,1500191.2835476266,617.5668959096113
PANOCHE W.D.,Corn,0.6,123.685401,62,26.2,3.617966754969006e-22,298.8028113890603,3.617966754969573e-09,200914.5654,5.877025196771653e-19,617.5668959096113
PANOCHE W.D.,Cotton,0.6,487.8407532,3438,0.8,3.6179667549697436e-22,1772.8364876146848,3.617966754970673e-09,1341757.208,9.950855762868783e-19,617.5668959096113
PANOCHE W.D.,Cucurbits,0.6,1371.918493,485,17.3,1357.1536142739628,3154.9009811638407,3113.1448662523408,11511082.115516499,11387197.400565686,617.5668959096113
PANOCHE W.D.,Grain,0.6,2464.280152,277.5031915,3.251680117,2488.922978316745,1149.9731910713197,1158.5692273340148,2223647.163,2245883.657159327,617.5668959096113
PANOCHE W.D.,Onions & Garlic,0.6,305.4238675,2366,7.7,282.88349516676055,452.27839361976805,417.8528590981779,5564273.102888499,5153628.091647077,617.5668959096113
PANOCHE W.D.,Other Deciduous,0.6,402.1734858,1850,7.8,385.65227768501376,1385.8243558102708,1325.572711747726,5803363.4,5564962.366994749,617.5668959096113
PANOCHE W.D.,Pasture,0.6,240.7535507,170,5,3.617974693061628e-22,1107.511365449398,3.617974693063063e-09,204640.5181,3.0752784891023836e-19,617.5668959096113
PANOCHE W.D.,Tomato Processing,0.6,4402.542612,93,51.2,2982.344317,10476.55834266111,7079.225555,20963146.9,14200730.700845897,617.5668959096113
PANOCHE W.D.,Truck Crops,0.6,480.3086554,941,19.4,445.1045646486885,1281.335093135278,1184.451428207237,8768226.628,8125561.8694876665,617.5668959096113
PANOCHE W.D.,Vineyard,0.6,2864.138053,1492.914288,10.10273139,2716.3981520378766,8874.487406,8395.675732665672,43198396.66847179,40970107.833428495,617.5668959096113
PANOCHE W.D.,Alfalfa,0.65,1157.379182,272.8591274,7.257043628,5.681902975519474e-22,4785.722823640376,5.681902975521205e-09,2291785.072220375,1.1251023539751263e-18,529.7070103737346
PANOCHE W.D.,Alfalfa,0.65,128.2301119,264,7.7,5.681902975519322e-22,580.1811083465218,5.681902975521265e-09,260666.1715,1.1550172368635678e-18,529.7070103737346
PANOCHE W.D.,Almonds & Pistachios,0.65,16013.1856,4668.818509,1.33120053,10300.977476853277,63085.04062963565,40479.951860031186,99524089.05,64021951.99,529.7070103737346
PANOCHE W.D.,Almonds & Pistachios,0.65,464.1133358,4658.050883,1.366497057,302.8429955194215,1822.6926508081356,1186.369104387933,2954180.1563482108,1927660.1184286096,529.7070103737346
PANOCHE W.D.,Citrus & Subtropical,0.65,165.7962113,583,16.5,157.0221135502503,538.4175352509113,508.6491374400028,1594876.6546003502,1510474.221296633,529.7070103737346
PANOCHE W.D.,Corn,0.65,123.685401,62,26.2,1.617047093892939e-20,298.8028113890603,5.681902975679317e-09,200914.5654,2.6267312993196898e-17,529.7070103737346
PANOCHE W.D.,Cotton,0.65,487.8407532,3438,0.8,5.681902975522599e-22,1772.8364876146848,5.681902975523715e-09,1341757.208,1.5627505943877356e-18,529.7070103737346
PANOCHE W.D.,Cucurbits,0.65,1371.918493,485,17.3,1359.3574486396149,3154.9009811638407,3118.2001934993164,11511082.115516499,11405688.672810689,529.7070103737346
PANOCHE W.D.,Grain,0.65,2464.280152,277.5031915,3.251680117,2488.9229783353785,1149.9731910713197,1158.5692273525597,2223647.163,2245883.657176141,529.7070103737346
PANOCHE W.D.,Onions & Garlic,0.65,305.4238675,2366,7.7,283.98887089054085,452.27839361976805,419.4856316531692,5564273.102888499,5173766.047658051,529.7070103737346
PANOCHE W.D.,Other Deciduous,0.65,402.1734858,1850,7.8,387.2166352546985,1385.8243558102708,1330.9497568931545,5803363.4,5587536.046725299,529.7070103737346
PANOCHE W.D.,Pasture,0.65,240.7535507,170,5,5.681902975518697e-22,1107.511365449398,5.681902975520749e-09,204640.5181,4.829617529190892e-19,529.7070103737346
PANOCHE W.D.,Tomato Processing,0.65,4402.542612,93,51.2,3233.598455350618,10476.55834266111,7675.630438437003,20963146.9,15397102.404997505,529.7070103737346
PANOCHE W.D.,Truck Crops,0.65,480.3086554,941,19.4,448.2252998142984,1281.335093135278,1192.7559020757692,8768226.628,8182532.138229942,529.7070103737346
PANOCHE W.D.,Vineyard,0.65,2864.138053,1492.914288,10.10273139,2726.761106395747,8874.487406,8427.704912349755,43198396.66847179,41126407.22,529.7070103737346
PANOCHE W.D.,Alfalfa,0.7,1157.379182,272.8591274,7.257043628,8.986266432313414e-22,4785.722823640376,8.986266432315585e-09,2291785.072220375,1.7794160794375623e-18,428.8149962668519
PANOCHE W.D.,Alfalfa,0.7,128.2301119,264,7.7,8.986266432313175e-22,580.1811083465218,8.986266432315676e-09,260666.1715,1.826728240360622e-18,428.8149962668519
PANOCHE W.D.,Almonds & Pistachios,0.7,16013.1856,4668.818509,1.33120053,11356.603023832684,63085.04062963565,44628.26413621891,99524089.05,70582805.87175028,428.8149962668519
PANOCHE W.D.,Almonds & Pistachios,0.7,464.1133358,4658.050883,1.366497057,331.9561733986881,1822.6926508081356,1300.4182165618502,2954180.1563482108,2112971.6915832916,428.8149962668519
PANOCHE W.D.,Citrus & Subtropical,0.7,165.7962113,583,16.5,158.18760929851194,538.4175352509113,512.4245827844147,1594876.6546003502,1521685.7076470356,428.8149962668519
PANOCHE W.D.,Corn,0.7,123.685401,62,26.2,33.659977397277785,298.8028113890603,81.11346576770144,200914.5654,54677.26728413803,428.8149962668519
PANOCHE W.D.,Cotton,0.7,487.8407532,3438,0.8,7.288472918632783e-06,1772.8364876146848,2.643997596639584e-05,1341757.208,0.020046215915407607,428.8149962668519
PANOCHE W.D.,Cucurbits,0.7,1371.918493,485,17.3,1361.8038072650584,3154.9009811638407,3123.811841820286,11511082.115516499,11426214.844857473,428.8149962668519
PANOCHE W.D.,Grain,0.7,2464.280152,277.5031915,3.251680117,2488.922978355773,1149.9731910713197,1158.569227365458,2223647.163,2245883.657194544,428.8149962668519
PANOCHE W.D.,Onions & Garlic,0.7,305.4238675,2366,7.7,285.24628524856934,452.27839361976805,421.34298351195656,5564273.102888499,5196673.873915486,428.8149962668519
PANOCHE W.D.,Other Deciduous,0.7,402.1734858,1850,7.8,388.9571277933728,1385.8243558102708,1336.9322171277202,5803363.4,5612651.354,428.8149962668519
PANOCHE W.D.,Pasture,0.7,240.7535507,170,5,8.986266432312182e-22,1107.511365449398,8.986266432314921e-09,204640.5181,7.638326467465354e-19,428.8149962668519
PANOCHE W.D.,Tomato Processing,0.7,4402.542612,93,51.2,3500.0742393499627,10476.55834266111,8308.167120718825,20963146.9,16665953.498088783,428.8149962668519
PANOCHE W.D.,Truck Crops,0.7,480.3086554,941,19.4,451.7489692790586,1281.335093135278,1202.1326096252706,8768226.628,8246858.1337769255,428.8149962668519
PANOCHE W.D.,Vineyard,0.7,2864.138053,1492.914288,10.10273139,2738.3159452243435,8874.487406,8463.417894956845,43198396.66847179,41300683.21305267,428.8149962668519
PANOCHE W.D.,Alfalfa,0.75,1157.379182,272.8591274,7.257043628,4.8739182144327854e-18,4785.722823640376,1.390635792638161e-08,2291785.072220375,9.65109203688791e-15,330.27160529356007
PANOCHE W.D.,Alfalfa,0.75,128.2301119,264,7.7,4.449189072026104e-18,580.1811083465218,1.390635792872881e-08,260666.1715,9.044311545614664e-15,330.27160529356007
PANOCHE W.D.,Almonds & Pistachios,0.75,16013.1856,4668.818509,1.33120053,12242.923968957008,63085.04062963565,48111.256820343144,99524089.05,76091409.02345784,330.27160529356007
PANOCHE W.D.,Almonds & Pistachios,0.75,464.1133358,4658.050883,1.366497057,356.5680998904748,1822.6926508081356,1396.8339488801605,2954180.1563482108,2269631.8416869487,330.27160529356007
PANOCHE W.D.,Citrus & Subtropical,0.75,165.7962113,583,16.5,159.2681969379946,538.4175352509113,515.9249813,1594876.6546003502,1532080.420445039,330.27160529356007
PANOCHE W.D.,Corn,0.75,123.685401,62,26.2,85.47661402761715,298.8028113890603,205.9806613416724,200914.5654,138848.21182646128,330.27160529356007
PANOCHE W.D.,Cotton,0.75,487.8407532,3438,0.8,194.04171708665726,1772.8364876146848,703.3939249846998,1341757.208,533692.3386751421,330.27160529356007
PANOCHE W.D.,Cucurbits,0.75,1371.918493,485,17.3,1364.1118446965793,3154.9009811638407,3129.106198194701,11511082.115516499,11445580.43292665,330.27160529356007
PANOCHE W.D.,Grain,0.75,2464.280152,277.5031915,3.251680117,2488.9229783671285,1149.9731910713197,1158.569227,2223647.163,2245883.657204791,330.27160529356007
PANOCHE W.D.,Onions & Garlic,0.75,305.4238675,2366,7.7,286.4623593325966,452.27839361976805,423.1392708284249,5564273.102888499,5218828.554793111,330.27160529356007
PANOCHE W.D.,Other Deciduous,0.75,402.1734858,1850,7.8,390.60294090883116,1385.8243558102708,1342.5892431140499,5803363.4,5636400.437314434,330.27160529356007
PANOCHE W.D.,Pasture,0.75,240.7535507,170,5,4.375239836947962e-18,1107.511365449398,1.390635709171596e-08,204640.5181,3.718953861405768e-15,330.27160529356007
PANOCHE W.D.,Tomato Processing,0.75,4402.542612,93,51.2,3740.865036078135,10476.55834266111,8879.735048585051,20963146.9,17812502.955789648,330.27160529356007
PANOCHE W.D.,Truck Crops,0.75,480.3086554,941,19.4,455.13079922171016,1281.335093135278,1211.131873227855,8768226.628,8308594.792112007,330.27160529356007
PANOCHE W.D.,Vineyard,0.75,2864.138053,1492.914288,10.10273139,2749.265881953232,8874.487406,8497.261283494809,43198396.66847179,41465835.77,330.27160529356007
PANOCHE W.D.,Alfalfa,0.8,1157.379182,272.8591274,7.257043628,7.937842505550439e-19,4785.722823640376,6.041558830587534e-08,2291785.072220375,1.5718123535296902e-15,211.14804639410275
PANOCHE W.D.,Alfalfa,0.8,128.2301119,264,7.7,1.2777960792567396e-19,580.1811083465218,6.041558829799517e-08,260666.1715,2.5975038699131e-16,211.14804639410275
PANOCHE W.D.,Almonds & Pistachios,0.8,16013.1856,4668.818509,1.33120053,13172.660037002994,63085.04062963565,51764.85875871414,99524089.05,81869842.96758169,211.14804639410275
PANOCHE W.D.,Almonds & Pistachios,0.8,464.1133358,4658.050883,1.366497057,382.52932076215694,1822.6926508081356,1498.535460304212,2954180.1563482108,2434880.5376794855,211.14804639410275
PANOCHE W.D.,Citrus & Subtropical,0.8,165.7962113,583,16.5,160.5060196178578,538.4175352509113,519.9347187206432,1594876.6546003502,1543987.6557139829,211.14804639410275
PANOCHE W.D.,Corn,0.8,123.685401,62,26.2,109.48176562528758,298.8028113890603,263.82802768293743,200914.5654,177842.18008171712,211.14804639410275
PANOCHE W.D.,Cotton,0.8,487.8407532,3438,0.8,336.6777272,1772.8364876146848,1220.444096152018,1341757.208,925998.4210059458,211.14804639410275
PANOCHE W.D.,Cucurbits,0.8,1371.918493,485,17.3,1366.8020366239593,3154.9009811638407,3135.2771704213446,11511082.115516499,11468152.488293331,211.14804639410275
PANOCHE W.D.,Grain,0.8,2464.280152,277.5031915,3.251680117,2488.922978,1149.9731910713197,1158.5692274120825,2223647.163,2245883.657181638,211.14804639410275
PANOCHE W.D.,Onions & Garlic,0.8,305.4238675,2366,7.7,287.9168085794711,452.27839361976805,425.28766690333043,5564273.102888499,5245326.002,211.14804639410275
PANOCHE W.D.,Other Deciduous,0.8,402.1734858,1850,7.8,392.5256902812246,1385.8243558102708,1349.198160697678,5803363.4,5664145.710758071,211.14804639410275
PANOCHE W.D.,Pasture,0.8,240.7535507,170,5,1.13704757879148e-18,1107.511365449398,6.041558830909358e-08,204640.5181,9.66490441972758e-16,211.14804639410275
PANOCHE W.D.,Tomato Processing,0.8,4402.542612,93,51.2,4010.0162092776313,10476.55834266111,9518.622333521853,20963146.9,19094093.18209637,211.14804639410275
PANOCHE W.D.,Truck Crops,0.8,480.3086554,941,19.4,459.1428521182518,1281.335093135278,1221.8082000603506,8768226.628,8381836.422559533,211.14804639410275
PANOCHE W.D.,Vineyard,0.8,2864.138053,1492.914288,10.10273139,2762.0866169225687,8874.487406,8536.886819798992,43198396.66847179,41659204.65513902,211.14804639410275
PANOCHE W.D.,Alfalfa,0.85,1157.379182,272.8591274,7.257043628,352.51919616201207,4785.722823640376,1454.0105130426518,2291785.072220375,698041.0949151022,116.97354779523765
PANOCHE W.D.,Alfalfa,0.85,128.2301119,264,7.7,25.082517508044923,580.1811083465218,113.20290882812186,260666.1715,50987.74159035372,116.97354779523765
PANOCHE W.D.,Almonds & Pistachios,0.85,16013.1856,4668.818509,1.33120053,13822.690924420709,63085.04062963565,54319.29780009541,99524089.05,85909871.82488711,116.97354779523765
PANOCHE W.D.,Almonds & Pistachios,0.85,464.1133358,4658.050883,1.366497057,400.75786044634737,1822.6926508081356,1569.944661,2954180.1563482108,2550909.0722214165,116.97354779523765
PANOCHE W.D.,Citrus & Subtropical,0.85,165.7962113,583,16.5,161.43664179413727,538.4175352509113,522.9493270349445,1594876.6546003502,1552939.7757387036,116.97354779523765
PANOCHE W.D.,Corn,0.85,123.685401,62,26.2,121.34101345771118,298.8028113890603,292.4063205870907,200914.5654,197106.34226070603,116.97354779523765
PANOCHE W.D.,Cotton,0.85,487.8407532,3438,0.8,417.60372112971186,1772.8364876146848,1513.7977797252397,1341757.208,1148577.2745951596,116.97354779523765
PANOCHE W.D.,Cucurbits,0.85,1371.918493,485,17.3,1368.8565579747117,3154.9009811638407,3139.9899918373635,11511082.115516499,11485390.949686818,116.97354779523765
PANOCHE W.D.,Grain,0.85,2464.280152,277.5031915,3.251680117,2488.9229783675855,1149.9731910713197,1158.5692274341243,2223647.163,2245883.657205203,116.97354779523765
PANOCHE W.D.,Onions & Garlic,0.85,305.4238675,2366,7.7,289.05480184164225,452.27839361976805,426.96861948657426,5564273.102888499,5266058.190911407,116.97354779523765
PANOCHE W.D.,Other Deciduous,0.85,402.1734858,1850,7.8,393.9972262,1385.8243558102708,1354.256157,5803363.4,5685379.973361037,116.97354779523765
PANOCHE W.D.,Pasture,0.85,240.7535507,170,5,1.5071481539287842e-07,1107.511365449398,7.142585251934969e-07,204640.5181,0.000128108,116.97354779523765
PANOCHE W.D.,Tomato Processing,0.85,4402.542612,93,51.2,4208.098689628307,10476.55834266111,9988.813031760128,20963146.9,20037282.720534146,116.97354779523765
PANOCHE W.D.,Truck Crops,0.85,480.3086554,941,19.4,462.2577693696897,1281.335093135278,1230.0971921018013,8768226.628,8438700.482951432,116.97354779523765
PANOCHE W.D.,Vineyard,0.85,2864.138053,1492.914288,10.10273139,2771.9187171675567,8874.487406,8567.275268338957,43198396.66847179,41807497.42546211,116.97354779523765
PANOCHE W.D.,Alfalfa,0.9,1157.379182,272.8591274,7.257043628,837.3530174394787,4785.722823640376,3453.7696207758195,2291785.072220375,1658085.0730616343,68.35743861790117
PANOCHE W.D.,Alfalfa,0.9,128.2301119,264,7.7,84.86851291536674,580.1811083465218,383.03023298517587,260666.1715,172520.7130543575,68.35743861790117
PANOCHE W.D.,Almonds & Pistachios,0.9,16013.1856,4668.818509,1.33120053,14134.099374455995,63085.04062963565,55543.04565262232,99524089.05,87845316.96896201,68.35743861790117
PANOCHE W.D.,Almonds & Pistachios,0.9,464.1133358,4658.050883,1.366497057,409.5111765361602,1822.6926508081356,1604.2352471421962,2954180.1563482108,2606625.792039853,68.35743861790117
PANOCHE W.D.,Citrus & Subtropical,0.9,165.7962113,583,16.5,161.90178166312703,538.4175352509113,524.4560765494755,1594876.6546003502,1557414.1887084504,68.35743861790117
PANOCHE W.D.,Corn,0.9,123.685401,62,26.2,124.92225592338671,298.8028113890603,301.03636167882894,200914.5654,202923.71252194938,68.35743861790117
PANOCHE W.D.,Cotton,0.9,487.8407532,3438,0.8,452.74611810534293,1772.8364876146848,1641.1876467730224,1341757.208,1245232.9232369352,68.35743861790117
PANOCHE W.D.,Cucurbits,0.9,1371.918493,485,17.3,1369.893568314282,3154.9009811638407,3142.3687670850763,11511082.115516499,11494091.984940983,68.35743861790117
PANOCHE W.D.,Grain,0.9,2464.280152,277.5031915,3.251680117,2488.922978382321,1149.9731910713197,1158.5692274407418,2223647.163,2245883.657,68.35743861790117
PANOCHE W.D.,Onions & Garlic,0.9,305.4238675,2366,7.7,289.63825039618706,452.27839361976805,427.83044299958925,5564273.102888499,5276687.573367815,68.35743861790117
PANOCHE W.D.,Other Deciduous,0.9,402.1734858,1850,7.8,394.7409771598972,1385.8243558102708,1356.8125947643505,5803363.4,5696112.300417317,68.35743861790117
PANOCHE W.D.,Pasture,0.9,240.7535507,170,5,243.16108854420173,1107.511365449398,1115.7900125564709,204640.5181,206686.92526257146,68.35743861790117
PANOCHE W.D.,Tomato Processing,0.9,4402.542612,93,51.2,4305.828445638001,10476.55834266111,10220.795295587808,20963146.9,20502632.726749904,68.35743861790117
PANOCHE W.D.,Truck Crops,0.9,480.3086554,941,19.4,463.8467180848833,1281.335093135278,1234.3254852425498,8768226.628,8467707.377326777,68.35743861790117
PANOCHE W.D.,Vineyard,0.9,2864.138053,1492.914288,10.10273139,2776.894559196802,8874.487406,8582.654293738775,43198396.66847179,41882545.622777134,68.35743861790117
PANOCHE W.D.,Alfalfa,0.95,1157.379182,272.8591274,7.257043628,1168.9529854313967,4785.722823640376,4821.496101647938,2291785.072220375,2314702.9459348926,6.8996290505472385e-09
PANOCHE W.D.,Alfalfa,0.95,128.2301119,264,7.7,129.51241422737866,580.1811083465218,584.517962,260666.1715,263272.8356414153,6.8996290505472385e-09
PANOCHE W.D.,Almonds & Pistachios,0.95,16013.1856,4668.818509,1.33120053,14547.83222427573,63085.04062963565,57168.89969245514,99524089.05,90416721.93577373,6.8996290505472385e-09
PANOCHE W.D.,Almonds & Pistachios,0.95,464.1133358,4658.050883,1.366497057,421.1600250431803,1822.6926508081356,1649.8689062152182,2954180.1563482108,2680773.192,6.8996290505472385e-09
PANOCHE W.D.,Citrus & Subtropical,0.95,165.7962113,583,16.5,162.53927107628988,538.4175352509113,526.5211262364737,1594876.6546003502,1563546.5181183706,6.8996290505472385e-09
PANOCHE W.D.,Corn,0.95,123.685401,62,26.2,124.9222562132641,298.8028113890603,301.03636252093673,200914.5654,202923.7129928262,6.8996290505472385e-09
PANOCHE W.D.,Cotton,0.95,487.8407532,3438,0.8,492.7191652583335,1772.8364876146848,1786.0884391525967,1341757.208,1355174.7921265205,6.8996290505472385e-09
PANOCHE W.D.,Cucurbits,0.95,1371.918493,485,17.3,1371.3256531618742,3154.9009811638407,3145.653795432256,11511082.115516499,11506107.892854705,6.8996290505472385e-09
PANOCHE W.D.,Grain,0.95,2464.280152,277.5031915,3.251680117,2488.922978384637,1149.9731910713197,1158.569227575011,2223647.163,2245883.657,6.8996290505472385e-09
PANOCHE W.D.,Onions & Garlic,0.95,305.4238675,2366,7.7,290.45404604040533,452.27839361976805,429.03547125063034,5564273.102888499,5291549.9015733125,6.8996290505472385e-09
PANOCHE W.D.,Other Deciduous,0.95,402.1734858,1850,7.8,395.76916004001896,1385.8243558102708,1360.3466883664942,5803363.4,5710948.979377474,6.8996290505472385e-09
PANOCHE W.D.,Pasture,0.95,240.7535507,170,5,243.1610886,1107.511365449398,1115.7900130291403,204640.5181,206686.9253239706,6.8996290505472385e-09
PANOCHE W.D.,Tomato Processing,0.95,4402.542612,93,51.2,4438.465260809555,10476.55834266111,10535.636853887963,20963146.9,21134196.185870778,6.8996290505472385e-09
PANOCHE W.D.,Truck Crops,0.95,480.3086554,941,19.4,466.05941713451637,1281.335093135278,1240.213617808435,8768226.628,8508101.084,6.8996290505472385e-09
PANOCHE W.D.,Vineyard,0.95,2864.138053,1492.914288,10.10273139,2783.7803136926696,8874.487406,8603.936358846327,43198396.66847179,41986400.097865246,6.8996290505472385e-09
PANOCHE W.D.,Alfalfa,1,1157.379182,272.8591274,7.257043628,1168.9529854313964,4785.722823640376,4821.4961016479365,2291785.072220375,2314702.9459348926,1.3432618041164235e-09
PANOCHE W.D.,Alfalfa,1,128.2301119,264,7.7,129.51241422737831,580.1811083465218,584.5179619633841,260666.1715,263272.8356414146,1.3432618041164235e-09
PANOCHE W.D.,Almonds & Pistachios,1,16013.1856,4668.818509,1.33120053,14547.832224308288,63085.04062963565,57168.89969258309,99524089.05,90416721.93597609,1.3432618041164235e-09
PANOCHE W.D.,Almonds & Pistachios,1,464.1133358,4658.050883,1.366497057,421.16002504409806,1822.6926508081356,1649.8689062188132,2954180.1563482108,2680773.1919354815,1.3432618041164235e-09
PANOCHE W.D.,Citrus & Subtropical,1,165.7962113,583,16.5,162.53927107634095,538.4175352509113,526.5211262366387,1594876.6546003502,1563546.5181188618,1.3432618041164235e-09
PANOCHE W.D.,Corn,1,123.685401,62,26.2,124.92225621326402,298.8028113890603,301.03636252093617,200914.5654,202923.71299282607,1.3432618041164235e-09
PANOCHE W.D.,Cotton,1,487.8407532,3438,0.8,492.7191652577018,1772.8364876146848,1786.0884391503062,1341757.208,1355174.792124783,1.3432618041164235e-09
PANOCHE W.D.,Cucurbits,1,1371.918493,485,17.3,1371.3256531619893,3154.9009811638407,3145.6537954325186,11511082.115516499,11506107.89285567,1.3432618041164235e-09
PANOCHE W.D.,Grain,1,2464.280152,277.5031915,3.251680117,2488.9229783846376,1149.9731910713197,1158.5692275750107,2223647.163,2245883.657,1.3432618041164235e-09
PANOCHE W.D.,Onions & Garlic,1,305.4238675,2366,7.7,290.4540460404715,452.27839361976805,429.0354712507273,5564273.102888499,5291549.901574518,1.3432618041164235e-09
PANOCHE W.D.,Other Deciduous,1,402.1734858,1850,7.8,395.7691600401018,1385.8243558102708,1360.3466883667782,5803363.4,5710948.979378669,1.3432618041164235e-09
PANOCHE W.D.,Pasture,1,240.7535507,170,5,243.16108861643596,1107.511365449398,1115.7900130291396,204640.5181,206686.92532397056,1.3432618041164235e-09
PANOCHE W.D.,Tomato Processing,1,4402.542612,93,51.2,4438.465261,10476.55834266111,10535.636853914608,20963146.9,21134196.18592423,1.3432618041164235e-09
PANOCHE W.D.,Truck Crops,1,480.3086554,941,19.4,466.05941713469514,1281.335093135278,1240.2136178089092,8768226.628,8508101.083560713,1.3432618041164235e-09
PANOCHE W.D.,Vineyard,1,2864.138053,1492.914288,10.10273139,2783.780313693224,8874.487406,8603.936358848041,43198396.66847179,41986400.097873606,1.3432618041164235e-09
PATTERSON W.D.,Alfalfa,0.5,1953.205988,280,7.1,1.0754614507790707e-18,8076.439097418162,7.13666198404871e-09,3882973.504,2.1380173641487927e-15,480.49474302535447
PATTERSON W.D.,Almonds & Pistachios,0.5,4452.544538,4807.659494,1.100220392,2719.9994148361648,18367.401954389203,11192.347058632033,23551667.60387209,14387396.140392732,480.49474302535447
PATTERSON W.D.,Corn,0.5,1260.277075,69,26.9,480.8891192129892,3044.61424,1158.841630825324,2339200.2789074997,892578.2941712292,480.49474302535447
PATTERSON W.D.,Cucurbits,0.5,128.884954,507,13.6,127.80782810129203,296.38733635166216,293.1755696322742,888687.5348,881260.5363240287,480.49474302535447
PATTERSON W.D.,Dry Beans,0.5,175.5792852,1752,1.3,6.359159858540055e-19,388.39917522758924,7.136661980610321e-09,399899.3799715199,1.4483622493810827e-15,480.49474302535447
PATTERSON W.D.,Grain,0.5,556.3787811,205,3.7,561.9425745005348,259.6379643875565,261.57875517119504,422013.3055,426233.44275865564,480.49474302535447
PATTERSON W.D.,Other Deciduous,0.5,1746.30949,3142.659184,1.879958393,1644.6804669991482,6017.498192877171,5653.132816103838,10317316.105359575,9716884.874937385,480.49474302535447
PATTERSON W.D.,Pasture,0.5,416.0416043,344,5,1.6146291508303431e-18,1913.8691991139597,7.136661990450851e-09,715591.5594,2.77716213942819e-15,480.49474302535447
PATTERSON W.D.,Tomato Processing,0.5,843.5879936,100,50.3,669.9721758267696,2007.4533311794385,1590.3207824767744,4243247.608,3369960.044408651,480.49474302535447
PATTERSON W.D.,Truck Crops,0.5,9.02919326,717,19.8,8.435747635634955,24.087473870533383,22.448058583375875,128183.845,119758.93488405521,480.49474302535447
PATTERSON W.D.,Vineyard,0.5,18.47881382,1630.308163,11.30505992,17.690779753594114,57.25631848,54.67757007770852,340578.0554149607,326054.01114720694,480.49474302535447
PATTERSON W.D.,Alfalfa,0.55,1953.205988,280,7.1,2.6121576274520616e-18,8076.439097418162,9.635057771302076e-09,3882973.504,5.1929693633746986e-15,412.99375363914913
PATTERSON W.D.,Almonds & Pistachios,0.55,4452.544538,4807.659494,1.100220392,2998.043207799874,18367.401954389203,12336.451212249243,23551667.60387209,15858104.616257304,412.99375363914913
PATTERSON W.D.,Corn,0.55,1260.277075,69,26.9,792.0799093651465,3044.61424,1908.7459816323176,2339200.2789074997,1470179.5197726483,412.99375363914913
PATTERSON W.D.,Cucurbits,0.55,128.884954,507,13.6,128.00002467905324,296.38733635166216,293.6164451432925,888687.5348,882585.7701670079,412.99375363914913
PATTERSON W.D.,Dry Beans,0.55,175.5792852,1752,1.3,4.885209411681883e-18,388.39917522758924,9.635057790225678e-09,399899.3799715199,1.1126552956046656e-14,412.99375363914913
PATTERSON W.D.,Grain,0.55,556.3787811,205,3.7,561.9425745033337,259.6379643875565,261.57875517507745,422013.3055,426233.44276077865,412.99375363914913
PATTERSON W.D.,Other Deciduous,0.55,1746.30949,3142.659184,1.879958393,1660.589686224436,6017.498192877171,5707.816343445373,10317316.105359575,9810877.632049847,412.99375363914913
PATTERSON W.D.,Pasture,0.55,416.0416043,344,5,2.347093710158498e-18,1913.8691991139597,9.63505777207029e-09,715591.5594,4.037001181472616e-15,412.99375363914913
PATTERSON W.D.,Tomato Processing,0.55,843.5879936,100,50.3,700.8281084,2007.4533311794385,1663.5638700909462,4243247.608,3525165.385055689,412.99375363914913
PATTERSON W.D.,Truck Crops,0.55,9.02919326,717,19.8,8.493855393,24.087473870533383,22.602687007269786,128183.845,120583.86747051508,412.99375363914913
PATTERSON W.D.,Vineyard,0.55,18.47881382,1630.308163,11.30505992,17.73012013496808,57.25631848,54.79916090270431,340578.0554149607,326779.08315226855,412.99375363914913
PATTERSON W.D.,Alfalfa,0.6,1953.205988,280,7.1,4.0354940594082555e-18,8076.439097418162,1.431635154077414e-08,3882973.504,8.022562190103612e-15,323.8599143033102
PATTERSON W.D.,Almonds & Pistachios,0.6,4452.544538,4807.659494,1.100220392,3309.146082165528,18367.401954389203,13616.588010019814,23551667.60387209,17503678.607744027,323.8599143033102
PATTERSON W.D.,Corn,0.6,1260.277075,69,26.9,1001.6434590500793,3044.61424,2413.7500584028185,2339200.2789074997,1859150.424342852,323.8599143033102
PATTERSON W.D.,Cucurbits,0.6,128.884954,507,13.6,128.24534044254057,296.38733635166216,294.17916959032317,888687.5348,884277.2714194057,323.8599143033102
PATTERSON W.D.,Dry Beans,0.6,175.5792852,1752,1.3,35.49134510726716,388.39917522758924,78.31417582,399899.3799715199,80835.08761631168,323.8599143033102
PATTERSON W.D.,Grain,0.6,556.3787811,205,3.7,561.9425745063148,259.6379643875565,261.5787552,422013.3055,426233.4427630398,323.8599143033102
PATTERSON W.D.,Other Deciduous,0.6,1746.30949,3142.659184,1.879958393,1680.022367348569,6017.498192877171,5774.610793540771,10317316.105359575,9925687.243450593,323.8599143033102
PATTERSON W.D.,Pasture,0.6,416.0416043,344,5,8.923105920008817e-18,1913.8691991139597,1.4316351591834053e-08,715591.5594,1.5347742182415165e-14,323.8599143033102
PATTERSON W.D.,Tomato Processing,0.6,843.5879936,100,50.3,739.3677034544554,2007.4533311794385,1755.0457573090423,4243247.608,3719019.5483759106,323.8599143033102
PATTERSON W.D.,Truck Crops,0.6,9.02919326,717,19.8,8.569214329574425,24.087473870533383,22.80322191451458,128183.845,121653.7081512363,323.8599143033102
PATTERSON W.D.,Vineyard,0.6,18.47881382,1630.308163,11.30505992,17.78110054659564,57.25631848,54.956728017032695,340578.0554149607,327718.68942924595,323.8599143033102
PATTERSON W.D.,Alfalfa,0.65,1953.205988,280,7.1,4.4079277075745894e-08,8076.439097418162,2.8627015768905894e-07,3882973.504,8.762960282658284e-05,215.2600595978075
PATTERSON W.D.,Almonds & Pistachios,0.65,4452.544538,4807.659494,1.100220392,3626.8407181997854,18367.401954389203,14923.848815265948,23551667.60387209,19184119.623786695,215.2600595978075
PATTERSON W.D.,Corn,0.65,1260.277075,69,26.9,1159.565360041114,3044.61424,2794.3086237773064,2339200.2789074997,2152269.264772312,215.2600595978075
PATTERSON W.D.,Cucurbits,0.65,128.884954,507,13.6,128.5321409551777,296.38733635166216,294.8370550490068,888687.5348,886254.8183141414,215.2600595978075
PATTERSON W.D.,Dry Beans,0.65,175.5792852,1752,1.3,105.77070062968572,388.39917522758924,233.39056947075508,399899.3799715199,240903.3477541722,215.2600595978075
PATTERSON W.D.,Grain,0.65,556.3787811,205,3.7,561.9425744817778,259.6379643875565,261.57875522587847,422013.3055,426233.44274442847,215.2600595978075
PATTERSON W.D.,Other Deciduous,0.65,1746.30949,3142.659184,1.879958393,1701.6505662845152,6017.498192877171,5848.951727058227,10317316.105359575,10053468.124496918,215.2600595978075
PATTERSON W.D.,Pasture,0.65,416.0416043,344,5,2.987890768961453e-07,1913.8691991139597,1.4558368257323923e-06,715591.5594,0.000513917,215.2600595978075
PATTERSON W.D.,Tomato Processing,0.65,843.5879936,100,50.3,783.3204366936188,2007.4533311794385,1859.376873851578,4243247.608,3940101.7965689027,215.2600595978075
PATTERSON W.D.,Truck Crops,0.65,9.02919326,717,19.8,8.659006549942621,24.087473870533383,23.04216475923711,128183.845,122928.45238691542,215.2600595978075
PATTERSON W.D.,Vineyard,0.65,18.47881382,1630.308163,11.30505992,17.84178819420792,57.25631848,55.14429770902832,340578.0554149607,328837.20716598124,215.2600595978075
PATTERSON W.D.,Alfalfa,0.7,1953.205988,280,7.1,40.72822786,8076.439097418162,167.98878517706999,3882973.504,80967.71698830118,160.93719770951063
PATTERSON W.D.,Almonds & Pistachios,0.7,4452.544538,4807.659494,1.100220392,3766.739091367364,18367.401954389203,15499.50744846154,23551667.60387209,19924109.97201244,160.93719770951063
PATTERSON W.D.,Corn,0.7,1260.277075,69,26.9,1219.177808563139,3044.61424,2937.962086298363,2339200.2789074997,2262915.9304740424,160.93719770951063
PATTERSON W.D.,Cucurbits,0.7,128.884954,507,13.6,128.67094308276313,296.38733635166216,295.1554502074209,888687.5348,887211.8867442684,160.93719770951063
PATTERSON W.D.,Dry Beans,0.7,175.5792852,1752,1.3,135.4995900336616,388.39917522758924,298.9894771495262,399899.3799715199,308613.8662606677,160.93719770951063
PATTERSON W.D.,Grain,0.7,556.3787811,205,3.7,561.9425744925229,259.6379643875565,261.57875523463497,422013.3055,426233.44275257865,160.93719770951063
PATTERSON W.D.,Other Deciduous,0.7,1746.30949,3142.659184,1.879958393,1711.7416763955248,6017.498192877171,5883.637118459394,10317316.105359575,10113087.094367646,160.93719770951063
PATTERSON W.D.,Pasture,0.7,416.0416043,344,5,214.65554507281627,1913.8691991139597,984.9870091005318,715591.5594,369207.5375,160.93719770951063
PATTERSON W.D.,Tomato Processing,0.7,843.5879936,100,50.3,804.1958384433578,2007.4533311794385,1908.929058921998,4243247.608,4045105.067,160.93719770951063
PATTERSON W.D.,Truck Crops,0.7,9.02919326,717,19.8,8.703115076810068,24.087473870533383,23.159540348001855,128183.845,123554.64349944181,160.93719770951063
PATTERSON W.D.,Vineyard,0.7,18.47881382,1630.308163,11.30505992,17.871577511058685,57.25631848,55.23636869470018,340578.0554149607,329386.24606555566,160.93719770951063
PATTERSON W.D.,Alfalfa,0.75,1953.205988,280,7.1,417.14072000435647,8076.439097418162,1720.5502534061707,3882973.504,829275.7513686607,144.57276469977387
PATTERSON W.D.,Almonds & Pistachios,0.75,4452.544538,4807.659494,1.100220392,3806.817069953222,18367.401954389203,15664.42169189716,23551667.60387209,20136101.83909733,144.57276469977387
PATTERSON W.D.,Corn,0.75,1260.277075,69,26.9,1235.4374522416676,3044.61424,2977.1444075997506,2339200.2789074997,2293095.455105759,144.57276469977387
PATTERSON W.D.,Cucurbits,0.75,128.884954,507,13.6,128.7121785742266,296.38733635166216,295.2500393556442,888687.5348,887496.2137050073,144.57276469977387
PATTERSON W.D.,Dry Beans,0.75,175.5792852,1752,1.3,143.89832253951815,388.39917522758924,317.5218773907634,399899.3799715199,327742.8194160065,144.57276469977387
PATTERSON W.D.,Grain,0.75,556.3787811,205,3.7,561.9425745106844,259.6379643875565,261.57875520720916,422013.3055,426233.4427663541,144.57276469977387
PATTERSON W.D.,Other Deciduous,0.75,1746.30949,3142.659184,1.879958393,1714.6957933057038,6017.498192877171,5893.7910757297195,10317316.105359575,10130540.219457462,144.57276469977387
PATTERSON W.D.,Pasture,0.75,416.0416043,344,5,263.1534945214538,1913.8691991139597,1207.5288966016783,715591.5594,452624.01057690056,144.57276469977387
PATTERSON W.D.,Tomato Processing,0.75,843.5879936,100,50.3,810.3502274537029,2007.4533311794385,1923.5378039919597,4243247.608,4076061.644092126,144.57276469977387
PATTERSON W.D.,Truck Crops,0.75,9.02919326,717,19.8,8.716300629,24.087473870533383,23.19462789817733,128183.845,123741.83351006458,144.57276469977387
PATTERSON W.D.,Vineyard,0.75,18.47881382,1630.308163,11.30505992,17.88047975780361,57.25631848,55.26388317316082,340578.0554149607,329550.321,144.57276469977387
PATTERSON W.D.,Alfalfa,0.8,1953.205988,280,7.1,794.2374550556733,8076.439097418162,3275.933969100453,3882973.504,1578944.0606506786,126.38712001051798
PATTERSON W.D.,Almonds & Pistachios,0.8,4452.544538,4807.659494,1.100220392,3850.3222721843645,18367.401954389203,15843.43839302859,23551667.60387209,20366221.95429046,126.38712001051798
PATTERSON W.D.,Corn,0.8,1260.277075,69,26.9,1252.7224164261645,3044.61424,3018.797535735122,2339200.2789074997,2325178.0771286036,126.38712001051798
PATTERSON W.D.,Cucurbits,0.8,128.884954,507,13.6,128.75769576030368,296.38733635166216,295.3544502713684,888687.5348,887810.0638064459,126.38712001051798
PATTERSON W.D.,Dry Beans,0.8,175.5792852,1752,1.3,152.9595240228669,388.39917522758924,337.5160625931929,399899.3799715199,348380.6119144816,126.38712001051798
PATTERSON W.D.,Grain,0.8,556.3787811,205,3.7,561.9425745000535,259.6379643875565,261.5787552380248,422013.3055,426233.4427582906,126.38712001051798
PATTERSON W.D.,Other Deciduous,0.8,1746.30949,3142.659184,1.879958393,1717.9342014440647,6017.498192877171,5904.922205301736,10317316.105359575,10149672.956599971,126.38712001051798
PATTERSON W.D.,Pasture,0.8,416.0416043,344,5,306.5716411732843,1913.8691991139597,1406.7611614881498,715591.5594,527303.2228,126.38712001051798
PATTERSON W.D.,Tomato Processing,0.8,843.5879936,100,50.3,817.1191095416074,2007.4533311794385,1939.605178539264,4243247.608,4110109.120994285,126.38712001051798
PATTERSON W.D.,Truck Crops,0.8,9.02919326,717,19.8,8.730898716118608,24.087473870533383,23.233474373418996,128183.845,123949.07671324944,126.38712001051798
PATTERSON W.D.,Vineyard,0.8,18.47881382,1630.308163,11.30505992,17.890334192002584,57.25631848,55.29434068656907,340578.0554149607,329731.9454153158,126.38712001051798
PATTERSON W.D.,Alfalfa,0.85,1953.205988,280,7.1,1170.6488489789162,8076.439097418162,4828.490907618496,3882973.504,2327249.9117700853,106.2509806884314
PATTERSON W.D.,Almonds & Pistachios,0.85,4452.544538,4807.659494,1.100220392,3897.285369961572,18367.401954389203,16036.683761539718,23551667.60387209,20614632.556151334,106.2509806884314
PATTERSON W.D.,Corn,0.85,1260.277075,69,26.9,1270.9822482037416,3044.61424,3062.7998896875247,2339200.2789074997,2359070.1508909645,106.2509806884314
PATTERSON W.D.,Cucurbits,0.85,128.884954,507,13.6,128.80772262605353,296.38733635166216,295.4692058019959,888687.5348,888155.0090511643,106.2509806884314
PATTERSON W.D.,Dry Beans,0.85,175.5792852,1752,1.3,162.67817012577603,388.39917522758924,358.9609460454451,399899.3799715199,370515.8002784675,106.2509806884314
PATTERSON W.D.,Grain,0.85,556.3787811,205,3.7,561.9425745042153,259.6379643875565,261.5787552399915,422013.3055,426233.4427614473,106.2509806884314
PATTERSON W.D.,Other Deciduous,0.85,1746.30949,3142.659184,1.879958393,1721.4668610463448,6017.498192877171,5917.064742607865,10317316.105359575,10170544.151550276,106.2509806884314
PATTERSON W.D.,Pasture,0.85,416.0416043,344,5,346.12091227072455,1913.8691991139597,1588.240369182555,715591.5594,595327.9691056462,106.2509806884314
PATTERSON W.D.,Tomato Processing,0.85,843.5879936,100,50.3,824.5293419095066,2007.4533311794385,1957.1949337016601,4243247.608,4147382.589804818,106.2509806884314
PATTERSON W.D.,Truck Crops,0.85,9.02919326,717,19.8,8.746995647623335,24.087473870533383,23.27630932893681,128183.845,124177.59841104943,106.2509806884314
PATTERSON W.D.,Vineyard,0.85,18.47881382,1630.308163,11.30505992,17.90119860713876,57.25631848,55.327919750658694,340578.0554149607,329932.1845332777,106.2509806884314
PATTERSON W.D.,Alfalfa,0.9,1953.205988,280,7.1,1553.3078547634302,8076.439097418162,6406.8169203366715,3882973.504,3087976.015269699,83.52604956010882
PATTERSON W.D.,Almonds & Pistachios,0.9,4452.544538,4807.659494,1.100220392,3948.8401475339647,18367.401954389203,16248.823131842342,23551667.60387209,20887330.779473756,83.52604956010882
PATTERSON W.D.,Corn,0.9,1260.277075,69,26.9,1272.8798582954096,3044.61424,3067.3727308676926,2339200.2789074997,2362592.3049821095,83.52604956010882
PATTERSON W.D.,Cucurbits,0.9,128.884954,507,13.6,128.86371860213796,296.38733635166216,295.59765373015995,888687.5348,888541.1125054617,83.52604956010882
PATTERSON W.D.,Dry Beans,0.9,175.5792852,1752,1.3,173.27492878821124,388.39917522758924,382.3434472664883,399899.3799715199,394650.9778080299,83.52604956010882
PATTERSON W.D.,Grain,0.9,556.3787811,205,3.7,561.9425745118318,259.6379643875565,261.57875523138824,422013.3055,426233.44276722445,83.52604956010882
PATTERSON W.D.,Other Deciduous,0.9,1746.30949,3142.659184,1.879958393,1725.3887633843533,6017.498192877171,5930.545193816281,10317316.105359575,10193715.019250011,83.52604956010882
PATTERSON W.D.,Pasture,0.9,416.0416043,344,5,383.3719177441942,1913.8691991139597,1759.173556345691,715591.5594,659399.6985200141,83.52604956010882
PATTERSON W.D.,Tomato Processing,0.9,843.5879936,100,50.3,832.7879559,2007.4533311794385,1976.7985022075225,4243247.608,4188923.418146523,83.52604956010882
PATTERSON W.D.,Truck Crops,0.9,9.02919326,717,19.8,8.765078398600865,24.087473870533383,23.32442866254322,128183.845,124434.31199357705,83.52604956010882
PATTERSON W.D.,Vineyard,0.9,18.47881382,1630.308163,11.30505992,17.913401071290462,57.25631848,55.36563436151685,340578.0554149607,330157.08487333957,83.52604956010882
PATTERSON W.D.,Alfalfa,0.95,1953.205988,280,7.1,1937.867439197064,8076.439097418162,7992.982112814444,3882973.504,3852480.469123763,58.14474182124499
PATTERSON W.D.,Almonds & Pistachios,0.95,4452.544538,4807.659494,1.100220392,4004.710332,18367.401954389203,16478.71968706408,23551667.60387209,21182855.283288974,58.14474182124499
PATTERSON W.D.,Corn,0.95,1260.277075,69,26.9,1272.8798583967116,3044.61424,3067.3727311308244,2339200.2789074997,2362592.3051701365,58.14474182124499
PATTERSON W.D.,Cucurbits,0.95,128.884954,507,13.6,128.92569022081784,296.38733635166216,295.73980909415303,888687.5348,888968.4192105832,58.14474182124499
PATTERSON W.D.,Dry Beans,0.95,175.5792852,1752,1.3,177.33507957498486,388.39917522758924,391.30245860223056,399899.3799715199,403898.3772399855,58.14474182124499
PATTERSON W.D.,Grain,0.95,556.3787811,205,3.7,561.9425745122705,259.6379643875565,261.57875524989464,422013.3055,426233.4427675572,58.14474182124499
PATTERSON W.D.,Other Deciduous,0.95,1746.30949,3142.659184,1.879958393,1729.690473345082,6017.498192877171,5945.331128391268,10317316.105359575,10219129.816405132,58.14474182124499
PATTERSON W.D.,Pasture,0.95,416.0416043,344,5,418.4615242273963,1913.8691991139597,1920.1887610992278,715591.5594,719753.8216711216,58.14474182124499
PATTERSON W.D.,Tomato Processing,0.95,843.5879936,100,50.3,841.8845932395831,2007.4533311794385,1998.391297,4243247.608,4234679.503995103,58.14474182124499
PATTERSON W.D.,Truck Crops,0.95,9.02919326,717,19.8,8.785171015040259,24.087473870533383,23.377896413848596,128183.845,124719.55883212054,58.14474182124499
PATTERSON W.D.,Vineyard,0.95,18.47881382,1630.308163,11.30505992,17.926957036032853,57.25631848,55.40753232006139,340578.0554149607,330406.93121933396,58.14474182124499
PATTERSON W.D.,Alfalfa,1,1953.205988,280,7.1,1972.7380675678155,8076.439097418162,8136.810479731271,3882973.504,3921803.2783248173,6.835941161855932e-09
PATTERSON W.D.,Almonds & Pistachios,1,4452.544538,4807.659494,1.100220392,4126.456221456224,18367.401954389203,16979.683856322532,23551667.60387209,21826828.340569645,6.835941161855932e-09
PATTERSON W.D.,Corn,1,1260.277075,69,26.9,1272.879858,3044.61424,3067.3727313757145,2339200.2789074997,2362592.305255235,6.835941161855932e-09
PATTERSON W.D.,Cucurbits,1,128.884954,507,13.6,129.06545084294223,296.38733635166216,296.06040327329174,888687.5348,889932.0966522552,6.835941161855932e-09
PATTERSON W.D.,Dry Beans,1,175.5792852,1752,1.3,177.3350797701241,388.39917522758924,391.30245916565764,399899.3799715199,403898.37768443464,6.835941161855932e-09
PATTERSON W.D.,Grain,1,556.3787811,205,3.7,561.9425745132015,259.6379643875565,261.5787553753121,422013.3055,426233.44276826334,6.835941161855932e-09
PATTERSON W.D.,Other Deciduous,1,1746.30949,3142.659184,1.879958393,1739.2482150344526,6017.498192877171,5978.183214007449,10317316.105359575,10275597.60910012,6.835941161855932e-09
PATTERSON W.D.,Pasture,1,416.0416043,344,5,420.2020245101242,1913.8691991139597,1928.175371434454,715591.5594,722747.4821574136,6.835941161855932e-09
PATTERSON W.D.,Tomato Processing,1,843.5879936,100,50.3,852.0238819260351,2007.4533311794385,2022.4590448685126,4243247.608,4285680.126087956,6.835941161855932e-09
PATTERSON W.D.,Truck Crops,1,9.02919326,717,19.8,8.8307932,24.087473870533383,23.49930023,128183.845,125367.23874194451,6.835941161855932e-09
PATTERSON W.D.,Vineyard,1,18.47881382,1630.308163,11.30505992,17.957726347347307,57.25631848,55.50263234915726,340578.0554149607,330974.0321337115,6.835941161855932e-09
PLEASANT VALLEY W.D.,Alfalfa,0.5,50.1504379,264,7.7,5.971611680181807e-21,226.9072077826473,5.971611680180381e-08,101945.8102,1.2139092223473577e-17,846.4141345937962
PLEASANT VALLEY W.D.,Almonds & Pistachios,0.5,10238.68066,4618,1.5,4862.992641700525,39113.43611131459,18530.984169237257,70923340.93,33685950.02905954,846.4141345937962
PLEASANT VALLEY W.D.,Grain,0.5,4683.284412,303,2.9,2294.048164,3351.005009,1637.3441563028894,4115202.013,2015780.1218208817,846.4141345937962
PLEASANT VALLEY W.D.,Lettuce,0.5,165.6443867,703,19.4,155.69445674458572,381.1084118070301,357.3204415096119,2259091.275,2123392.139974009,846.4141345937962
PLEASANT VALLEY W.D.,Onions & Garlic,0.5,414.712446,2366,7.7,384.5829840493844,519.8959184753235,480.9194078255068,7555314.284,7006409.720008494,846.4141345937962
PLEASANT VALLEY W.D.,Other Deciduous,0.5,192.7330286,1850,7.8,183.0308517780667,674.9843488384429,639.4031297103405,2781137.603,2641135.1911575026,846.4141345937962
PLEASANT VALLEY W.D.,Tomato Processing,0.5,667.8228797,93,51.2,396.6927807645454,1482.7044552711297,878.5378878816874,3179905.4239795203,1888892.3448884594,846.4141345937962
PLEASANT VALLEY W.D.,Truck Crops,0.5,439.5955571,941,19.4,410.7674112158701,811.2096482664032,756.1164627192425,8024992.733083339,7498723.398710194,846.4141345937962
PLEASANT VALLEY W.D.,Alfalfa,0.55,50.1504379,264,7.7,3.1986654279925207e-23,226.9072077826473,3.198665427993942e-10,101945.8102,6.502247082023195e-20,830.9134355766648
PLEASANT VALLEY W.D.,Almonds & Pistachios,0.55,10238.68066,4618,1.5,5012.738755262995,39113.43611131459,19101.608692855447,70923340.93,34723241.35770677,830.9134355766648
PLEASANT VALLEY W.D.,Grain,0.55,4683.284412,303,2.9,4730.1173025858825,3351.005009,3376.0537571996038,4115202.013,4156354.0737822144,830.9134355766648
PLEASANT VALLEY W.D.,Lettuce,0.55,165.6443867,703,19.4,155.84192388891194,381.1084118070301,357.6588801201173,2259091.275,2125403.326381759,830.9134355766648
PLEASANT VALLEY W.D.,Onions & Garlic,0.55,414.712446,2366,7.7,384.81010710506786,519.8959184753235,481.20342419279206,7555314.284,7010547.493261548,830.9134355766648
PLEASANT VALLEY W.D.,Other Deciduous,0.55,192.7330286,1850,7.8,183.1794057540836,674.9843488384429,639.9220906677613,2781137.603,2643278.8250314263,830.9134355766648
PLEASANT VALLEY W.D.,Tomato Processing,0.55,667.8228797,93,51.2,404.34467196660455,1482.7044552711297,895.4841915105295,3179905.4239795203,1925327.5900361843,830.9134355766648
PLEASANT VALLEY W.D.,Truck Crops,0.55,439.5955571,941,19.4,411.1154838651201,811.2096482664032,756.7571742945813,8024992.733083339,7505077.604151312,830.9134355766648
PLEASANT VALLEY W.D.,Alfalfa,0.6,50.1504379,264,7.7,1.7775100440306732e-16,226.9072077826473,1.1688088984191334e-09,101945.8102,3.6133224175055524e-13,763.9553970448233
PLEASANT VALLEY W.D.,Almonds & Pistachios,0.6,10238.68066,4618,1.5,5603.221483494555,39113.43611131459,21351.709997800746,70923340.93,38813515.21616679,763.9553970448233
PLEASANT VALLEY W.D.,Grain,0.6,4683.284412,303,2.9,4730.117303266233,3351.005009,3376.0537576860593,4115202.013,4156354.0743800383,763.9553970448233
PLEASANT VALLEY W.D.,Lettuce,0.6,165.6443867,703,19.4,156.4729689946968,381.1084118070301,359.10713537994525,2259091.275,2134009.645743474,763.9553970448233
PLEASANT VALLEY W.D.,Onions & Garlic,0.6,414.712446,2366,7.7,385.78773476900824,519.8959184753235,482.4259434850884,7555314.284,7028358.109568746,763.9553970448233
PLEASANT VALLEY W.D.,Other Deciduous,0.6,192.7330286,1850,7.8,183.81118001556297,674.9843488384429,642.1291417537052,2781137.603,2652395.327624574,763.9553970448233
PLEASANT VALLEY W.D.,Tomato Processing,0.6,667.8228797,93,51.2,436.1012509469435,1482.7044552711297,965.8140769398705,3179905.4239795203,2076539.7165089662,763.9553970448233
PLEASANT VALLEY W.D.,Truck Crops,0.6,439.5955571,941,19.4,412.61136995537345,811.2096482664032,759.5107133,8024992.733083339,7532385.603083324,763.9553970448233
PLEASANT VALLEY W.D.,Alfalfa,0.65,50.1504379,264,7.7,2.3375156940519104e-22,226.9072077826473,2.337515694052852e-09,101945.8102,4.751701902868723e-19,686.8508633624228
PLEASANT VALLEY W.D.,Almonds & Pistachios,0.65,10238.68066,4618,1.5,6192.010917561828,39113.43611131459,23595.358813576833,70923340.93,42892059.62595078,686.8508633624228
PLEASANT VALLEY W.D.,Grain,0.65,4683.284412,303,2.9,4730.117303341222,3351.005009,3376.053757740775,4115202.013,4156354.0744459317,686.8508633624228
PLEASANT VALLEY W.D.,Lettuce,0.65,165.6443867,703,19.4,157.18792347024035,381.1084118070301,360.7479635400788,2259091.275,2143760.337871832,686.8508633624228
PLEASANT VALLEY W.D.,Onions & Garlic,0.65,414.712446,2366,7.7,386.9065879030121,519.8959184753235,483.8250646354258,7555314.284,7048741.599734656,686.8508633624228
PLEASANT VALLEY W.D.,Other Deciduous,0.65,192.7330286,1850,7.8,184.51948785204752,674.9843488384429,644.6035565489237,2781137.603,2662616.209705046,686.8508633624228
PLEASANT VALLEY W.D.,Tomato Processing,0.65,667.8228797,93,51.2,470.30820985505653,1482.7044552711297,1041.5707099950864,3179905.4239795203,2239419.5720458375,686.8508633624228
PLEASANT VALLEY W.D.,Truck Crops,0.65,439.5955571,941,19.4,414.3186945272189,811.2096482664032,762.6534558634115,8024992.733083339,7563553.496072191,686.8508633624228
PLEASANT VALLEY W.D.,Alfalfa,0.7,50.1504379,264,7.7,5.949143254249115e-21,226.9072077826473,5.949143254247497e-08,101945.8102,1.20934184072376e-17,598.1036878246243
PLEASANT VALLEY W.D.,Almonds & Pistachios,0.7,10238.68066,4618,1.5,6779.082600406093,39113.43611131459,25832.461943848135,70923340.93,46958705.17,598.1036878246243
PLEASANT VALLEY W.D.,Grain,0.7,4683.284412,303,2.9,4730.117303166791,3351.005009,3376.0537576741563,4115202.013,4156354.0742926593,598.1036878246243
PLEASANT VALLEY W.D.,Lettuce,0.7,165.6443867,703,19.4,157.9958392,381.1084118070301,362.6021387415532,2259091.275,2154778.8536524917,598.1036878246243
PLEASANT VALLEY W.D.,Onions & Garlic,0.7,414.712446,2366,7.7,388.18533745903414,519.8959184753235,485.4241356483768,7555314.284,7072038.114896176,598.1036878246243
PLEASANT VALLEY W.D.,Other Deciduous,0.7,192.7330286,1850,7.8,185.31070755965175,674.9843488384429,647.3676171602874,2781137.603,2674033.5100857746,598.1036878246243
PLEASANT VALLEY W.D.,Tomato Processing,0.7,667.8228797,93,51.2,506.95557865525063,1482.7044552711297,1122.7320105386186,3179905.4239795203,2413919.683324842,598.1036878246243
PLEASANT VALLEY W.D.,Truck Crops,0.7,439.5955571,941,19.4,416.26400761297157,811.2096482664032,766.2342737,8024992.733083339,7599065.964577841,598.1036878246243
PLEASANT VALLEY W.D.,Alfalfa,0.75,50.1504379,264,7.7,6.649963265115461e-22,226.9072077826473,6.649963265117549e-09,101945.8102,1.351804532532671e-18,496.00175064389384
PLEASANT VALLEY W.D.,Almonds & Pistachios,0.75,10238.68066,4618,1.5,7364.424831045555,39113.43611131459,28062.974800530534,70923340.93,51013370.80465256,496.00175064389384
PLEASANT VALLEY W.D.,Grain,0.75,4683.284412,303,2.9,4730.117303384798,3351.005009,3376.053758,4115202.013,4156354.0744842216,496.00175064389384
PLEASANT VALLEY W.D.,Lettuce,0.75,165.6443867,703,19.4,158.90624137063895,381.1084118070301,364.6915214821255,2259091.275,2167195.101061048,496.00175064389384
PLEASANT VALLEY W.D.,Onions & Garlic,0.75,414.712446,2366,7.7,389.64471542805194,519.8959184753235,487.2490816202783,7555314.284,7098625.354611336,496.00175064389384
PLEASANT VALLEY W.D.,Other Deciduous,0.75,192.7330286,1850,7.8,186.19111703152214,674.9843488384429,650.4432547167946,2781137.603,2686737.8187648645,496.00175064389384
PLEASANT VALLEY W.D.,Tomato Processing,0.75,667.8228797,93,51.2,546.0078446243341,1482.7044552711297,1209.2193299469504,3179905.4239795203,2599870.9529632293,496.00175064389384
PLEASANT VALLEY W.D.,Truck Crops,0.75,439.5955571,941,19.4,418.47638457415314,811.2096482664032,770.3066868821577,8024992.733083339,7639453.790954994,496.00175064389384
PLEASANT VALLEY W.D.,Alfalfa,0.8,50.1504379,264,7.7,5.907598326540022e-21,226.9072077826473,5.907598326538054e-08,101945.8102,1.2008965878190556e-17,378.58596043774713
PLEASANT VALLEY W.D.,Almonds & Pistachios,0.8,10238.68066,4618,1.5,7948.037937147818,39113.43611131459,30286.898632456665,70923340.93,55056058.790622935,378.58596043774713
PLEASANT VALLEY W.D.,Grain,0.8,4683.284412,303,2.9,4730.117303332462,3351.005009,3376.0537577924265,4115202.013,4156354.0744382343,378.58596043774713
PLEASANT VALLEY W.D.,Lettuce,0.8,165.6443867,703,19.4,159.9290313127523,381.1084118070301,367.0388353810477,2259091.275,2181144.114849578,378.58596043774713
PLEASANT VALLEY W.D.,Onions & Garlic,0.8,414.712446,2366,7.7,391.3076395279806,519.8959184753235,489.3285612844772,7555314.284,7128920.838448657,378.58596043774713
PLEASANT VALLEY W.D.,Other Deciduous,0.8,192.7330286,1850,7.8,187.16674968753622,674.9843488384429,653.8515466940886,2781137.603,2700816.1979911476,378.58596043774713
PLEASANT VALLEY W.D.,Tomato Processing,0.8,667.8228797,93,51.2,587.4054304985905,1482.7044552711297,1300.9007253240477,3179905.4239795203,2796989.6978620887,378.58596043774713
PLEASANT VALLEY W.D.,Truck Crops,0.8,439.5955571,941,19.4,420.9874614797087,811.2096482664032,774.9289294420996,8024992.733083339,7685294.504296673,378.58596043774713
PLEASANT VALLEY W.D.,Alfalfa,0.85,50.1504379,264,7.7,2.7246352581539978e-17,226.9072077826473,3.294238191993166e-07,101945.8102,5.5386385527754464e-14,243.61485181358572
PLEASANT VALLEY W.D.,Almonds & Pistachios,0.85,10238.68066,4618,1.5,8529.933101608112,39113.43611131459,32504.276053432903,70923340.93,59086846.594839394,243.61485181358572
PLEASANT VALLEY W.D.,Grain,0.85,4683.284412,303,2.9,4730.117303189438,3351.005009,3376.0537579687943,4115202.013,4156354.0743125584,243.61485181358572
PLEASANT VALLEY W.D.,Lettuce,0.85,165.6443867,703,19.4,161.07435700247308,381.1084118070301,369.6673703707092,2259091.275,2196764.295671128,243.61485181358572
PLEASANT VALLEY W.D.,Onions & Garlic,0.85,414.712446,2366,7.7,393.1993151193905,519.8959184753235,491.6940939660418,7555314.284,7163383.762708081,243.61485181358572
PLEASANT VALLEY W.D.,Other Deciduous,0.85,192.7330286,1850,7.8,188.24323845164352,674.9843488384429,657.6121713721284,2781137.603,2716349.930857216,243.61485181358572
PLEASANT VALLEY W.D.,Tomato Processing,0.85,667.8228797,93,51.2,631.067059,1482.7044552711297,1397.5961955362884,3179905.4239795203,3004888.907951874,243.61485181358572
PLEASANT VALLEY W.D.,Truck Crops,0.85,439.5955571,941,19.4,423.83140888378824,811.2096482664032,780.1639006587595,8024992.733083339,7737211.901737107,243.61485181358572
PLEASANT VALLEY W.D.,Alfalfa,0.9,50.1504379,264,7.7,37.73103715820922,226.9072077826473,170.28845515660242,101945.8102,76699.65233520769,100.61198991647171
PLEASANT VALLEY W.D.,Almonds & Pistachios,0.9,10238.68066,4618,1.5,9067.748683975176,39113.43611131459,34553.68323450267,70923340.93,62812295.133896045,100.61198991647171
PLEASANT VALLEY W.D.,Grain,0.9,4683.284412,303,2.9,4730.1173034040885,3351.005009,3376.0537578368803,4115202.013,4156354.074501172,100.61198991647171
PLEASANT VALLEY W.D.,Lettuce,0.9,165.6443867,703,19.4,162.2542412587779,381.1084118070301,372.37521704501086,2259091.275,2212855.7931354647,100.61198991647171
PLEASANT VALLEY W.D.,Onions & Garlic,0.9,414.712446,2366,7.7,395.1808599331191,519.8959184753235,494.1720071455128,7555314.284,7199483.942433551,100.61198991647171
PLEASANT VALLEY W.D.,Other Deciduous,0.9,192.7330286,1850,7.8,189.33547502626405,674.9843488384429,661.4278091376524,2781137.603,2732110.905,100.61198991647171
PLEASANT VALLEY W.D.,Tomato Processing,0.9,667.8228797,93,51.2,673.4699066098946,1482.7044552711297,1491.503899,3179905.4239795203,3206794.307313674,100.61198991647171
PLEASANT VALLEY W.D.,Truck Crops,0.9,439.5955571,941,19.4,426.79642068368946,811.2096482664032,785.6217194858035,8024992.733083339,7791339.378149023,100.61198991647171
PLEASANT VALLEY W.D.,Alfalfa,0.95,50.1504379,264,7.7,50.651942757860986,226.9072077826473,228.6033392594685,101945.8102,102965.26923817981,9.36306294051006e-09
PLEASANT VALLEY W.D.,Almonds & Pistachios,0.95,10238.68066,4618,1.5,9407.826716218255,39113.43611131459,35849.58908853765,70923340.93,65168015.66324385,9.36306294051006e-09
PLEASANT VALLEY W.D.,Grain,0.95,4683.284412,303,2.9,4730.117303406119,3351.005009,3376.053757990626,4115202.013,4156354.0745029566,9.36306294051006e-09
PLEASANT VALLEY W.D.,Lettuce,0.95,165.6443867,703,19.4,163.06467133695335,381.1084118070301,374.23516301324554,2259091.275,2223908.600627637,9.36306294051006e-09
PLEASANT VALLEY W.D.,Onions & Garlic,0.95,414.712446,2366,7.7,396.56129693843053,519.8959184753235,495.8982380668483,7555314.284,7224633.019883716,9.36306294051006e-09
PLEASANT VALLEY W.D.,Other Deciduous,0.95,192.7330286,1850,7.8,190.07636393026573,674.9843488384429,664.0160434204939,2781137.603,2742801.9315137346,9.36306294051006e-09
PLEASANT VALLEY W.D.,Tomato Processing,0.95,667.8228797,93,51.2,674.5011151996836,1482.7044552711297,1493.7876713280564,3179905.4239795203,3211704.5101348134,9.36306294051006e-09
PLEASANT VALLEY W.D.,Truck Crops,0.95,439.5955571,941,19.4,428.85365205691795,811.2096482664032,789.4085501821361,8024992.733083339,7828894.959759859,9.36306294051006e-09
PLEASANT VALLEY W.D.,Alfalfa,1,50.1504379,264,7.7,50.651942757860986,226.9072077826473,228.60333925946853,101945.8102,102965.26923817981,2.672571302345854e-09
PLEASANT VALLEY W.D.,Almonds & Pistachios,1,10238.68066,4618,1.5,9407.826716239952,39113.43611131459,35849.58908862033,70923340.93,65168015.663394146,2.672571302345854e-09
PLEASANT VALLEY W.D.,Grain,1,4683.284412,303,2.9,4730.117303406119,3351.005009,3376.053757990626,4115202.013,4156354.0745029566,2.672571302345854e-09
PLEASANT VALLEY W.D.,Lettuce,1,165.6443867,703,19.4,163.06467133700673,381.1084118070301,374.23516301336775,2259091.275,2223908.600628365,2.672571302345854e-09
PLEASANT VALLEY W.D.,Onions & Garlic,1,414.712446,2366,7.7,396.56129693852193,519.8959184753235,495.89823806696256,7555314.284,7224633.019885381,2.672571302345854e-09
PLEASANT VALLEY W.D.,Other Deciduous,1,192.7330286,1850,7.8,190.07636393031427,674.9843488384429,664.0160434206636,2781137.603,2742801.931514435,2.672571302345854e-09
PLEASANT VALLEY W.D.,Tomato Processing,1,667.8228797,93,51.2,674.5011151996836,1482.7044552711297,1493.7876713280561,3179905.4239795203,3211704.5101348134,2.672571302345854e-09
PLEASANT VALLEY W.D.,Truck Crops,1,439.5955571,941,19.4,428.85365205705386,811.2096482664032,789.4085501823861,8024992.733083339,7828894.96,2.672571302345854e-09
RECLAMATION DISTRICT 1606,Almonds & Pistachios,0.5,523.4634039,4712.278285,1.185739051,280.7912780416004,2131.678498027582,1140.5961288665217,2924868.72,1568930.3585574399,632.9591492768299
RECLAMATION DISTRICT 1606,Corn,0.5,165.0853057,71,20.6,6.527817095513438e-08,376.46669523850954,2.862198859224975e-07,241453.76811682002,9.547585283897955e-05,632.9591492768299
RECLAMATION DISTRICT 1606,Onions & Garlic,0.5,103.6588801,2366,7.7,98.16304691692066,129.94987056094507,122.75247835566105,1888478.2094378201,1788354.021341844,632.9591492768299
RECLAMATION DISTRICT 1606,Tomato Processing,0.5,73.48659579,93,51.2,61.98554472290585,163.15539088670974,137.27663374900803,349913.7745,295150.3697525885,632.9591492768299
RECLAMATION DISTRICT 1606,Almonds & Pistachios,0.55,523.4634039,4712.278285,1.185739051,313.92760734030776,2131.678498027582,1275.1984897012037,2924868.72,1754080.671524768,579.4997264
RECLAMATION DISTRICT 1606,Corn,0.55,165.0853057,71,20.6,1.3828871321746374e-07,376.46669523850954,4.756933295378747e-07,241453.76811682002,0.000202261,579.4997264
RECLAMATION DISTRICT 1606,Onions & Garlic,0.55,103.6588801,2366,7.7,98.35499396352118,129.94987056094507,122.99250735586014,1888478.2094378201,1791850.9510262217,579.4997264
RECLAMATION DISTRICT 1606,Tomato Processing,0.55,73.48659579,93,51.2,64.34263088378886,163.15539088670974,142.49676783543973,349913.7745,306373.87121624907,579.4997264
RECLAMATION DISTRICT 1606,Almonds & Pistachios,0.6,523.4634039,4712.278285,1.185739051,346.90883902704206,2131.678498027582,1409.1708318491667,2924868.72,1938364.3715628716,517.1906802759627
RECLAMATION DISTRICT 1606,Corn,0.6,165.0853057,71,20.6,2.0746322043074263e-07,376.46669523850954,5.731161069481773e-07,241453.76811682002,0.000303436,517.1906802759627
RECLAMATION DISTRICT 1606,Onions & Garlic,0.6,103.6588801,2366,7.7,98.57762713996077,129.94987056094507,123.27090917291088,1888478.2094378201,1795906.9267612332,517.1906802759627
RECLAMATION DISTRICT 1606,Tomato Processing,0.6,73.48659579,93,51.2,66.96686742464263,163.15539088670974,148.30854794645947,349913.7745,318869.4359291784,517.1906802759627
RECLAMATION DISTRICT 1606,Almonds & Pistachios,0.65,523.4634039,4712.278285,1.185739051,379.7267302648258,2131.678498027582,1542.4796723438753,2924868.72,2121735.401553222,444.64212731417456
RECLAMATION DISTRICT 1606,Corn,0.65,165.0853057,71,20.6,2.318898788313339e-06,376.46669523850954,5.351172833088169e-06,241453.76811682002,0.003391621,444.64212731417456
RECLAMATION DISTRICT 1606,Onions & Garlic,0.65,103.6588801,2366,7.7,98.83538557,129.94987056094507,123.59323499235882,1888478.2094378201,1800602.8213378817,444.64212731417456
RECLAMATION DISTRICT 1606,Tomato Processing,0.65,73.48659579,93,51.2,69.87086436,163.15539088670974,154.73990100255844,349913.7745,332697.10773050215,444.64212731417456
RECLAMATION DISTRICT 1606,Almonds & Pistachios,0.7,523.4634039,4712.278285,1.185739051,382.5515204196132,2131.678498027582,1553.9541908460267,2924868.72,2137519.0080146147,437.8496675006651
RECLAMATION DISTRICT 1606,Corn,0.7,165.0853057,71,20.6,56.25839382490857,376.46669523850954,127.97300635132223,241453.76811682002,82283.52680831129,437.8496675006651
RECLAMATION DISTRICT 1606,Onions & Garlic,0.7,103.6588801,2366,7.7,98.85943871826974,129.94987056094507,123.62331335703927,1888478.2094378201,1801041.026457182,437.8496675006651
RECLAMATION DISTRICT 1606,Tomato Processing,0.7,73.48659579,93,51.2,70.13498049017801,163.15539088670974,155.32482727177842,349913.7745,333954.7231020316,437.8496675006651
RECLAMATION DISTRICT 1606,Almonds & Pistachios,0.75,523.4634039,4712.278285,1.185739051,382.5631850355903,2131.678498027582,1554.0015734282765,2924868.72,2137584.184434107,437.82142846864906
RECLAMATION DISTRICT 1606,Corn,0.75,165.0853057,71,20.6,117.80952633689378,376.46669523850954,267.9855970371675,241453.76811682002,172308.21322034087,437.82142846864906
RECLAMATION DISTRICT 1606,Onions & Garlic,0.75,103.6588801,2366,7.7,98.85953868851837,129.94987056094507,123.62343836941513,1888478.2094378201,1801042.8477351654,437.82142846864906
RECLAMATION DISTRICT 1606,Tomato Processing,0.75,73.48659579,93,51.2,70.13607585500313,163.15539088670974,155.32725312762008,349913.7745,333959.93879118294,437.82142846864906
RECLAMATION DISTRICT 1606,Almonds & Pistachios,0.8,523.4634039,4712.278285,1.185739051,389.2797107,2131.678498027582,1581.2846257166352,2924868.72,2175112.988828331,421.29724177111797
RECLAMATION DISTRICT 1606,Corn,0.8,165.0853057,71,20.6,166.73615948879487,376.46669523850954,379.28078173260104,241453.76811682002,243868.3068683114,421.29724177111797
RECLAMATION DISTRICT 1606,Onions & Garlic,0.8,103.6588801,2366,7.7,98.91799647561847,129.94987056094507,123.6965395869532,1888478.2094378201,1802107.8433921125,421.29724177111797
RECLAMATION DISTRICT 1606,Tomato Processing,0.8,73.48659579,93,51.2,70.77327919061777,163.15539088670974,156.73843906232312,349913.7745,336994.04619404563,421.29724177111797
RECLAMATION DISTRICT 1606,Almonds & Pistachios,0.85,523.4634039,4712.278285,1.185739051,421.8766554501097,2131.678498027582,1713.695964442533,2924868.72,2357249.4734123885,333.1227459638454
RECLAMATION DISTRICT 1606,Corn,0.85,165.0853057,71,20.6,166.73616038616598,376.46669523850954,379.2807837229017,241453.76811682002,243868.30818080637,333.1227459638454
RECLAMATION DISTRICT 1606,Onions & Garlic,0.85,103.6588801,2366,7.7,99.22858026966381,129.94987056094507,124.08492326609888,1888478.2094378201,1807766.1210687892,333.1227459638454
RECLAMATION DISTRICT 1606,Tomato Processing,0.85,73.48659579,93,51.2,74.05270550566438,163.15539088670974,164.00123885848987,349913.7745,352609.3625357715,333.1227459638454
RECLAMATION DISTRICT 1606,Almonds & Pistachios,0.9,523.4634039,4712.278285,1.185739051,456.14817183219117,2131.678498027582,1852.909543966081,2924868.72,2548742.680967361,224.3568177632074
RECLAMATION DISTRICT 1606,Corn,0.9,165.0853057,71,20.6,166.7361604056338,376.46669523850954,379.2807837772147,241453.76811682002,243868.30820928002,224.3568177632074
RECLAMATION DISTRICT 1606,Onions & Garlic,0.9,103.6588801,2366,7.7,99.60859434815325,129.94987056094507,124.56012928736732,1888478.2094378201,1814689.2935535256,224.3568177632074
RECLAMATION DISTRICT 1606,Tomato Processing,0.9,73.48659579,93,51.2,74.22146245063536,163.15539088670974,164.37497738244352,349913.7745,353412.91560494533,224.3568177632074
RECLAMATION DISTRICT 1606,Almonds & Pistachios,0.95,523.4634039,4712.278285,1.185739051,490.49190902915865,2131.678498027582,1992.4164901089755,2924868.72,2740639.4246641425,95.95595091394453
RECLAMATION DISTRICT 1606,Corn,0.95,165.0853057,71,20.6,166.73616041266945,376.46669523850954,379.2807838257271,241453.76811682002,243868.30821957035,95.95595091394453
RECLAMATION DISTRICT 1606,Onions & Garlic,0.95,103.6588801,2366,7.7,100.05288033922443,129.94987056094507,125.11570709155446,1888478.2094378201,1822783.3845960586,95.95595091394453
RECLAMATION DISTRICT 1606,Tomato Processing,0.95,73.48659579,93,51.2,74.22146247245733,163.15539088670974,164.37497746893308,349913.7745,353412.9157088529,95.95595091394453
RECLAMATION DISTRICT 1606,Almonds & Pistachios,1,523.4634039,4712.278285,1.185739051,512.9181376396431,2131.678498027582,2083.5135845631394,2924868.72,2865946.7032247167,1.8707018339415616e-07
RECLAMATION DISTRICT 1606,Corn,1,165.0853057,71,20.6,166.73616041523246,376.46669523850954,379.2807839923798,241453.76811682002,243868.3082,1.8707018339415616e-07
RECLAMATION DISTRICT 1606,Onions & Garlic,1,103.6588801,2366,7.7,100.38189588255237,129.94987056094507,125.52713988423723,1888478.2094378201,1828777.4555675157,1.8707018339415616e-07
RECLAMATION DISTRICT 1606,Tomato Processing,1,73.48659579,93,51.2,74.22146247761665,163.15539088670974,164.37497775362127,349913.7745,353412.9157334195,1.8707018339415616e-07
SAN BENITO CO. W.D.,Alfalfa,0.5,8.12339201,240,6,1.1813075501132527e-21,31.730566227879166,1.1813075501138591e-08,11697.68449,1.7010828721630838e-18,2771.4627187481574
SAN BENITO CO. W.D.,Citrus & Subtropical,0.5,93.56230545,1871,10.6,83.92873781,244.34300359737645,218.63645925118212,1855583.7790676698,1664525.0855357787,2771.4627187481574
SAN BENITO CO. W.D.,Cucurbits,0.5,113.9966187,557,13.9,107.95981468413122,189.48250797838415,178.99965136924897,882596.021,835857.2732289492,2771.4627187481574
SAN BENITO CO. W.D.,Grain,0.5,3243.914414,268,2.6,1.1813075501136157e-21,2763.693051155574,1.1813075501138413e-08,2260359.564,8.231351009191676e-19,2771.4627187481574
SAN BENITO CO. W.D.,Lettuce,0.5,9015.458991,421,15.9,6618.907283705266,12307.857283353496,9013.507140651993,60348580.939854905,44306303.466394685,2771.4627187481574
SAN BENITO CO. W.D.,Onions & Garlic,0.5,311.1388125,1570,15.4,264.43426184338654,494.85237679885813,419.5194447955595,7522714.208624999,6393491.583,2771.4627187481574
SAN BENITO CO. W.D.,Other Deciduous,0.5,3793.594103,1830.659695,4.969677609,1429.8131182855452,10309.901220602958,3876.107561118322,34513316.788540244,13008137.338882716,2771.4627187481574
SAN BENITO CO. W.D.,Pasture,0.5,1110.634207,238.050834,5,1.1813075501132189e-21,4648.219462731735,1.1813075501138664e-08,1321936.9962263934,1.406056237574743e-18,2771.4627187481574
SAN BENITO CO. W.D.,Sunflowers,0.5,5.29369938,3640,0.6,1.1813075508072544e-21,15.414769274512906,1.1813075508077916e-08,11561.43945,2.579975690963044e-18,2771.4627187481574
SAN BENITO CO. W.D.,Tomato Processing,0.5,509.4001453,98,52.9,1.1813081780833377e-21,1067.1185794773855,1.1813081780839656e-08,2640832.233,6.124137856819639e-18,2771.4627187481574
SAN BENITO CO. W.D.,Truck Crops,0.5,3182.35908,1206.641638,14.91469593,2825.122039720126,3484.590856451294,3085.693065086206,57271939.783468515,50842854.4,2771.4627187481574
SAN BENITO CO. W.D.,Vineyard,0.5,1126.718986,1773.723808,9.242885531,967.1082612014197,2768.540520109554,2370.408876525721,18471798.503153954,15855088.22840428,2771.4627187481574
SAN BENITO CO. W.D.,Alfalfa,0.55,8.12339201,240,6,2.4912278152947792e-21,31.730566227879166,2.4912278152960533e-08,11697.68449,3.587368054024482e-18,2702.316769469959
SAN BENITO CO. W.D.,Citrus & Subtropical,0.55,93.56230545,1871,10.6,84.18006987781187,244.34300359737645,219.29118557540522,1855583.7790676698,1669509.6538586917,2702.316769469959
SAN BENITO CO. W.D.,Cucurbits,0.55,113.9966187,557,13.9,108.22267452629721,189.48250797838415,179.43547854873614,882596.021,837892.4129849509,2702.316769469959
SAN BENITO CO. W.D.,Grain,0.55,3243.914414,268,2.6,2.4912278152955522e-21,2763.693051155574,2.4912278152960248e-08,2260359.564,1.735887541697941e-18,2702.316769469959
SAN BENITO CO. W.D.,Lettuce,0.55,9015.458991,421,15.9,6719.546709561004,12307.857283353496,9150.556074076438,60348580.939854905,44979973.719130404,2702.316769469959
SAN BENITO CO. W.D.,Onions & Garlic,0.55,311.1388125,1570,15.4,265.292166,494.85237679885813,420.88049185023715,7522714.208624999,6414233.989219227,2702.316769469959
SAN BENITO CO. W.D.,Other Deciduous,0.55,3793.594103,1830.659695,4.969677609,2078.0473984579885,10309.901220602958,5633.418193272795,34513316.788540244,18905635.715709694,2702.316769469959
SAN BENITO CO. W.D.,Pasture,0.55,1110.634207,238.050834,5,2.4912278152947025e-21,4648.219462731735,2.491227815296064e-08,1321936.9962263934,2.9651942955745097e-18,2702.316769469959
SAN BENITO CO. W.D.,Sunflowers,0.55,5.29369938,3640,0.6,2.4912278152949948e-21,15.414769274512906,2.4912278152961227e-08,11561.43945,5.440841548604269e-18,2702.316769469959
SAN BENITO CO. W.D.,Tomato Processing,0.55,509.4001453,98,52.9,2.491227815295078e-21,1067.1185794773855,2.491227815296392e-08,2640832.233,1.2915023240052742e-17,2702.316769469959
SAN BENITO CO. W.D.,Truck Crops,0.55,3182.35908,1206.641638,14.91469593,2832.515436014485,3484.590856451294,3093.7683805555603,57271939.783468515,50975911.08,2702.316769469959
SAN BENITO CO. W.D.,Vineyard,0.55,1126.718986,1773.723808,9.242885531,971.7596690344208,2768.540520109554,2381.809604728165,18471798.503153954,15931344.925340056,2702.316769469959
SAN BENITO CO. W.D.,Alfalfa,0.6,8.12339201,240,6,6.580853045321013e-18,31.730566227879166,1.83713818758163e-08,11697.68449,9.476428385262258e-15,2506.7290419082565
SAN BENITO CO. W.D.,Citrus & Subtropical,0.6,93.56230545,1871,10.6,84.86409855978988,244.34300359737645,221.07309737804147,1855583.7790676698,1683075.7210968887,2506.7290419082565
SAN BENITO CO. W.D.,Cucurbits,0.6,113.9966187,557,13.9,108.90659779315607,189.48250797838415,180.56943775348924,882596.021,843187.5520939522,2506.7290419082565
SAN BENITO CO. W.D.,Grain,0.6,3243.914414,268,2.6,5.753003720792653e-17,2763.693051155574,1.8371381942937497e-08,2260359.564,4.008692992648321e-14,2506.7290419082565
SAN BENITO CO. W.D.,Lettuce,0.6,9015.458991,421,15.9,6982.056922744548,12307.857283353496,9508.037691442449,60348580.939854905,46737190.835159734,2506.7290419082565
SAN BENITO CO. W.D.,Onions & Garlic,0.6,311.1388125,1570,15.4,267.68806967791005,494.85237679885813,424.6815431120795,7522714.208624999,6472162.148672509,2506.7290419082565
SAN BENITO CO. W.D.,Other Deciduous,0.6,3793.594103,1830.659695,4.969677609,2631.0255301692687,10309.901220602958,7132.497121858748,34513316.788540244,23936513.80089912,2506.7290419082565
SAN BENITO CO. W.D.,Pasture,0.6,1110.634207,238.050834,5,6.151019947932042e-18,4648.219462731735,1.8371381875529192e-08,1321936.9962263934,7.321277142779297e-15,2506.7290419082565
SAN BENITO CO. W.D.,Sunflowers,0.6,5.29369938,3640,0.6,8.819468854419528e-18,15.414769274512906,1.8371381882044576e-08,11561.43945,1.926171997805225e-14,2506.7290419082565
SAN BENITO CO. W.D.,Tomato Processing,0.6,509.4001453,98,52.9,8.451495339589768e-18,1067.1185794773855,1.8371381892232765e-08,2640832.233,4.381424213950127e-14,2506.7290419082565
SAN BENITO CO. W.D.,Truck Crops,0.6,3182.35908,1206.641638,14.91469593,2853.201196180145,3484.590856451294,3116.362061739146,57271939.783468515,51348186.35794852,2506.7290419082565
SAN BENITO CO. W.D.,Vineyard,0.6,1126.718986,1773.723808,9.242885531,984.1691835710997,2768.540520109554,2412.2256652506608,18471798.503153954,16134790.553657081,2506.7290419082565
SAN BENITO CO. W.D.,Alfalfa,0.65,8.12339201,240,6,3.0323758427791363e-18,31.730566227879166,4.048016355704291e-06,11697.68449,4.366621213601956e-15,2100.598560478081
SAN BENITO CO. W.D.,Citrus & Subtropical,0.65,93.56230545,1871,10.6,86.17231146925603,244.34300359737645,224.48102875361147,1855583.7790676698,1709020.984445167,2100.598560478081
SAN BENITO CO. W.D.,Cucurbits,0.65,113.9966187,557,13.9,110.10868166366821,189.48250797838415,182.56252227026562,882596.021,852494.4460446184,2100.598560478081
SAN BENITO CO. W.D.,Grain,0.65,3243.914414,268,2.6,3.857536379232733e-18,2763.693051155574,4.048016348106941e-06,2260359.564,2.6879313490493686e-15,2100.598560478081
SAN BENITO CO. W.D.,Lettuce,0.65,9015.458991,421,15.9,7445.512771263322,12307.857283353496,10139.161832485113,60348580.939854905,49839517.93955956,2100.598560478081
SAN BENITO CO. W.D.,Onions & Garlic,0.65,311.1388125,1570,15.4,272.52381836487103,494.85237679885813,432.3533616803132,7522714.208624999,6589080.880425852,2100.598560478081
SAN BENITO CO. W.D.,Other Deciduous,0.65,3793.594103,1830.659695,4.969677609,3062.741130381163,10309.901220602958,8302.843152845608,34513316.788540244,27864171.022024844,2100.598560478081
SAN BENITO CO. W.D.,Pasture,0.65,1110.634207,238.050834,5,9.912010778832161e-11,4648.219462731735,4.089213032220336e-06,1321936.9962263934,1.1797812162589929e-07,2100.598560478081
SAN BENITO CO. W.D.,Sunflowers,0.65,5.29369938,3640,0.6,9.73041472107108e-11,15.414769274512906,4.0881975672270746e-06,11561.43945,2.125122575081924e-07,2100.598560478081
SAN BENITO CO. W.D.,Tomato Processing,0.65,509.4001453,98,52.9,9.418318352315459e-11,1067.1185794773855,4.0869760308144125e-06,2640832.233,4.88264460020738e-07,2100.598560478081
SAN BENITO CO. W.D.,Truck Crops,0.65,3182.35908,1206.641638,14.91469593,2895.119670633398,3484.590856451294,3162.146829841064,57271939.783468515,52102580.27904606,2100.598560478081
SAN BENITO CO. W.D.,Vineyard,0.65,1126.718986,1773.723808,9.242885531,1007.0001834033739,2768.540520109554,2468.1850761523506,18471798.503153954,16509089.410574818,2100.598560478081
SAN BENITO CO. W.D.,Alfalfa,0.7,8.12339201,240,6,3.2912343092273165e-21,31.730566227879166,3.2912343092288406e-08,11697.68449,4.739377405287336e-18,1478.3325034910756
SAN BENITO CO. W.D.,Citrus & Subtropical,0.7,93.56230545,1871,10.6,87.93809583484892,244.34300359737645,229.08093710802137,1855583.7790676698,1744041.0794542246,1478.3325034910756
SAN BENITO CO. W.D.,Cucurbits,0.7,113.9966187,557,13.9,111.56599787922626,189.48250797838415,184.9787792405956,882596.021,863777.4253803334,1478.3325034910756
SAN BENITO CO. W.D.,Grain,0.7,3243.914414,268,2.6,3.291234309228284e-21,2763.693051155574,3.2912343092287724e-08,2260359.564,2.2933320666702687e-18,1478.3325034910756
SAN BENITO CO. W.D.,Lettuce,0.7,9015.458991,421,15.9,8010.296727772479,12307.857283353496,10908.27589206127,60348580.939854905,53620125.266036205,1478.3325034910756
SAN BENITO CO. W.D.,Onions & Garlic,0.7,311.1388125,1570,15.4,279.59475630811517,494.85237679885813,443.5712532930322,7522714.208624999,6760042.018017609,1478.3325034910756
SAN BENITO CO. W.D.,Other Deciduous,0.7,3793.594103,1830.659695,4.969677609,3377.651103472433,10309.901220602958,9156.538580843047,34513316.788540244,30729155.352471456,1478.3325034910756
SAN BENITO CO. W.D.,Pasture,0.7,1110.634207,238.050834,5,3.291234309227236e-21,4648.219462731735,3.2912343092288664e-08,1321936.9962263934,3.917405361004788e-18,1478.3325034910756
SAN BENITO CO. W.D.,Sunflowers,0.7,5.29369938,3640,0.6,3.2912343092277138e-21,15.414769274512906,3.291234309228993e-08,11561.43945,7.188055731353327e-18,1478.3325034910756
SAN BENITO CO. W.D.,Tomato Processing,0.7,509.4001453,98,52.9,65.15177723340578,1067.1185794773855,136.14220620149942,2640832.233,337759.8435334222,1478.3325034910756
SAN BENITO CO. W.D.,Truck Crops,0.7,3182.35908,1206.641638,14.91469593,2956.806449269574,3484.590856451294,3229.523194783986,57271939.783468515,53212738.304169744,1478.3325034910756
SAN BENITO CO. W.D.,Vineyard,0.7,1126.718986,1773.723808,9.242885531,1036.2634718143358,2768.540520109554,2539.9101947238373,18471798.503153954,16988841.304155644,1478.3325034910756
SAN BENITO CO. W.D.,Alfalfa,0.75,8.12339201,240,6,2.0419142504559555e-19,31.730566227879166,6.032451396336992e-10,11697.68449,2.940356520656576e-16,807.3704542001259
SAN BENITO CO. W.D.,Citrus & Subtropical,0.75,93.56230545,1871,10.6,89.59251340586675,244.34300359737645,233.3907361889102,1855583.7790676698,1776852.4813731927,807.3704542001259
SAN BENITO CO. W.D.,Cucurbits,0.75,113.9966187,557,13.9,112.80707455125666,189.48250797838415,187.0365105242017,882596.021,873386.2132981945,807.3704542001259
SAN BENITO CO. W.D.,Grain,0.75,3243.914414,268,2.6,9.28958153223885e-19,2763.693051155574,6.032451597377651e-10,2260359.564,6.472980411664031e-16,807.3704542001259
SAN BENITO CO. W.D.,Lettuce,0.75,9015.458991,421,15.9,8493.310897586889,12307.857283353496,11566.035773235204,60348580.939854905,56853373.817356884,807.3704542001259
SAN BENITO CO. W.D.,Onions & Garlic,0.75,311.1388125,1570,15.4,286.80398140087266,494.85237679885813,455.0085386071539,7522714.208624999,6934346.662310299,807.3704542001259
SAN BENITO CO. W.D.,Other Deciduous,0.75,3793.594103,1830.659695,4.969677609,3580.521686659462,10309.901220602958,9706.504301,34513316.788540244,32574829.01,807.3704542001259
SAN BENITO CO. W.D.,Pasture,0.75,1110.634207,238.050834,5,1.881037057317995e-19,4648.219462731735,6.032451394499169e-10,1321936.9962263934,2.238912201397273e-16,807.3704542001259
SAN BENITO CO. W.D.,Sunflowers,0.75,5.29369938,3640,0.6,2.7424647392962155e-19,15.414769274512906,6.032451450884527e-10,11561.43945,5.989542990622935e-16,807.3704542001259
SAN BENITO CO. W.D.,Tomato Processing,0.75,509.4001453,98,52.9,331.9572530282498,1067.1185794773855,693.6632383210435,2640832.233,1720932.7911490526,807.3704542001259
SAN BENITO CO. W.D.,Truck Crops,0.75,3182.35908,1206.641638,14.91469593,3020.1625964091295,3484.590856451294,3298.722904035357,57271939.783468515,54352939.44196504,807.3704542001259
SAN BENITO CO. W.D.,Vineyard,0.75,1126.718986,1773.723808,9.242885531,1062.3896795018663,2768.540520109554,2603.9462463894397,18471798.503153954,17417162.87328878,807.3704542001259
SAN BENITO CO. W.D.,Alfalfa,0.8,8.12339201,240,6,4.603766941830521e-18,31.730566227879166,5.1798134031855155e-09,11697.68449,6.62942439623595e-15,548.8814798
SAN BENITO CO. W.D.,Citrus & Subtropical,0.8,93.56230545,1871,10.6,90.17429477347086,244.34300359737645,234.90629119395652,1855583.7790676698,1788390.718524338,548.8814798
SAN BENITO CO. W.D.,Cucurbits,0.8,113.9966187,557,13.9,113.22130520745596,189.48250797838415,187.72331369994097,882596.021,876593.3113076863,548.8814798
SAN BENITO CO. W.D.,Grain,0.8,3243.914414,268,2.6,1574.6975627399283,2763.693051155574,1338.2291130337117,2260359.564,1097249.2617171821,548.8814798
SAN BENITO CO. W.D.,Lettuce,0.8,9015.458991,421,15.9,8654.873332333907,12307.857283353496,11786.048548284549,60348580.939854905,57934856.59930995,548.8814798
SAN BENITO CO. W.D.,Onions & Garlic,0.8,311.1388125,1570,15.4,289.4761398967725,494.85237679885813,459.2478623695749,7522714.208624999,6998954.110424166,548.8814798
SAN BENITO CO. W.D.,Other Deciduous,0.8,3793.594103,1830.659695,4.969677609,3640.7637007904395,10309.901220602958,9869.815522285011,34513316.788540244,33122898.113488182,548.8814798
SAN BENITO CO. W.D.,Pasture,0.8,1110.634207,238.050834,5,5.176294978829664e-18,4648.219462731735,5.179813410203324e-09,1321936.9962263934,6.161106683702071e-15,548.8814798
SAN BENITO CO. W.D.,Sunflowers,0.8,5.29369938,3640,0.6,1.0233058408980541e-08,15.414769274512906,4.193222752391918e-08,11561.43945,2.23489995652135e-05,548.8814798
SAN BENITO CO. W.D.,Tomato Processing,0.8,509.4001453,98,52.9,399.2447518728734,1067.1185794773855,834.2682828627466,2640832.233,2069764.643,548.8814798
SAN BENITO CO. W.D.,Truck Crops,0.8,3182.35908,1206.641638,14.91469593,3043.7609614732864,3484.590856451294,3324.497830014651,57271939.783468515,54777631.97632942,548.8814798
SAN BENITO CO. W.D.,Vineyard,0.8,1126.718986,1773.723808,9.242885531,1071.3297867104072,2768.540520109554,2625.858694394209,18471798.503153954,17563729.906421885,548.8814798
SAN BENITO CO. W.D.,Alfalfa,0.85,8.12339201,240,6,3.701120038893325e-18,31.730566227879166,1.456870639843123e-08,11697.68449,5.329612856006388e-15,320.0198518315389
SAN BENITO CO. W.D.,Citrus & Subtropical,0.85,93.56230545,1871,10.6,90.66714733828717,244.34300359737645,236.19018445080474,1855583.7790676698,1798165.2663013139,320.0198518315389
SAN BENITO CO. W.D.,Cucurbits,0.85,113.9966187,557,13.9,113.56450512660606,189.48250797838415,188.29234642026967,882596.021,879250.4680417222,320.0198518315389
SAN BENITO CO. W.D.,Grain,0.85,3243.914414,268,2.6,3276.353591,2763.693051155574,2784.351652,2260359.564,2282963.182108984,320.0198518315389
SAN BENITO CO. W.D.,Lettuce,0.85,9015.458991,421,15.9,8788.849290977312,12307.857283353496,11968.494563648339,60348580.939854905,58831678.268873036,320.0198518315389
SAN BENITO CO. W.D.,Onions & Garlic,0.85,311.1388125,1570,15.4,291.79618930451466,494.85237679885813,462.9285724081322,7522714.208624999,7055048.265004556,320.0198518315389
SAN BENITO CO. W.D.,Other Deciduous,0.85,3793.594103,1830.659695,4.969677609,3688.577375610238,10309.901220602958,9999.434522,34513316.788540244,33557896.814212374,320.0198518315389
SAN BENITO CO. W.D.,Pasture,0.85,1110.634207,238.050834,5,3.4579701766819107e-18,4648.219462731735,1.4568706398077126e-08,1321936.9962263934,4.115863422531282e-15,320.0198518315389
SAN BENITO CO. W.D.,Sunflowers,0.85,5.29369938,3640,0.6,1.8284680996991205,15.414769274512906,5.311021307060512,11561.43945,3993.374329742879,320.0198518315389
SAN BENITO CO. W.D.,Tomato Processing,0.85,509.4001453,98,52.9,450.2008718924553,1067.1185794773855,940.7470144028104,2640832.233,2333931.360064867,320.0198518315389
SAN BENITO CO. W.D.,Truck Crops,0.85,3182.35908,1206.641638,14.91469593,3064.2989812816277,3484.590856451294,3346.9301442409796,57271939.783468515,55147248.416261464,320.0198518315389
SAN BENITO CO. W.D.,Vineyard,0.85,1126.718986,1773.723808,9.242885531,1078.8139757951383,2768.540520109554,2644.2026471459726,18471798.503153954,17686428.143027846,320.0198518315389
SAN BENITO CO. W.D.,Alfalfa,0.9,8.12339201,240,6,0.075585519,31.730566227879166,0.2945045585298828,11697.68449,108.84314693147051,139.15078967463214
SAN BENITO CO. W.D.,Citrus & Subtropical,0.9,93.56230545,1871,10.6,91.04299505466243,244.34300359737645,237.16927719769555,1855583.7790676698,1805619.303721098,139.15078967463214
SAN BENITO CO. W.D.,Cucurbits,0.9,113.9966187,557,13.9,113.82183415938418,189.48250797838415,188.7190034488547,882596.021,881242.7866122002,139.15078967463214
SAN BENITO CO. W.D.,Grain,0.9,3243.914414,268,2.6,3276.3535908635645,2763.693051155574,2784.351651835796,2260359.564,2282963.1821137317,139.15078967463214
SAN BENITO CO. W.D.,Lettuce,0.9,9015.458991,421,15.9,8889.369584211505,12307.857283353496,12105.381264487858,60348580.939854905,59504551.059753396,139.15078967463214
SAN BENITO CO. W.D.,Onions & Garlic,0.9,311.1388125,1570,15.4,293.60033097752546,494.85237679885813,465.7908056248749,7522714.208624999,7098668.802374611,139.15078967463214
SAN BENITO CO. W.D.,Other Deciduous,0.9,3793.594103,1830.659695,4.969677609,3723.3362726048285,10309.901220602958,10093.663076871286,34513316.788540244,33874125.90742133,139.15078967463214
SAN BENITO CO. W.D.,Pasture,0.9,1110.634207,238.050834,5,375.3131837643187,4648.219462731735,1566.8315202211395,1321936.9962263934,446718.0820314567,139.15078967463214
SAN BENITO CO. W.D.,Sunflowers,0.9,5.29369938,3640,0.6,4.381765082191476,15.414769274512906,12.72740156037763,11561.43945,9569.774939506184,139.15078967463214
SAN BENITO CO. W.D.,Tomato Processing,0.9,509.4001453,98,52.9,486.10291212870266,1067.1185794773855,1015.768497693934,2640832.233,2520054.717,139.15078967463214
SAN BENITO CO. W.D.,Truck Crops,0.9,3182.35908,1206.641638,14.91469593,3080.301161570725,3484.590856451294,3364.408262,57271939.783468515,55435234.74429123,139.15078967463214
SAN BENITO CO. W.D.,Vineyard,0.9,1126.718986,1773.723808,9.242885531,1084.4695488748614,2768.540520109554,2658.064612,18471798.503153954,17779147.452497713,139.15078967463214
SAN BENITO CO. W.D.,Alfalfa,0.95,8.12339201,240,6,3.878736896435401,31.730566227879166,15.112754718515772,11697.68449,5585.381130866977,113.66042693714459
SAN BENITO CO. W.D.,Citrus & Subtropical,0.95,93.56230545,1871,10.6,91.09504273824449,244.34300359737645,237.30486269531713,1855583.7790676698,1806651.5446105076,113.66042693714459
SAN BENITO CO. W.D.,Cucurbits,0.95,113.9966187,557,13.9,113.85718392356021,189.48250797838415,188.77761408452912,882596.021,881516.4750913803,113.66042693714459
SAN BENITO CO. W.D.,Grain,0.95,3243.914414,268,2.6,3276.353590878944,2763.693051155574,2784.351651830475,2260359.564,2282963.1821244485,113.66042693714459
SAN BENITO CO. W.D.,Lettuce,0.95,9015.458991,421,15.9,8903.182501940477,12307.857283353496,12124.19144373947,60348580.939854905,59597013.349739365,113.66042693714459
SAN BENITO CO. W.D.,Onions & Garlic,0.95,311.1388125,1570,15.4,293.85255446591293,494.85237679885813,466.1909529130897,7522714.208624999,7104767.061876843,113.66042693714459
SAN BENITO CO. W.D.,Other Deciduous,0.95,3793.594103,1830.659695,4.969677609,3728.0437522622724,10309.901220602958,10106.424672938292,34513316.788540244,33916953.56,113.66042693714459
SAN BENITO CO. W.D.,Pasture,0.95,1110.634207,238.050834,5,819.4571507615262,4648.219462731735,3421.0130333415505,1321936.9962263934,975362.2908302255,113.66042693714459
SAN BENITO CO. W.D.,Sunflowers,0.95,5.29369938,3640,0.6,4.637611348949922,15.414769274512906,13.47054,11561.43945,10128.54318610663,113.66042693714459
SAN BENITO CO. W.D.,Tomato Processing,0.95,509.4001453,98,52.9,490.8985676061832,1067.1185794773855,1025.7895768287717,2640832.233,2544916.3541839747,113.66042693714459
SAN BENITO CO. W.D.,Truck Crops,0.95,3182.35908,1206.641638,14.91469593,3082.5404611378744,3484.590856451294,3366.8541005199404,57271939.783468515,55475534.731421195,113.66042693714459
SAN BENITO CO. W.D.,Vineyard,0.95,1126.718986,1773.723808,9.242885531,1085.2493329858607,2768.540520109554,2659.9758841792714,18471798.503153954,17791931.487517375,113.66042693714459
SAN BENITO CO. W.D.,Alfalfa,1,8.12339201,240,6,8.204625980271107,31.730566227879166,31.967752318668666,11697.68449,11814.661411590394,2.1646399898431517e-08
SAN BENITO CO. W.D.,Citrus & Subtropical,1,93.56230545,1871,10.6,91.32444821836899,244.34300359737645,237.90246990544347,1855583.7790676698,1811201.2517356246,2.1646399898431517e-08
SAN BENITO CO. W.D.,Cucurbits,1,113.9966187,557,13.9,114.01219222788332,189.48250797838415,189.0346215461773,882596.021,882716.5958859411,2.1646399898431517e-08
SAN BENITO CO. W.D.,Grain,1,3243.914414,268,2.6,3276.353590883376,2763.693051155574,2784.351652000027,2260359.564,2282963.1821275367,2.1646399898431517e-08
SAN BENITO CO. W.D.,Lettuce,1,9015.458991,421,15.9,8963.763835464488,12307.857283353496,12206.689998393751,60348580.939854905,60002538.73821574,2.1646399898431517e-08
SAN BENITO CO. W.D.,Onions & Garlic,1,311.1388125,1570,15.4,294.97117808656225,494.85237679885813,467.96562622729033,7522714.208624999,7131813.143776902,2.1646399898431517e-08
SAN BENITO CO. W.D.,Other Deciduous,1,3793.594103,1830.659695,4.969677609,3748.503985796056,10309.901220602958,10161.890709188436,34513316.788540244,34103096.44,2.1646399898431517e-08
SAN BENITO CO. W.D.,Pasture,1,1110.634207,238.050834,5,1121.7405602594654,4648.219462731735,4682.964903325744,1321936.9962263934,1335156.3795069652,2.1646399898431517e-08
SAN BENITO CO. W.D.,Sunflowers,1,5.29369938,3640,0.6,5.346636292,15.414769274512906,15.529994516150538,11561.43945,11677.053662523631,2.1646399898431517e-08
SAN BENITO CO. W.D.,Tomato Processing,1,509.4001453,98,52.9,511.5694789327962,1067.1185794773855,1068.9838473450766,2640832.233,2652078.492683402,2.1646399898431517e-08
SAN BENITO CO. W.D.,Truck Crops,1,3182.35908,1206.641638,14.91469593,3092.4781965726233,3484.590856451294,3377.7084288832093,57271939.783468515,55654381.106420144,2.1646399898431517e-08
SAN BENITO CO. W.D.,Vineyard,1,1126.718986,1773.723808,9.242885531,1088.6767041335186,2768.540520109554,2668.3764650461903,18471798.503153954,17848120.927849624,2.1646399898431517e-08
SAN LUIS W.D.,Alfalfa,0.5,576.0958634,282,6.8,4.805077734856695e-22,2382.136438,4.805077734858217e-09,1104721.4276558398,9.214217064361198e-19,564.0399456886456
SAN LUIS W.D.,Almonds & Pistachios,0.5,36451.15891,4757.745428,1.060655041,17833.445721953613,149758.45872868298,73084.98892197013,183944455.43294924,89993392.80041057,564.0399456886456
SAN LUIS W.D.,Almonds & Pistachios,0.5,17254.60799,4738,1.1,8747.366370527132,71451.97709520186,36132.613045767706,89927565.92228201,45589524.04991331,564.0399456886456
SAN LUIS W.D.,Citrus & Subtropical,0.5,577.2552697,727.5,12.15,544.9737152959392,1874.6167785468213,1765.3590563704938,5102431.485787013,4817090.791215219,564.0399456886456
SAN LUIS W.D.,Corn,0.5,928.50348,62,26.2,5.789137881569081e-20,2243.1058796383422,4.805077735469663e-09,1508261.0529119999,9.403875574820814e-17,564.0399456886456
SAN LUIS W.D.,Cotton,0.5,1515.844815,3886.969042,0.8,5.253789816399405e-21,5508.652116,4.8050777349299925e-09,4713633.494704974,1.6337054695615482e-17,564.0399456886456
SAN LUIS W.D.,Cucurbits,0.5,750.7869123,485,17.3,744.1890052224727,1726.529949370863,1707.0788131671522,6299477.587653151,6244117.848319157,564.0399456886456
SAN LUIS W.D.,Grain,0.5,4658.439118,198.9576545,4.335066834,4705.023556222327,2173.892482796706,2190.1423039595566,4017879.1864749496,4058058.018913458,564.0399456886456
SAN LUIS W.D.,Other Deciduous,0.5,1163.107803,2605.3185,6.440658383,1122.6185703098113,4007.8801282090253,3858.689883616415,19516909.897429667,18837501.931811813,564.0399456886456
SAN LUIS W.D.,Other Deciduous,0.5,115.0328563,1729,1.8,93.30658564349724,402.86492755648874,325.9588331672722,358005.25537686003,290388.75583969214,564.0399456886456
SAN LUIS W.D.,Pasture,0.5,14.23068243,200,5,4.805077734856098e-22,65.46380098445648,4.805077734857881e-09,14230.68243,4.805077734856098e-19,564.0399456886456
SAN LUIS W.D.,Tomato Processing,0.5,2718.426708,94.87341916,49.93544206,2010.7910398277227,6468.933640524676,4773.038187569727,12878671.917936428,9526215.299922472,564.0399456886456
SAN LUIS W.D.,Truck Crops,0.5,59.83517133,941,19.4,55.89831344649441,159.62424155159388,148.7489512819421,1092314.986697682,1020446.071291134,564.0399456886456
SAN LUIS W.D.,Vineyard,0.5,90.05945215,1492.427601,10.07028874,85.73165775425333,279.04781791615846,264.97411582718325,1353519.4347827875,1288476.247371091,564.0399456886456
SAN LUIS W.D.,Alfalfa,0.55,576.0958634,282,6.8,5.8963466753896245e-22,2382.136438,5.896346675391365e-09,1104721.4276558398,1.1306834384727144e-18,521.8866926663163
SAN LUIS W.D.,Almonds & Pistachios,0.55,36451.15891,4757.745428,1.060655041,19898.367873825424,149758.45872868298,81547.44844550717,183944455.43294924,100413664.53101093,521.8866926663163
SAN LUIS W.D.,Almonds & Pistachios,0.55,17254.60799,4738,1.1,9657.926739342156,71451.97709520186,39893.85089366467,89927565.92228201,50335182.58010345,521.8866926663163
SAN LUIS W.D.,Citrus & Subtropical,0.55,577.2552697,727.5,12.15,546.9402854618384,1874.6167785468213,1771.7294598514536,5102431.485787013,4834473.5507328715,521.8866926663163
SAN LUIS W.D.,Corn,0.55,928.50348,62,26.2,3.246844859135048e-20,2243.1058796383422,5.896346675710822e-09,1508261.0529119999,5.274174789178972e-17,521.8866926663163
SAN LUIS W.D.,Cotton,0.55,1515.844815,3886.969042,0.8,6.751478302470406e-08,5508.652116,2.6192309893442506e-07,4713633.494704974,0.000209942,521.8866926663163
SAN LUIS W.D.,Cucurbits,0.55,750.7869123,485,17.3,744.7611884731912,1726.529949370863,1708.3913317593253,6299477.587653151,6248918.7518843105,521.8866926663163
SAN LUIS W.D.,Grain,0.55,4658.439118,198.9576545,4.335066834,4705.0235562588305,2173.892482796706,2190.142303815059,4017879.1864749496,4058058.018944942,521.8866926663163
SAN LUIS W.D.,Other Deciduous,0.55,1163.107803,2605.3185,6.440658383,1124.4158735088413,4007.8801282090253,3864.867614732386,19516909.897429667,18867660.619169388,521.8866926663163
SAN LUIS W.D.,Other Deciduous,0.55,115.0328563,1729,1.8,97.12051104174573,402.86492755648874,339.28246583560997,358005.25537686003,302258.4544641211,521.8866926663163
SAN LUIS W.D.,Pasture,0.55,14.23068243,200,5,5.896346675388905e-22,65.46380098445648,5.896346675390974e-09,14230.68243,5.896346675388905e-19,521.8866926663163
SAN LUIS W.D.,Tomato Processing,0.55,2718.426708,94.87341916,49.93544206,2083.800495869063,6468.933640524676,4946.341586499795,12878671.917936428,9872100.965515861,521.8866926663163
SAN LUIS W.D.,Truck Crops,0.55,59.83517133,941,19.4,56.083807669697414,159.62424155159388,149.24256315559649,1092314.986697682,1023832.342533394,521.8866926663163
SAN LUIS W.D.,Vineyard,0.55,90.05945215,1492.427601,10.07028874,85.88713292207768,279.04781791615846,265.4546488799829,1353519.4347827875,1290812.9111665345,521.8866926663163
SAN LUIS W.D.,Alfalfa,0.6,576.0958634,282,6.8,8.35898285021141e-21,2382.136438,8.358982850206596e-08,1104721.4276558398,1.6029185513565398e-17,475.42989618109874
SAN LUIS W.D.,Almonds & Pistachios,0.6,36451.15891,4757.745428,1.060655041,21879.411527545963,149758.45872868298,89666.15728938235,183944455.43294924,110410657.95918295,475.42989618109874
SAN LUIS W.D.,Almonds & Pistachios,0.6,17254.60799,4738,1.1,10539.31658914632,71451.97709520186,43534.59452299396,89927565.92228201,54928810.19931279,475.42989618109874
SAN LUIS W.D.,Citrus & Subtropical,0.6,577.2552697,727.5,12.15,549.0495534843897,1874.6167785468213,1778.5621113077189,5102431.485787013,4853117.634442706,475.42989618109874
SAN LUIS W.D.,Corn,0.6,928.50348,62,26.2,7.594154014610442e-07,2243.1058796383422,1.929835967707888e-06,1508261.0529119999,0.001233594,475.42989618109874
SAN LUIS W.D.,Cotton,0.6,1515.844815,3886.969042,0.8,125.29721789994053,5508.652116,454.1976759467294,4713633.494704974,389621.12562063773,475.42989618109874
SAN LUIS W.D.,Cucurbits,0.6,750.7869123,485,17.3,745.3818467184648,1726.529949370863,1709.8150461581768,6299477.587653151,6254126.384891279,475.42989618109874
SAN LUIS W.D.,Grain,0.6,4658.439118,198.9576545,4.335066834,4705.023556089716,2173.892482796706,2190.049138891013,4017879.1864749496,4058058.018799082,475.42989618109874
SAN LUIS W.D.,Other Deciduous,0.6,1163.107803,2605.3185,6.440658383,1126.3722314836425,4007.8801282090253,3871.5920525925003,19516909.897429667,18900488.24032611,475.42989618109874
SAN LUIS W.D.,Other Deciduous,0.6,115.0328563,1729,1.8,100.43466909695447,402.86492755648874,350.8602027407336,358005.25537686003,312572.7771635417,475.42989618109874
SAN LUIS W.D.,Pasture,0.6,14.23068243,200,5,8.358982766943827e-21,65.46380098445648,8.35898276693962e-08,14230.68243,8.358982766943827e-18,475.42989618109874
SAN LUIS W.D.,Tomato Processing,0.6,2718.426708,94.87341916,49.93544206,2161.3084993323646,6468.933640524676,5130.323240091664,12878671.917936428,10239298.707018532,475.42989618109874
SAN LUIS W.D.,Truck Crops,0.6,59.83517133,941,19.4,56.28662785596137,159.62424155159388,149.78228059474853,1092314.986697682,1027534.906161717,475.42989618109874
SAN LUIS W.D.,Vineyard,0.6,90.05945215,1492.427601,10.07028874,86.05612277661862,279.04781791615846,265.97695237055984,1353519.4347827875,1293352.689578925,475.42989618109874
SAN LUIS W.D.,Alfalfa,0.65,576.0958634,282,6.8,9.440171398302082e-19,2382.136438,9.001138652052246e-09,1104721.4276558398,1.8102472673384072e-15,428.44022723975877
SAN LUIS W.D.,Almonds & Pistachios,0.65,36451.15891,4757.745428,1.060655041,23642.045203201676,149758.45872868298,96889.77882967137,183944455.43294924,119305483.2896149,428.44022723975877
SAN LUIS W.D.,Almonds & Pistachios,0.65,17254.60799,4738,1.1,11329.258964141878,71451.97709520186,46797.597460632795,89927565.92228201,59045831.86931464,428.44022723975877
SAN LUIS W.D.,Citrus & Subtropical,0.65,577.2552697,727.5,12.15,551.1243628095151,1874.6167785468213,1785.2831389238302,5102431.485787013,4871457.133418655,428.44022723975877
SAN LUIS W.D.,Corn,0.65,928.50348,62,26.2,307.7049318113928,2243.1058796383422,741.5041654110217,1508261.0529119999,499835.8912344264,428.44022723975877
SAN LUIS W.D.,Cotton,0.65,1515.844815,3886.969042,0.8,399.03886744180227,5508.652116,1446.5008834151874,4713633.494704974,1240841.379440822,428.44022723975877
SAN LUIS W.D.,Cucurbits,0.65,750.7869123,485,17.3,745.999356,1726.529949370863,1711.2315371571444,6299477.587653151,6259307.596886007,428.44022723975877
SAN LUIS W.D.,Grain,0.65,4658.439118,198.9576545,4.335066834,4705.023556203002,2173.892482796706,2190.142303963439,4017879.1864749496,4058058.019,428.44022723975877
SAN LUIS W.D.,Other Deciduous,0.65,1163.107803,2605.3185,6.440658383,1128.325610910664,4007.8801282090253,3878.3062523629255,19516909.897429667,18933265.881551057,428.44022723975877
SAN LUIS W.D.,Other Deciduous,0.65,115.0328563,1729,1.8,103.17435753958048,402.86492755648874,360.43107744988555,358005.25537686003,321099.2355346824,428.44022723975877
SAN LUIS W.D.,Pasture,0.65,14.23068243,200,5,1.0647073788167974e-18,65.46380098445648,9.001138652357156e-09,14230.68243,1.0647073788167974e-15,428.44022723975877
SAN LUIS W.D.,Tomato Processing,0.65,2718.426708,94.87341916,49.93544206,2236.7807878371614,6468.933640524676,5309.472693139477,12878671.917936428,10596852.15500692,428.44022723975877
SAN LUIS W.D.,Truck Crops,0.65,59.83517133,941,19.4,56.49008279564346,159.62424155159388,150.32368699238523,1092314.986697682,1031249.0574675895,428.44022723975877
SAN LUIS W.D.,Vineyard,0.65,90.05945215,1492.427601,10.07028874,86.22460520515163,279.04781791615846,266.49768738453463,1353519.4347827875,1295884.841796096,428.44022723975877
SAN LUIS W.D.,Alfalfa,0.7,576.0958634,282,6.8,1.1411821743834546e-21,2382.136438,1.1411821743836664e-08,1104721.4276558398,2.1883309375977124e-18,374.57429356882255
SAN LUIS W.D.,Almonds & Pistachios,0.7,36451.15891,4757.745428,1.060655041,25430.893955738735,149758.45872868298,104220.8349421131,183944455.43294924,128332598.46172178,374.57429356882255
SAN LUIS W.D.,Almonds & Pistachios,0.7,17254.60799,4738,1.1,12135.873246924106,71451.97709520186,50129.46679393403,89927565.92228201,63249744.18831906,374.57429356882255
SAN LUIS W.D.,Citrus & Subtropical,0.7,577.2552697,727.5,12.15,553.4342930602404,1874.6167785468213,1792.7658049215001,5102431.485787013,4891874.895646097,374.57429356882255
SAN LUIS W.D.,Corn,0.7,928.50348,62,26.2,578.4547729875826,2243.1058796383422,1393.9543352220646,1508261.0529119999,939641.9332410292,374.57429356882255
SAN LUIS W.D.,Cotton,0.7,1515.844815,3886.969042,0.8,643.2668393880876,5508.652116,2331.818094,4713633.494704974,2000286.6323573466,374.57429356882255
SAN LUIS W.D.,Cucurbits,0.7,750.7869123,485,17.3,746.6949540008696,1726.529949370863,1712.8271540348699,6299477.587653151,6265144.0115442965,374.57429356882255
SAN LUIS W.D.,Grain,0.7,4658.439118,198.9576545,4.335066834,4705.023556204904,2173.892482796706,2190.142303966821,4017879.1864749496,4058058.0188984307,374.57429356882255
SAN LUIS W.D.,Other Deciduous,0.7,1163.107803,2605.3185,6.440658383,1130.534228075148,4007.8801282090253,3885.897761124395,19516909.897429667,18970326.403444186,374.57429356882255
SAN LUIS W.D.,Other Deciduous,0.7,115.0328563,1729,1.8,105.7995467369423,402.86492755648874,369.60195860387864,358005.25537686003,329269.3493547119,374.57429356882255
SAN LUIS W.D.,Pasture,0.7,14.23068243,200,5,1.1411821743833107e-21,65.46380098445648,1.141182174383596e-08,14230.68243,1.1411821743833107e-18,374.57429356882255
SAN LUIS W.D.,Tomato Processing,0.7,2718.426708,94.87341916,49.93544206,2319.9512428668836,6468.933640524676,5506.895374102165,12878671.917936428,10990876.02198891,374.57429356882255
SAN LUIS W.D.,Truck Crops,0.7,59.83517133,941,19.4,56.72125339029573,159.62424155159388,150.93884658398386,1092314.986697682,1035469.1691412046,374.57429356882255
SAN LUIS W.D.,Vineyard,0.7,90.05945215,1492.427601,10.07028874,86.41480618,279.04781791615846,267.0855488290729,1353519.4347827875,1298743.405933363,374.57429356882255
SAN LUIS W.D.,Alfalfa,0.75,576.0958634,282,6.8,1.5126005304635909e-21,2382.136438,1.5126005304637604e-08,1104721.4276558398,2.900562777216982e-18,311.8127506019986
SAN LUIS W.D.,Almonds & Pistachios,0.75,36451.15891,4757.745428,1.060655041,27271.192026287565,149758.45872868298,111762.7405388582,183944455.43294924,137619343.69956782,311.8127506019986
SAN LUIS W.D.,Almonds & Pistachios,0.75,17254.60799,4738,1.1,12970.316280685409,71451.97709520186,53576.28792507904,89927565.92228201,67598694.39167622,311.8127506019986
SAN LUIS W.D.,Citrus & Subtropical,0.75,577.2552697,727.5,12.15,556.0389623961455,1874.6167785468213,1801.203233138815,5102431.485787013,4914897.893489829,311.8127506019986
SAN LUIS W.D.,Corn,0.75,928.50348,62,26.2,730.2212642144914,2243.1058796383422,1759.6796576936752,1508261.0529119999,1186171.4215900197,311.8127506019986
SAN LUIS W.D.,Cotton,0.75,1515.844815,3886.969042,0.8,869.8057535,5508.652116,3153.0131360173823,4713633.494704974,2704726.429115053,311.8127506019986
SAN LUIS W.D.,Cucurbits,0.75,750.7869123,485,17.3,747.4894945800485,1726.529949370863,1714.6497332219383,6299477.587653151,6271810.604273897,311.8127506019986
SAN LUIS W.D.,Grain,0.75,4658.439118,198.9576545,4.335066834,4705.023556206811,2173.892482796706,2190.142303971576,4017879.1864749496,4058058.0189000755,311.8127506019986
SAN LUIS W.D.,Other Deciduous,0.75,1163.107803,2605.3185,6.440658383,1133.067539962998,4007.8801282090253,3894.6053179177666,19516909.897429667,19012835.29,311.8127506019986
SAN LUIS W.D.,Other Deciduous,0.75,115.0328563,1729,1.8,108.37059111145177,402.86492755648874,378.5836893027568,358005.25537686003,337270.9536570602,311.8127506019986
SAN LUIS W.D.,Pasture,0.75,14.23068243,200,5,1.5126005304633887e-21,65.46380098445648,1.5126005304636638e-08,14230.68243,1.5126005304633887e-18,311.8127506019986
SAN LUIS W.D.,Tomato Processing,0.75,2718.426708,94.87341916,49.93544206,2412.709008162971,6468.933640524676,5727.075565474427,12878671.917936428,11430320.213577265,311.8127506019986
SAN LUIS W.D.,Truck Crops,0.75,59.83517133,941,19.4,56.98788107896023,159.62424155159388,151.6483597492642,1092314.986697682,1040336.5642488505,311.8127506019986
SAN LUIS W.D.,Vineyard,0.75,90.05945215,1492.427601,10.07028874,86.63258902703446,279.04781791615846,267.7586586039887,1353519.4347827875,1302016.5028134827,311.8127506019986
SAN LUIS W.D.,Alfalfa,0.8,576.0958634,282,6.8,2.1371684770603256e-21,2382.136438,2.1371684770603003e-08,1104721.4276558398,4.09823427161088e-18,239.78116192208958
SAN LUIS W.D.,Almonds & Pistachios,0.8,36451.15891,4757.745428,1.060655041,29131.552991013883,149758.45872868298,119386.86784431033,183944455.43294924,147007332.85541928,239.78116192208958
SAN LUIS W.D.,Almonds & Pistachios,0.8,17254.60799,4738,1.1,13818.110852554079,71451.97709520186,57078.26005134534,89927565.92228201,72017230.14134134,239.78116192208958
SAN LUIS W.D.,Citrus & Subtropical,0.8,577.2552697,727.5,12.15,558.9210061432075,1874.6167785468213,1810.5391733697204,5102431.485787013,4940372.638425578,239.78116192208958
SAN LUIS W.D.,Corn,0.8,928.50348,62,26.2,839.8222094741719,2243.1058796383422,2023.7948831542392,1508261.0529119999,1364207.1970698447,239.78116192208958
SAN LUIS W.D.,Cotton,0.8,1515.844815,3886.969042,0.8,1080.2053588984186,5508.652116,3915.703790774906,4713633.494704974,3358979.831232522,239.78116192208958
SAN LUIS W.D.,Cucurbits,0.8,750.7869123,485,17.3,748.3811347150917,1726.529949370863,1716.6950469506987,6299477.587653151,6279291.910826976,239.78116192208958
SAN LUIS W.D.,Grain,0.8,4658.439118,198.9576545,4.335066834,4705.023556225791,2173.892482796706,2190.142303986971,4017879.1864749496,4058058.018916446,239.78116192208958
SAN LUIS W.D.,Other Deciduous,0.8,1163.107803,2605.3185,6.440658383,1135.9236621746697,4007.8801282090253,3904.422445643879,19516909.897429667,19060760.926750798,239.78116192208958
SAN LUIS W.D.,Other Deciduous,0.8,115.0328563,1729,1.8,110.86208418026985,402.86492755648874,387.2875141033234,358005.25537686003,345024.9783858358,239.78116192208958
SAN LUIS W.D.,Pasture,0.8,14.23068243,200,5,2.1371635920786963e-21,65.46380098445648,2.1371635920788405e-08,14230.68243,2.137163592078696e-18,239.78116192208958
SAN LUIS W.D.,Tomato Processing,0.8,2718.426708,94.87341916,49.93544206,2514.1490271253865,6468.933640524676,5967.864924,12878671.917936428,11910896.98238313,239.78116192208958
SAN LUIS W.D.,Truck Crops,0.8,59.83517133,941,19.4,57.29036102975297,159.62424155159388,152.45327805720416,1092314.986697682,1045858.4567425523,239.78116192208958
SAN LUIS W.D.,Vineyard,0.8,90.05945215,1492.427601,10.07028874,86.87764592573996,279.04781791615846,268.5160653465417,1353519.4347827875,1305699.506286267,239.78116192208958
SAN LUIS W.D.,Alfalfa,0.85,576.0958634,282,6.8,48.13889409048286,2382.136438,198.5550258792999,1104721.4276558398,92311.14330790992,158.87116520503855
SAN LUIS W.D.,Almonds & Pistachios,0.85,36451.15891,4757.745428,1.060655041,30972.16756262691,149758.45872868298,126930.07052616228,183944455.43294924,156295675.2610273,158.87116520503855
SAN LUIS W.D.,Almonds & Pistachios,0.85,17254.60799,4738,1.1,14660.650785105638,71451.97709520186,60558.526919049094,89927565.92228201,76408379.76181357,158.87116520503855
SAN LUIS W.D.,Citrus & Subtropical,0.85,577.2552697,727.5,12.15,562.0315335405505,1874.6167785468213,1820.6152515030542,5102431.485787013,4967866.978906618,158.87116520503855
SAN LUIS W.D.,Corn,0.85,928.50348,62,26.2,926.5721827773446,2243.1058796383422,2232.8440725489304,1508261.0529119999,1505123.8537035184,158.87116520503855
SAN LUIS W.D.,Cotton,0.85,1515.844815,3886.969042,0.8,1274.4668135627926,5508.652116,4619.894256233431,4713633.494704974,3963050.439499969,158.87116520503855
SAN LUIS W.D.,Cucurbits,0.85,750.7869123,485,17.3,749.3580502253081,1726.529949370863,1718.9359720329383,6299477.587653151,6287488.720415448,158.87116520503855
SAN LUIS W.D.,Grain,0.85,4658.439118,198.9576545,4.335066834,4705.023556196835,2173.892482796706,2190.1423040175505,4017879.1864749496,4058058.018891471,158.87116520503855
SAN LUIS W.D.,Other Deciduous,0.85,1163.107803,2605.3185,6.440658383,1139.0687666391548,4007.8801282090253,3915.23287,19516909.897429667,19113535.674107004,158.87116520503855
SAN LUIS W.D.,Other Deciduous,0.85,115.0328563,1729,1.8,113.2403979817413,402.86492755648874,395.59595654262716,358005.25537686003,352426.7665987753,158.87116520503855
SAN LUIS W.D.,Pasture,0.85,14.23068243,200,5,2.3964217395353622e-08,65.46380098445648,2.0922000128807098e-07,14230.68243,2.3964217395353624e-05,158.87116520503855
SAN LUIS W.D.,Tomato Processing,0.85,2718.426708,94.87341916,49.93544206,2622.3063822685053,6468.933640524676,6224.599301613207,12878671.917936428,12423297.441185553,158.87116520503855
SAN LUIS W.D.,Truck Crops,0.85,59.83517133,941,19.4,57.62573410222629,159.62424155159388,153.3457271,1092314.986697682,1051980.8263297817,158.87116520503855
SAN LUIS W.D.,Vineyard,0.85,90.05945215,1492.427601,10.07028874,87.14692577486366,279.04781791615846,269.34833892732854,1353519.4347827875,1309746.5607650934,158.87116520503855
SAN LUIS W.D.,Alfalfa,0.9,576.0958634,282,6.8,526.5268922147774,2382.136438,2171.727511572873,1104721.4276558398,1009667.9685110571,80.41389837517463
SAN LUIS W.D.,Almonds & Pistachios,0.9,36451.15891,4757.745428,1.060655041,32559.324957546964,149758.45872868298,133434.55555020127,183944455.43294924,164304990,80.41389837517463
SAN LUIS W.D.,Almonds & Pistachios,0.9,17254.60799,4738,1.1,15389.841521850567,71451.97709520186,63570.58398987597,89927565.92228201,80208776.04358079,80.41389837517463
SAN LUIS W.D.,Citrus & Subtropical,0.9,577.2552697,727.5,12.15,564.9294445480523,1874.6167785468213,1830.0025912916099,5102431.485787013,4993481.976540803,80.41389837517463
SAN LUIS W.D.,Corn,0.9,928.50348,62,26.2,937.7885241207558,2243.1058796383422,2259.873096,1508261.0529119999,1523343.6785817556,80.41389837517463
SAN LUIS W.D.,Cotton,0.9,1515.844815,3886.969042,0.8,1433.2685003861081,5508.652116,5195.544397150564,4713633.494704974,4456856.2318996545,80.41389837517463
SAN LUIS W.D.,Cucurbits,0.9,750.7869123,485,17.3,750.2816795,1726.529949370863,1721.054664846257,6299477.587653151,6295238.431487247,80.41389837517463
SAN LUIS W.D.,Grain,0.9,4658.439118,198.9576545,4.335066834,4705.023556,2173.892482796706,2190.1423040224117,4017879.1864749496,4058058.0189044643,80.41389837517463
SAN LUIS W.D.,Other Deciduous,0.9,1163.107803,2605.3185,6.440658383,1142.057314922141,4007.8801282090253,3925.5051753316034,19516909.897429667,19163683.41399209,80.41389837517463
SAN LUIS W.D.,Other Deciduous,0.9,115.0328563,1729,1.8,115.23364052547704,402.86492755648874,402.5591843722946,358005.25537686003,358630.1360433897,80.41389837517463
SAN LUIS W.D.,Pasture,0.9,14.23068243,200,5,14.372989336450727,65.46380098445648,65.95314269,14230.68243,14372.989336450728,80.41389837517463
SAN LUIS W.D.,Tomato Processing,0.9,2718.426708,94.87341916,49.93544206,2721.9089070790747,6468.933640524676,6461.026978624953,12878671.917936428,12895168.996691711,80.41389837517463
SAN LUIS W.D.,Truck Crops,0.9,59.83517133,941,19.4,57.946621558066745,159.62424155159388,154.19962892742123,1092314.986697682,1057838.7551911315,80.41389837517463
SAN LUIS W.D.,Vineyard,0.9,90.05945215,1492.427601,10.07028874,87.40225925,279.04781791615846,270.1375078599925,1353519.4347827875,1313584.0126742732,80.41389837517463
SAN LUIS W.D.,Alfalfa,0.95,576.0958634,282,6.8,581.8568278205641,2382.136438,2399.9429080117843,1104721.4276558398,1115768.6530287138,2.9737047368397633e-09
SAN LUIS W.D.,Almonds & Pistachios,0.95,36451.15891,4757.745428,1.060655041,34024.501825238214,149758.45872868298,139439.14023990813,183944455.43294924,171698751.06231102,2.9737047368397633e-09
SAN LUIS W.D.,Almonds & Pistachios,0.95,17254.60799,4738,1.1,16064.966196775144,71451.97709520186,66359.31120270032,89927565.92228201,83727390.82,2.9737047368397633e-09
SAN LUIS W.D.,Citrus & Subtropical,0.95,577.2552697,727.5,12.15,567.7878639380694,1874.6167785468213,1839.2620041985817,5102431.485787013,5018747.902831588,2.9737047368397633e-09
SAN LUIS W.D.,Corn,0.95,928.50348,62,26.2,937.7885241521252,2243.1058796383422,2259.873096254055,1508261.0529119999,1523343.678632712,2.9737047368397633e-09
SAN LUIS W.D.,Cotton,0.95,1515.844815,3886.969042,0.8,1531.0032783626853,5508.652116,5549.829291,4713633.494704974,4760769.876957013,2.9737047368397633e-09
SAN LUIS W.D.,Cucurbits,0.95,750.7869123,485,17.3,751.2053325444305,1726.529949370863,1723.1734127580507,6299477.587653151,6302988.342714043,2.9737047368397633e-09
SAN LUIS W.D.,Grain,0.95,4658.439118,198.9576545,4.335066834,4705.023556213187,2173.892482796706,2190.1423041643284,4017879.1864749496,4058058.0189055745,2.9737047368397633e-09
SAN LUIS W.D.,Other Deciduous,0.95,1163.107803,2605.3185,6.440658383,1145.0602954475469,4007.8801282090253,3935.827087974425,19516909.897429667,19214073.326420598,2.9737047368397633e-09
SAN LUIS W.D.,Other Deciduous,0.95,115.0328563,1729,1.8,116.18318595738891,402.86492755648874,405.8763429558304,358005.25537686003,361585.3113365858,2.9737047368397633e-09
SAN LUIS W.D.,Pasture,0.95,14.23068243,200,5,14.37298938043312,65.46380098445648,65.95314303831108,14230.68243,14372.98938043312,2.9737047368397633e-09
SAN LUIS W.D.,Tomato Processing,0.95,2718.426708,94.87341916,49.93544206,2745.6110024734944,6468.933640524676,6517.288919686807,12878671.917936428,13007458.766893735,2.9737047368397633e-09
SAN LUIS W.D.,Truck Crops,0.95,59.83517133,941,19.4,58.271212293620145,159.62424155159388,155.06338573624373,1092314.986697682,1063764.288904953,2.9737047368397633e-09
SAN LUIS W.D.,Vineyard,0.95,90.05945215,1492.427601,10.07028874,87.65830632136702,279.04781791615846,270.92888251168586,1353519.4347827875,1317432.1894441275,2.9737047368397633e-09
SAN LUIS W.D.,Alfalfa,1,576.0958634,282,6.8,581.8568278205643,2382.136438,2399.9429080117848,1104721.4276558398,1115768.653028714,4.997329389101926e-10
SAN LUIS W.D.,Almonds & Pistachios,1,36451.15891,4757.745428,1.060655041,34024.50182528111,149758.45872868298,139439.14024008394,183944455.43294924,171698751.0625275,4.997329389101926e-10
SAN LUIS W.D.,Almonds & Pistachios,1,17254.60799,4738,1.1,16064.966196794941,71451.97709520186,66359.3112,89927565.92228201,83727390.82445587,4.997329389101926e-10
SAN LUIS W.D.,Citrus & Subtropical,1,577.2552697,727.5,12.15,567.7878639381556,1874.6167785468213,1839.262004198861,5102431.485787013,5018747.903,4.997329389101926e-10
SAN LUIS W.D.,Corn,1,928.50348,62,26.2,937.7885241521251,2243.1058796383422,2259.8730962540544,1508261.0529119999,1523343.6786327118,4.997329389101926e-10
SAN LUIS W.D.,Cotton,1,1515.844815,3886.969042,0.8,1531.0032783626855,5508.652116,5549.829291,4713633.494704974,4760769.876957014,4.997329389101926e-10
SAN LUIS W.D.,Cucurbits,1,750.7869123,485,17.3,751.2053325444585,1726.529949370863,1723.173412758115,6299477.587653151,6302988.342714279,4.997329389101926e-10
SAN LUIS W.D.,Grain,1,4658.439118,198.9576545,4.335066834,4705.0235562131875,2173.892482796706,2190.142304164329,4017879.1864749496,4058058.0189055754,4.997329389101926e-10
SAN LUIS W.D.,Other Deciduous,1,1163.107803,2605.3185,6.440658383,1145.060295447638,4007.8801282090253,3935.827087974739,19516909.897429667,19214073.32642213,4.997329389101926e-10
SAN LUIS W.D.,Other Deciduous,1,115.0328563,1729,1.8,116.18318595738664,402.86492755648874,405.87634295582245,358005.25537686003,361585.31133657874,4.997329389101926e-10
SAN LUIS W.D.,Pasture,1,14.23068243,200,5,14.372989380433122,65.46380098445648,65.95314304,14230.68243,14372.989380433122,4.997329389101926e-10
SAN LUIS W.D.,Tomato Processing,1,2718.426708,94.87341916,49.93544206,2745.6110024734944,6468.933640524676,6517.288919686807,12878671.917936428,13007458.766893735,4.997329389101926e-10
SAN LUIS W.D.,Truck Crops,1,59.83517133,941,19.4,58.27121229363006,159.62424155159388,155.06338573626934,1092314.986697682,1063764.288905134,4.997329389101926e-10
SAN LUIS W.D.,Vineyard,1,90.05945215,1492.427601,10.07028874,87.65830632,279.04781791615846,270.9288825117099,1353519.4347827875,1317432.1894442444,4.997329389101926e-10
SANTA CLARA VALLEY W.D.,Alfalfa,0.5,73.17201929,277,6,4.5497472479718524e-21,285.81528519746973,4.549747247973776e-08,121611.89605997999,7.561679926129218e-18,1080.2837606274034
SANTA CLARA VALLEY W.D.,Alfalfa,0.5,11.41145783,277,6,4.549747247971878e-21,43.92211526636772,4.549747247973775e-08,18965.84291,7.561679926129262e-18,1080.2837606274034
SANTA CLARA VALLEY W.D.,Citrus & Subtropical,0.5,56.29060577,894,4.2,4.54306632998122e-13,147.0059509757154,4.5432220983854216e-08,211359.96654519602,1.7058305455813487e-09,1080.2837606274034
SANTA CLARA VALLEY W.D.,Citrus & Subtropical,0.5,56.29060577,894,4.2,38.68458528364651,136.92007065391692,93.86032159250024,211359.96654519602,145252.88082303593,1080.2837606274034
SANTA CLARA VALLEY W.D.,Corn,0.5,773.3514596,721,9.4,562.9399437352963,1758.7985327951537,1277.068375746747,5241312.182293041,3815269.1746715973,1080.2837606274034
SANTA CLARA VALLEY W.D.,Corn,0.5,14.93957594,721,9.4,10.815601589526963,34.42749448061359,24.861694701476168,101251.482,73301.65821286004,1080.2837606274034
SANTA CLARA VALLEY W.D.,Cucurbits,0.5,187.3301612,642,11.8,184.1925509151047,311.37580367698206,305.39513704407887,1419138.369,1395369.0887124673,1080.2837606274034
SANTA CLARA VALLEY W.D.,Dry Beans,0.5,201.5180848,1823,3.5,5.1308340955506755e-18,303.5173543329729,4.549747528871481e-08,1285786.14,3.2737286946661085e-14,1080.2837606274034
SANTA CLARA VALLEY W.D.,Grain,0.5,2548.282738,225.4685967,1.923364038,4.549747247973121e-21,2171.0410314759615,4.549747247973626e-08,1105083.681275628,1.973035159202885e-18,1080.2837606274034
SANTA CLARA VALLEY W.D.,Grain,0.5,1978.409063,224,1.9,7.671625726972316e-18,789.8778874755045,4.5497476673468564e-08,842010.8972,3.2650439093994173e-15,1080.2837606274034
SANTA CLARA VALLEY W.D.,Lettuce,0.5,2444.064098,893.3912256,10.5521748,2272.664632457651,3336.623475253085,3094.8732192879925,23040730.868135557,21424910.333913404,1080.2837606274034
SANTA CLARA VALLEY W.D.,Lettuce,0.5,49.02699621,898,10.5,44.948958244908816,82.47852490339336,75.42896188284324,462275.5473,423823.72729124525,1080.2837606274034
SANTA CLARA VALLEY W.D.,Onions & Garlic,0.5,215.1344263,1712,5.3,183.2214645544698,342.1616908877731,290.6770346611387,1952043.7304756802,1662478.2807814372,1080.2837606274034
SANTA CLARA VALLEY W.D.,Other Deciduous,0.5,192.8148602,2398.313786,7.145133767,183.5164392455394,524.0155137,497.49820359654865,3304128.0474066325,3144787.7691710303,1080.2837606274034
SANTA CLARA VALLEY W.D.,Other Deciduous,0.5,96.40743008,4047.471437,1.454200834,80.32951979785345,300.9015304689216,250.09324493675663,567438.3553411299,472806.4067428433,1080.2837606274034
SANTA CLARA VALLEY W.D.,Pasture,0.5,1056.048825,249.6163555,5,4.549747247965865e-21,4419.769057194166,4.549747247967937e-08,1318035.2946327867,5.67845663241697e-18,1080.2837606274034
SANTA CLARA VALLEY W.D.,Pasture,0.5,378.2468903,275,5,4.549747247798759e-21,1250.2587868329094,4.549747247800434e-08,520089.4742,6.255902465723293e-18,1080.2837606274034
SANTA CLARA VALLEY W.D.,Sunflowers,0.5,85.06879426,3640,0.6,4.549747247799063e-21,247.71256201913528,4.549747247800594e-08,185790.24666384002,9.936647989193154e-18,1080.2837606274034
SANTA CLARA VALLEY W.D.,Tomato Processing,0.5,1070.133204,103,59,572.4218393169023,2241.7720824000385,1196.1419223005655,6503199.481,3478607.517528815,1080.2837606274034
SANTA CLARA VALLEY W.D.,Truck Crops,0.5,3928.777726,882.8289505,16.82408356,3649.8459954925247,4301.897616,3986.484236312818,58353302.79068896,54210388.92195116,1080.2837606274034
SANTA CLARA VALLEY W.D.,Truck Crops,0.5,335.3741544,879.8326874,16.80674045,308.3325662,452.5256404129472,414.9978995175485,4959217.737,4559350.538123081,1080.2837606274034
SANTA CLARA VALLEY W.D.,Vineyard,0.5,164.1614474,1913.447178,9.180217963,153.33222437605056,403.37264625336945,375.82148798692066,2883637.3561489093,2693412.717267415,1080.2837606274034
SANTA CLARA VALLEY W.D.,Vineyard,0.5,54.72048247,1879.432953,9.731994062,51.33056623285731,137.46379017667715,128.62558160659324,1000872.1168044049,938868.4120322706,1080.2837606274034
SANTA CLARA VALLEY W.D.,Alfalfa,0.55,73.17201929,277,6,5.736499318161467e-17,285.81528519746973,1.7181818364954437e-07,121611.89605997999,9.534061866784359e-14,8.862148953854586e-09
SANTA CLARA VALLEY W.D.,Alfalfa,0.55,11.41145783,277,6,10.928636788462416,43.92211526636772,41.95860227,18965.84291,18163.394342424537,8.862148953854586e-09
SANTA CLARA VALLEY W.D.,Citrus & Subtropical,0.55,56.29060577,894,4.2,5.688121644863876e-10,147.0059509757154,2.1824610486543152e-07,211359.96654519602,2.1357759152134882e-06,8.862148953854586e-09
SANTA CLARA VALLEY W.D.,Citrus & Subtropical,0.55,56.29060577,894,4.2,55.50755411199838,136.92007065391692,134.6778529059636,211359.96654519602,208419.76417973154,8.862148953854586e-09
SANTA CLARA VALLEY W.D.,Corn,0.55,773.3514596,721,9.4,1.558270235146019e-09,1758.7985327951537,3.533377023492565e-07,5241312.182293041,1.056102069167863e-05,8.862148953854586e-09
SANTA CLARA VALLEY W.D.,Corn,0.55,14.93957594,721,9.4,6.375580907859697e-11,34.42749448061359,1.7960030852201396e-07,101251.482,4.3209862044928314e-07,8.862148953854586e-09
SANTA CLARA VALLEY W.D.,Cucurbits,0.55,187.3301612,642,11.8,187.02137163918204,311.37580367698206,310.0853819263834,1419138.369,1416799.1029897875,8.862148953854586e-09
SANTA CLARA VALLEY W.D.,Dry Beans,0.55,201.5180848,1823,3.5,1.4571770319877812e-16,303.5173543329729,1.7181818845351621e-07,1285786.14,9.297518052598038e-13,8.862148953854586e-09
SANTA CLARA VALLEY W.D.,Grain,0.55,2548.282738,225.4685967,1.923364038,1.993746958374113e-14,2171.0410314759615,1.718187004332021e-07,1105083.681275628,8.64604698465038e-12,8.862148953854586e-09
SANTA CLARA VALLEY W.D.,Grain,0.55,1978.409063,224,1.9,1.1723600961809496e-11,789.8778874755045,1.721195579309415e-07,842010.8972,4.989564569346121e-09,8.862148953854586e-09
SANTA CLARA VALLEY W.D.,Lettuce,0.55,2444.064098,893.3912256,10.5521748,2392.740011838261,3336.623475253085,3258.3896797663683,23040730.868135557,22556887.397224415,8.862148953854586e-09
SANTA CLARA VALLEY W.D.,Lettuce,0.55,49.02699621,898,10.5,47.99745153972435,82.47852490339336,80.54464657672204,462275.5473,452567.97056806093,8.862148953854586e-09
SANTA CLARA VALLEY W.D.,Onions & Garlic,0.55,215.1344263,1712,5.3,205.41144175802114,342.1616908877731,325.88097123865543,1952043.7304756802,1863821.2579355808,8.862148953854586e-09
SANTA CLARA VALLEY W.D.,Other Deciduous,0.55,192.8148602,2398.313786,7.145133767,189.21990379031786,524.0155137,512.9598342845575,3304128.0474066325,3242523.893607936,8.862148953854586e-09
SANTA CLARA VALLEY W.D.,Other Deciduous,0.55,96.40743008,4047.471437,1.454200834,95.18676422,300.9015304689216,296.3489240093304,567438.3553411299,560253.7158864739,8.862148953854586e-09
SANTA CLARA VALLEY W.D.,Pasture,0.55,1056.048825,249.6163555,5,5.403006553059011e-17,4419.769057194166,1.718181837817324e-07,1318035.2946327867,6.743394022586039e-14,8.862148953854586e-09
SANTA CLARA VALLEY W.D.,Pasture,0.55,378.2468903,275,5,6.283599114324896e-17,1250.2587868329094,1.7181818413487135e-07,520089.4742,8.639948782196732e-14,8.862148953854586e-09
SANTA CLARA VALLEY W.D.,Sunflowers,0.55,85.06879426,3640,0.6,1.9946872273332869e-16,247.71256201913528,1.7181819079766918e-07,185790.24666384002,4.3563969044958987e-13,8.862148953854586e-09
SANTA CLARA VALLEY W.D.,Tomato Processing,0.55,1070.133204,103,59,1019.3072552772333,2241.7720824000385,2129.9609066937574,6503199.481,6194330.190319747,8.862148953854586e-09
SANTA CLARA VALLEY W.D.,Truck Crops,0.55,3928.777726,882.8289505,16.82408356,3799.4580046380497,4301.897616,4149.895492018473,58353302.79068896,56432544.38,8.862148953854586e-09
SANTA CLARA VALLEY W.D.,Truck Crops,0.55,335.3741544,879.8326874,16.80674045,324.34621154305336,452.5256404129472,436.55134541435626,4959217.737,4796146.227264485,8.862148953854586e-09
SANTA CLARA VALLEY W.D.,Vineyard,0.55,164.1614474,1913.447178,9.180217963,158.22900699611935,403.37264625336945,387.82363667471407,2883637.3561489093,2779428.9257732076,8.862148953854586e-09
SANTA CLARA VALLEY W.D.,Vineyard,0.55,54.72048247,1879.432953,9.731994062,52.890967224731604,137.46379017667715,132.5356786217547,1000872.1168044049,967409.1297545081,8.862148953854586e-09
SANTA CLARA VALLEY W.D.,Alfalfa,0.6,73.17201929,277,6,1.3509368929285985e-21,285.81528519746973,1.3509368929288166e-08,121611.89605997999,2.2452571160473307e-18,336.69302950197084
SANTA CLARA VALLEY W.D.,Alfalfa,0.6,11.41145783,277,6,1.3509368984797194e-21,43.92211526636772,1.3509368984799303e-08,18965.84291,2.2452571252732935e-18,336.69302950197084
SANTA CLARA VALLEY W.D.,Citrus & Subtropical,0.6,56.29060577,894,4.2,52.87818490300146,147.0059509757154,137.74899302752678,211359.96654519602,198547.00867378988,336.69302950197084
SANTA CLARA VALLEY W.D.,Citrus & Subtropical,0.6,56.29060577,894,4.2,53.09967625718534,136.92007065391692,128.83562409608285,211359.96654519602,199378.6644104795,336.69302950197084
SANTA CLARA VALLEY W.D.,Corn,0.6,773.3514596,721,9.4,681.3643682020385,1758.7985327951537,1545.7224108013863,5241312.182293041,4617878.869052496,336.69302950197084
SANTA CLARA VALLEY W.D.,Corn,0.6,14.93957594,721,9.4,13.151452379125805,34.42749448061359,30.231087078138227,101251.482,89132.65335428723,336.69302950197084
SANTA CLARA VALLEY W.D.,Cucurbits,0.6,187.3301612,642,11.8,186.2277026753181,311.37580367698206,308.7694615849377,1419138.369,1410786.5843871399,336.69302950197084
SANTA CLARA VALLEY W.D.,Dry Beans,0.6,201.5180848,1823,3.5,85.53811438298465,303.5173543329729,128.51152385805392,1285786.14,545775.9388206336,336.69302950197084
SANTA CLARA VALLEY W.D.,Grain,0.6,2548.282738,225.4685967,1.923364038,4.997104526972661e-18,2171.0410314759615,1.3509368956920408e-08,1105083.681275628,2.1670353073615863e-15,336.69302950197084
SANTA CLARA VALLEY W.D.,Grain,0.6,1978.409063,224,1.9,1998.1931735473872,789.8778874755045,795.7822126585736,842010.8972,850431.0147,336.69302950197084
SANTA CLARA VALLEY W.D.,Lettuce,0.6,2444.064098,893.3912256,10.5521748,2357.782556457907,3336.623475253085,3210.785254715848,23040730.868135557,22227335.76152358,336.69302950197084
SANTA CLARA VALLEY W.D.,Lettuce,0.6,49.02699621,898,10.5,47.12600833834693,82.47852490339336,79.08227518267502,462275.5473,444351.1326222732,336.69302950197084
SANTA CLARA VALLEY W.D.,Onions & Garlic,0.6,215.1344263,1712,5.3,199.0745459241977,342.1616908877731,315.8276177944862,1952043.7304756802,1806322.7998978004,336.69302950197084
SANTA CLARA VALLEY W.D.,Other Deciduous,0.6,192.8148602,2398.313786,7.145133767,187.57737208095935,524.0155137,508.5070635809905,3304128.0474066325,3214377.0221270924,336.69302950197084
SANTA CLARA VALLEY W.D.,Other Deciduous,0.6,96.40743008,4047.471437,1.454200834,92.13016758775993,300.9015304689216,286.83269392569895,567438.3553411299,542263.0883316786,336.69302950197084
SANTA CLARA VALLEY W.D.,Pasture,0.6,1056.048825,249.6163555,5,1.3509368929287307e-21,4419.769057194166,1.3509368929289442e-08,1318035.2946327867,1.6860797186168176e-18,336.69302950197084
SANTA CLARA VALLEY W.D.,Pasture,0.6,378.2468903,275,5,1.3509360991194346e-21,1250.2587868329094,1.3509360991195175e-08,520089.4742,1.8575371362892225e-18,336.69302950197084
SANTA CLARA VALLEY W.D.,Sunflowers,0.6,85.06879426,3640,0.6,1.3510702974722454e-13,247.71256201913528,1.351066678330663e-08,185790.24666384002,2.950737529679384e-10,336.69302950197084
SANTA CLARA VALLEY W.D.,Tomato Processing,0.6,1070.133204,103,59,905.0020909070483,2241.7720824000385,1891.106988437816,6503199.481,5499697.706442133,336.69302950197084
SANTA CLARA VALLEY W.D.,Truck Crops,0.6,3928.777726,882.8289505,16.82408356,3754.302073328413,4301.897616,4100.574668641441,58353302.79068896,55761852.90474339,336.69302950197084
SANTA CLARA VALLEY W.D.,Truck Crops,0.6,335.3741544,879.8326874,16.80674045,319.55231115104755,452.5256404129472,430.0990308497094,4959217.737,4725258.248738033,336.69302950197084
SANTA CLARA VALLEY W.D.,Vineyard,0.6,164.1614474,1913.447178,9.180217963,156.81973561644352,403.37264625336945,384.36947366955434,2883637.3561489093,2754673.859,336.69302950197084
SANTA CLARA VALLEY W.D.,Vineyard,0.6,54.72048247,1879.432953,9.731994062,52.44030087450897,137.46379017667715,131.40638595943003,1000872.1168044049,959166.1581365746,336.69302950197084
SANTA CLARA VALLEY W.D.,Alfalfa,0.65,73.17201929,277,6,1.4267606068609266e-21,285.81528519746973,1.4267606068611385e-08,121611.89605997999,2.37127612860286e-18,324.61087377036307
SANTA CLARA VALLEY W.D.,Alfalfa,0.65,11.41145783,277,6,1.426760606860933e-21,43.92211526636772,1.4267606068611372e-08,18965.84291,2.3712761286028708e-18,324.61087377036307
SANTA CLARA VALLEY W.D.,Citrus & Subtropical,0.65,56.29060577,894,4.2,52.99085795540453,147.0059509757154,138.04250914535356,211359.96654519602,198970.07345095294,324.61087377036307
SANTA CLARA VALLEY W.D.,Citrus & Subtropical,0.65,56.29060577,894,4.2,53.20128586229425,136.92007065391692,129.08215925132555,211359.96654519602,199760.18815574245,324.61087377036307
SANTA CLARA VALLEY W.D.,Corn,0.65,773.3514596,721,9.4,682.8665046,1758.7985327951537,1549.130111656407,5241312.182293041,4628059.448474164,324.61087377036307
SANTA CLARA VALLEY W.D.,Corn,0.65,14.93957594,721,9.4,13.180934470310035,34.42749448061359,30.29885721,101251.482,89332.46527907925,324.61087377036307
SANTA CLARA VALLEY W.D.,Cucurbits,0.65,187.3301612,642,11.8,186.25737772083315,311.37580367698206,308.81866343705934,1419138.369,1411011.3906619437,324.61087377036307
SANTA CLARA VALLEY W.D.,Dry Beans,0.65,201.5180848,1823,3.5,86.99852625169557,303.5173543329729,130.7056306,1285786.14,555094.0967489436,324.61087377036307
SANTA CLARA VALLEY W.D.,Grain,0.65,2548.282738,225.4685967,1.923364038,2325.844198030632,2171.0410314759615,1976.5779104628368,1105083.681275628,1008621.3865147848,324.61087377036307
SANTA CLARA VALLEY W.D.,Grain,0.65,1978.409063,224,1.9,1.4268601222498157e-13,789.8778874755045,1.4268385754553084e-08,842010.8972,6.072716680295216e-11,324.61087377036307
SANTA CLARA VALLEY W.D.,Lettuce,0.65,2444.064098,893.3912256,10.5521748,2359.072213895311,3336.623475253085,3212.541486678086,23040730.868135557,22239493.646397233,324.61087377036307
SANTA CLARA VALLEY W.D.,Lettuce,0.65,49.02699621,898,10.5,47.15837562253432,82.47852490339336,79.13659080594196,462275.5473,444656.32374487614,324.61087377036307
SANTA CLARA VALLEY W.D.,Onions & Garlic,0.65,215.1344263,1712,5.3,199.3099971429749,342.1616908877731,316.20115624638055,1952043.7304756802,1808459.1900764972,324.61087377036307
SANTA CLARA VALLEY W.D.,Other Deciduous,0.65,192.8148602,2398.313786,7.145133767,187.6382141401497,524.0155137,508.67200147661254,3304128.0474066325,3215419.6282520783,324.61087377036307
SANTA CLARA VALLEY W.D.,Other Deciduous,0.65,96.40743008,4047.471437,1.454200834,92.25377363225144,300.9015304689216,287.2175217810022,567438.3553411299,542990.6132801011,324.61087377036307
SANTA CLARA VALLEY W.D.,Pasture,0.65,1056.048825,249.6163555,5,1.4267606068610705e-21,4419.769057194166,1.4267606068612748e-08,1318035.2946327867,1.7807139142781437e-18,324.61087377036307
SANTA CLARA VALLEY W.D.,Pasture,0.65,378.2468903,275,5,1.426759807500669e-21,1250.2587868329094,1.4267598075007353e-08,520089.4742,1.96179473531342e-18,324.61087377036307
SANTA CLARA VALLEY W.D.,Sunflowers,0.65,85.06879426,3640,0.6,1.4269051800198148e-13,247.71256201913528,1.4268988167228158e-08,185790.24666384002,3.1163609131632754e-10,324.61087377036307
SANTA CLARA VALLEY W.D.,Tomato Processing,0.65,1070.133204,103,59,909.4024654909579,2241.7720824000385,1900.3020822521357,6503199.481,5526438.782788551,324.61087377036307
SANTA CLARA VALLEY W.D.,Truck Crops,0.65,3928.777726,882.8289505,16.82408356,3755.9445863019373,4301.897616,4102.368676405291,58353302.79068896,55786248.80177961,324.61087377036307
SANTA CLARA VALLEY W.D.,Truck Crops,0.65,335.3741544,879.8326874,16.80674045,319.72726223976144,452.5256404129472,430.3345049531744,4959217.737,4727845.271413892,324.61087377036307
SANTA CLARA VALLEY W.D.,Vineyard,0.65,164.1614474,1913.447178,9.180217963,156.8719502168311,403.37264625336945,384.4974530881733,2883637.3561489093,2755591.053452092,324.61087377036307
SANTA CLARA VALLEY W.D.,Vineyard,0.65,54.72048247,1879.432953,9.731994062,52.45697663647842,137.46379017667715,131.4481725552067,1000872.1168044049,959471.1683343711,324.61087377036307
SANTA CLARA VALLEY W.D.,Alfalfa,0.7,73.17201929,277,6,1.9885366770482017e-20,285.81528519746973,1.9885366944132492e-07,121611.89605997999,3.304947957254111e-17,218.7301547181003
SANTA CLARA VALLEY W.D.,Alfalfa,0.7,11.41145783,277,6,1.9885366770494433e-20,43.92211526636772,1.9885366944132474e-07,18965.84291,3.304947957256175e-17,218.7301547181003
SANTA CLARA VALLEY W.D.,Citrus & Subtropical,0.7,56.29060577,894,4.2,53.91041921220403,147.0059509757154,140.43798412619756,211359.96654519602,202422.8420579837,218.7301547181003
SANTA CLARA VALLEY W.D.,Citrus & Subtropical,0.7,56.29060577,894,4.2,54.03609643141069,136.92007065391692,131.10765843734936,211359.96654519602,202894.73488066086,218.7301547181003
SANTA CLARA VALLEY W.D.,Corn,0.7,773.3514596,721,9.4,695.6301764852202,1758.7985327951537,1578.0853882791434,5241312.182293041,4714563.958110931,218.7301547181003
SANTA CLARA VALLEY W.D.,Corn,0.7,14.93957594,721,9.4,13.431323452007225,34.42749448061359,30.874423574731452,101251.482,91029.45156363377,218.7301547181003
SANTA CLARA VALLEY W.D.,Cucurbits,0.7,187.3301612,642,11.8,186.51348682434713,311.37580367698206,309.24329794614533,1419138.369,1412951.570786524,218.7301547181003
SANTA CLARA VALLEY W.D.,Dry Beans,0.7,201.5180848,1823,3.5,99.53415808935935,303.5173543329729,149.5390264371258,1285786.14,635077.6956891573,218.7301547181003
SANTA CLARA VALLEY W.D.,Grain,0.7,2548.282738,225.4685967,1.923364038,2573.7655905170127,2171.0410314759615,2187.2695590264257,1105083.681275628,1116134.528989256,218.7301547181003
SANTA CLARA VALLEY W.D.,Grain,0.7,1978.409063,224,1.9,1998.193173313116,789.8778874755045,795.7822127565071,842010.8972,850431.0145620621,218.7301547181003
SANTA CLARA VALLEY W.D.,Lettuce,0.7,2444.064098,893.3912256,10.5521748,2370.259039075743,3336.623475253085,3227.775501247355,23040730.868135557,22344954.31269569,218.7301547181003
SANTA CLARA VALLEY W.D.,Lettuce,0.7,49.02699621,898,10.5,47.438424862565405,82.47852490339336,79.60654235575068,462275.5473,447296.9080291292,218.7301547181003
SANTA CLARA VALLEY W.D.,Onions & Garlic,0.7,215.1344263,1712,5.3,201.34689707197953,342.1616908877731,319.43265572888436,1952043.7304756802,1826941.2052723134,218.7301547181003
SANTA CLARA VALLEY W.D.,Other Deciduous,0.7,192.8148602,2398.313786,7.145133767,188.16517251990578,524.0155137,510.1005431643785,3304128.0474066325,3224449.7308103666,218.7301547181003
SANTA CLARA VALLEY W.D.,Other Deciduous,0.7,96.40743008,4047.471437,1.454200834,93.28780430892361,300.9015304689216,290.4368128201509,567438.3553411299,549076.7486127849,218.7301547181003
SANTA CLARA VALLEY W.D.,Pasture,0.7,1056.048825,249.6163555,5,1.9885365972514475e-20,4419.769057194166,1.9885366150324666e-07,1318035.2946327867,2.4818562909213884e-17,218.7301547181003
SANTA CLARA VALLEY W.D.,Pasture,0.7,378.2468903,275,5,6.1524902620523125,1250.2587868329094,20.284057319018203,520089.4742,8459.67411,218.7301547181003
SANTA CLARA VALLEY W.D.,Sunflowers,0.7,85.06879426,3640,0.6,5.313017919278912e-07,247.71256201913528,2.8544766195446853e-06,185790.24666384002,0.001160363,218.7301547181003
SANTA CLARA VALLEY W.D.,Tomato Processing,0.7,1070.133204,103,59,946.9532068282298,2241.7720824000385,1978.768718142133,6503199.481,5754634.637895152,218.7301547181003
SANTA CLARA VALLEY W.D.,Truck Crops,0.7,3928.777726,882.8289505,16.82408356,3770.267332894947,4301.897616,4118.012460903101,58353302.79068896,55998981.52096735,218.7301547181003
SANTA CLARA VALLEY W.D.,Truck Crops,0.7,335.3741544,879.8326874,16.80674045,321.2509779770747,452.5256404129472,432.38533890077804,4959217.737,4750376.6382831745,218.7301547181003
SANTA CLARA VALLEY W.D.,Vineyard,0.7,164.1614474,1913.447178,9.180217963,157.32414336144262,403.37264625336945,385.6057910805767,2883637.3561489093,2763534.215897651,218.7301547181003
SANTA CLARA VALLEY W.D.,Vineyard,0.7,54.72048247,1879.432953,9.731994062,52.601464433056954,137.46379017667715,131.81023434542664,1000872.1168044049,962113.9412100167,218.7301547181003
SANTA CLARA VALLEY W.D.,Alfalfa,0.75,73.17201929,277,6,1.1688985650574985e-19,285.81528519746973,3.629411859525314e-08,121611.89605997999,1.9427094151255626e-16,146.37287342297367
SANTA CLARA VALLEY W.D.,Alfalfa,0.75,11.41145783,277,6,3.0369693499549095e-18,43.92211526636772,3.629411862432899e-08,18965.84291,5.047443059625059e-15,146.37287342297367
SANTA CLARA VALLEY W.D.,Citrus & Subtropical,0.75,56.29060577,894,4.2,54.478334344589385,147.0059509757154,141.9174223332928,211359.96654519602,204555.24979706423,146.37287342297367
SANTA CLARA VALLEY W.D.,Citrus & Subtropical,0.75,56.29060577,894,4.2,54.55631789493464,136.92007065391692,132.3698704236267,211359.96654519602,204848.0624319006,146.37287342297367
SANTA CLARA VALLEY W.D.,Corn,0.75,773.3514596,721,9.4,703.9655410488698,1758.7985327951537,1596.9947417688975,5241312.182293041,4771056.058,146.37287342297367
SANTA CLARA VALLEY W.D.,Corn,0.75,14.93957594,721,9.4,13.594728230094953,34.42749448061359,31.250040025396817,101251.482,92136.91110664554,146.37287342297367
SANTA CLARA VALLEY W.D.,Cucurbits,0.75,187.3301612,642,11.8,186.68456489083388,311.37580367698206,309.5269488101655,1419138.369,1414247.5897870013,146.37287342297367
SANTA CLARA VALLEY W.D.,Dry Beans,0.75,201.5180848,1823,3.5,107.84139929321611,303.5173543329729,162.01973423991836,1285786.14,688082.0481903654,146.37287342297367
SANTA CLARA VALLEY W.D.,Grain,0.75,2548.282738,225.4685967,1.923364038,2573.7655910576214,2171.0410314759615,2187.2695593186263,1105083.681275628,1116134.5292236952,146.37287342297367
SANTA CLARA VALLEY W.D.,Grain,0.75,1978.409063,224,1.9,1998.1931735699688,789.8778874755045,795.7822127,842010.8972,850431.0146713787,146.37287342297367
SANTA CLARA VALLEY W.D.,Lettuce,0.75,2444.064098,893.3912256,10.5521748,2377.787812884643,3336.623475253085,3238.0280478397244,23040730.868135557,22415929.722563162,146.37287342297367
SANTA CLARA VALLEY W.D.,Lettuce,0.75,49.02699621,898,10.5,47.626190889926065,82.47852490339336,79.92163282986489,462275.5473,449067.35390111286,146.37287342297367
SANTA CLARA VALLEY W.D.,Onions & Garlic,0.75,215.1344263,1712,5.3,202.7123113,342.1616908877731,321.5988567296381,1952043.7304756802,1839330.4275944037,146.37287342297367
SANTA CLARA VALLEY W.D.,Other Deciduous,0.75,192.8148602,2398.313786,7.145133767,188.51901961591489,524.0155137,511.0597938094705,3304128.0474066325,3230513.351182802,146.37287342297367
SANTA CLARA VALLEY W.D.,Other Deciduous,0.75,96.40743008,4047.471437,1.454200834,93.94836257102752,300.9015304689216,292.49335623855404,567438.3553411299,552964.6864360854,146.37287342297367
SANTA CLARA VALLEY W.D.,Pasture,0.75,1056.048825,249.6163555,5,52.08117399128127,4419.769057194166,217.4248829080569,1318035.2946327867,65001.56420932509,146.37287342297367
SANTA CLARA VALLEY W.D.,Pasture,0.75,378.2468903,275,5,218.30207474608687,1250.2587868329094,719.7726041,520089.4742,300165.3527758694,146.37287342297367
SANTA CLARA VALLEY W.D.,Sunflowers,0.75,85.06879426,3640,0.6,58.24557197276496,247.71256201913528,169.18177159332814,185790.24666384002,127208.32918851866,146.37287342297367
SANTA CLARA VALLEY W.D.,Tomato Processing,0.75,1070.133204,103,59,971.6274716332233,2241.7720824000385,2030.3284602861784,6503199.481,5904580.145115098,146.37287342297367
SANTA CLARA VALLEY W.D.,Truck Crops,0.75,3928.777726,882.8289505,16.82408356,3779.982493719057,4301.897616,4128.623685311711,58353302.79068896,56143278.74538853,146.37287342297367
SANTA CLARA VALLEY W.D.,Truck Crops,0.75,335.3741544,879.8326874,16.80674045,322.2826329423997,452.5256404129472,433.77388696686535,4959217.737,4765631.843658451,146.37287342297367
SANTA CLARA VALLEY W.D.,Vineyard,0.75,164.1614474,1913.447178,9.180217963,157.6277445825743,403.37264625336945,386.34992583406665,2883637.3561489093,2768867.233098057,146.37287342297367
SANTA CLARA VALLEY W.D.,Vineyard,0.75,54.72048247,1879.432953,9.731994062,52.69854376124581,137.46379017667715,132.05349829794991,1000872.1168044049,963889.5833154311,146.37287342297367
SANTA CLARA VALLEY W.D.,Alfalfa,0.8,73.17201929,277,6,1.14340207021447e-07,285.81528519746973,5.32153207945008e-07,121611.89605997999,0.000190033,131.38453415636738
SANTA CLARA VALLEY W.D.,Alfalfa,0.8,11.41145783,277,6,1.308143410076069e-07,43.92211526636772,5.880004686207115e-07,18965.84291,0.000217413,131.38453415636738
SANTA CLARA VALLEY W.D.,Citrus & Subtropical,0.8,56.29060577,894,4.2,54.59065873182187,147.0059509757154,142.21003019865023,211359.96654519602,204977.00540624477,131.38453415636738
SANTA CLARA VALLEY W.D.,Citrus & Subtropical,0.8,56.29060577,894,4.2,54.659604827119175,136.92007065391692,132.62047530275584,211359.96654519602,205235.8842048671,131.38453415636738
SANTA CLARA VALLEY W.D.,Corn,0.8,773.3514596,721,9.4,705.6553404055604,1758.7985327951537,1600.828169046428,5241312.182293041,4782508.504064646,131.38453415636738
SANTA CLARA VALLEY W.D.,Corn,0.8,14.93957594,721,9.4,13.62784420469572,34.42749448061359,31.32616335090056,101251.482,92361.35131290478,131.38453415636738
SANTA CLARA VALLEY W.D.,Cucurbits,0.8,187.3301612,642,11.8,186.71961525597166,311.37580367698206,309.5850630888782,1419138.369,1414513.117333139,131.38453415636738
SANTA CLARA VALLEY W.D.,Dry Beans,0.8,201.5180848,1823,3.5,109.53699646909598,303.5173543329729,164.56718084797035,1285786.14,698900.8059710669,131.38453415636738
SANTA CLARA VALLEY W.D.,Grain,0.8,2548.282738,225.4685967,1.923364038,2573.765591036528,2171.0410314759615,2187.269559329328,1105083.681275628,1116134.529214548,131.38453415636738
SANTA CLARA VALLEY W.D.,Grain,0.8,1978.409063,224,1.9,1998.1931735521039,789.8778874755045,795.7822127132481,842010.8972,850431.0146637753,131.38453415636738
SANTA CLARA VALLEY W.D.,Lettuce,0.8,2444.064098,893.3912256,10.5521748,2379.335817961903,3336.623475253085,3240.1360929340244,23040730.868135557,22430523.11,131.38453415636738
SANTA CLARA VALLEY W.D.,Lettuce,0.8,49.02699621,898,10.5,47.66472833587135,82.47852490339336,79.98630265,462275.5473,449430.7235,131.38453415636738
SANTA CLARA VALLEY W.D.,Onions & Garlic,0.8,215.1344263,1712,5.3,202.9925244507144,342.1616908877731,322.04340912183284,1952043.7304756802,1841872.9698560021,131.38453415636738
SANTA CLARA VALLEY W.D.,Other Deciduous,0.8,192.8148602,2398.313786,7.145133767,188.59169634067663,524.0155137,511.2568145549176,3304128.0474066325,3231758.759365708,131.38453415636738
SANTA CLARA VALLEY W.D.,Other Deciduous,0.8,96.40743008,4047.471437,1.454200834,94.08094579460534,300.9015304689216,292.90613315000246,567438.3553411299,553745.0495913982,131.38453415636738
SANTA CLARA VALLEY W.D.,Pasture,0.8,1056.048825,249.6163555,5,312.7309225203106,4419.769057194166,1305.5674246316262,1318035.2946327867,390313.7656583641,131.38453415636738
SANTA CLARA VALLEY W.D.,Pasture,0.8,378.2468903,275,5,243.27559568273358,1250.2587868329094,802.1138105087737,520089.4742,334503.94406375865,131.38453415636738
SANTA CLARA VALLEY W.D.,Sunflowers,0.8,85.06879426,3640,0.6,60.74229917662819,247.71256201913528,176.43383760947123,185790.24666384002,132661.18140175595,131.38453415636738
SANTA CLARA VALLEY W.D.,Tomato Processing,0.8,1070.133204,103,59,976.6438563248631,2241.7720824000385,2040.8107788035009,6503199.481,5935064.714886193,131.38453415636738
SANTA CLARA VALLEY W.D.,Truck Crops,0.8,3928.777726,882.8289505,16.82408356,3781.987616445107,4301.897616,4130.813747650805,58353302.79068896,56173060.41,131.38453415636738
SANTA CLARA VALLEY W.D.,Truck Crops,0.8,335.3741544,879.8326874,16.80674045,322.49536907533343,452.5256404129472,434.06021759827854,4959217.737,4768777.598302906,131.38453415636738
SANTA CLARA VALLEY W.D.,Vineyard,0.8,164.1614474,1913.447178,9.180217963,157.6900971945305,403.37264625336945,386.50275382503753,2883637.3561489093,2769962.5104846666,131.38453415636738
SANTA CLARA VALLEY W.D.,Vineyard,0.8,54.72048247,1879.432953,9.731994062,52.71848852980114,137.46379017667715,132.10347649081544,1000872.1168044049,964254.3857042642,131.38453415636738
SANTA CLARA VALLEY W.D.,Alfalfa,0.85,73.17201929,277,6,0.3547934747030281,285.81528519746973,1.3823848412040565,121611.89605997999,589.6667549564327,108.31871338643589
SANTA CLARA VALLEY W.D.,Alfalfa,0.85,11.41145783,277,6,0.28831903471544523,43.92211526636772,1.106950915,18965.84291,479.1862357,108.31871338643589
SANTA CLARA VALLEY W.D.,Citrus & Subtropical,0.85,56.29060577,894,4.2,54.76021718955393,147.0059509757154,142.65173421846114,211359.96654519602,205613.6635033371,108.31871338643589
SANTA CLARA VALLEY W.D.,Citrus & Subtropical,0.85,56.29060577,894,4.2,54.81576040085833,136.92007065391692,132.99935521761077,211359.96654519602,205822.21715314288,108.31871338643589
SANTA CLARA VALLEY W.D.,Corn,0.85,773.3514596,721,9.4,708.2319941,1758.7985327951537,1606.673486922007,5241312.182293041,4799971.516641784,108.31871338643589
SANTA CLARA VALLEY W.D.,Corn,0.85,14.93957594,721,9.4,13.678333693923667,34.42749448061359,31.44222293893615,101251.482,92703.53877719826,108.31871338643589
SANTA CLARA VALLEY W.D.,Cucurbits,0.85,187.3301612,642,11.8,186.77329994762064,311.37580367698206,309.6740734427781,1419138.369,1414919.811083195,108.31871338643589
SANTA CLARA VALLEY W.D.,Dry Beans,0.85,201.5180848,1823,3.5,112.12990272922603,303.5173543329729,168.46273474294418,1285786.14,715444.8443638267,108.31871338643589
SANTA CLARA VALLEY W.D.,Grain,0.85,2548.282738,225.4685967,1.923364038,2573.765591054853,2171.0410314759615,2187.269559344902,1105083.681275628,1116134.5292224947,108.31871338643589
SANTA CLARA VALLEY W.D.,Grain,0.85,1978.409063,224,1.9,1998.1931735621401,789.8778874755045,795.7822127172174,842010.8972,850431.0146680467,108.31871338643589
SANTA CLARA VALLEY W.D.,Lettuce,0.85,2444.064098,893.3912256,10.5521748,2381.7104349671627,3336.623475253085,3243.369803035196,23040730.868135557,22452909.145392008,108.31871338643589
SANTA CLARA VALLEY W.D.,Lettuce,0.85,49.02699621,898,10.5,47.72379859305981,82.47852490339336,80.0854286,462275.5473,449987.69693396095,108.31871338643589
SANTA CLARA VALLEY W.D.,Onions & Garlic,0.85,215.1344263,1712,5.3,203.4220178775247,342.1616908877731,322.72479149245794,1952043.7304756802,1845770.021413508,108.31871338643589
SANTA CLARA VALLEY W.D.,Other Deciduous,0.85,192.8148602,2398.313786,7.145133767,188.70312979527975,524.0155137,511.5589016260471,3304128.0474066325,3233668.313,108.31871338643589
SANTA CLARA VALLEY W.D.,Other Deciduous,0.85,96.40743008,4047.471437,1.454200834,94.28227921581136,300.9015304689216,293.5329528896104,567438.3553411299,554930.0651582434,108.31871338643589
SANTA CLARA VALLEY W.D.,Pasture,0.85,1056.048825,249.6163555,5,562.6325585693887,4419.769057194166,2348.8394897641997,1318035.2946327867,702211.4437786556,108.31871338643589
SANTA CLARA VALLEY W.D.,Pasture,0.85,378.2468903,275,5,276.3242619343774,1250.2587868329094,911.0799052886432,520089.4742,379945.8601597689,108.31871338643589
SANTA CLARA VALLEY W.D.,Sunflowers,0.85,85.06879426,3640,0.6,64.40095067723323,247.71256201913528,187.0608624866824,185790.24666384002,140651.67627907736,108.31871338643589
SANTA CLARA VALLEY W.D.,Tomato Processing,0.85,1070.133204,103,59,984.3021098961717,2241.7720824000385,2056.8135891775514,6503199.481,5981603.921839035,108.31871338643589
SANTA CLARA VALLEY W.D.,Truck Crops,0.85,3928.777726,882.8289505,16.82408356,3785.0684644908947,4301.897616,4134.178753240084,58353302.79068896,56218819.59120161,108.31871338643589
SANTA CLARA VALLEY W.D.,Truck Crops,0.85,335.3741544,879.8326874,16.80674045,322.8221107510446,452.5256404129472,434.49999310193004,4959217.737,4773609.166545361,108.31871338643589
SANTA CLARA VALLEY W.D.,Vineyard,0.85,164.1614474,1913.447178,9.180217963,157.7856982417031,403.37264625336945,386.7370746140737,2883637.3561489093,2771641.825301148,108.31871338643589
SANTA CLARA VALLEY W.D.,Vineyard,0.85,54.72048247,1879.432953,9.731994062,52.74907305932061,137.46379017667715,132.18011606817254,1000872.1168044049,964813.7960277824,108.31871338643589
SANTA CLARA VALLEY W.D.,Alfalfa,0.9,73.17201929,277,6,24.239870296381664,285.81528519746973,94.44600725708509,121611.89605997999,40286.66443258632,77.28552629807852
SANTA CLARA VALLEY W.D.,Alfalfa,0.9,11.41145783,277,6,3.9175452685476317,43.92211526636772,15.040734443004853,18965.84291,6510.960236326164,77.28552629807852
SANTA CLARA VALLEY W.D.,Citrus & Subtropical,0.9,56.29060577,894,4.2,54.982316871023144,147.0059509757154,143.23030943945358,211359.96654519602,206447.6033873177,77.28552629807852
SANTA CLARA VALLEY W.D.,Citrus & Subtropical,0.9,56.29060577,894,4.2,55.02073165,136.92007065391692,133.49667649697415,211359.96654519602,206591.84320183584,77.28552629807852
SANTA CLARA VALLEY W.D.,Corn,0.9,773.3514596,721,9.4,711.6541295470371,1758.7985327951537,1614.436839012723,5241312.182293041,4823164.698,77.28552629807852
SANTA CLARA VALLEY W.D.,Corn,0.9,14.93957594,721,9.4,13.745378040752295,34.42749448061359,31.596336981160277,101251.482,93157.92513,77.28552629807852
SANTA CLARA VALLEY W.D.,Cucurbits,0.9,187.3301612,642,11.8,186.84504625422716,311.37580367698206,309.79303033774494,1419138.369,1415463.3324035234,77.28552629807852
SANTA CLARA VALLEY W.D.,Dry Beans,0.9,201.5180848,1823,3.5,115.58740684217575,303.5173543329729,173.65725095868757,1285786.14,737505.4493565024,77.28552629807852
SANTA CLARA VALLEY W.D.,Grain,0.9,2548.282738,225.4685967,1.923364038,2573.765591074106,2171.0410314759615,2187.2695593612493,1105083.681275628,1116134.529230844,77.28552629807852
SANTA CLARA VALLEY W.D.,Grain,0.9,1978.409063,224,1.9,1998.1931735744488,789.8778874755045,795.7822127220483,842010.8972,850431.0146732853,77.28552629807852
SANTA CLARA VALLEY W.D.,Lettuce,0.9,2444.064098,893.3912256,10.5521748,2384.8907976928613,3336.623475253085,3247.7007629545915,23040730.868135557,22482891.125686973,77.28552629807852
SANTA CLARA VALLEY W.D.,Lettuce,0.9,49.02699621,898,10.5,47.80282629956879,82.47852490339336,80.21804519870487,462275.5473,450732.8491786341,77.28552629807852
SANTA CLARA VALLEY W.D.,Onions & Garlic,0.9,215.1344263,1712,5.3,203.99658636807118,342.1616908877731,323.63633242886993,1952043.7304756802,1850983.4260693307,77.28552629807852
SANTA CLARA VALLEY W.D.,Other Deciduous,0.9,192.8148602,2398.313786,7.145133767,188.85227708161608,524.0155137,511.96322784135737,3304128.0474066325,3236224.142033097,77.28552629807852
SANTA CLARA VALLEY W.D.,Other Deciduous,0.9,96.40743008,4047.471437,1.454200834,94.54815268353923,300.9015304689216,294.3607078491728,567438.3553411299,556494.9528762456,77.28552629807852
SANTA CLARA VALLEY W.D.,Pasture,0.9,1056.048825,249.6163555,5,780.8180664781399,4419.769057194166,3259.705256858495,1318035.2946327867,974524.8003,77.28552629807852
SANTA CLARA VALLEY W.D.,Pasture,0.9,378.2468903,275,5,313.3881834819212,1250.2587868329094,1033.2848607779254,520089.4742,430908.75228764163,77.28552629807852
SANTA CLARA VALLEY W.D.,Sunflowers,0.9,85.06879426,3640,0.6,69.01012376543747,247.71256201913528,200.44879983567282,185790.24666384002,150718.11030371542,77.28552629807852
SANTA CLARA VALLEY W.D.,Tomato Processing,0.9,1070.133204,103,59,994.4901875588072,2241.7720824000385,2078.1027608405257,6503199.481,6043516.869794872,77.28552629807852
SANTA CLARA VALLEY W.D.,Truck Crops,0.9,3928.777726,882.8289505,16.82408356,3789.204214,4301.897616,4138.695957860863,58353302.79068896,56280247.00559393,77.28552629807852
SANTA CLARA VALLEY W.D.,Truck Crops,0.9,335.3741544,879.8326874,16.80674045,323.2604934906547,452.5256404129472,435.09003105796967,4959217.737,4780091.584553811,77.28552629807852
SANTA CLARA VALLEY W.D.,Vineyard,0.9,164.1614474,1913.447178,9.180217963,157.91364967466137,403.37264625336945,387.0506870860685,2883637.3561489093,2773889.402534993,77.28552629807852
SANTA CLARA VALLEY W.D.,Vineyard,0.9,54.72048247,1879.432953,9.731994062,52.79001567763689,137.46379017667715,132.28271123685892,1000872.1168044049,965562.6623244967,77.28552629807852
SANTA CLARA VALLEY W.D.,Alfalfa,0.95,73.17201929,277,6,51.757617243422224,285.81528519746973,201.66363239337522,121611.89605997999,86021.15985856774,34.08313277748941
SANTA CLARA VALLEY W.D.,Alfalfa,0.95,11.41145783,277,6,8.117276806958866,43.92211526636772,31.164874004304533,18965.84291,13490.914053165636,34.08313277748941
SANTA CLARA VALLEY W.D.,Citrus & Subtropical,0.95,56.29060577,894,4.2,55.280697918380255,147.0059509757154,144.00759957339548,211359.96654519602,207567.96454393418,34.08313277748941
SANTA CLARA VALLEY W.D.,Citrus & Subtropical,0.95,56.29060577,894,4.2,55.296844832566975,136.92007065391692,134.1666093335835,211359.96654519602,207628.5929773225,34.08313277748941
SANTA CLARA VALLEY W.D.,Corn,0.95,773.3514596,721,9.4,716.3356883393323,1758.7985327951537,1625.05728,5241312.182293041,4854893.494150991,34.08313277748941
SANTA CLARA VALLEY W.D.,Corn,0.95,14.93957594,721,9.4,13.837073764803156,34.42749448061359,31.807116894865583,101251.482,93779.38373357692,34.08313277748941
SANTA CLARA VALLEY W.D.,Cucurbits,0.95,187.3301612,642,11.8,186.94402048460296,311.37580367698206,309.9571317764436,1419138.369,1416213.1215831582,34.08313277748941
SANTA CLARA VALLEY W.D.,Dry Beans,0.95,201.5180848,1823,3.5,120.3426721931889,303.5173543329729,180.80150945285942,1285786.14,767846.4199286418,34.08313277748941
SANTA CLARA VALLEY W.D.,Grain,0.95,2548.282738,225.4685967,1.923364038,2573.765591080829,2171.0410314759615,2187.269559410095,1105083.681275628,1116134.5292337595,34.08313277748941
SANTA CLARA VALLEY W.D.,Grain,0.95,1978.409063,224,1.9,1998.1931735771486,789.8778874755045,795.7822127658598,842010.8972,850431.0146744344,34.08313277748941
SANTA CLARA VALLEY W.D.,Lettuce,0.95,2444.064098,893.3912256,10.5521748,2389.2909086914296,3336.623475253085,3253.692753871375,23040730.868135557,22524371.94175514,34.08313277748941
SANTA CLARA VALLEY W.D.,Lettuce,0.95,49.02699621,898,10.5,47.91200195296271,82.47852490339336,80.40125320513822,462275.5473,451762.2664144854,34.08313277748941
SANTA CLARA VALLEY W.D.,Onions & Garlic,0.95,215.1344263,1712,5.3,204.7902821681329,342.1616908877731,324.8955143300071,1952043.7304756802,1858185.1042807708,34.08313277748941
SANTA CLARA VALLEY W.D.,Other Deciduous,0.95,192.8148602,2398.313786,7.145133767,189.0584435828725,524.0155137,512.5221285839933,3304128.0474066325,3239757.0674441904,34.08313277748941
SANTA CLARA VALLEY W.D.,Other Deciduous,0.95,96.40743008,4047.471437,1.454200834,94.90913718962355,300.9015304689216,295.4845760259781,567438.3553411299,558619.6486000726,34.08313277748941
SANTA CLARA VALLEY W.D.,Pasture,0.95,1056.048825,249.6163555,5,986.0066882059712,4419.769057194166,4116.312522528622,1318035.2946327867,1230616.9800429968,34.08313277748941
SANTA CLARA VALLEY W.D.,Pasture,0.95,378.2468903,275,5,355.40508547125484,1250.2587868329094,1171.8204885421396,520089.4742,488681.9925229754,34.08313277748941
SANTA CLARA VALLEY W.D.,Sunflowers,0.95,85.06879426,3640,0.6,74.91193208055913,247.71256201913528,217.59136286377986,185790.24666384002,163607.65966394113,34.08313277748941
SANTA CLARA VALLEY W.D.,Tomato Processing,0.95,1070.133204,103,59,1008.4586005440434,2241.7720824000385,2107.291382320196,6503199.481,6128402.9155061515,34.08313277748941
SANTA CLARA VALLEY W.D.,Truck Crops,0.95,3928.777726,882.8289505,16.82408356,3794.9441027278704,4301.897616,4144.965256688351,58353302.79068896,56365500.352620065,34.08313277748941
SANTA CLARA VALLEY W.D.,Truck Crops,0.95,335.3741544,879.8326874,16.80674045,323.8684633502442,452.5256404129472,435.90832358805665,4959217.737,4789081.707590822,34.08313277748941
SANTA CLARA VALLEY W.D.,Vineyard,0.95,164.1614474,1913.447178,9.180217963,158.09050759562712,403.37264625336945,387.48417074516374,2883637.3561489093,2776996.064395649,34.08313277748941
SANTA CLARA VALLEY W.D.,Vineyard,0.95,54.72048247,1879.432953,9.731994062,52.84662379570651,137.46379017667715,132.42456150139657,1000872.1168044049,966598.0604862677,34.08313277748941
SANTA CLARA VALLEY W.D.,Alfalfa,1,73.17201929,277,6,70.11699474583328,285.81528519746973,273.1974269507112,121611.89605997999,116534.44526757492,1.4314161639567703e-08
SANTA CLARA VALLEY W.D.,Alfalfa,1,11.41145783,277,6,10.92863678754226,43.92211526636772,41.95860226386092,18965.84291,18163.394340895236,1.4314161639567703e-08
SANTA CLARA VALLEY W.D.,Citrus & Subtropical,1,56.29060577,894,4.2,55.50780068156628,147.0059509757154,144.59920807212194,211359.96654519602,208420.68999914508,1.4314161639567703e-08
SANTA CLARA VALLEY W.D.,Citrus & Subtropical,1,56.29060577,894,4.2,55.50755411190287,136.92007065391692,134.67785290573187,211359.96654519602,208419.7641793729,1.4314161639567703e-08
SANTA CLARA VALLEY W.D.,Corn,1,773.3514596,721,9.4,719.9635262966267,1758.7985327951537,1633.2872830266958,5241312.182293041,4879480.803122758,1.4314161639567703e-08
SANTA CLARA VALLEY W.D.,Corn,1,14.93957594,721,9.4,13.908113163160305,34.42749448061359,31.97041441696555,101251.482,94260.84615200266,1.4314161639567703e-08
SANTA CLARA VALLEY W.D.,Cucurbits,1,187.3301612,642,11.8,187.02137163913588,311.37580367698206,310.0853819263069,1419138.369,1416799.1029894378,1.4314161639567703e-08
SANTA CLARA VALLEY W.D.,Dry Beans,1,201.5180848,1823,3.5,124.04761453837371,303.5173543329729,186.36777425347364,1285786.14,791485.8045620935,1.4314161639567703e-08
SANTA CLARA VALLEY W.D.,Grain,1,2548.282738,225.4685967,1.923364038,2573.7655910846956,2171.0410314759615,2187.2695595117707,1105083.681275628,1116134.5292354363,1.4314161639567703e-08
SANTA CLARA VALLEY W.D.,Grain,1,1978.409063,224,1.9,1998.193173578866,789.8778874755045,795.7822128633956,842010.8972,850431.0146751653,1.4314161639567703e-08
SANTA CLARA VALLEY W.D.,Lettuce,1,2444.064098,893.3912256,10.5521748,2392.740011835855,3336.623475253085,3258.38968,23040730.868135557,22556887.397201736,1.4314161639567703e-08
SANTA CLARA VALLEY W.D.,Lettuce,1,49.02699621,898,10.5,47.997451539673804,82.47852490339336,80.54464657663722,462275.5473,452567.97056758427,1.4314161639567703e-08
SANTA CLARA VALLEY W.D.,Onions & Garlic,1,215.1344263,1712,5.3,205.41144175763822,342.1616908877731,325.88097123804795,1952043.7304756802,1863821.2579321063,1.4314161639567703e-08
SANTA CLARA VALLEY W.D.,Other Deciduous,1,192.8148602,2398.313786,7.145133767,189.21990379024894,524.0155137,512.9598342843706,3304128.0474066325,3242523.893606755,1.4314161639567703e-08
SANTA CLARA VALLEY W.D.,Other Deciduous,1,96.40743008,4047.471437,1.454200834,95.18676422367152,300.9015304689216,296.3489240089939,567438.3553411299,560253.7158858377,1.4314161639567703e-08
SANTA CLARA VALLEY W.D.,Pasture,1,1056.048825,249.6163555,5,1066.6093237356563,4419.769057194166,4452.806830362287,1318035.2946327867,1331215.6606660709,1.4314161639567703e-08
SANTA CLARA VALLEY W.D.,Pasture,1,378.2468903,275,5,382.02936060342967,1250.2587868329094,1259.6044635024914,520089.4742,525290.3708297157,1.4314161639567703e-08
SANTA CLARA VALLEY W.D.,Sunflowers,1,85.06879426,3640,0.6,79.20650053796098,247.71256201913528,230.06549061362014,185790.24666384002,172986.99717490678,1.4314161639567703e-08
SANTA CLARA VALLEY W.D.,Tomato Processing,1,1070.133204,103,59,1019.3072552717584,2241.7720824000385,2129.9609066823173,6503199.481,6194330.190286476,1.4314161639567703e-08
SANTA CLARA VALLEY W.D.,Truck Crops,1,3928.777726,882.8289505,16.82408356,3799.458004634326,4301.897616,4149.895492014406,58353302.79068896,56432544.38083569,1.4314161639567703e-08
SANTA CLARA VALLEY W.D.,Truck Crops,1,335.3741544,879.8326874,16.80674045,324.34621154271946,452.5256404129472,436.5513454139068,4959217.737,4796146.227259548,1.4314161639567703e-08
SANTA CLARA VALLEY W.D.,Vineyard,1,164.1614474,1913.447178,9.180217963,158.2290069960563,403.37264625336945,387.8236366745595,2883637.3561489093,2779428.926,1.4314161639567703e-08
SANTA CLARA VALLEY W.D.,Vineyard,1,54.72048247,1879.432953,9.731994062,52.890967224711694,137.46379017667715,132.53567862170482,1000872.1168044049,967409.1298,1.4314161639567703e-08
THE WEST SIDE I.D.,Alfalfa,0.5,261.6624251,281,6.7,6.710399596617984e-22,1081.9650632787695,6.7103995966199715e-09,492631.84773577005,1.263366932055268e-18,494.02703169043485
THE WEST SIDE I.D.,Almonds & Pistachios,0.5,2124.542192,4883,1.2,1300.6902799804134,8764.797825183881,5352.582098866244,12448967.428243198,7621524.7645732295,494.02703169043485
THE WEST SIDE I.D.,Corn,0.5,11.4631428,59,27.1,7.58514726533123e-20,27.692995845114044,6.7103995973400835e-09,18328.41902,1.2127891962538104e-16,494.02703169043485
THE WEST SIDE I.D.,Dry Beans,0.5,522.3295708,1752,1.3,6.710399596619533e-22,1155.4459528902373,6.710399596620196e-09,1189657.8304540801,1.528360612126065e-18,494.02703169043485
THE WEST SIDE I.D.,Grain,0.5,678.9431805,164,2.5,685.7326189625554,316.8334798306228,319.2018063510187,278366.704,281150.3737746477,494.02703169043485
THE WEST SIDE I.D.,Other Deciduous,0.5,43.85765373,2263.540627,2.348383386,40.51748322086707,151.12633446440685,139.26760768766664,233132.42834255824,215377.2135591531,494.02703169043485
THE WEST SIDE I.D.,Pasture,0.5,72.72551955,276,5,6.710399596618575e-22,334.5509930202553,6.710399596620747e-09,100361.217,9.260351443333633e-19,494.02703169043485
THE WEST SIDE I.D.,Safflower,0.5,65.88967035,574,1.3,6.710399596618498e-22,158.50781229024244,6.710399596619418e-09,49166.87202,5.007300178996723e-19,494.02703169043485
THE WEST SIDE I.D.,Tomato Processing,0.5,141.5475083,101,43.3,98.06513130656131,336.8350654735827,232.77834810174664,619029.7180483899,428868.23874298454,494.02703169043485
THE WEST SIDE I.D.,Truck Crops,0.5,108.2797869,555,22.8,99.38836267180614,288.8615253386074,264.4787258323148,1370172.423,1257660.3412490347,494.02703169043485
THE WEST SIDE I.D.,Alfalfa,0.55,261.6624251,281,6.7,3.152164137510857e-17,1081.9650632787695,1.2640639012362712e-07,492631.84773577005,5.93457942169169e-14,403.73736813851804
THE WEST SIDE I.D.,Almonds & Pistachios,0.55,2124.542192,4883,1.2,1445.6447182171914,8764.797825183881,5949.096536896023,12448967.428243198,8470899.790865455,403.73736813851804
THE WEST SIDE I.D.,Corn,0.55,11.4631428,59,27.1,3.852573473,27.692995845114044,9.283891889476001,18328.41902,6159.879726335839,403.73736813851804
THE WEST SIDE I.D.,Dry Beans,0.55,522.3295708,1752,1.3,5.155505709273249e-17,1155.4459528902373,1.2640639045913142e-07,1189657.8304540801,1.1742179803440752e-13,403.73736813851804
THE WEST SIDE I.D.,Grain,0.55,678.9431805,164,2.5,685.7326184552695,316.8334798306228,319.2018062367906,278366.704,281150.3735666605,403.73736813851804
THE WEST SIDE I.D.,Other Deciduous,0.55,43.85765373,2263.540627,2.348383386,41.14937619179182,151.12633446440685,141.43956459223912,233132.42834255824,218736.14250850346,403.73736813851804
THE WEST SIDE I.D.,Pasture,0.55,72.72551955,276,5,2.881617893568351e-17,334.5509930202553,1.264063900968327e-07,100361.217,3.9766326931243246e-14,403.73736813851804
THE WEST SIDE I.D.,Safflower,0.55,65.88967035,574,1.3,4.8044752385383886e-17,158.50781229024244,1.264063903722848e-07,49166.87202,3.5850994229973456e-14,403.73736813851804
THE WEST SIDE I.D.,Tomato Processing,0.55,141.5475083,101,43.3,106.50619364781895,336.8350654735827,252.81499654244578,619029.7180483899,465783.53668000654,403.73736813851804
THE WEST SIDE I.D.,Truck Crops,0.55,108.2797869,555,22.8,100.4495636,288.8615253386074,267.3026487641406,1370172.423,1271088.7775317156,403.73736813851804
THE WEST SIDE I.D.,Alfalfa,0.6,261.6624251,281,6.7,4.6091187118742344e-17,1081.9650632787695,1.5138069807037373e-07,492631.84773577005,8.677587798845621e-14,297.13977323609583
THE WEST SIDE I.D.,Almonds & Pistachios,0.6,2124.542192,4883,1.2,1589.9961101040249,8764.797825183881,6543.129327087416,12448967.428243198,9316741.206765544,297.13977323609583
THE WEST SIDE I.D.,Corn,0.6,11.4631428,59,27.1,7.799957208102514,27.692995845114044,18.796256455088606,18328.41902,12471.35158003511,297.13977323609583
THE WEST SIDE I.D.,Dry Beans,0.6,522.3295708,1752,1.3,4.345538652336967e-08,1155.4459528902373,3.8084189527339657e-07,1189657.8304540801,9.897398834562676e-05,297.13977323609583
THE WEST SIDE I.D.,Grain,0.6,678.9431805,164,2.5,685.7326187538733,316.8334798306228,319.20180640212925,278366.704,281150.3736890881,297.13977323609583
THE WEST SIDE I.D.,Other Deciduous,0.6,43.85765373,2263.540627,2.348383386,41.815120106952904,151.12633446440685,143.7278746,233132.42834255824,222275.01160878138,297.13977323609583
THE WEST SIDE I.D.,Pasture,0.6,72.72551955,276,5,4.3115214889428674e-17,334.5509930202553,1.513806980465382e-07,100361.217,5.949899654741158e-14,297.13977323609583
THE WEST SIDE I.D.,Safflower,0.6,65.88967035,574,1.3,8.082428002006036e-17,158.50781229024244,1.5138069869392257e-07,49166.87202,6.031107775096904e-14,297.13977323609583
THE WEST SIDE I.D.,Tomato Processing,0.6,141.5475083,101,43.3,115.6682377242298,336.8350654735827,274.56304765543933,619029.7180483899,505851.9040393741,297.13977323609583
THE WEST SIDE I.D.,Truck Crops,0.6,108.2797869,555,22.8,101.67063269245926,288.8615253386074,270.5519910160446,1370172.423,1286540.1860903795,297.13977323609583
THE WEST SIDE I.D.,Alfalfa,0.65,261.6624251,281,6.7,7.059410194753114e-09,1081.9650632787695,2.7588212600385965e-07,492631.84773577005,1.3290751573661687e-05,222.30562709114074
THE WEST SIDE I.D.,Almonds & Pistachios,0.65,2124.542192,4883,1.2,1678.4298148840132,8764.797825183881,6907.050448404459,12448967.428243198,9834927.343294363,222.30562709114074
THE WEST SIDE I.D.,Corn,0.65,11.4631428,59,27.1,9.146445631260702,27.692995845114044,22.041010373520464,18328.41902,14624.251919822738,222.30562709114074
THE WEST SIDE I.D.,Dry Beans,0.65,522.3295708,1752,1.3,111.38111265290001,1155.4459528902373,245.7703425153836,1189657.8304540801,253681.62217824507,222.30562709114074
THE WEST SIDE I.D.,Grain,0.65,678.9431805,164,2.5,685.7326189,316.8334798306228,319.2018064820966,278366.704,281150.37373478984,222.30562709114074
THE WEST SIDE I.D.,Other Deciduous,0.65,43.85765373,2263.540627,2.348383386,42.24000055976462,151.12633446440685,145.18828334109133,233132.42834255824,224533.53214727348,222.30562709114074
THE WEST SIDE I.D.,Pasture,0.65,72.72551955,276,5,4.1929272051175876e-08,334.5509930202553,4.769133656057961e-07,100361.217,5.786239543062271e-05,222.30562709114074
THE WEST SIDE I.D.,Safflower,0.65,65.88967035,574,1.3,1.645563897097749e-07,158.50781229024244,6.539932375685203e-07,49166.87202,0.000122792,222.30562709114074
THE WEST SIDE I.D.,Tomato Processing,0.65,141.5475083,101,43.3,121.65268643840024,336.8350654735827,288.76840352952024,619029.7180483899,532023.6936010557,222.30562709114074
THE WEST SIDE I.D.,Truck Crops,0.65,108.2797869,555,22.8,102.50822104067447,288.8615253386074,272.78086667560166,1370172.423,1297139.0290486948,222.30562709114074
THE WEST SIDE I.D.,Alfalfa,0.7,261.6624251,281,6.7,7.857945205881978e-20,1081.9650632787695,7.103557511068704e-08,492631.84773577005,1.4794153439114e-16,147.6259065709807
THE WEST SIDE I.D.,Almonds & Pistachios,0.7,2124.542192,4883,1.2,1758.3644212782497,8764.797825183881,7235.9962010623885,12448967.428243198,10303312.16292203,147.6259065709807
THE WEST SIDE I.D.,Corn,0.7,11.4631428,59,27.1,10.10983747157205,27.692995845114044,24.362581966898354,18328.41902,16164.619133296552,147.6259065709807
THE WEST SIDE I.D.,Dry Beans,0.7,522.3295708,1752,1.3,232.35493322813798,1155.4459528902373,512.7076766317363,1189657.8304540801,529211.5959204071,147.6259065709807
THE WEST SIDE I.D.,Grain,0.7,678.9431805,164,2.5,685.7326190848678,316.8334798306228,319.20180647546874,278366.704,281150.37382479577,147.6259065709807
THE WEST SIDE I.D.,Other Deciduous,0.7,43.85765373,2263.540627,2.348383386,42.63461528326772,151.12633446440685,146.5446619,233132.42834255824,226631.17032273012,147.6259065709807
THE WEST SIDE I.D.,Pasture,0.7,72.72551955,276,5,1.0396537894575995,334.5509930202553,4.770645427839133,100361.217,1434.7222294514872,147.6259065709807
THE WEST SIDE I.D.,Safflower,0.7,65.88967035,574,1.3,4.544682920048221,158.50781229024244,10.90560663603281,49166.87202,3391.242394939982,147.6259065709807
THE WEST SIDE I.D.,Tomato Processing,0.7,141.5475083,101,43.3,127.30225304898994,336.8350654735827,302.17884569544674,619029.7180483899,556730.9432591476,147.6259065709807
THE WEST SIDE I.D.,Truck Crops,0.7,108.2797869,555,22.8,103.32861833714388,288.8615253386074,274.9639957102937,1370172.423,1307520.3364382186,147.6259065709807
THE WEST SIDE I.D.,Alfalfa,0.75,261.6624251,281,6.7,9.235525907,1081.9650632787695,38.093107885701635,492631.84773577005,17387.72462488708,105.8956603444297
THE WEST SIDE I.D.,Almonds & Pistachios,0.75,2124.542192,4883,1.2,1799.9598863462213,8764.797825183881,7407.169265967073,12448967.428243198,10547044.950034317,105.8956603444297
THE WEST SIDE I.D.,Corn,0.75,11.4631428,59,27.1,10.549938426212494,27.692995845114044,25.423132700356607,18328.41902,16868.29654967116,105.8956603444297
THE WEST SIDE I.D.,Dry Beans,0.75,522.3295708,1752,1.3,293.33258636002205,1155.4459528902373,647.2592027138083,1189657.8304540801,668094.2986935861,105.8956603444297
THE WEST SIDE I.D.,Grain,0.75,678.9431805,164,2.5,685.7326191071389,316.8334798306228,319.20180648577923,278366.704,281150.3738,105.8956603444297
THE WEST SIDE I.D.,Other Deciduous,0.75,43.85765373,2263.540627,2.348383386,42.84377986087449,151.12633446440685,147.26360706959514,233132.42834255824,227743.01835274356,105.8956603444297
THE WEST SIDE I.D.,Pasture,0.75,72.72551955,276,5,38.31218680972162,334.5509930202553,175.80261576718505,100361.217,52870.81779741583,105.8956603444297
THE WEST SIDE I.D.,Safflower,0.75,65.88967035,574,1.3,48.63836331235142,158.50781229024244,116.71460106590366,49166.87202,36293.94670367664,105.8956603444297
THE WEST SIDE I.D.,Tomato Processing,0.75,141.5475083,101,43.3,130.33132104168533,336.8350654735827,309.3689797870737,619029.7180483899,569977.9663116024,105.8956603444297
THE WEST SIDE I.D.,Truck Crops,0.75,108.2797869,555,22.8,103.78052981783996,288.8615253386074,276.16656077608275,1370172.423,1313238.8243149468,105.8956603444297
THE WEST SIDE I.D.,Alfalfa,0.8,261.6624251,281,6.7,82.98735394714095,1081.9650632787695,342.2919557945677,492631.84773577005,156240.29127628225,75.43405127923073
THE WEST SIDE I.D.,Almonds & Pistachios,0.8,2124.542192,4883,1.2,1829.0870869374892,8764.797825183881,7527.033106625306,12448967.428243198,10717718.69461891,75.43405127923073
THE WEST SIDE I.D.,Corn,0.8,11.4631428,59,27.1,10.838993857350296,27.692995845114044,26.119695484924073,18328.41902,17330.46727851739,75.43405127923073
THE WEST SIDE I.D.,Dry Beans,0.8,522.3295708,1752,1.3,335.3124443,1155.4459528902373,739.8907432068603,1189657.8304540801,763707.6230555406,75.43405127923073
THE WEST SIDE I.D.,Grain,0.8,678.9431805,164,2.5,685.7326191245037,316.8334798306228,319.2018064868879,278366.704,281150.37384104653,75.43405127923073
THE WEST SIDE I.D.,Other Deciduous,0.8,43.85765373,2263.540627,2.348383386,42.99175883853041,151.12633446440685,147.7722437452958,233132.42834255824,228529.6244629782,75.43405127923073
THE WEST SIDE I.D.,Pasture,0.8,72.72551955,276,5,52.41804303,334.5509930202553,240.52996822216252,100361.217,72336.89937553348,75.43405127923073
THE WEST SIDE I.D.,Safflower,0.8,65.88967035,574,1.3,66.23000357,158.50781229024244,158.92821872971385,49166.87202,49420.82866212879,75.43405127923073
THE WEST SIDE I.D.,Tomato Processing,0.8,141.5475083,101,43.3,132.48840455971404,336.8350654735827,314.48927413455476,619029.7180483899,579411.5396609973,75.43405127923073
THE WEST SIDE I.D.,Truck Crops,0.8,108.2797869,555,22.8,104.1075287153604,288.8615253386074,277.03672554178746,1370172.423,1317376.6683641705,75.43405127923073
THE WEST SIDE I.D.,Alfalfa,0.85,261.6624251,281,6.7,160.03738877262052,1081.9650632787695,660.0946794273397,492631.84773577005,301302.39184221264,38.27419056832838
THE WEST SIDE I.D.,Almonds & Pistachios,0.85,2124.542192,4883,1.2,1863.3183075809338,8764.797825183881,7667.900938,12448967.428243198,10918299.955101239,38.27419056832838
THE WEST SIDE I.D.,Corn,0.85,11.4631428,59,27.1,11.161582828210973,27.692995845114044,26.89706709126109,18328.41902,17846.254784026525,38.27419056832838
THE WEST SIDE I.D.,Dry Beans,0.85,522.3295708,1752,1.3,383.94480736968944,1155.4459528902373,847.2015093486472,1189657.8304540801,874472.6932652047,38.27419056832838
THE WEST SIDE I.D.,Grain,0.85,678.9431805,164,2.5,685.7326191270429,316.8334798306228,319.2018065239419,278366.704,281150.3738420876,38.27419056832838
THE WEST SIDE I.D.,Other Deciduous,0.85,43.85765373,2263.540627,2.348383386,43.167226666192214,151.12633446440685,148.37536576864844,233132.42834255824,229462.35198667625,38.27419056832838
THE WEST SIDE I.D.,Pasture,0.85,72.72551955,276,5,64.52281000587926,334.5509930202553,296.07494949116875,100361.217,89041.47780811338,38.27419056832838
THE WEST SIDE I.D.,Safflower,0.85,65.88967035,574,1.3,66.54856761519041,158.50781229024244,159.69265805101617,49166.87202,49658.54115445509,38.27419056832838
THE WEST SIDE I.D.,Tomato Processing,0.85,141.5475083,101,43.3,135.0610489116128,336.8350654735827,320.59599014596563,619029.7180483899,590662.4852051561,38.27419056832838
THE WEST SIDE I.D.,Truck Crops,0.85,108.2797869,555,22.8,104.50319795664318,288.8615253386074,278.0896265008409,1370172.423,1322383.4669433627,38.27419056832838
THE WEST SIDE I.D.,Alfalfa,0.9,261.6624251,281,6.7,228.4005720573617,1081.9650632787695,942.0673728742869,492631.84773577005,430009.7570123949,1.643007129921566e-07
THE WEST SIDE I.D.,Almonds & Pistachios,0.9,2124.542192,4883,1.2,1897.191240082791,8764.797825183881,7807.294346961842,12448967.428243198,11116781.79038912,1.643007129921566e-07
THE WEST SIDE I.D.,Corn,0.9,11.4631428,59,27.1,11.464953960131686,27.692995845114044,27.62812782179313,18328.41902,18331.314886854554,1.643007129921566e-07
THE WEST SIDE I.D.,Dry Beans,0.9,522.3295708,1752,1.3,431.3679567213019,1155.4459528902373,951.8440594603879,1189657.8304540801,982483.6582284371,1.643007129921566e-07
THE WEST SIDE I.D.,Grain,0.9,678.9431805,164,2.5,685.7326191293248,316.8334798306228,319.20180662839005,278366.704,281150.37384302315,1.643007129921566e-07
THE WEST SIDE I.D.,Other Deciduous,0.9,43.85765373,2263.540627,2.348383386,43.34248223140307,151.12633446440685,148.97775831837737,233132.42834255824,230393.95119509916,1.643007129921566e-07
THE WEST SIDE I.D.,Pasture,0.9,72.72551955,276,5,73.45277429418478,334.5509930202553,337.0517564704393,100361.217,101364.8285,1.643007129921566e-07
THE WEST SIDE I.D.,Safflower,0.9,65.88967035,574,1.3,66.54856766832094,158.50781229024244,159.69265828099188,49166.87202,49658.54119410109,1.643007129921566e-07
THE WEST SIDE I.D.,Tomato Processing,0.9,141.5475083,101,43.3,137.64639416284314,336.8350654735827,326.7328545858729,619029.7180483899,601968.9755923618,1.643007129921566e-07
THE WEST SIDE I.D.,Truck Crops,0.9,108.2797869,555,22.8,104.90707887659353,288.8615253386074,279.1643795,1370172.423,1327494.1761044145,1.643007129921566e-07
THE WEST SIDE I.D.,Alfalfa,0.95,261.6624251,281,6.7,228.40057230921238,1081.9650632787695,942.0673739130773,492631.84773577005,430009.75748655415,1.3162167086517829e-08
THE WEST SIDE I.D.,Almonds & Pistachios,0.95,2124.542192,4883,1.2,1897.1912402139194,8764.797825183881,7807.294348,12448967.428243198,11116781.79115748,1.3162167086517829e-08
THE WEST SIDE I.D.,Corn,0.95,11.4631428,59,27.1,11.464953945730928,27.692995845114044,27.62812778709341,18328.41902,18331.314863829182,1.3162167086517829e-08
THE WEST SIDE I.D.,Dry Beans,0.95,522.3295708,1752,1.3,431.36795690359565,1155.4459528902373,951.8440598626324,1189657.8304540801,982483.6586436294,1.3162167086517829e-08
THE WEST SIDE I.D.,Grain,0.95,678.9431805,164,2.5,685.7326191293249,316.8334798306228,319.2018066283903,278366.704,281150.3738430232,1.3162167086517829e-08
THE WEST SIDE I.D.,Other Deciduous,0.95,43.85765373,2263.540627,2.348383386,43.34248223208424,151.12633446440685,148.97775832072276,233132.42834255824,230393.95119872002,1.3162167086517829e-08
THE WEST SIDE I.D.,Pasture,0.95,72.72551955,276,5,73.45277286974854,334.5509930202553,337.0517499341521,100361.217,101364.82656025299,1.3162167086517829e-08
THE WEST SIDE I.D.,Safflower,0.95,65.88967035,574,1.3,66.54856766832071,158.50781229024244,159.69265828099154,49166.87202,49658.54119410092,1.3162167086517829e-08
THE WEST SIDE I.D.,Tomato Processing,0.95,141.5475083,101,43.3,137.64639417292616,336.8350654735827,326.7328546098112,619029.7180483899,601968.9756364579,1.3162167086517829e-08
THE WEST SIDE I.D.,Truck Crops,0.95,108.2797869,555,22.8,104.90707887818112,288.8615253386074,279.1643794546461,1370172.423,1327494.1761245038,1.3162167086517829e-08
THE WEST SIDE I.D.,Alfalfa,1,261.6624251,281,6.7,228.40057231979364,1081.9650632787695,942.067374,492631.84773577005,430009.7575064755,6.812743441527931e-09
THE WEST SIDE I.D.,Almonds & Pistachios,1,2124.542192,4883,1.2,1897.1912402194282,8764.797825183881,7807.294347524128,12448967.428243198,11116781.79118976,6.812743441527931e-09
THE WEST SIDE I.D.,Corn,1,11.4631428,59,27.1,11.464953945771644,27.692995845114044,27.62812778719144,18328.41902,18331.31486389428,6.812743441527931e-09
THE WEST SIDE I.D.,Dry Beans,1,522.3295708,1752,1.3,431.3679569112551,1155.4459528902373,951.8440598795333,1189657.8304540801,982483.6586610745,6.812743441527931e-09
THE WEST SIDE I.D.,Grain,1,678.9431805,164,2.5,685.7326191293248,316.8334798306228,319.2018066283902,278366.704,281150.37384302315,6.812743441527931e-09
THE WEST SIDE I.D.,Other Deciduous,1,43.85765373,2263.540627,2.348383386,43.342482232112864,151.12633446440685,148.97775832082104,233132.42834255824,230393.9511988722,6.812743441527931e-09
THE WEST SIDE I.D.,Pasture,1,72.72551955,276,5,73.45277357977955,334.5509930202553,337.0517531922602,100361.217,101364.82754009578,6.812743441527931e-09
THE WEST SIDE I.D.,Safflower,1,65.88967035,574,1.3,66.54856766832071,158.50781229024244,159.69265828099145,49166.87202,49658.54119410092,6.812743441527931e-09
THE WEST SIDE I.D.,Tomato Processing,1,141.5475083,101,43.3,137.64639417334982,336.8350654735827,326.7328546108167,619029.7180483899,601968.9756383107,6.812743441527931e-09
THE WEST SIDE I.D.,Truck Crops,1,108.2797869,555,22.8,104.90707887824783,288.8615253386074,279.1643794548234,1370172.423,1327494.176125348,6.812743441527931e-09
TRANQUILLITY I.D.,Alfalfa,0.5,106.4868569,264,7.7,1.9485773280387113e-20,481.8030784279419,6.383343563344819e-08,216466.4827,3.9610679924370924e-17,504.75269920705244
TRANQUILLITY I.D.,Almonds & Pistachios,0.5,4127.322699,4710.43212,1.191892935,2598.0530007179173,16787.151805649828,10540.70109969138,23172154.804531094,14586328.89005709,504.75269920705244
TRANQUILLITY I.D.,Corn,0.5,107.0194188,71,20.6,1.845442892497271e-07,244.05107862959858,5.065540232685521e-07,156526.6019,0.000269914,504.75269920705244
TRANQUILLITY I.D.,Cotton,0.5,1973.649523,3438,0.8,1.0175193734454046e-07,7399.807533498234,4.685810205945424e-07,5428325.6480592005,0.000279859,504.75269920705244
TRANQUILLITY I.D.,Cucurbits,0.5,346.2873917,485,17.3,343.58697384987124,845.6796004594919,836.9871026,2905524.36,2882866.5040873447,504.75269920705244
TRANQUILLITY I.D.,Grain,0.5,172.1450522,303,2.9,173.86650429257594,123.17401238729194,124.09473758709991,151263.8574,152776.49732188648,504.75269920705244
TRANQUILLITY I.D.,Onions & Garlic,0.5,370.5070886,2366,7.7,348.00008717737694,464.47876109634535,435.17264880272285,6749972.241532519,6339935.188214889,504.75269920705244
TRANQUILLITY I.D.,Other Deciduous,0.5,54.71666716,1850,7.8,52.838344928672925,191.62721730613853,184.58638419772555,789561.5071,762457.3173207503,504.75269920705244
TRANQUILLITY I.D.,Tomato Processing,0.5,1366.825793,93,51.2,1110.8999784430969,3034.6350124616656,2460.2608567246175,6508277.696,5289661.337354651,504.75269920705244
TRANQUILLITY I.D.,Truck Crops,0.5,26.53025848,941,19.4,25.24430462179129,48.957732402836335,46.468229521932535,484320.48065579194,460844.87859264866,504.75269920705244
TRANQUILLITY I.D.,Vineyard,0.5,101.9321298,1492.427601,10.07028874,96.70940556440638,408.6373440306542,386.73062788805873,1531956.0070530777,1453462.7607960047,504.75269920705244
TRANQUILLITY I.D.,Alfalfa,0.55,106.4868569,264,7.7,3.169034150800414e-18,481.8030784279419,9.222765884635738e-09,216466.4827,6.442012621747081e-15,422.9240920829267
TRANQUILLITY I.D.,Almonds & Pistachios,0.55,4127.322699,4710.43212,1.191892935,2876.1941633919378,16787.151805649828,11669.162627725183,23172154.804531094,16147905.37656643,422.9240920829267
TRANQUILLITY I.D.,Corn,0.55,107.0194188,71,20.6,7.997498813787524e-08,244.05107862959858,2.205786115126539e-07,156526.6019,0.000116971,422.9240920829267
TRANQUILLITY I.D.,Cotton,0.55,1973.649523,3438,0.8,62.70170052388438,7399.807533498234,234.49987174893818,5428325.6480592005,172454.7571208916,422.9240920829267
TRANQUILLITY I.D.,Cucurbits,0.55,346.2873917,485,17.3,344.12187628885073,845.6796004594919,838.2901393,2905524.36,2887354.603001602,422.9240920829267
TRANQUILLITY I.D.,Grain,0.55,172.1450522,303,2.9,173.86650443057067,123.17401238729194,124.09473763023972,151263.8574,152776.49744314243,422.9240920829267
TRANQUILLITY I.D.,Onions & Garlic,0.55,370.5070886,2366,7.7,349.03775908090955,464.47876109634535,436.4702531071998,6749972.241532519,6358839.702487826,422.9240920829267
TRANQUILLITY I.D.,Other Deciduous,0.55,54.71666716,1850,7.8,53.03307827529612,191.62721730613853,185.26666896793947,789561.5071,765267.3195,422.9240920829267
TRANQUILLITY I.D.,Tomato Processing,0.55,1366.825793,93,51.2,1171.0697428368098,3034.6350124616656,2593.5161622434834,6508277.696,5576165.687491754,422.9240920829267
TRANQUILLITY I.D.,Truck Crops,0.55,26.53025848,941,19.4,25.350252768152167,48.957732402836335,46.66325257379029,484320.48065579194,462779.0044,422.9240920829267
TRANQUILLITY I.D.,Vineyard,0.55,101.9321298,1492.427601,10.07028874,97.16140698506739,408.6373440306542,388.5381334432796,1531956.0070530777,1460255.9700906284,422.9240920829267
TRANQUILLITY I.D.,Alfalfa,0.6,106.4868569,264,7.7,6.566721022162471e-18,481.8030784279419,1.0305316996017347e-08,216466.4827,1.3348830493851871e-14,397.7107703855836
TRANQUILLITY I.D.,Almonds & Pistachios,0.6,4127.322699,4710.43212,1.191892935,2953.239526251027,16787.151805649828,11981.74753,23172154.804531094,16580463.527537918,397.7107703855836
TRANQUILLITY I.D.,Corn,0.6,107.0194188,71,20.6,52.05545904,244.05107862959858,118.41243828810693,156526.6019,76136.31438489011,397.7107703855836
TRANQUILLITY I.D.,Cotton,0.6,1973.649523,3438,0.8,337.9448659,7399.807533498234,1263.889608,5428325.6480592005,929483.5591422305,397.7107703855836
TRANQUILLITY I.D.,Cucurbits,0.6,346.2873917,485,17.3,344.2834165353547,845.6796004594919,838.6836556844603,2905524.36,2888710.006439894,397.7107703855836
TRANQUILLITY I.D.,Grain,0.6,172.1450522,303,2.9,173.86650443226264,123.17401238729194,124.09473763256814,151263.8574,152776.49744462917,397.7107703855836
TRANQUILLITY I.D.,Onions & Garlic,0.6,370.5070886,2366,7.7,349.3560669438461,464.47876109634535,436.8682957552944,6749972.241532519,6364638.698796377,397.7107703855836
TRANQUILLITY I.D.,Other Deciduous,0.6,54.71666716,1850,7.8,53.09202143396257,191.62721730613853,185.4725820146846,789561.5071,766117.8692920799,397.7107703855836
TRANQUILLITY I.D.,Tomato Processing,0.6,1366.825793,93,51.2,1188.9105152789164,3034.6350124616656,2633.0273288154026,6508277.696,5661116.309552088,397.7107703855836
TRANQUILLITY I.D.,Truck Crops,0.6,26.53025848,941,19.4,25.382690996944877,48.957732402836335,46.72296295645884,484320.48065579194,463371.17722562747,397.7107703855836
TRANQUILLITY I.D.,Vineyard,0.6,101.9321298,1492.427601,10.07028874,97.29762815067973,408.6373440306542,389.08286739858863,1531956.0070530777,1462303.2620814566,397.7107703855836
TRANQUILLITY I.D.,Alfalfa,0.65,106.4868569,264,7.7,1.1399822277480699e-19,481.8030784279419,6.349531526150445e-08,216466.4827,2.3173558725662764e-16,366.3943369129952
TRANQUILLITY I.D.,Almonds & Pistachios,0.65,4127.322699,4710.43212,1.191892935,3044.1842308622286,16787.151805649828,12350.724200396393,23172154.804531094,17091057.180516325,366.3943369129952
TRANQUILLITY I.D.,Corn,0.65,107.0194188,71,20.6,70.56772950347582,244.05107862959858,160.52297054504552,156526.6019,103212.36117178373,366.3943369129952
TRANQUILLITY I.D.,Cotton,0.65,1973.649523,3438,0.8,616.1094284003115,7399.807533498234,2304.2051607631856,5428325.6480592005,1694547.3718722167,366.3943369129952
TRANQUILLITY I.D.,Cucurbits,0.65,346.2873917,485,17.3,344.4819830016371,845.6796004594919,839.1673689905776,2905524.36,2890376.078375236,366.3943369129952
TRANQUILLITY I.D.,Grain,0.65,172.1450522,303,2.9,173.86650437129416,123.17401238729194,124.09473764330116,151263.8574,152776.49739105615,366.3943369129952
TRANQUILLITY I.D.,Onions & Garlic,0.65,370.5070886,2366,7.7,349.75049766434466,464.47876109634535,437.36152977218404,6749972.241532519,6371824.516548565,366.3943369129952
TRANQUILLITY I.D.,Other Deciduous,0.65,54.71666716,1850,7.8,53.16455870317256,191.62721730613853,185.72598501597332,789561.5071,767164.5821,366.3943369129952
TRANQUILLITY I.D.,Tomato Processing,0.65,1366.825793,93,51.2,1210.6404171256563,3034.6350124616656,2681.1515776519445,6508277.696,5764585.410185525,366.3943369129952
TRANQUILLITY I.D.,Truck Crops,0.65,26.53025848,941,19.4,25.422846952479137,48.957732402836335,46.796879731837784,484320.48065579194,464104.24025628756,366.3943369129952
TRANQUILLITY I.D.,Vineyard,0.65,101.9321298,1492.427601,10.07028874,97.46489604407301,408.6373440306542,389.7517539700579,1531956.0070530777,1464817.1608352032,366.3943369129952
TRANQUILLITY I.D.,Alfalfa,0.7,106.4868569,264,7.7,6.336320520928825e-21,481.8030784279419,6.33632052092627e-08,216466.4827,1.2880472354944115e-17,329.4207498953955
TRANQUILLITY I.D.,Almonds & Pistachios,0.7,4127.322699,4710.43212,1.191892935,3145.4815242900436,16787.151805649828,12761.70291866261,23172154.804531094,17659773.69138136,329.4207498953955
TRANQUILLITY I.D.,Corn,0.7,107.0194188,71,20.6,83.95482047046035,244.05107862959858,190.9750712870181,156526.6019,122792.32042009532,329.4207498953955
TRANQUILLITY I.D.,Cotton,0.7,1973.649523,3438,0.8,884.0944634,7399.807533498234,3306.4500089510893,5428325.6480592005,2431613.4120170595,329.4207498953955
TRANQUILLITY I.D.,Cucurbits,0.7,346.2873917,485,17.3,344.71352521514905,845.6796004594919,839.7314120461157,2905524.36,2892318.833317708,329.4207498953955
TRANQUILLITY I.D.,Grain,0.7,172.1450522,303,2.9,173.86650438519254,123.17401238729194,124.09473765322768,151263.8574,152776.49740326867,329.4207498953955
TRANQUILLITY I.D.,Onions & Garlic,0.7,370.5070886,2366,7.7,350.21486574721695,464.47876109634535,437.94222011147275,6749972.241532519,6380284.467155948,329.4207498953955
TRANQUILLITY I.D.,Other Deciduous,0.7,54.71666716,1850,7.8,53.249258000978024,191.62721730613853,186.02187500178948,789561.5071,768386.7929541129,329.4207498953955
TRANQUILLITY I.D.,Tomato Processing,0.7,1366.825793,93,51.2,1235.7088515575635,3034.6350124616656,2736.669526312858,6508277.696,5883951.267576495,329.4207498953955
TRANQUILLITY I.D.,Truck Crops,0.7,26.53025848,941,19.4,25.47006684393057,48.957732402836335,46.88379932788751,484320.48065579194,464966.2582626901,329.4207498953955
TRANQUILLITY I.D.,Vineyard,0.7,101.9321298,1492.427601,10.07028874,97.65969991762682,408.6373440306542,390.5307539,1531956.0070530777,1467744.9027049504,329.4207498953955
TRANQUILLITY I.D.,Alfalfa,0.75,106.4868569,264,7.7,2.1008254035812452e-16,481.8030784279419,2.3038619247827344e-07,216466.4827,4.270557880399955e-13,286.28392481823846
TRANQUILLITY I.D.,Almonds & Pistachios,0.75,4127.322699,4710.43212,1.191892935,3256.3072057409463,16787.151805649828,13211.339774591599,23172154.804531094,18281985.72,286.28392481823846
TRANQUILLITY I.D.,Corn,0.75,107.0194188,71,20.6,94.70688748406299,244.05107862959858,215.4331878,156526.6019,138518.29363419054,286.28392481823846
TRANQUILLITY I.D.,Cotton,0.75,1973.649523,3438,0.8,1141.2291063505377,7399.807533498234,4268.1151680493285,5428325.6480592005,3138836.534106519,286.28392481823846
TRANQUILLITY I.D.,Cucurbits,0.75,346.2873917,485,17.3,344.9798074793547,845.6796004594919,840.3800829831516,2905524.36,2894553.0746555254,286.28392481823846
TRANQUILLITY I.D.,Grain,0.75,172.1450522,303,2.9,173.86650425837027,123.17401238729194,124.09473773396327,151263.8574,152776.49729182993,286.28392481823846
TRANQUILLITY I.D.,Onions & Garlic,0.75,370.5070886,2366,7.7,350.75485259743584,464.47876109634535,438.6174715802311,6749972.241532519,6390122.055590606,286.28392481823846
TRANQUILLITY I.D.,Other Deciduous,0.75,54.71666716,1850,7.8,53.34681794924246,191.62721730613853,186.36269278287216,789561.5071,769794.5830075686,286.28392481823846
TRANQUILLITY I.D.,Tomato Processing,0.75,1366.825793,93,51.2,1264.1917185348113,3034.6350124616656,2799.7492673061797,6508277.696,6019575.286975359,286.28392481823846
TRANQUILLITY I.D.,Truck Crops,0.75,26.53025848,941,19.4,25.524900086142893,48.957732402836335,46.98473331378392,484320.48065579194,465967.2610325729,286.28392481823846
TRANQUILLITY I.D.,Vineyard,0.75,101.9321298,1492.427601,10.07028874,97.88341467583004,408.6373440306542,391.42536564224486,1531956.0070530777,1471107.151373435,286.28392481823846
TRANQUILLITY I.D.,Alfalfa,0.8,106.4868569,264,7.7,6.287996323401726e-21,481.8030784279419,6.287996323398772e-08,216466.4827,1.2782238926211029e-17,236.3985871
TRANQUILLITY I.D.,Almonds & Pistachios,0.8,4127.322699,4710.43212,1.191892935,3375.830876836763,16787.151805649828,13696.265713576424,23172154.804531094,18953031.147995874,236.3985871
TRANQUILLITY I.D.,Corn,0.8,107.0194188,71,20.6,103.84126428441125,244.05107862959858,236.21148537555277,156526.6019,151878.2331423799,236.3985871
TRANQUILLITY I.D.,Cotton,0.8,1973.649523,3438,0.8,1387.7470946104086,7399.807533498234,5190.074798043059,5428325.6480592005,3816859.609016468,236.3985871
TRANQUILLITY I.D.,Cucurbits,0.8,346.2873917,485,17.3,345.28272695668943,845.6796004594919,841.1180027882317,2905524.36,2897094.7205301025,236.3985871
TRANQUILLITY I.D.,Grain,0.8,172.1450522,303,2.9,173.8665044127049,123.17401238729194,124.09473767288922,151263.8574,152776.49742744377,236.3985871
TRANQUILLITY I.D.,Onions & Garlic,0.8,370.5070886,2366,7.7,351.3769333243826,464.47876109634535,439.39538074136243,6749972.241532519,6401455.246690268,236.3985871
TRANQUILLITY I.D.,Other Deciduous,0.8,54.71666716,1850,7.8,53.45799704927203,191.62721730613853,186.7510875887149,789561.5071,771398.8974209954,236.3985871
TRANQUILLITY I.D.,Tomato Processing,0.8,1366.825793,93,51.2,1296.1605247713735,3034.6350124616656,2870.5491628365435,6508277.696,6171797.954751372,236.3985871
TRANQUILLITY I.D.,Truck Crops,0.8,26.53025848,941,19.4,25.587968985132708,48.957732402836335,47.10082664827295,484320.48065579194,467118.6090111916,236.3985871
TRANQUILLITY I.D.,Vineyard,0.8,101.9321298,1492.427601,10.07028874,98.13750500114399,408.6373440306542,392.4414456577948,1531956.0070530777,1474925.9198124202,236.3985871
TRANQUILLITY I.D.,Alfalfa,0.85,106.4868569,264,7.7,1.0316010142505213e-07,481.8030784279419,5.097307716387486e-07,216466.4827,0.000209704,178.75941371055796
TRANQUILLITY I.D.,Almonds & Pistachios,0.85,4127.322699,4710.43212,1.191892935,3503.949467516457,16787.151805649828,14216.062564987038,23172154.804531094,19672331.293169286,178.75941371055796
TRANQUILLITY I.D.,Corn,0.85,107.0194188,71,20.6,108.08961393173391,244.05107862959858,245.87536017191766,156526.6019,158091.86933655402,178.75941371055796
TRANQUILLITY I.D.,Cotton,0.85,1973.649523,3438,0.8,1625.5781596034526,7399.807533498234,6079.5459569742325,5428325.6480592005,4470990.170173336,178.75941371055796
TRANQUILLITY I.D.,Cucurbits,0.85,346.2873917,485,17.3,345.6262556440705,845.6796004594919,841.9548478676468,2905524.36,2899977.0979815735,178.75941371055796
TRANQUILLITY I.D.,Grain,0.85,172.1450522,303,2.9,173.86650444158047,123.17401238729194,124.09473765971188,151263.8574,152776.49745281675,178.75941371055796
TRANQUILLITY I.D.,Onions & Garlic,0.85,370.5070886,2366,7.7,352.0925480529872,464.47876109634535,440.29025392174515,6749972.241532519,6414492.458938931,178.75941371055796
TRANQUILLITY I.D.,Other Deciduous,0.85,54.71666716,1850,7.8,53.58432981037137,191.62721730613853,187.1924205972188,789561.5071,773221.8792,178.75941371055796
TRANQUILLITY I.D.,Tomato Processing,0.85,1366.825793,93,51.2,1331.882405590689,3034.6350124616656,2949.6608261473357,6508277.696,6341891.262460625,178.75941371055796
TRANQUILLITY I.D.,Truck Crops,0.85,26.53025848,941,19.4,25.66038838767746,48.957732402836335,47.23413198466265,484320.48065579194,468440.65417240706,178.75941371055796
TRANQUILLITY I.D.,Vineyard,0.85,101.9321298,1492.427601,10.07028874,98.42514790999952,408.6373440306542,393.5916990254306,1531956.0070530777,1479248.9559637501,178.75941371055796
TRANQUILLITY I.D.,Alfalfa,0.9,106.4868569,264,7.7,53.84325764505336,481.8030784279419,243.00644387668711,216466.4827,109452.57414086447,123.84418062904673
TRANQUILLITY I.D.,Almonds & Pistachios,0.9,4127.322699,4710.43212,1.191892935,3617.4077150439134,16787.151805649828,14676.380146721518,23172154.804531094,20309323.422763135,123.84418062904673
TRANQUILLITY I.D.,Corn,0.9,107.0194188,71,20.6,108.08961402134346,244.05107862959858,245.8753604,156526.6019,158091.86946761695,123.84418062904673
TRANQUILLITY I.D.,Cotton,0.9,1973.649523,3438,0.8,1818.6495150595447,7399.807533498234,6801.619006216125,5428325.6480592005,5002013.626219772,123.84418062904673
TRANQUILLITY I.D.,Cucurbits,0.9,346.2873917,485,17.3,345.94732874494974,845.6796004594919,842.7369905882107,2905524.36,2902671.0618345006,123.84418062904673
TRANQUILLITY I.D.,Grain,0.9,172.1450522,303,2.9,173.86650444303137,123.17401238729194,124.09473767437044,151263.8574,152776.49745409164,123.84418062904673
TRANQUILLITY I.D.,Onions & Garlic,0.9,370.5070886,2366,7.7,352.7712222011737,464.47876109634535,441.1389331118198,6749972.241532519,6426856.680305423,123.84418062904673
TRANQUILLITY I.D.,Other Deciduous,0.9,54.71666716,1850,7.8,53.702640344261496,191.62721730613853,187.60572866919188,789561.5071,774929.1001676933,123.84418062904673
TRANQUILLITY I.D.,Tomato Processing,0.9,1366.825793,93,51.2,1364.7812562385575,3034.6350124616656,3022.5204499355364,6508277.696,6498542.4297055155,123.84418062904673
TRANQUILLITY I.D.,Truck Crops,0.9,26.53025848,941,19.4,25.728939712295247,48.957732402836335,47.36031724327177,484320.48065579194,469692.0860238346,123.84418062904673
TRANQUILLITY I.D.,Vineyard,0.9,101.9321298,1492.427601,10.07028874,98.69350842906941,408.6373440306542,394.6648442151957,1531956.0070530777,1483282.1936685997,123.84418062904673
TRANQUILLITY I.D.,Alfalfa,0.95,106.4868569,264,7.7,107.55172645280949,481.8030784279419,485.4045561246025,216466.4827,218631.14953327112,50.86172968720048
TRANQUILLITY I.D.,Almonds & Pistachios,0.95,4127.322699,4710.43212,1.191892935,3757.053190097019,16787.151805649828,15242.943343143252,23172154.804531094,21093339.30949447,50.86172968720048
TRANQUILLITY I.D.,Corn,0.95,107.0194188,71,20.6,108.08961404344612,244.05107862959858,245.87536048459611,156526.6019,158091.8694999443,50.86172968720048
TRANQUILLITY I.D.,Cotton,0.95,1973.649523,3438,0.8,1993.3860380118563,7399.807533498234,7455.121094346214,5428325.6480592005,5482608.958947809,50.86172968720048
TRANQUILLITY I.D.,Cucurbits,0.95,346.2873917,485,17.3,346.36502443784457,845.6796004594919,843.7545085883964,2905524.36,2906175.7375457347,50.86172968720048
TRANQUILLITY I.D.,Grain,0.95,172.1450522,303,2.9,173.86650444464956,123.17401238729194,124.09473771854368,151263.8574,152776.49745551357,50.86172968720048
TRANQUILLITY I.D.,Onions & Garlic,0.95,370.5070886,2366,7.7,353.6685143304551,464.47876109634535,442.2609932081353,6749972.241532519,6443203.727775097,50.86172968720048
TRANQUILLITY I.D.,Other Deciduous,0.95,54.71666716,1850,7.8,53.85689025901522,191.62721730613853,188.14458803037815,789561.5071,777154.9264375897,50.86172968720048
TRANQUILLITY I.D.,Tomato Processing,0.95,1366.825793,93,51.2,1380.4940646459281,3034.6350124616656,3057.3189091007152,6508277.696,6573360.538218052,50.86172968720048
TRANQUILLITY I.D.,Truck Crops,0.95,26.53025848,941,19.4,25.819381041746205,48.957732402836335,47.52679637825707,484320.48065579194,471343.1286694936,50.86172968720048
TRANQUILLITY I.D.,Vineyard,0.95,101.9321298,1492.427601,10.07028874,99.0419513,408.6373440306542,396.0582302306999,1531956.0070530777,1488519.003150479,50.86172968720048
TRANQUILLITY I.D.,Alfalfa,1,106.4868569,264,7.7,107.55172651685866,481.8030784279419,485.4045565378369,216466.4827,218631.14966347028,7.951720304891722e-09
TRANQUILLITY I.D.,Almonds & Pistachios,1,4127.322699,4710.43212,1.191892935,3847.828346158512,16787.151805649828,15611.232129920898,23172154.804531094,21602981.06083415,7.951720304891722e-09
TRANQUILLITY I.D.,Corn,1,107.0194188,71,20.6,108.08961404967258,244.05107862959858,245.8753606263215,156526.6019,158091.86950905112,7.951720304891722e-09
TRANQUILLITY I.D.,Cotton,1,1973.649523,3438,0.8,1993.3860381275003,7399.807533498234,7455.121094921395,5428325.6480592005,5482608.9592658775,7.951720304891722e-09
TRANQUILLITY I.D.,Cucurbits,1,346.2873917,485,17.3,346.65027228097256,845.6796004594919,844.4493803455941,2905524.36,2908569.11,7.951720304891722e-09
TRANQUILLITY I.D.,Grain,1,172.1450522,303,2.9,173.86650444561226,123.17401238729194,124.09473783743032,151263.8574,152776.49745635947,7.951720304891722e-09
TRANQUILLITY I.D.,Onions & Garlic,1,370.5070886,2366,7.7,354.29072119003683,464.47876109634535,443.0390605,6749972.241532519,6454539.216784329,7.951720304891722e-09
TRANQUILLITY I.D.,Other Deciduous,1,54.71666716,1850,7.8,53.96244336088037,191.62721730613853,188.5133292385316,789561.5071,778678.0576975037,7.951720304891722e-09
TRANQUILLITY I.D.,Tomato Processing,1,1366.825793,93,51.2,1380.4940646926125,3034.6350124616656,3057.318909433594,6508277.696,6573360.538440344,7.951720304891722e-09
TRANQUILLITY I.D.,Truck Crops,1,26.53025848,941,19.4,25.88196821544282,48.957732402836335,47.64200344005285,484320.48065579194,472485.6825601948,7.951720304891722e-09
TRANQUILLITY I.D.,Vineyard,1,101.9321298,1492.427601,10.07028874,99.27947595327672,408.6373440306542,397.00806620609234,1531956.0070530777,1492088.803227418,7.951720304891722e-09
Turner Island Water District,Alfalfa,0.5,805.3181971,282,6.8,2.1697335324691377e-18,3329.962847175516,1.029448989988336e-08,1544278.175,4.160681021862818e-15,397.9496229562778
Turner Island Water District,Corn,0.5,75.43745254,62,26.2,41.410631854295325,182.2440055231806,99.79091279780906,122540.59790597598,67267.43038411732,397.9496229562778
Turner Island Water District,Cotton,0.5,1878.995841,3927,0.8,721.8442768052294,6828.360208019293,2616.658349035352,5903053.334,2267745.980011309,397.9496229562778
Turner Island Water District,Grain,0.5,735.3085043,187,4.5,742.6615967470387,343.1367437770729,345.70168697735284,618762.1064,624949.7336626331,397.9496229562778
Turner Island Water District,Tomato Processing,0.5,2761.141671,97,48.5,2344.426013335523,6570.580766154839,5564.991422752719,12989790.99,11029352.179736966,397.9496229562778
Turner Island Water District,Alfalfa,0.55,805.3181971,282,6.8,1.294139915985595e-20,3329.962847175516,1.2209559322895542e-08,1544278.175,2.4816427028939767e-17,359.32415446795903
Turner Island Water District,Corn,0.55,75.43745254,62,26.2,52.19502484479594,182.2440055231806,125.77903160116907,122540.59790597598,84785.59835788651,359.32415446795903
Turner Island Water District,Cotton,0.55,1878.995841,3927,0.8,913.3256163182841,6828.360208019293,3310.771001609542,5903053.334,2869303.7562255217,359.32415446795903
Turner Island Water District,Grain,0.55,735.3085043,187,4.5,742.6615967480038,343.1367437770729,345.70168697978903,618762.1064,624949.7336634452,359.32415446795903
Turner Island Water District,Tomato Processing,0.55,2761.141671,97,48.5,2404.5063788945363,6570.580766154839,5707.604888528001,12989790.99,11312000.259509346,359.32415446795903
Turner Island Water District,Alfalfa,0.6,805.3181971,282,6.8,5.450257487087162e-21,3329.962847175516,5.450257487086562e-08,1544278.175,1.0451413757238341e-17,315.1034503433348
Turner Island Water District,Corn,0.6,75.43745254,62,26.2,60.352452456968436,182.2440055231806,145.4367164198744,122540.59790597598,98036.52377109951,315.1034503433348
Turner Island Water District,Cotton,0.6,1878.995841,3927,0.8,1102.2303467646118,6828.360208019293,3995.5435432858685,5903053.334,3462766.857395705,315.1034503433348
Turner Island Water District,Grain,0.6,735.3085043,187,4.5,742.6615967162415,343.1367437770729,345.7016870082754,618762.1064,624949.7336367173,315.1034503433348
Turner Island Water District,Tomato Processing,0.6,2761.141671,97,48.5,2471.188448147563,6570.580766154839,5865.888895546679,12989790.99,11625706.05431021,315.1034503433348
Turner Island Water District,Alfalfa,0.65,805.3181971,282,6.8,2.876991515514788e-08,3329.962847175516,3.9677170731357596e-07,1544278.175,5.516918930151157e-05,264.8130601514606
Turner Island Water District,Corn,0.65,75.43745254,62,26.2,67.04636651779177,182.2440055231806,161.56764148174813,122540.59790597598,108910.11777150094,264.8130601514606
Turner Island Water District,Cotton,0.65,1878.995841,3927,0.8,1287.7870261657197,6828.360208019293,4668.179525949258,5903053.334,4045711.7214022256,264.8130601514606
Turner Island Water District,Grain,0.65,735.3085043,187,4.5,742.6615966465012,343.1367437770729,345.7016870962293,618762.1064,624949.7335780307,264.8130601514606
Turner Island Water District,Tomato Processing,0.65,2761.141671,97,48.5,2544.4691760469364,6570.580766154839,6039.836215782413,12989790.99,11970455.238712812,264.8130601514606
Turner Island Water District,Alfalfa,0.7,805.3181971,282,6.8,1.1285215529194403e-07,3329.962847175516,5.703850193851508e-07,1544278.175,0.000216405,207.90456471533818
Turner Island Water District,Corn,0.7,75.43745254,62,26.2,72.80478089624675,182.2440055231806,175.44420885770847,122540.59790597598,118264.08608786322,207.90456471533818
Turner Island Water District,Cotton,0.7,1878.995841,3927,0.8,1469.6487110839676,6828.360208019293,5327.421292391765,5903053.334,4617048.390741393,207.90456471533818
Turner Island Water District,Grain,0.7,735.3085043,187,4.5,742.6615967232414,343.1367437770729,345.7016870366904,618762.1064,624949.7336426076,207.90456471533818
Turner Island Water District,Tomato Processing,0.7,2761.141671,97,48.5,2624.342353566765,6570.580766154839,6229.432110488832,12989790.99,12346218.602354845,207.90456471533818
Turner Island Water District,Alfalfa,0.75,805.3181971,282,6.8,69.1648686,3329.962847175516,285.2793469923335,1544278.175,132630.55202206646,165.8043856696597
Turner Island Water District,Corn,0.75,75.43745254,62,26.2,76.19181123083494,182.2440055231806,183.60623951461315,122540.59790597598,123765.97816336827,165.8043856696597
Turner Island Water District,Cotton,0.75,1878.995841,3927,0.8,1589.2728043741074,6828.360208019293,5761.054130490193,5903053.334,4992859.4422216965,165.8043856696597
Turner Island Water District,Grain,0.75,735.3085043,187,4.5,742.6615967518158,343.1367437770729,345.70168700262985,618762.1064,624949.7336666529,165.8043856696597
Turner Island Water District,Tomato Processing,0.75,2761.141671,97,48.5,2681.484935096265,6570.580766154839,6365.072123932825,12989790.99,12615045.877160378,165.8043856696597
Turner Island Water District,Alfalfa,0.8,805.3181971,282,6.8,231.2091780369986,3329.962847175516,953.6518272915404,1544278.175,443366.7198037485,150.66809118310886
Turner Island Water District,Corn,0.8,75.43745254,62,26.2,76.19182759627334,182.2440055231806,183.60627895538556,122540.59790597598,123766.00474738641,150.66809118310886
Turner Island Water District,Cotton,0.8,1878.995841,3927,0.8,1629.6835592374537,6828.360208019293,5907.541596697937,5903053.334,5119813.869700385,150.66809118310886
Turner Island Water District,Grain,0.8,735.3085043,187,4.5,742.6615967520579,343.1367437770729,345.7016870061731,618762.1064,624949.7336668568,150.66809118310886
Turner Island Water District,Tomato Processing,0.8,2761.141671,97,48.5,2701.6450256716457,6570.580766154839,6412.9263665085455,12989790.99,12709889.023272257,150.66809118310886
Turner Island Water District,Alfalfa,0.85,805.3181971,282,6.8,390.2633779373006,3329.962847175516,1609.6912183752981,1544278.175,748369.0535325676,134.13049529875178
Turner Island Water District,Corn,0.85,75.43745254,62,26.2,76.19182763,182.2440055231806,183.60627905335545,122540.59790597598,123766.00479409937,134.13049529875178
Turner Island Water District,Cotton,0.85,1878.995841,3927,0.8,1672.421786726591,6828.360208019293,6062.466063644767,5903053.334,5254080.2851802595,134.13049529875178
Turner Island Water District,Grain,0.85,735.3085043,187,4.5,742.6615967442955,343.1367437770729,345.7016870308398,618762.1064,624949.7336603246,134.13049529875178
Turner Island Water District,Tomato Processing,0.85,2761.141671,97,48.5,2723.4464814396174,6570.580766154839,6464.676736848982,12989790.99,12812453.97193268,134.13049529875178
Turner Island Water District,Alfalfa,0.9,805.3181971,282,6.8,546.3368567,3329.962847175516,2253.4362438353564,1544278.175,1047655.5564075805,116.10312500611697
Turner Island Water District,Corn,0.9,75.43745254,62,26.2,76.19182775319354,182.2440055231806,183.60627934409231,122540.59790597598,123766.00500228757,116.10312500611697
Turner Island Water District,Cotton,0.9,1878.995841,3927,0.8,1717.4371366076148,6828.360208019293,6225.645013553545,5903053.334,5395500.508366483,116.10312500611697
Turner Island Water District,Grain,0.9,735.3085043,187,4.5,742.6615967525871,343.1367437770729,345.7016870167128,618762.1064,624949.7336673021,116.10312500611697
Turner Island Water District,Tomato Processing,0.9,2761.141671,97,48.5,2746.949863622453,6570.580766154839,6520.466989756904,12989790.99,12923025.63341183,116.10312500611697
Turner Island Water District,Alfalfa,0.95,805.3181971,282,6.8,699.4545082,3329.962847175516,2884.989581670493,1544278.175,1341273.9648950766,96.49463480692219
Turner Island Water District,Corn,0.95,75.43745254,62,26.2,76.19182775912928,182.2440055231806,183.60627938217223,122540.59790597598,123766.00501192959,96.49463480692219
Turner Island Water District,Cotton,0.95,1878.995841,3927,0.8,1764.664484154664,6828.360208019293,6396.842371833396,5903053.334,5543869.943420293,96.49463480692219
Turner Island Water District,Grain,0.95,735.3085043,187,4.5,742.6615967,343.1367437770729,345.7016870383297,618762.1064,624949.7336642625,96.49463480692219
Turner Island Water District,Tomato Processing,0.95,2761.141671,97,48.5,2772.2113697559926,6570.580766154839,6580.430522076985,12989790.99,13041868.389017068,96.49463480692219
Turner Island Water District,Alfalfa,1,805.3181971,282,6.8,813.3713871238689,3329.962847175516,3354.8543193479977,1544278.175,1559720.971948731,1.0894884517812695e-07
Turner Island Water District,Corn,1,75.43745254,62,26.2,76.19182777754592,182.2440055231806,183.60627957202487,122540.59790597598,123766.0050418456,1.0894884517812695e-07
Turner Island Water District,Cotton,1,1878.995841,3927,0.8,1846.7722349416085,6828.360208019293,6694.479879860741,5903053.334,5801819.653292558,1.0894884517812695e-07
Turner Island Water District,Grain,1,735.3085043,187,4.5,742.6615967449198,343.1367437770729,345.7016871712096,618762.1064,624949.7336608501,1.0894884517812695e-07
Turner Island Water District,Tomato Processing,1,2761.141671,97,48.5,2777.204681872712,6570.580766154839,6592.2832056524085,12989790.99,13065359.425870175,1.0894884517812695e-07
WEST STANISLAUS I.D.,Alfalfa,0.5,94.44847871,280,7.1,6.5987910586371935e-21,390.5411875816505,6.598791058634744e-08,187763.5757,1.3118396624570741e-17,564.2869230436497
WEST STANISLAUS I.D.,Almonds & Pistachios,0.5,3073.046507,4845.5,1.15,1683.969852,12677.851935661874,6929.848729130252,17124013.877118774,9383627.304293687,564.2869230436497
WEST STANISLAUS I.D.,Citrus & Subtropical,0.5,43.45070261,913.5,3.9,6.600218936003049e-13,141.10467314518507,6.599727145309118e-08,154799.64565351652,2.3514269992351262e-09,564.2869230436497
WEST STANISLAUS I.D.,Corn,0.5,388.2248773,66.77889546,26.94442209,2.5706455357497285e-07,937.8850199823743,7.05070603205609e-07,698540.2993809863,0.000462541,564.2869230436497
WEST STANISLAUS I.D.,Cucurbits,0.5,472.5153384,507,13.6,467.58700346652137,1086.6090896357093,1072.5875568984613,3258087.7613356803,3224105.906302358,564.2869230436497
WEST STANISLAUS I.D.,Dry Beans,0.5,2580.55119,1752,1.3,6.598801627961753e-21,5708.440791787516,6.598801627957995e-08,5877463.39,1.502943058784569e-17,564.2869230436497
WEST STANISLAUS I.D.,Grain,0.5,578.0144497,203.0219178,3.642104912,583.7945998492141,269.7343971493554,271.7506586381218,427399.56220855186,431673.56201003783,564.2869230436497
WEST STANISLAUS I.D.,Other Deciduous,0.5,355.5540354,4009.639737,2.345957883,338.3512295016985,1225.1813196581127,1162.9884815730243,3344499.8159407806,3182682.552,564.2869230436497
WEST STANISLAUS I.D.,Pasture,0.5,3.62836231,344,5,6.598791058637507e-21,16.6911453,6.598791058635097e-08,6240.7831731999995,1.1349920620856512e-17,564.2869230436497
WEST STANISLAUS I.D.,Tomato Processing,0.5,1514.092256,100,50.3,1124.5884542902218,3603.026081546392,2669.448755,7615884.048,5656679.925079815,564.2869230436497
WEST STANISLAUS I.D.,Truck Crops,0.5,4.85550086,717,19.8,6.602151061461343e-13,12.95317829,6.600806217984025e-08,68931.60350907601,9.37280977591421e-09,564.2869230436497
WEST STANISLAUS I.D.,Vineyard,0.5,662.6906968,1630.308163,11.30505992,632.5523502918659,2053.3368622693597,1955.0537586773098,12213874.280904971,11658402.509440226,564.2869230436497
WEST STANISLAUS I.D.,Alfalfa,0.55,94.44847871,280,7.1,6.486049798073706e-21,390.5411875816505,6.486049798071266e-08,187763.5757,1.2894266998570529e-17,490.00767276648156
WEST STANISLAUS I.D.,Almonds & Pistachios,0.55,3073.046507,4845.5,1.15,1911.6463898068605,12677.851935661874,7866.7799728815535,17124013.877118774,10652314.969080513,490.00767276648156
WEST STANISLAUS I.D.,Citrus & Subtropical,0.55,43.45070261,913.5,3.9,38.589739306993316,141.10467314518507,125.00556246632071,154799.64565351652,137481.73474205975,490.00767276648156
WEST STANISLAUS I.D.,Corn,0.55,388.2248773,66.77889546,26.94442209,68.45382137,937.8850199823743,164.95931152400232,698540.2993809863,123170.24402034271,490.00767276648156
WEST STANISLAUS I.D.,Cucurbits,0.55,472.5153384,507,13.6,468.3909632656498,1086.6090896357093,1074.431742622294,3258087.7613356803,3229649.3699093084,490.00767276648156
WEST STANISLAUS I.D.,Dry Beans,0.55,2580.55119,1752,1.3,6.486049797543805e-21,5708.440791787516,6.486049797540071e-08,5877463.39,1.477262701888577e-17,490.00767276648156
WEST STANISLAUS I.D.,Grain,0.55,578.0144497,203.0219178,3.642104912,583.7945998935484,269.7343971493554,271.7506586577521,427399.56220855186,431673.56204281974,490.00767276648156
WEST STANISLAUS I.D.,Other Deciduous,0.55,355.5540354,4009.639737,2.345957883,340.31879198166865,1225.1813196581127,1169.7514317296402,3344499.8159407806,3201190.3222063095,490.00767276648156
WEST STANISLAUS I.D.,Pasture,0.55,3.62836231,344,5,6.486049797553681e-21,16.6911453,6.486049797551244e-08,6240.7831731999995,1.1156005651792331e-17,490.00767276648156
WEST STANISLAUS I.D.,Tomato Processing,0.55,1514.092256,100,50.3,1189.3471553260617,3603.026081546392,2823.1672403285856,7615884.048,5982416.191290091,490.00767276648156
WEST STANISLAUS I.D.,Truck Crops,0.55,4.85550086,717,19.8,4.529081803168591,12.95317829,12.052173514548326,68931.60350907601,64297.562726863216,490.00767276648156
WEST STANISLAUS I.D.,Vineyard,0.55,662.6906968,1630.308163,11.30505992,634.1357494648489,2053.3368622693597,1959.9476311014246,12213874.280904971,11687585.714408534,490.00767276648156
WEST STANISLAUS I.D.,Alfalfa,0.6,94.44847871,280,7.1,6.46780859735991e-21,390.5411875816505,6.467808597357331e-08,187763.5757,1.2858003491551501e-17,410.7971534146669
WEST STANISLAUS I.D.,Almonds & Pistachios,0.6,3073.046507,4845.5,1.15,2115.4162978834097,12677.851935661874,8705.330993888916,17124013.877118774,11787787.122103171,410.7971534146669
WEST STANISLAUS I.D.,Citrus & Subtropical,0.6,43.45070261,913.5,3.9,39.74064189496631,141.10467314518507,128.73373549510137,154799.64565351652,141581.99784710174,410.7971534146669
WEST STANISLAUS I.D.,Corn,0.6,388.2248773,66.77889546,26.94442209,232.43998434207018,937.8850199823743,560.1314727134053,698540.2993809863,418233.6211415719,410.7971534146669
WEST STANISLAUS I.D.,Cucurbits,0.6,472.5153384,507,13.6,469.21918537507804,1086.6090896357093,1076.3315831280577,3258087.7613356803,3235360.126998238,410.7971534146669
WEST STANISLAUS I.D.,Dry Beans,0.6,2580.55119,1752,1.3,2.8575318254499363e-07,5708.440791787516,7.146506778057926e-07,5877463.39,0.000650831,410.7971534146669
WEST STANISLAUS I.D.,Grain,0.6,578.0144497,203.0219178,3.642104912,583.7945999283328,269.7343971493554,271.7506586739513,427399.56220855186,431673.5620685403,410.7971534146669
WEST STANISLAUS I.D.,Other Deciduous,0.6,355.5540354,4009.639737,2.345957883,342.3286114428712,1225.1813196581127,1176.6596285368719,3344499.8159407806,3220095.5803353703,410.7971534146669
WEST STANISLAUS I.D.,Pasture,0.6,3.62836231,344,5,6.467808591288887e-21,16.6911453,6.46780859128626e-08,6240.7831731999995,1.1124630777016885e-17,410.7971534146669
WEST STANISLAUS I.D.,Tomato Processing,0.6,1514.092256,100,50.3,1254.5148008500273,3603.026081546392,2977.856442000388,7615884.048,6310209.448275638,410.7971534146669
WEST STANISLAUS I.D.,Truck Crops,0.6,4.85550086,717,19.8,4.565781705331078,12.95317829,12.149834278377536,68931.60350907601,64818.57655790319,410.7971534146669
WEST STANISLAUS I.D.,Vineyard,0.6,662.6906968,1630.308163,11.30505992,635.7928061312743,2053.3368622693597,1965.0691595606474,12213874.280904971,11718126.480859287,410.7971534146669
WEST STANISLAUS I.D.,Alfalfa,0.65,94.44847871,280,7.1,6.446902635406714e-21,390.5411875816505,6.44690263540398e-08,187763.5757,1.2816442439188549e-17,344.4801966043905
WEST STANISLAUS I.D.,Almonds & Pistachios,0.65,3073.046507,4845.5,1.15,2263.3563091292785,12677.851935661874,9314.131619284628,17124013.877118774,12612156.945268806,344.4801966043905
WEST STANISLAUS I.D.,Citrus & Subtropical,0.65,43.45070261,913.5,3.9,40.55132286557486,141.10467314518507,131.3598125942825,154799.64565351652,144470.17040704028,344.4801966043905
WEST STANISLAUS I.D.,Corn,0.65,388.2248773,66.77889546,26.94442209,289.5158902376412,937.8850199823743,697.6724010175005,698540.2993809863,520931.36856316193,344.4801966043905
WEST STANISLAUS I.D.,Cucurbits,0.65,472.5153384,507,13.6,469.8909385153195,1086.6090896357093,1077.8725029023167,3258087.7613356803,3239991.9992508306,344.4801966043905
WEST STANISLAUS I.D.,Dry Beans,0.65,2580.55119,1752,1.3,236.96236265502554,5708.440791787516,522.8742971601456,5877463.39,539705.4771830861,344.4801966043905
WEST STANISLAUS I.D.,Grain,0.65,578.0144497,203.0219178,3.642104912,583.7945999518766,269.7343971493554,271.75065868491924,427399.56220855186,431673.5620859493,344.4801966043905
WEST STANISLAUS I.D.,Other Deciduous,0.65,355.5540354,4009.639737,2.345957883,343.9465715443981,1225.1813196581127,1182.2209175101264,3344499.8159407806,3235314.8345780303,344.4801966043905
WEST STANISLAUS I.D.,Pasture,0.65,3.62836231,344,5,6.446902635407047e-21,16.6911453,6.446902635404361e-08,6240.7831731999995,1.1088672532900121e-17,344.4801966043905
WEST STANISLAUS I.D.,Tomato Processing,0.65,1514.092256,100,50.3,1306.3028369850413,3603.026081546392,3100.7863085234962,7615884.048,6570703.270034757,344.4801966043905
WEST STANISLAUS I.D.,Truck Crops,0.65,4.85550086,717,19.8,4.595995813892878,12.95317829,12.230235934878957,68931.60350907601,65247.51417151163,344.4801966043905
WEST STANISLAUS I.D.,Vineyard,0.65,662.6906968,1630.308163,11.30505992,637.1560337955469,2053.3368622693597,1969.2825394772708,12213874.280904971,11743251.763873033,344.4801966043905
WEST STANISLAUS I.D.,Alfalfa,0.7,94.44847871,280,7.1,6.430741437177265e-21,390.5411875816505,6.43074143717441e-08,187763.5757,1.2784313977108403e-17,304.9863014176076
WEST STANISLAUS I.D.,Almonds & Pistachios,0.7,3073.046507,4845.5,1.15,2343.681491508546,12677.851935661874,9644.684664777173,17124013.877118774,13059754.967170358,304.9863014176076
WEST STANISLAUS I.D.,Citrus & Subtropical,0.7,43.45070261,913.5,3.9,40.98405739144758,141.10467314518507,132.76158995142055,154799.64565351652,146011.8520656407,304.9863014176076
WEST STANISLAUS I.D.,Corn,0.7,388.2248773,66.77889546,26.94442209,313.6939864310061,937.8850199823743,755.9365274099401,698540.2993809863,564435.4702859482,304.9863014176076
WEST STANISLAUS I.D.,Cucurbits,0.7,472.5153384,507,13.6,470.28209936908246,1086.6090896357093,1078.7697781936054,3258087.7613356803,3242689.131569697,304.9863014176076
WEST STANISLAUS I.D.,Dry Beans,0.7,2580.55119,1752,1.3,662.3768822972403,5708.440791787516,1461.581674295997,5877463.39,1508629.5871201945,304.9863014176076
WEST STANISLAUS I.D.,Grain,0.7,578.0144497,203.0219178,3.642104912,583.7945999640415,269.7343971493554,271.75065869058847,427399.56220855186,431673.5620949443,304.9863014176076
WEST STANISLAUS I.D.,Other Deciduous,0.7,355.5540354,4009.639737,2.345957883,344.88388201776644,1225.1813196581127,1185.4426622214191,3344499.8159407806,3244131.594883206,304.9863014176076
WEST STANISLAUS I.D.,Pasture,0.7,3.62836231,344,5,6.430741437178012e-21,16.6911453,6.430741437175008e-08,6240.7831731999995,1.1060875271946181e-17,304.9863014176076
WEST STANISLAUS I.D.,Tomato Processing,0.7,1514.092256,100,50.3,1336.044123405223,3603.026081546392,3171.3835476296945,7615884.048,6720301.940728271,304.9863014176076
WEST STANISLAUS I.D.,Truck Crops,0.7,4.85550086,717,19.8,4.613773818688393,12.95317829,12.277544331738225,68931.60350907601,65499.901394391636,304.9863014176076
WEST STANISLAUS I.D.,Vineyard,0.7,662.6906968,1630.308163,11.30505992,637.9577484641238,2053.3368622693597,1971.7604296873956,12213874.280904971,11758027.95164576,304.9863014176076
WEST STANISLAUS I.D.,Alfalfa,0.75,94.44847871,280,7.1,8.001760973094577e-18,390.5411875816505,1.915894850361254e-08,187763.5757,1.590750081451202e-14,261.7708140775569
WEST STANISLAUS I.D.,Almonds & Pistachios,0.75,3073.046507,4845.5,1.15,2425.9501500803967,12677.851935661874,9983.235476,17124013.877118774,13518182.670046747,261.7708140775569
WEST STANISLAUS I.D.,Citrus & Subtropical,0.75,43.45070261,913.5,3.9,41.42242716672152,141.10467314518507,134.1816217906174,154799.64565351652,147573.61014552042,261.7708140775569
WEST STANISLAUS I.D.,Corn,0.75,388.2248773,66.77889546,26.94442209,335.4252877,937.8850199823743,808.3043925,698540.2993809863,603537.0079587896,261.7708140775569
WEST STANISLAUS I.D.,Cucurbits,0.75,472.5153384,507,13.6,470.70282782909544,1086.6090896357093,1079.7348779178094,3258087.7613356803,3245590.138447179,261.7708140775569
WEST STANISLAUS I.D.,Dry Beans,0.75,2580.55119,1752,1.3,1084.5314427396017,5708.440791787516,2393.0957196839067,5877463.39,2470128.813983717,261.7708140775569
WEST STANISLAUS I.D.,Grain,0.75,578.0144497,203.0219178,3.642104912,583.7946000117631,269.7343971493554,271.75065866672753,427399.56220855186,431673.56213023094,261.7708140775569
WEST STANISLAUS I.D.,Other Deciduous,0.75,355.5540354,4009.639737,2.345957883,345.8881976396346,1225.1813196581127,1188.8947184934352,3344499.8159407806,3253578.635,261.7708140775569
WEST STANISLAUS I.D.,Pasture,0.75,3.62836231,344,5,7.142625044579705e-18,16.6911453,1.9158948506087558e-08,6240.7831731999995,1.2285315076677092e-14,261.7708140775569
WEST STANISLAUS I.D.,Tomato Processing,0.75,1514.092256,100,50.3,1367.70819,3603.026081546392,3246.5449114504318,7615884.048,6879572.193569695,261.7708140775569
WEST STANISLAUS I.D.,Truck Crops,0.75,4.85550086,717,19.8,4.633046891,12.95317829,12.32883114854394,68931.60350907601,65773.51349086073,261.7708140775569
WEST STANISLAUS I.D.,Vineyard,0.75,662.6906968,1630.308163,11.30505992,638.8265455368605,2053.3368622693597,1974.4456540049105,12213874.280904971,11774040.51719597,261.7708140775569
WEST STANISLAUS I.D.,Alfalfa,0.8,94.44847871,280,7.1,7.694731950645237e-19,390.5411875816505,2.436315332491375e-08,187763.5757,1.5297127117882732e-15,214.55398335826052
WEST STANISLAUS I.D.,Almonds & Pistachios,0.8,3073.046507,4845.5,1.15,2509.9570604798105,12677.851935661874,10328.939515891918,17124013.877118774,13986296.47703816,214.55398335826052
WEST STANISLAUS I.D.,Citrus & Subtropical,0.8,43.45070261,913.5,3.9,41.86543669029446,141.10467314518507,135.6166834379809,154799.64565351652,149151.89802467756,214.55398335826052
WEST STANISLAUS I.D.,Corn,0.8,388.2248773,66.77889546,26.94442209,355.29045792011794,937.8850199823743,856.1752745780811,698540.2993809863,639280.7812028559,214.55398335826052
WEST STANISLAUS I.D.,Cucurbits,0.8,472.5153384,507,13.6,471.1541053732568,1086.6090896357093,1080.7700535707008,3258087.7613356803,3248701.787,214.55398335826052
WEST STANISLAUS I.D.,Dry Beans,0.8,2580.55119,1752,1.3,1503.1506936545493,5708.440791787516,3316.808853352661,5877463.39,3423576.0198676013,214.55398335826052
WEST STANISLAUS I.D.,Grain,0.8,578.0144497,203.0219178,3.642104912,583.7946000140555,269.7343971493554,271.7506586711724,427399.56220855186,431673.5621,214.55398335826052
WEST STANISLAUS I.D.,Other Deciduous,0.8,355.5540354,4009.639737,2.345957883,346.96111862643403,1225.1813196581127,1192.5825867253034,3344499.8159407806,3263671.008765932,214.55398335826052
WEST STANISLAUS I.D.,Pasture,0.8,3.62836231,344,5,1.253976497349242e-07,16.6911453,6.12267369529555e-07,6240.7831731999995,0.000215684,214.55398335826052
WEST STANISLAUS I.D.,Tomato Processing,0.8,1514.092256,100,50.3,1401.3108075866314,3603.026081546392,3326.307838471571,7615884.048,7048593.362160756,214.55398335826052
WEST STANISLAUS I.D.,Truck Crops,0.8,4.85550086,717,19.8,4.653893322129021,12.95317829,12.384304828376566,68931.60350907601,66069.46193693686,214.55398335826052
WEST STANISLAUS I.D.,Vineyard,0.8,662.6906968,1630.308163,11.30505992,639.765875,2053.3368622693597,1977.3488754388106,12213874.280904971,11791353.045753168,214.55398335826052
WEST STANISLAUS I.D.,Alfalfa,0.85,94.44847871,280,7.1,6.207392992383976e-07,390.5411875816505,2.6054369486834525e-06,187763.5757,0.00123403,163.33490655577893
WEST STANISLAUS I.D.,Almonds & Pistachios,0.85,3073.046507,4845.5,1.15,2595.0276490574465,12677.851935661874,10679.020789353863,17124013.877118774,14460337.444534035,163.33490655577893
WEST STANISLAUS I.D.,Citrus & Subtropical,0.85,43.45070261,913.5,3.9,42.309697748186146,141.10467314518507,137.05579924308248,154799.64565351652,150734.64468257537,163.33490655577893
WEST STANISLAUS I.D.,Corn,0.85,388.2248773,66.77889546,26.94442209,373.5865155004232,937.8850199823743,900.2649251044631,698540.2993809863,672201.2205845962,163.33490655577893
WEST STANISLAUS I.D.,Cucurbits,0.85,472.5153384,507,13.6,471.6340802634111,1086.6090896357093,1081.8710574396168,3258087.7613356803,3252011.310232272,163.33490655577893
WEST STANISLAUS I.D.,Dry Beans,0.85,2580.55119,1752,1.3,1915.7467979033513,5708.440791787516,4227.231485765398,5877463.39,4363304.906904673,163.33490655577893
WEST STANISLAUS I.D.,Grain,0.85,578.0144497,203.0219178,3.642104912,583.7946000141886,269.7343971493554,271.75065868218496,427399.56220855186,431673.56213202444,163.33490655577893
WEST STANISLAUS I.D.,Other Deciduous,0.85,355.5540354,4009.639737,2.345957883,348.09749545104876,1225.1813196581127,1196.488566803036,3344499.8159407806,3274360.2759443726,163.33490655577893
WEST STANISLAUS I.D.,Pasture,0.85,3.62836231,344,5,1.7549341876137143,16.6911453,8.052842918180836,6240.7831731999995,3018.4868026955887,163.33490655577893
WEST STANISLAUS I.D.,Tomato Processing,0.85,1514.092256,100,50.3,1436.657069805779,3603.026081546392,3410.209674142396,7615884.048,7226385.061123068,163.33490655577893
WEST STANISLAUS I.D.,Truck Crops,0.85,4.85550086,717,19.8,4.676262625078447,12.95317829,12.443830970369405,68931.60350907601,66387.02998318868,163.33490655577893
WEST STANISLAUS I.D.,Vineyard,0.85,662.6906968,1630.308163,11.30505992,640.7733757342121,2053.3368622693597,1980.4627966212577,12213874.280904971,11809922.021782562,163.33490655577893
WEST STANISLAUS I.D.,Alfalfa,0.9,94.44847871,280,7.1,45.59431844700961,390.5411875816505,188.05959815945945,187763.5757,90641.50507265511,115.18142449134531
WEST STANISLAUS I.D.,Almonds & Pistachios,0.9,3073.046507,4845.5,1.15,2669.9700746409753,12677.851935661874,10987.422790825212,17124013.877118774,14877940.996173773,115.18142449134531
WEST STANISLAUS I.D.,Citrus & Subtropical,0.9,43.45070261,913.5,3.9,42.697727658392495,141.10467314518507,138.3127628,154799.64565351652,152117.05944217203,115.18142449134531
WEST STANISLAUS I.D.,Corn,0.9,388.2248773,66.77889546,26.94442209,388.5066655874803,937.8850199823743,936.2193486392454,698540.2993809863,699047.3263290466,115.18142449134531
WEST STANISLAUS I.D.,Cucurbits,0.9,472.5153384,507,13.6,472.07660422517023,1086.6090896357093,1082.8861534534303,3258087.7613356803,3255062.6014533937,115.18142449134531
WEST STANISLAUS I.D.,Dry Beans,0.9,2580.55119,1752,1.3,2270.8158922588586,5708.440791787516,5010.716681687487,5877463.39,5172010.276208776,115.18142449134531
WEST STANISLAUS I.D.,Grain,0.9,578.0144497,203.0219178,3.642104912,583.7946000151991,269.7343971493554,271.75065869619425,427399.56220855186,431673.5621327716,115.18142449134531
WEST STANISLAUS I.D.,Other Deciduous,0.9,355.5540354,4009.639737,2.345957883,349.1409638523273,1225.1813196581127,1200.0751999549607,3344499.8159407806,3284175.605060494,115.18142449134531
WEST STANISLAUS I.D.,Pasture,0.9,3.62836231,344,5,2.8273293524415863,16.6911453,12.97372818321131,6240.7831731999995,4863.006486199529,115.18142449134531
WEST STANISLAUS I.D.,Tomato Processing,0.9,1514.092256,100,50.3,1468.9006355024717,3603.026081546392,3486.7466028226045,7615884.048,7388570.196577433,115.18142449134531
WEST STANISLAUS I.D.,Truck Crops,0.9,4.85550086,717,19.8,4.697066273086425,12.95317829,12.49919081194244,68931.60350907601,66682.37105249874,115.18142449134531
WEST STANISLAUS I.D.,Vineyard,0.9,662.6906968,1630.308163,11.30505992,641.7099484093419,2053.3368622693597,1983.3574976476232,12213874.280904971,11827183.74126075,115.18142449134531
WEST STANISLAUS I.D.,Alfalfa,0.95,94.44847871,280,7.1,92.37110150465259,390.5411875816505,380.99642282453397,187763.5757,183633.74979124934,55.48893098991779
WEST STANISLAUS I.D.,Almonds & Pistachios,0.95,3073.046507,4845.5,1.15,2756.9447897436603,12677.851935661874,11345.339898627293,17124013.877118774,15362592.375508342,55.48893098991779
WEST STANISLAUS I.D.,Citrus & Subtropical,0.95,43.45070261,913.5,3.9,43.144451596154454,141.10467314518507,139.75985680328617,154799.64565351652,153708.58047903967,55.48893098991779
WEST STANISLAUS I.D.,Corn,0.95,388.2248773,66.77889546,26.94442209,392.10712991400777,937.8850199823743,944.8957104089791,698540.2993809863,705525.7092859934,55.48893098991779
WEST STANISLAUS I.D.,Cucurbits,0.95,472.5153384,507,13.6,472.6139082438255,1086.6090896357093,1084.1186633942323,3258087.7613356803,3258767.4201228255,55.48893098991779
WEST STANISLAUS I.D.,Dry Beans,0.95,2580.55119,1752,1.3,2606.356727568035,5708.440791787516,5751.111385928178,5877463.39,5936238.082708956,55.48893098991779
WEST STANISLAUS I.D.,Grain,0.95,578.0144497,203.0219178,3.642104912,583.7946000163231,269.7343971493554,271.75065873203994,427399.56220855186,431673.56213360274,55.48893098991779
WEST STANISLAUS I.D.,Other Deciduous,0.95,355.5540354,4009.639737,2.345957883,350.40261075350946,1225.1813196581127,1204.4117611980291,3344499.8159407806,3296043.2184431944,55.48893098991779
WEST STANISLAUS I.D.,Pasture,0.95,3.62836231,344,5,3.6326066462565474,16.6911453,16.668893292561965,6240.7831731999995,6248.083431561262,55.48893098991779
WEST STANISLAUS I.D.,Tomato Processing,0.95,1514.092256,100,50.3,1507.624127952241,3603.026081546392,3578.6650093859344,7615884.048,7583349.363599773,55.48893098991779
WEST STANISLAUS I.D.,Truck Crops,0.95,4.85550086,717,19.8,4.722556919395795,12.95317829,12.567023085927241,68931.60350907601,67044.25156189434,55.48893098991779
WEST STANISLAUS I.D.,Vineyard,0.95,662.6906968,1630.308163,11.30505992,642.8569935690148,2053.3368622693597,1986.902714060695,12213874.280904971,11848324.622583538,55.48893098991779
WEST STANISLAUS I.D.,Alfalfa,1,94.44847871,280,7.1,95.39296440428245,390.5411875816505,393.46048300760623,187763.5757,189641.2132357135,9.541531004641396e-09
WEST STANISLAUS I.D.,Almonds & Pistachios,1,3073.046507,4845.5,1.15,2832.622560478197,12677.851935661874,11656.767982107325,17124013.877118774,15784293.50931667,9.541531004641396e-09
WEST STANISLAUS I.D.,Citrus & Subtropical,1,43.45070261,913.5,3.9,43.53024119221282,141.10467314518507,141.00956341389073,154799.64565351652,155083.0138,9.541531004641396e-09
WEST STANISLAUS I.D.,Corn,1,388.2248773,66.77889546,26.94442209,392.10712995425604,937.8850199823743,944.8957107,698540.2993809863,705525.7093584128,9.541531004641396e-09
WEST STANISLAUS I.D.,Cucurbits,1,472.5153384,507,13.6,473.10264820285073,1086.6090896357093,1085.2397736442776,3258087.7613356803,3262137.379888296,9.541531004641396e-09
WEST STANISLAUS I.D.,Dry Beans,1,2580.55119,1752,1.3,2606.356727895871,5708.440791787516,5751.111387,5877463.39,5936238.083455635,9.541531004641396e-09
WEST STANISLAUS I.D.,Grain,1,578.0144497,203.0219178,3.642104912,583.7946000157924,269.7343971493554,271.75065887222047,427399.56220855186,431673.5621332103,9.541531004641396e-09
WEST STANISLAUS I.D.,Other Deciduous,1,355.5540354,4009.639737,2.345957883,351.5453087643684,1225.1813196581127,1208.3394688033572,3344499.8159407806,3306791.9455183744,9.541531004641396e-09
WEST STANISLAUS I.D.,Pasture,1,3.62836231,344,5,3.6646459285669013,16.6911453,16.81591165775228,6240.7831731999995,6303.190997135071,9.541531004641396e-09
WEST STANISLAUS I.D.,Tomato Processing,1,1514.092256,100,50.3,1529.2331936573096,3603.026081546392,3629.958701419423,7615884.048,7692042.964096267,9.541531004641396e-09
WEST STANISLAUS I.D.,Truck Crops,1,4.85550086,717,19.8,4.745963304621707,12.95317829,12.629309336474911,68931.60350907601,67376.54265039253,9.541531004641396e-09
WEST STANISLAUS I.D.,Vineyard,1,662.6906968,1630.308163,11.30505992,643.9097379186519,2053.3368622693597,1990.1564714714134,12213874.280904971,11867727.47099908,9.541531004641396e-09
WESTLANDS W.D.,Alfalfa,0.5,3395.293146,267.0724982,7.802416606,2.523719432327744e-18,15362.108879261057,1.3591831016321135e-08,7075148.8492231965,5.2589540489108206e-15,335.34138250886707
WESTLANDS W.D.,Almonds & Pistachios,0.5,1319.385605,4723.699634,1.147667888,964.3213045747227,5392.862765982457,3931.7173502872097,7152703.883142865,5227815.669422142,335.34138250886707
WESTLANDS W.D.,Almonds & Pistachios,0.5,2638.771209,4798.743468,1.153626374,3.143115772515597e-18,10826.347808905939,1.3591831060576571e-08,14608124.016436014,1.7400153846730834e-14,335.34138250886707
WESTLANDS W.D.,Citrus & Subtropical,0.5,7992.489055,1164,14.15,7705.04419,28840.36694885302,27733.63307609354,131641090.22928302,126906700.8302257,335.34138250886707
WESTLANDS W.D.,Corn,0.5,3788.208598,72.5777026,22.61157082,2.3179898093036065e-18,8638.772334800042,1.359183101859988e-08,6216813.455679802,3.804043484885021e-15,335.34138250886707
WESTLANDS W.D.,Cotton,0.5,14217.02475,3609.42348,0.8,1.5181298169936266e-18,53303.91522050435,1.359183101508358e-08,41052210.35871291,4.38365872571592e-15,335.34138250886707
WESTLANDS W.D.,Cucurbits,0.5,15728.91697,497.5744895,17.10175354,15632.120747753897,38412.09509115986,38080.266271404165,133843587.66651468,133019910.25231673,335.34138250886707
WESTLANDS W.D.,Dry Beans,0.5,1079.877442,1151.19302,1.475467,6.641296134896529e-18,2073.129418981344,1.3591831045695238e-08,1834222.9260101472,1.128055569573588e-14,335.34138250886707
WESTLANDS W.D.,Grain,0.5,488.3041778,303,2.9,2.728587740266905e-17,227.8704850592503,1.3591831178952609e-08,429072.88103285996,2.397610047372529e-14,335.34138250886707
WESTLANDS W.D.,Grain,0.5,25768.40118,299.9127532,2.870597649,1.7990491491261585e-17,18437.92386468618,1.3591831116515363e-08,22184759.84583678,1.548853304690005e-14,335.34138250886707
WESTLANDS W.D.,Lettuce,0.5,8136.398694,701.9533021,19.41207728,7837.083424128099,18719.921911480833,17986.190178198747,110869593.28882354,106791012.15190068,335.34138250886707
WESTLANDS W.D.,Onions & Garlic,0.5,27861.59127,2291.043642,9.269283354,26167.436253315554,34928.12362689665,32722.26922985307,591678021.6,555700382.0264906,335.34138250886707
WESTLANDS W.D.,Other Deciduous,0.5,7040.991599,1953.728763,8.220821812,6840.731817753586,24658.768474455246,23897.53033877356,113087168.77381705,109870745.15478627,335.34138250886707
WESTLANDS W.D.,Pasture,0.5,338.6020497,170,5,2.7031151271028963e-18,1614.5203603004384,1.3591831015409168e-08,287811.74224500003,2.2976478580374617e-15,335.34138250886707
WESTLANDS W.D.,Potatoes,0.5,217.893609,1165,14.9,198.90175436278813,268.7744154,244.73436010372998,3782306.212,3452636.1031064577,335.34138250886707
WESTLANDS W.D.,Safflower,0.5,145.8300506,574,1.3,2.2895020551454786e-18,348.8703643165136,1.3591831011382008e-08,108818.3838,1.7084264335495562e-15,335.34138250886707
WESTLANDS W.D.,Tomato Processing,0.5,63014.98907,93.81401088,51.86477556,54114.27264114958,139906.26539318694,119844.47686422993,306608416.43430597,263300711.2413542,335.34138250886707
WESTLANDS W.D.,Truck Crops,0.5,5558.529541,1130.942023,18.46950135,5307.904300425143,10257.457613037875,9770.477681828213,116106205,110871161.18426657,335.34138250886707
WESTLANDS W.D.,Vineyard,0.5,33975.3929,1380.403848,11.47105969,1.3604881426191783e-13,136204.49552358856,1.3602741406505368e-08,537989981.9264882,2.1542914703390913e-09,335.34138250886707
WESTLANDS W.D.,Alfalfa,0.55,3395.293146,267.0724982,7.802416606,2.0967894059494603e-21,15362.108879261057,2.0967894059495596e-08,7075148.8492231965,4.369312608557515e-18,243.55916457500123
WESTLANDS W.D.,Almonds & Pistachios,0.55,1319.385605,4723.699634,1.147667888,1042.2995333738284,5392.862765982457,4249.648014148177,7152703.883142865,5650554.236387154,243.55916457500123
WESTLANDS W.D.,Almonds & Pistachios,0.55,2638.771209,4798.743468,1.153626374,2088.6140838591796,10826.347808905939,8547.722615333112,14608124.016436014,11562477.813698847,243.55916457500123
WESTLANDS W.D.,Citrus & Subtropical,0.55,7992.489055,1164,14.15,7733.520617213679,28840.36694885302,27836.131488003124,131641090.22928302,127375724.67787963,243.55916457500123
WESTLANDS W.D.,Corn,0.55,3788.208598,72.5777026,22.61157082,3261.2786314317573,8638.772334800042,7418.548635949135,6216813.455679802,5352070.867826576,243.55916457500123
WESTLANDS W.D.,Cotton,0.55,14217.02475,3609.42348,0.8,2.0967894059511286e-21,53303.91522050435,2.0967894059505923e-08,41052210.35871291,6.054560731564205e-18,243.55916457500123
WESTLANDS W.D.,Cucurbits,0.55,15728.91697,497.5744895,17.10175354,15657.28972817826,38412.09509115986,38141.57858416996,133843587.66651468,133234083.08089294,243.55916457500123
WESTLANDS W.D.,Dry Beans,0.55,1079.877442,1151.19302,1.475467,2.096789405949845e-21,2073.129418981344,2.0967894059494495e-08,1834222.9260101472,3.561496008552055e-18,243.55916457500123
WESTLANDS W.D.,Grain,0.55,488.3041778,303,2.9,8.523097943281297e-17,227.8704850592503,2.096789469632443e-08,429072.88103285996,7.489246162761275e-14,243.55916457500123
WESTLANDS W.D.,Grain,0.55,25768.40118,299.9127532,2.870597649,2.0967999752730373e-21,18437.92386468618,2.09679997527247e-08,22184759.84583678,1.8051955793164516e-18,243.55916457500123
WESTLANDS W.D.,Lettuce,0.55,8136.398694,701.9533021,19.41207728,7875.204717135599,18719.921911480833,18073.678952891012,110869593.28882354,107310467.06190924,243.55916457500123
WESTLANDS W.D.,Onions & Garlic,0.55,27861.59127,2291.043642,9.269283354,26241.15367989595,34928.12362689665,32814.45256276238,591678021.6,557265869.8227031,243.55916457500123
WESTLANDS W.D.,Other Deciduous,0.55,7040.991599,1953.728763,8.220821812,6864.337798965527,24658.768474455246,23979.995880074395,113087168.77381705,110249886.86286123,243.55916457500123
WESTLANDS W.D.,Pasture,0.55,338.6020497,170,5,2.096789405949116e-21,1614.5203603004384,2.0967894059493585e-08,287811.74224500003,1.7822709950567488e-18,243.55916457500123
WESTLANDS W.D.,Potatoes,0.55,217.893609,1165,14.9,199.64652400075374,268.7744154,245.65074579845523,3782306.212,3465564.186867084,243.55916457500123
WESTLANDS W.D.,Safflower,0.55,145.8300506,574,1.3,2.0967894059494457e-21,348.8703643165136,2.096789405949244e-08,108818.3838,1.5646242547194763e-18,243.55916457500123
WESTLANDS W.D.,Tomato Processing,0.55,63014.98907,93.81401088,51.86477556,2.0976610824669348e-13,139906.26539318694,2.0975079421444998e-08,306608416.43430597,1.0206469162386209e-09,243.55916457500123
WESTLANDS W.D.,Truck Crops,0.55,5558.529541,1130.942023,18.46950135,5328.955294496333,10257.457613037875,9809.227112169649,116106205,111310872.98475419,243.55916457500123
WESTLANDS W.D.,Vineyard,0.55,33975.3929,1380.403848,11.47105969,32637.974826349884,136204.49552358856,130515.7902839756,537989981.9264882,516812374.7273913,243.55916457500123
WESTLANDS W.D.,Alfalfa,0.6,3395.293146,267.0724982,7.802416606,5.5074064550037885e-14,15362.108879261057,5.507312692365435e-09,7075148.8492231965,1.1476393573918656e-10,1033.4485855516114
WESTLANDS W.D.,Almonds & Pistachios,0.6,1319.385605,4723.699634,1.147667888,5.5079389445065295e-14,5392.862765982457,5.507700263982731e-09,7152703.883142865,2.9859850014420666e-10,1033.4485855516114
WESTLANDS W.D.,Almonds & Pistachios,0.6,2638.771209,4798.743468,1.153626374,5.507951849232245e-14,10826.347808905939,5.50771074487734e-09,14608124.016436014,3.04917847427305e-10,1033.4485855516114
WESTLANDS W.D.,Citrus & Subtropical,0.6,7992.489055,1164,14.15,7458.354814494997,28840.36694885302,26845.696232868304,131641090.22928302,122843578.80762132,1033.4485855516114
WESTLANDS W.D.,Corn,0.6,3788.208598,72.5777026,22.61157082,5.507599935633477e-14,8638.772334800042,5.5073661852491266e-09,6216813.455679802,9.03849946553218e-11,1033.4485855516114
WESTLANDS W.D.,Cotton,0.6,14217.02475,3609.42348,0.8,1.6351048355153658e-18,53303.91522050435,5.507013119650929e-09,41052210.35871291,4.72142862845656e-15,1033.4485855516114
WESTLANDS W.D.,Cucurbits,0.6,15728.91697,497.5744895,17.10175354,15408.638464262243,38412.09509115986,37535.85742248505,133843587.66651468,131118210.93891333,1033.4485855516114
WESTLANDS W.D.,Dry Beans,0.6,1079.877442,1151.19302,1.475467,5.507530097016995e-14,2073.129418981344,5.507297848126911e-09,1834222.9260101472,9.354800440066477e-11,1033.4485855516114
WESTLANDS W.D.,Grain,0.6,488.3041778,303,2.9,272.29339975066415,227.8704850592503,126.74990610109866,429072.88103285996,239264.21036090856,1033.4485855516114
WESTLANDS W.D.,Grain,0.6,25768.40118,299.9127532,2.870597649,3.7823258842072607e-08,18437.92386468618,4.4856198702655366e-08,22184759.84583678,3.2563134520335165e-05,1033.4485855516114
WESTLANDS W.D.,Lettuce,0.6,8136.398694,701.9533021,19.41207728,7521.069633288922,18719.921911480833,17260.935152389913,110869593.28882354,102484890.76064737,1033.4485855516114
WESTLANDS W.D.,Onions & Garlic,0.6,27861.59127,2291.043642,9.269283354,25590.596830265786,34928.12362689665,32000.933952170133,591678021.6,543450428.1275456,1033.4485855516114
WESTLANDS W.D.,Other Deciduous,0.6,7040.991599,1953.728763,8.220821812,6637.956380495811,24658.768474455246,23189.151134182273,113087168.77381705,106613916.9404746,1033.4485855516114
WESTLANDS W.D.,Pasture,0.6,338.6020497,170,5,1.2855893332284208e-18,1614.5203603004384,5.50701311295047e-09,287811.74224500003,1.0927509332441576e-15,1033.4485855516114
WESTLANDS W.D.,Potatoes,0.6,217.893609,1165,14.9,193.02408114423392,268.7744154,237.50230425660126,3782306.212,3350608.5125421844,1033.4485855516114
WESTLANDS W.D.,Safflower,0.6,145.8300506,574,1.3,5.5074673191896307e-14,348.8703643165136,5.507269786942487e-09,108818.3838,4.1096721135793026e-11,1033.4485855516114
WESTLANDS W.D.,Tomato Processing,0.6,63014.98907,93.81401088,51.86477556,26095.872098822216,139906.26539318694,57793.36924176325,306608416.43430597,126973187.45551069,1033.4485855516114
WESTLANDS W.D.,Truck Crops,0.6,5558.529541,1130.942023,18.46950135,5141.032763481922,10257.457613037875,9463.310382823358,116106205,107385559.33043957,1033.4485855516114
WESTLANDS W.D.,Vineyard,0.6,33975.3929,1380.403848,11.47105969,31158.630255010707,136204.49552358856,124600.04867137854,537989981.9264882,493387404.7339519,1033.4485855516114
WESTLANDS W.D.,Alfalfa,0.65,3395.293146,267.0724982,7.802416606,1.293426284371198e-19,15362.108879261057,1.2880293295099826e-06,7075148.8492231965,2.695255783202384e-16,1.158392603274971e-10
WESTLANDS W.D.,Almonds & Pistachios,0.65,1319.385605,4723.699634,1.147667888,1206.3192466125413,5392.862765982457,4918.387980060755,7152703.883142865,6539744.201283369,1.158392603274971e-10
WESTLANDS W.D.,Almonds & Pistachios,0.65,2638.771209,4798.743468,1.153626374,2409.8108415954885,10826.347808905939,9862.251928,14608124.016436014,13340609.261656886,1.158392603274971e-10
WESTLANDS W.D.,Citrus & Subtropical,0.65,7992.489055,1164,14.15,7805.508910284654,28840.36694885302,28095.247058324156,131641090.22928302,128561415.05773444,1.158392603274971e-10
WESTLANDS W.D.,Corn,0.65,3788.208598,72.5777026,22.61157082,3826.0907218868824,8638.772334800042,8702.640814273542,6216813.455679802,6278981.652445427,1.158392603274971e-10
WESTLANDS W.D.,Cotton,0.65,14217.02475,3609.42348,0.8,1.288031974225958e-19,53303.91522050435,1.288030132425735e-06,41052210.35871291,3.7192422806095427e-16,1.158392603274971e-10
WESTLANDS W.D.,Cucurbits,0.65,15728.91697,497.5744895,17.10175354,4.123171586112191e-11,38412.09509115986,1.2999093467655768e-06,133843587.66651468,3.5085700986435393e-07,1.158392603274971e-10
WESTLANDS W.D.,Dry Beans,0.65,1079.877442,1151.19302,1.475467,1090.6762269838748,2073.129418981344,2088.427575690893,1834222.9260101472,1852565.1732134898,1.158392603274971e-10
WESTLANDS W.D.,Grain,0.65,488.3041778,303,2.9,493.18722433351167,227.8704850592503,229.5738157547374,429072.88103285996,433363.6140218567,1.158392603274971e-10
WESTLANDS W.D.,Grain,0.65,25768.40118,299.9127532,2.870597649,26026.085452167707,18437.92386468618,18566.250194256216,22184759.84583678,22406607.668453217,1.158392603274971e-10
WESTLANDS W.D.,Lettuce,0.65,8136.398694,701.9533021,19.41207728,5.3429986299209666e-11,18719.921911480833,1.307683446415476e-06,110869593.28882354,7.280568557670521e-07,1.158392603274971e-10
WESTLANDS W.D.,Onions & Garlic,0.65,27861.59127,2291.043642,9.269283354,26434.499592027427,34928.12362689665,33056.23081660841,591678021.6,561371827.9377673,1.158392603274971e-10
WESTLANDS W.D.,Other Deciduous,0.65,7040.991599,1953.728763,8.220821812,6924.179781659253,24658.768474455246,24189.048895052998,113087168.77381705,111211024.2682242,1.158392603274971e-10
WESTLANDS W.D.,Pasture,0.65,338.6020497,170,5,1.5078858128231696e-19,1614.5203603004384,1.2880302390072723e-06,287811.74224500003,1.281702940899694e-16,1.158392603274971e-10
WESTLANDS W.D.,Potatoes,0.65,217.893609,1165,14.9,1.1927738470344064e-10,268.7744154,1.333509096771529e-06,3782306.212,2.0704764823746744e-06,1.158392603274971e-10
WESTLANDS W.D.,Safflower,0.65,145.8300506,574,1.3,1.2880319671149665e-19,348.8703643165136,1.288030125316988e-06,108818.3838,9.61129453861188e-17,1.158392603274971e-10
WESTLANDS W.D.,Tomato Processing,0.65,63014.98907,93.81401088,51.86477556,8.624216237108462e-10,139906.26539318694,1.4556919727839108e-06,306608416.43430597,4.19623540759404e-06,1.158392603274971e-10
WESTLANDS W.D.,Truck Crops,0.65,5558.529541,1130.942023,18.46950135,5383.885877,10257.457613037875,9910.340096098544,116106205,112458259.4271848,1.158392603274971e-10
WESTLANDS W.D.,Vineyard,0.65,33975.3929,1380.403848,11.47105969,33009.51915485801,136204.49552358856,132001.55654160914,537989981.9264882,522695665.8247836,1.158392603274971e-10
WESTLANDS W.D.,Alfalfa,0.7,3395.293146,267.0724982,7.802416606,5.659349331625093e-19,15362.108879261057,2.359812609732425e-09,7075148.8492231965,1.1793013795633933e-15,685.5215959293818
WESTLANDS W.D.,Almonds & Pistachios,0.7,1319.385605,4723.699634,1.147667888,470.7413637,5392.862765982457,1919.3001110988964,7152703.883142865,2552001.1489103166,685.5215959293818
WESTLANDS W.D.,Almonds & Pistachios,0.7,2638.771209,4798.743468,1.153626374,994.2271716903961,10826.347808905939,4068.9163937077674,14608124.016436014,5503998.897,685.5215959293818
WESTLANDS W.D.,Citrus & Subtropical,0.7,7992.489055,1164,14.15,7588.6072994485485,28840.36694885302,27314.52866731059,131641090.22928302,124988915.38629729,685.5215959293818
WESTLANDS W.D.,Corn,0.7,3788.208598,72.5777026,22.61157082,1.1348420080989233e-18,8638.772334800042,2.359812619846036e-09,6216813.455679802,1.862384523847193e-15,685.5215959293818
WESTLANDS W.D.,Cotton,0.7,14217.02475,3609.42348,0.8,1.3225758395313498e-18,53303.91522050435,2.359812628386934e-09,41052210.35871291,3.8189890314281336e-15,685.5215959293818
WESTLANDS W.D.,Cucurbits,0.7,15728.91697,497.5744895,17.10175354,15527.933005436505,38412.09509115986,37826.46213095001,133843587.66651468,132133335.46466725,685.5215959293818
WESTLANDS W.D.,Dry Beans,0.7,1079.877442,1151.19302,1.475467,1.333883790421111e-18,2073.129418981344,2.359812618322811e-09,1834222.9260101472,2.2656647262604046e-15,685.5215959293818
WESTLANDS W.D.,Grain,0.7,488.3041778,303,2.9,493.1872243239678,227.8704850592503,229.57381422488987,429072.88103285996,433363.6140134705,685.5215959293818
WESTLANDS W.D.,Grain,0.7,25768.40118,299.9127532,2.870597649,11695.782102535451,18437.92386468618,8347.697654,22184759.84583678,10069236.168030854,685.5215959293818
WESTLANDS W.D.,Lettuce,0.7,8136.398694,701.9533021,19.41207728,7684.698251921136,18719.921911480833,17636.464580113734,110869593.28882354,104714555.14662978,685.5215959293818
WESTLANDS W.D.,Onions & Garlic,0.7,27861.59127,2291.043642,9.269283354,25881.726485063766,34928.12362689665,32364.990363844205,591678021.6,549632954.3339477,685.5215959293818
WESTLANDS W.D.,Other Deciduous,0.7,7040.991599,1953.728763,8.220821812,6744.621865,24658.768474455246,23561.778175121915,113087168.77381705,108327098.59869885,685.5215959293818
WESTLANDS W.D.,Pasture,0.7,338.6020497,170,5,5.365300192369303e-19,1614.5203603004384,2.35981260863559e-09,287811.74224500003,4.560505163513908e-16,685.5215959293818
WESTLANDS W.D.,Potatoes,0.7,217.893609,1165,14.9,196.0017649413942,268.7744154,241.16613085447312,3782306.212,3402296.6367351916,685.5215959293818
WESTLANDS W.D.,Safflower,0.7,145.8300506,574,1.3,1.0728835177075327e-18,348.8703643165136,2.3598126137634284e-09,108818.3838,8.00585680913361e-16,685.5215959293818
WESTLANDS W.D.,Tomato Processing,0.7,63014.98907,93.81401088,51.86477556,42134.599860752656,139906.26539318694,93313.62747275241,306608416.43430597,205011904.8032789,685.5215959293818
WESTLANDS W.D.,Truck Crops,0.7,5558.529541,1130.942023,18.46950135,5225.738033233985,10257.457613037875,9619.230855534859,116106205,109154877.51786159,685.5215959293818
WESTLANDS W.D.,Vineyard,0.7,33975.3929,1380.403848,11.47105969,31871.834625803032,136204.49552358856,127452.07710093263,537989981.9264882,504680778.3729793,685.5215959293818
WESTLANDS W.D.,Alfalfa,0.75,3395.293146,267.0724982,7.802416606,4.046700834242622e-18,15362.108879261057,5.5897824623483475e-09,7075148.8492231965,8.432559287044911e-15,533.1325185343221
WESTLANDS W.D.,Almonds & Pistachios,0.75,1319.385605,4723.699634,1.147667888,742.5158717241728,5392.862765982457,3027.3753383537573,7152703.883142865,4025355.5434059026,533.1325185343221
WESTLANDS W.D.,Almonds & Pistachios,0.75,2638.771209,4798.743468,1.153626374,1508.392481046891,10826.347808905939,6173.159484103627,14608124.016436014,8350395.954540897,533.1325185343221
WESTLANDS W.D.,Citrus & Subtropical,0.75,7992.489055,1164,14.15,7640.888112186249,28840.36694885302,27502.70888298771,131641090.22928302,125850011.74057485,533.1325185343221
WESTLANDS W.D.,Corn,0.75,3788.208598,72.5777026,22.61157082,1.9631199849827032e-18,8638.772334800042,5.5897824484098e-09,6216813.455679802,3.221668084539414e-15,533.1325185343221
WESTLANDS W.D.,Cotton,0.75,14217.02475,3609.42348,0.8,1.1924449718047004e-18,53303.91522050435,5.589782442350109e-09,41052210.35871291,3.4432311038718594e-15,533.1325185343221
WESTLANDS W.D.,Cucurbits,0.75,15728.91697,497.5744895,17.10175354,15574.977583686696,38412.09509115986,37941.063987944035,133843587.66651468,132533656.42416327,533.1325185343221
WESTLANDS W.D.,Dry Beans,0.75,1079.877442,1151.19302,1.475467,2.332409473718031e-18,2073.129418981344,5.5897824468364015e-09,1834222.9260101472,3.9617078412282216e-15,533.1325185343221
WESTLANDS W.D.,Grain,0.75,488.3041778,303,2.9,493.18722443401134,227.8704850592503,229.57381427942292,429072.88103285996,433363.61411016574,533.1325185343221
WESTLANDS W.D.,Grain,0.75,25768.40118,299.9127532,2.870597649,25521.412682757742,18437.92386468618,18215.54428029767,22184759.84583678,21972120.324365173,533.1325185343221
WESTLANDS W.D.,Lettuce,0.75,8136.398694,701.9533021,19.41207728,7752.419448,18719.921911480833,17791.885447762237,110869593.28882354,105637349.33488867,533.1325185343221
WESTLANDS W.D.,Onions & Garlic,0.75,27861.59127,2291.043642,9.269283354,26006.93890308919,34928.12362689665,32521.567967168034,591678021.6,552292006.9005656,533.1325185343221
WESTLANDS W.D.,Other Deciduous,0.75,7040.991599,1953.728763,8.220821812,6787.691674965086,24658.768474455246,23712.23899052486,113087168.77381705,109018853.84161352,533.1325185343221
WESTLANDS W.D.,Pasture,0.75,338.6020497,170,5,9.36691737073425e-19,1614.5203603004384,5.589782435449638e-09,287811.74224500003,7.961879765124112e-16,533.1325185343221
WESTLANDS W.D.,Potatoes,0.75,217.893609,1165,14.9,197.27534807035642,268.7744154,242.73318366275072,3782306.212,3424404.1294792816,533.1325185343221
WESTLANDS W.D.,Safflower,0.75,145.8300506,574,1.3,1.8707949782284573e-18,348.8703643165136,5.589782441445922e-09,108818.3838,1.3959872127540749e-15,533.1325185343221
WESTLANDS W.D.,Tomato Processing,0.75,63014.98907,93.81401088,51.86477556,47729.25753696233,139906.26539318694,105703.86741713986,306608416.43430597,232233509.62953967,533.1325185343221
WESTLANDS W.D.,Truck Crops,0.75,5558.529541,1130.942023,18.46950135,5261.8620240887685,10257.457613037875,9685.725770753228,116106205,109909433.09874476,533.1325185343221
WESTLANDS W.D.,Vineyard,0.75,33975.3929,1380.403848,11.47105969,32151.26724078989,136204.49552358856,128569.49841062687,537989981.9264882,509105508.5866643,533.1325185343221
WESTLANDS W.D.,Alfalfa,0.8,3395.293146,267.0724982,7.802416606,1.0246782939081716e-13,15362.108879261057,1.024704316398262e-08,7075148.8492231965,2.1352357926764975e-10,399.01685405694457
WESTLANDS W.D.,Almonds & Pistachios,0.8,1319.385605,4723.699634,1.147667888,902.5428091688436,5392.862765982457,3679.834932,7152703.883142865,4892899.718914743,399.01685405694457
WESTLANDS W.D.,Almonds & Pistachios,0.8,2638.771209,4798.743468,1.153626374,1816.8118288679466,10826.347808905939,7435.378598828705,14608124.016436014,10057792.210294988,399.01685405694457
WESTLANDS W.D.,Citrus & Subtropical,0.8,7992.489055,1164,14.15,7684.819400187447,28840.36694885302,27660.835714194887,131641090.22928302,126573586.41272739,399.01685405694457
WESTLANDS W.D.,Corn,0.8,3788.208598,72.5777026,22.61157082,2179.1918879124905,8638.772334800042,4957.086724116281,6216813.455679802,3576262.7903952193,399.01685405694457
WESTLANDS W.D.,Cotton,0.8,14217.02475,3609.42348,0.8,2341.349384667358,53303.91522050435,8756.479103303229,41052210.35871291,6760737.155121532,399.01685405694457
WESTLANDS W.D.,Cucurbits,0.8,15728.91697,497.5744895,17.10175354,15614.173691861566,38412.09509115986,38036.546760900346,133843587.66651468,132867191.64153999,399.01685405694457
WESTLANDS W.D.,Dry Beans,0.8,1079.877442,1151.19302,1.475467,1.4067496984916091e-08,2073.129418981344,5.193727958622099e-08,1834222.9260101472,2.3894309185237815e-05,399.01685405694457
WESTLANDS W.D.,Grain,0.8,488.3041778,303,2.9,493.18722445999515,227.8704850592503,229.57381429632127,429072.88103285996,433363.6141329977,399.01685405694457
WESTLANDS W.D.,Grain,0.8,25768.40118,299.9127532,2.870597649,26026.085451959916,18437.92386468618,18575.747271019896,22184759.84583678,22406607.668274324,399.01685405694457
WESTLANDS W.D.,Lettuce,0.8,8136.398694,701.9533021,19.41207728,7810.210009,18719.921911480833,17924.515404471527,110869593.28882354,106424825.01360618,399.01685405694457
WESTLANDS W.D.,Onions & Garlic,0.8,27861.59127,2291.043642,9.269283354,26116.012590170754,34928.12362689665,32657.96415517004,591678021.6,554608332.0075995,399.01685405694457
WESTLANDS W.D.,Other Deciduous,0.8,7040.991599,1953.728763,8.220821812,6823.989574982946,24658.768474455246,23839.04269955097,113087168.77381705,109601843.70713726,399.01685405694457
WESTLANDS W.D.,Pasture,0.8,338.6020497,170,5,5.618470770898665e-19,1614.5203603004384,1.0246253588258889e-08,287811.74224500003,4.775700155263866e-16,399.01685405694457
WESTLANDS W.D.,Potatoes,0.8,217.893609,1165,14.9,198.38138542699866,268.7744154,244.09408340216592,3782306.212,3443603.278934556,399.01685405694457
WESTLANDS W.D.,Safflower,0.8,145.8300506,574,1.3,1.0246831087108441e-13,348.8703643165136,1.024690799312526e-08,108818.3838,7.646185357200319e-11,399.01685405694457
WESTLANDS W.D.,Tomato Processing,0.8,63014.98907,93.81401088,51.86477556,52152.555106136286,139906.26539318694,115499.94814260698,306608416.43430597,253755694.79719222,399.01685405694457
WESTLANDS W.D.,Truck Crops,0.8,5558.529541,1130.942023,18.46950135,5293.183834352296,10257.457613037875,9743.381114715894,116106205,110563681.04252033,399.01685405694457
WESTLANDS W.D.,Vineyard,0.8,33975.3929,1380.403848,11.47105969,32383.36782977003,136204.49552358856,129497.64398207987,537989981.9264882,512780750.60779643,399.01685405694457
WESTLANDS W.D.,Alfalfa,0.85,3395.293146,267.0724982,7.802416606,1.2177031362700097e-17,15362.108879261057,9.32905605168009e-08,7075148.8492231965,2.5374630621883383e-14,38.01297188
WESTLANDS W.D.,Almonds & Pistachios,0.85,1319.385605,4723.699634,1.147667888,1183.844345400825,5392.862765982457,4826.753625417493,7152703.883142865,6417902.404191536,38.01297188
WESTLANDS W.D.,Almonds & Pistachios,0.85,2638.771209,4798.743468,1.153626374,2365.6799977159408,10826.347808905939,9681.644597051603,14608124.016436014,13096302.806385716,38.01297188
WESTLANDS W.D.,Citrus & Subtropical,0.85,7992.489055,1164,14.15,7794.596776463942,28840.36694885302,28055.969784753517,131641090.22928302,128381685.66642702,38.01297188
WESTLANDS W.D.,Corn,0.85,3788.208598,72.5777026,22.61157082,3826.0907221679186,8638.772334800042,8703.347157905668,6216813.455679802,6278981.652906635,38.01297188
WESTLANDS W.D.,Cotton,0.85,14217.02475,3609.42348,0.8,9.334812290390677e-13,53303.91522050435,9.33254485497057e-08,41052210.35871291,2.6954632529862952e-09,38.01297188
WESTLANDS W.D.,Cucurbits,0.85,15728.91697,497.5744895,17.10175354,15710.894158487336,38412.09509115986,38272.160417064064,133843587.66651468,133690224.42114353,38.01297188
WESTLANDS W.D.,Dry Beans,0.85,1079.877442,1151.19302,1.475467,1090.6762272499611,2073.129418981344,2088.626061349625,1834222.9260101472,1852565.174,38.01297188
WESTLANDS W.D.,Grain,0.85,488.3041778,303,2.9,493.1872244839211,227.8704850592503,229.57381440019515,429072.88103285996,433363.61415402143,38.01297188
WESTLANDS W.D.,Grain,0.85,25768.40118,299.9127532,2.870597649,26026.08545232573,18437.92386468618,18575.74727100114,22184759.84583678,22406607.668589264,38.01297188
WESTLANDS W.D.,Lettuce,0.85,8136.398694,701.9533021,19.41207728,7958.071211493936,18719.921911480833,18263.858442775232,110869593.28882354,108439636.71943285,38.01297188
WESTLANDS W.D.,Onions & Garlic,0.85,27861.59127,2291.043642,9.269283354,26404.538227561647,34928.12362689665,33018.76425,591678021.6,560735558.4340034,38.01297188
WESTLANDS W.D.,Other Deciduous,0.85,7040.991599,1953.728763,8.220821812,6915.093884726557,24658.768474455246,24157.308064215224,113087168.77381705,111065093.35132958,38.01297188
WESTLANDS W.D.,Pasture,0.85,338.6020497,170,5,2.2408507849123577e-17,1614.5203603004384,9.32905589119549e-08,287811.74224500003,1.9047231671755042e-14,38.01297188
WESTLANDS W.D.,Potatoes,0.85,217.893609,1165,14.9,201.29224974832465,268.7744154,247.67569352607984,3782306.212,3494131.5172562934,38.01297188
WESTLANDS W.D.,Safflower,0.85,145.8300506,574,1.3,147.28835255019277,348.8703643165136,351.47817033491185,108818.3838,109906.56867295386,38.01297188
WESTLANDS W.D.,Tomato Processing,0.85,63014.98907,93.81401088,51.86477556,62318.417684481516,139906.26539318694,138013.8326153268,306608416.43430597,303219149,38.01297188
WESTLANDS W.D.,Truck Crops,0.85,5558.529541,1130.942023,18.46950135,5375.400079239915,10257.457613037875,9894.719937153259,116106205,112281008.63981144,38.01297188
WESTLANDS W.D.,Vineyard,0.85,33975.3929,1380.403848,11.47105969,32953.550069949924,136204.49552358856,131777.74212061212,537989981.9264882,521809412.43937707,38.01297188
WESTLANDS W.D.,Alfalfa,0.9,3395.293146,267.0724982,7.802416606,7.529696376790888e-09,15362.108879261057,9.939205156155573e-08,7075148.8492231965,1.5690463345709627e-05,166.33302962751506
WESTLANDS W.D.,Almonds & Pistachios,0.9,1319.385605,4723.699634,1.147667888,1091.0027251257204,5392.862765982457,4448.221068280642,7152703.883142865,5914585.848862727,166.33302962751506
WESTLANDS W.D.,Almonds & Pistachios,0.9,2638.771209,4798.743468,1.153626374,2183.7667073114967,10826.347808905939,8937.156827367768,14608124.016436014,12089238.648112925,166.33302962751506
WESTLANDS W.D.,Citrus & Subtropical,0.9,7992.489055,1164,14.15,7753.105190877777,28840.36694885302,27906.624449064082,131641090.22928302,127698294.35687153,166.33302962751506
WESTLANDS W.D.,Corn,0.9,3788.208598,72.5777026,22.61157082,3519.5744398721004,8638.772334800042,8006.103467631242,6216813.455679802,5775959.050305597,166.33302962751506
WESTLANDS W.D.,Cotton,0.9,14217.02475,3609.42348,0.8,10584.687859371195,53303.91522050435,39585.97493497083,41052210.35871291,30563696.710468266,166.33302962751506
WESTLANDS W.D.,Cucurbits,0.9,15728.91697,497.5744895,17.10175354,15674.533437245589,38412.09509115986,38183.584722914085,133843587.66651468,133380816.63480836,166.33302962751506
WESTLANDS W.D.,Dry Beans,0.9,1079.877442,1151.19302,1.475467,785.1584439112573,2073.129418981344,1503.5648043221227,1834222.9260101472,1333628.7641171787,166.33302962751506
WESTLANDS W.D.,Grain,0.9,488.3041778,303,2.9,493.1872244766472,227.8704850592503,229.57381432718054,429072.88103285996,433363.6141476299,166.33302962751506
WESTLANDS W.D.,Grain,0.9,25768.40118,299.9127532,2.870597649,26026.08545202274,18437.92386468618,18575.74727108772,22184759.84583678,22406607.668328412,166.33302962751506
WESTLANDS W.D.,Lettuce,0.9,8136.398694,701.9533021,19.41207728,7901.613462114125,18719.921911480833,18134.287304741145,110869593.28882354,107670322.43836671,166.33302962751506
WESTLANDS W.D.,Onions & Garlic,0.9,27861.59127,2291.043642,9.269283354,26292.75416243702,34928.12362689665,32878.97874960589,591678021.6,558361674.8371203,166.33302962751506
WESTLANDS W.D.,Other Deciduous,0.9,7040.991599,1953.728763,8.220821812,6880.594683631559,24658.768474455246,24036.787960943497,113087168.77381705,110510992.84972608,166.33302962751506
WESTLANDS W.D.,Pasture,0.9,338.6020497,170,5,2.233257264955793e-09,1614.5203603004384,5.1816813055551415e-08,287811.74224500003,1.8982686752124239e-06,166.33302962751506
WESTLANDS W.D.,Potatoes,0.9,217.893609,1165,14.9,200.16713015254973,268.7744154,246.2827051958654,3782306.212,3474601.1287530344,166.33302962751506
WESTLANDS W.D.,Safflower,0.9,145.8300506,574,1.3,147.2883524443419,348.8703643165136,351.45137840989344,108818.3838,109906.56859396794,166.33302962751506
WESTLANDS W.D.,Tomato Processing,0.9,63014.98907,93.81401088,51.86477556,58608.44078797625,139906.26539318694,129797.51151080929,306608416.43430597,285167727.31204385,166.33302962751506
WESTLANDS W.D.,Truck Crops,0.9,5558.529541,1130.942023,18.46950135,5343.654922633211,10257.457613037875,9836.285322,116106205,111617917.86504376,166.33302962751506
WESTLANDS W.D.,Vineyard,0.9,33975.3929,1380.403848,11.47105969,32739.60417946893,136204.49552358856,130922.19525883363,537989981.9264882,518421644.5,166.33302962751506
WESTLANDS W.D.,Alfalfa,0.95,3395.293146,267.0724982,7.802416606,1859.088168952305,15362.108879261057,8390.473096,7075148.8492231965,3873988.1811569976,79.41449028473063
WESTLANDS W.D.,Almonds & Pistachios,0.95,1319.385605,4723.699634,1.147667888,1158.2254223500047,5392.862765982457,4722.300510252803,7152703.883142865,6279016.115230137,79.41449028473063
WESTLANDS W.D.,Almonds & Pistachios,0.95,2638.771209,4798.743468,1.153626374,2315.4183857266316,10826.347808905939,9475.946842211739,14608124.016436014,12818056.682317968,79.41449028473063
WESTLANDS W.D.,Citrus & Subtropical,0.95,7992.489055,1164,14.15,7782.580064779174,28840.36694885302,28012.716681359885,131641090.22928302,128183763.21495187,79.41449028473063
WESTLANDS W.D.,Corn,0.95,3788.208598,72.5777026,22.61157082,3826.0906937343025,8638.772334800042,8703.347093,6216813.455679802,6278981.606244345,79.41449028473063
WESTLANDS W.D.,Cotton,0.95,14217.02475,3609.42348,0.8,12815.390425709089,53303.91522050435,47928.642857910185,41052210.35871291,37004936.886337265,79.41449028473063
WESTLANDS W.D.,Cucurbits,0.95,15728.91697,497.5744895,17.10175354,15700.386917423573,38412.09509115986,38246.564495511906,133843587.66651468,133600814.14304663,79.41449028473063
WESTLANDS W.D.,Dry Beans,0.95,1079.877442,1151.19302,1.475467,1090.6762270748857,2073.129418981344,2088.626060981821,1834222.9260101472,1852565.173368076,79.41449028473063
WESTLANDS W.D.,Grain,0.95,488.3041778,303,2.9,493.18722448241033,227.8704850592503,229.57381436090517,429072.88103285996,433363.61415269395,79.41449028473063
WESTLANDS W.D.,Grain,0.95,25768.40118,299.9127532,2.870597649,26026.085452032283,18437.92386468618,18575.74727112576,22184759.84583678,22406607.668336626,79.41449028473063
WESTLANDS W.D.,Lettuce,0.95,8136.398694,701.9533021,19.41207728,7941.649385312328,18719.921911480833,18226.17018,110869593.28882354,108215866.81111245,79.41449028473063
WESTLANDS W.D.,Onions & Garlic,0.95,27861.59127,2291.043642,9.269283354,26371.8164,34928.12362689665,32977.845744463935,591678021.6,560040666.7912639,79.41449028473063
WESTLANDS W.D.,Other Deciduous,0.95,7040.991599,1953.728763,8.220821812,6905.094354682825,24658.768474455246,24122.37553374935,113087168.77381705,110904488.33912149,79.41449028473063
WESTLANDS W.D.,Pasture,0.95,338.6020497,170,5,341.98807325604827,1614.5203603004384,1626.588898353386,287811.74224500003,290689.8623,79.41449028473063
WESTLANDS W.D.,Potatoes,0.95,217.893609,1165,14.9,200.96319375740538,268.7744154,247.2708136584616,3782306.212,3488419.5988379214,79.41449028473063
WESTLANDS W.D.,Safflower,0.95,145.8300506,574,1.3,147.2883525371936,348.8703643165136,351.47817026504464,108818.3838,109906.56866325386,79.41449028473063
WESTLANDS W.D.,Tomato Processing,0.95,63014.98907,93.81401088,51.86477556,61258.93651735348,139906.26539318694,135667.44671722263,306608416.43430597,298064092.29351676,79.41449028473063
WESTLANDS W.D.,Truck Crops,0.95,5558.529541,1130.942023,18.46950135,5366.121474531762,10257.457613037875,9877.640428,116106205,112087197.74573027,79.41449028473063
WESTLANDS W.D.,Vineyard,0.95,33975.3929,1380.403848,11.47105969,32891.77392063905,136204.49552358856,131530.70587056456,537989981.9264882,520831205.96067446,79.41449028473063
WESTLANDS W.D.,Alfalfa,1,3395.293146,267.0724982,7.802416606,3429.2461116423738,15362.108879261057,15476.940642860018,7075148.8492231965,7145900.408945031,9.257358883917582e-10
WESTLANDS W.D.,Almonds & Pistachios,1,1319.385605,4723.699634,1.147667888,1206.3192466681926,5392.862765982457,4918.387978972881,7152703.883142865,6539744.201585068,9.257358883917582e-10
WESTLANDS W.D.,Almonds & Pistachios,1,2638.771209,4798.743468,1.153626374,2409.8108416487285,10826.347808905939,9862.251926620482,14608124.016436014,13340609.26195162,9.257358883917582e-10
WESTLANDS W.D.,Citrus & Subtropical,1,7992.489055,1164,14.15,7805.508910300388,28840.36694885302,28095.247056818247,131641090.22928302,128561415.05799359,9.257358883917582e-10
WESTLANDS W.D.,Corn,1,3788.208598,72.5777026,22.61157082,3826.090722191316,8638.772334800042,8703.347158,6216813.455679802,6278981.652945032,9.257358883917582e-10
WESTLANDS W.D.,Cotton,1,14217.02475,3609.42348,0.8,14286.72614608477,53303.91522050435,53431.33313307646,41052210.35871291,41253475.84320663,9.257358883917582e-10
WESTLANDS W.D.,Cucurbits,1,15728.91697,497.5744895,17.10175354,15720.419348100642,38412.09509115986,38295.36403541661,133843587.66651468,133771278.03427407,9.257358883917582e-10
WESTLANDS W.D.,Dry Beans,1,1079.877442,1151.19302,1.475467,1090.6762272784533,2073.129418981344,2088.626061521234,1834222.9260101472,1852565.1737138454,9.257358883917582e-10
WESTLANDS W.D.,Grain,1,488.3041778,303,2.9,493.18722448516894,227.8704850592503,229.57381450288017,429072.88103285996,433363.6141551179,9.257358883917582e-10
WESTLANDS W.D.,Grain,1,25768.40118,299.9127532,2.870597649,26026.08545,18437.92386468618,18575.747271270055,22184759.84583678,22406607.668340344,9.257358883917582e-10
WESTLANDS W.D.,Lettuce,1,8136.398694,701.9533021,19.41207728,7973.033116175339,18719.921911480833,18298.196174060613,110869593.28882354,108643513.19466956,9.257358883917582e-10
WESTLANDS W.D.,Onions & Garlic,1,27861.59127,2291.043642,9.269283354,26434.499592044675,34928.12362689665,33056.23081485533,591678021.6,561371827.9381335,9.257358883917582e-10
WESTLANDS W.D.,Other Deciduous,1,7040.991599,1953.728763,8.220821812,6924.179781678754,24658.768474455246,24189.048893306706,113087168.77381705,111211024.26853739,9.257358883917582e-10
WESTLANDS W.D.,Pasture,1,338.6020497,170,5,341.98807359431817,1614.5203603004384,1626.5889001117885,287811.74224500003,290689.86255517043,9.257358883917582e-10
WESTLANDS W.D.,Potatoes,1,217.893609,1165,14.9,201.5933102576694,268.7744154,248.0461270470796,3782306.212,3499357.4761077543,9.257358883917582e-10
WESTLANDS W.D.,Safflower,1,145.8300506,574,1.3,147.28835255657836,348.8703643165136,351.4781705,108818.3838,109906.56867771878,9.257358883917582e-10
WESTLANDS W.D.,Tomato Processing,1,63014.98907,93.81401088,51.86477556,63270.43237995138,139906.26539318694,140122.21729097303,306608416.43430597,307851312.28986067,9.257358883917582e-10
WESTLANDS W.D.,Truck Crops,1,5558.529541,1130.942023,18.46950135,5383.885876714883,10257.457613037875,9910.340093709608,116106205,112458259.42776346,9.257358883917582e-10
WESTLANDS W.D.,Vineyard,1,33975.3929,1380.403848,11.47105969,33009.51915487166,136204.49552358856,132001.55654022042,537989981.9264882,522695665.82499975,9.257358883917582e-10